method,timestamp,reference_label,predicted_label,risk_score,uncertainty_score,uncertainty_detected,expected_uncertainty,conflict_detected,expected_conflict,anomaly_detected,expected_anomaly,action_permission,safety_action
rule_fusion,2026-08-03 00:00,healthy,healthy,10.5,0.0,False,False,False,False,False,False,observe,routine_patrol
rule_fusion,2026-08-03 01:00,healthy,healthy,10.5,0.0,False,False,False,False,False,False,observe,routine_patrol
rule_fusion,2026-08-03 02:00,healthy,healthy,10.5,0.0,False,False,False,False,False,False,observe,routine_patrol
rule_fusion,2026-08-03 03:00,healthy,healthy,10.5,0.0,False,False,False,False,False,False,observe,routine_patrol
rule_fusion,2026-08-03 04:00,healthy,healthy,10.5,0.0,False,False,False,False,False,False,observe,routine_patrol
rule_fusion,2026-08-03 05:00,healthy,healthy,10.5,0.0,False,False,False,False,False,False,observe,routine_patrol
rule_fusion,2026-08-03 06:00,healthy,healthy,10.5,0.0,False,False,False,False,False,False,observe,routine_patrol
rule_fusion,2026-08-03 07:00,healthy,healthy,10.5,0.0,False,False,False,False,False,False,observe,routine_patrol
rule_fusion,2026-08-03 08:00,healthy,healthy,10.5,0.0,False,False,False,False,False,False,observe,routine_patrol
rule_fusion,2026-08-03 09:00,healthy,healthy,10.5,0.0,False,False,False,False,False,False,observe,routine_patrol
rule_fusion,2026-08-03 10:00,healthy,healthy,10.5,0.0,False,False,False,False,False,False,observe,routine_patrol
rule_fusion,2026-08-03 11:00,healthy,healthy,10.5,0.0,False,False,False,False,False,False,observe,routine_patrol
rule_fusion,2026-08-03 12:00,heat,heat,58.9,0.0,False,True,False,True,False,False,hold,monitor_more_context
rule_fusion,2026-08-03 13:00,drought,drought,69.0,0.0,False,True,False,True,False,False,execute,execute_recommended_action
rule_fusion,2026-08-03 14:00,drought,drought,64.7,0.0,False,True,False,True,False,False,execute,execute_recommended_action
rule_fusion,2026-08-03 15:00,drought,drought,64.7,0.0,False,True,False,True,False,False,execute,execute_recommended_action
rule_fusion,2026-08-03 16:00,drought,drought,70.5,0.0,False,False,False,False,False,False,execute,execute_recommended_action
rule_fusion,2026-08-03 17:00,drought,drought,73.8,0.0,False,False,False,False,False,False,execute,execute_recommended_action
rule_fusion,2026-08-03 18:00,drought,drought,64.7,0.0,False,True,False,True,False,False,execute,execute_recommended_action
rule_fusion,2026-08-03 19:00,drought,drought,64.7,0.0,False,True,False,True,False,False,execute,execute_recommended_action
rule_fusion,2026-08-03 20:00,drought,drought,70.4,0.0,False,True,False,True,False,False,execute,execute_recommended_action
rule_fusion,2026-08-03 21:00,drought,drought,64.7,0.0,False,True,False,True,False,False,execute,execute_recommended_action
rule_fusion,2026-08-03 22:00,drought,drought,70.4,0.0,False,True,False,True,False,False,execute,execute_recommended_action
rule_fusion,2026-08-03 23:00,drought,drought,70.4,0.0,False,True,False,True,False,False,execute,execute_recommended_action
rule_fusion,2026-08-04 00:00,drought,drought,70.4,0.0,False,True,False,True,False,False,execute,execute_recommended_action
rule_fusion,2026-08-04 01:00,drought,drought,70.4,0.0,False,True,False,True,False,False,execute,execute_recommended_action
rule_fusion,2026-08-04 02:00,drought,drought,70.4,0.0,False,True,False,True,False,False,execute,execute_recommended_action
rule_fusion,2026-08-04 03:00,drought,drought,70.4,0.0,False,True,False,True,False,False,execute,execute_recommended_action
rule_fusion,2026-08-04 04:00,drought,drought,70.4,0.0,False,True,False,True,False,False,execute,execute_recommended_action
rule_fusion,2026-08-04 05:00,drought,drought,70.4,0.0,False,True,False,True,False,False,execute,execute_recommended_action
rule_fusion,2026-08-04 06:00,drought,drought,70.4,0.0,False,True,False,True,False,False,execute,execute_recommended_action
rule_fusion,2026-08-04 07:00,drought,drought,70.4,0.0,False,True,False,True,False,False,execute,execute_recommended_action
rule_fusion,2026-08-04 08:00,drought,drought,72.2,0.0,False,False,False,False,False,False,execute,execute_recommended_action
rule_fusion,2026-08-04 09:00,drought,drought,70.4,0.0,False,False,False,False,False,False,execute,execute_recommended_action
rule_fusion,2026-08-04 10:00,drought,drought,70.4,0.0,False,False,False,False,False,False,execute,execute_recommended_action
rule_fusion,2026-08-04 11:00,drought,drought,70.4,0.0,False,False,False,False,False,False,execute,execute_recommended_action
rule_fusion,2026-08-04 12:00,drought,drought,74.6,0.0,False,False,False,False,False,False,execute,execute_recommended_action
rule_fusion,2026-08-04 13:00,drought,drought,70.5,0.0,False,False,False,False,False,False,execute,execute_recommended_action
rule_fusion,2026-08-04 14:00,drought,drought,73.0,0.0,False,False,False,False,False,False,execute,execute_recommended_action
rule_fusion,2026-08-04 15:00,drought,drought,70.5,0.0,False,False,False,False,False,False,execute,execute_recommended_action
rule_fusion,2026-08-04 16:00,drought,drought,64.8,0.0,False,False,False,False,False,False,execute,execute_recommended_action
rule_fusion,2026-08-04 17:00,low_light,waterlogging,52.0,0.0,False,True,False,True,False,False,hold,monitor_more_context
rule_fusion,2026-08-04 18:00,healthy,healthy,10.5,0.0,False,False,False,False,False,False,observe,routine_patrol
rule_fusion,2026-08-04 19:00,healthy,healthy,10.5,0.0,False,False,False,False,False,False,observe,routine_patrol
rule_fusion,2026-08-04 20:00,pest,pest,56.2,0.0,False,False,False,False,False,False,hold,monitor_more_context
rule_fusion,2026-08-04 21:00,healthy,healthy,10.5,0.0,False,False,False,False,False,False,observe,routine_patrol
rule_fusion,2026-08-04 22:00,healthy,healthy,10.5,0.0,False,False,False,False,False,False,observe,routine_patrol
rule_fusion,2026-08-04 23:00,healthy,healthy,10.5,0.0,False,False,False,False,False,False,observe,routine_patrol
rule_fusion,2026-08-05 00:00,healthy,healthy,10.5,0.0,False,False,False,False,False,False,observe,routine_patrol
rule_fusion,2026-08-05 01:00,healthy,healthy,10.5,0.0,False,False,False,False,False,False,observe,routine_patrol
rule_fusion,2026-08-05 02:00,healthy,healthy,10.5,0.0,False,False,False,False,False,False,observe,routine_patrol
rule_fusion,2026-08-05 03:00,healthy,healthy,10.5,0.0,False,False,False,False,False,False,observe,routine_patrol
rule_fusion,2026-08-05 04:00,pest,pest,57.6,0.0,False,False,False,False,False,False,hold,monitor_more_context
rule_fusion,2026-08-05 05:00,healthy,healthy,10.5,0.0,False,False,False,False,False,False,observe,routine_patrol
rule_fusion,2026-08-05 06:00,healthy,healthy,10.5,0.0,False,False,False,False,False,False,observe,routine_patrol
rule_fusion,2026-08-05 07:00,healthy,healthy,10.5,0.0,False,False,False,False,False,False,observe,routine_patrol
rule_fusion,2026-08-05 08:00,healthy,healthy,10.5,0.0,False,False,False,False,False,False,observe,routine_patrol
rule_fusion,2026-08-05 09:00,drought,drought,64.7,0.0,False,True,False,True,False,False,execute,execute_recommended_action
rule_fusion,2026-08-05 10:00,drought,drought,64.7,0.0,False,True,False,True,False,False,execute,execute_recommended_action
rule_fusion,2026-08-05 11:00,drought,drought,69.0,0.0,False,True,False,True,False,False,execute,execute_recommended_action
rule_fusion,2026-08-05 12:00,drought,drought,69.0,0.0,False,True,False,True,False,False,execute,execute_recommended_action
rule_fusion,2026-08-05 13:00,drought,drought,71.3,0.0,False,False,False,False,False,False,execute,execute_recommended_action
rule_fusion,2026-08-05 14:00,drought,drought,68.9,0.0,False,False,False,False,False,False,execute,execute_recommended_action
rule_fusion,2026-08-05 15:00,drought,drought,69.0,0.0,False,False,False,False,False,False,execute,execute_recommended_action
rule_fusion,2026-08-05 16:00,drought,drought,73.0,0.0,False,False,False,False,False,False,execute,execute_recommended_action
rule_fusion,2026-08-05 17:00,drought,drought,70.4,0.0,False,False,False,False,False,False,execute,execute_recommended_action
rule_fusion,2026-08-05 18:00,drought,drought,70.4,0.0,False,True,False,True,False,False,execute,execute_recommended_action
rule_fusion,2026-08-05 19:00,drought,drought,70.4,0.0,False,False,False,False,False,False,execute,execute_recommended_action
rule_fusion,2026-08-05 20:00,drought,drought,70.4,0.0,False,True,False,True,False,False,execute,execute_recommended_action
rule_fusion,2026-08-05 21:00,drought,drought,70.4,0.0,False,True,False,True,False,False,execute,execute_recommended_action
rule_fusion,2026-08-05 22:00,drought,drought,70.4,0.0,False,True,False,True,False,False,execute,execute_recommended_action
rule_fusion,2026-08-05 23:00,drought,drought,70.4,0.0,False,True,False,True,False,False,execute,execute_recommended_action
rule_fusion,2026-08-06 00:00,drought,drought,68.8,0.0,False,True,False,True,False,False,execute,execute_recommended_action
rule_fusion,2026-08-06 01:00,drought,drought,64.7,0.0,False,True,False,True,False,False,execute,execute_recommended_action
rule_fusion,2026-08-06 02:00,healthy,healthy,10.5,0.0,False,False,False,False,False,False,observe,routine_patrol
rule_fusion,2026-08-06 03:00,healthy,healthy,10.5,0.0,False,False,False,False,False,False,observe,routine_patrol
rule_fusion,2026-08-06 04:00,healthy,healthy,10.5,0.0,False,False,False,False,False,False,observe,routine_patrol
rule_fusion,2026-08-06 05:00,healthy,healthy,10.5,0.0,False,False,False,False,False,False,observe,routine_patrol
rule_fusion,2026-08-06 06:00,healthy,healthy,10.5,0.0,False,False,False,False,False,False,observe,routine_patrol
rule_fusion,2026-08-06 07:00,drought,drought,64.7,0.0,False,True,False,True,False,False,execute,execute_recommended_action
rule_fusion,2026-08-06 08:00,drought,drought,64.7,0.0,False,False,False,False,False,False,execute,execute_recommended_action
rule_fusion,2026-08-06 09:00,drought,drought,64.7,0.0,False,True,False,True,False,False,execute,execute_recommended_action
rule_fusion,2026-08-06 10:00,drought,drought,69.0,0.0,False,True,False,True,False,False,execute,execute_recommended_action
rule_fusion,2026-08-06 11:00,drought,drought,69.0,0.0,False,False,False,False,False,False,execute,execute_recommended_action
rule_fusion,2026-08-06 12:00,drought,drought,69.0,0.0,False,False,False,False,False,False,execute,execute_recommended_action
rule_fusion,2026-08-06 13:00,drought,drought,72.0,0.0,False,False,False,False,False,False,execute,execute_recommended_action
rule_fusion,2026-08-06 14:00,drought,drought,72.0,0.0,False,False,False,False,False,False,execute,execute_recommended_action
rule_fusion,2026-08-06 15:00,drought,drought,70.4,0.0,False,False,False,False,False,False,execute,execute_recommended_action
rule_fusion,2026-08-06 16:00,drought,drought,70.4,0.0,False,True,False,True,False,False,execute,execute_recommended_action
rule_fusion,2026-08-06 17:00,drought,drought,70.5,0.0,False,False,False,False,False,False,execute,execute_recommended_action
rule_fusion,2026-08-06 18:00,drought,drought,70.4,0.0,False,True,False,True,False,False,execute,execute_recommended_action
rule_fusion,2026-08-06 19:00,drought,drought,70.4,0.0,False,True,False,True,False,False,execute,execute_recommended_action
rule_fusion,2026-08-06 20:00,drought,drought,70.4,0.0,False,True,False,True,False,False,execute,execute_recommended_action
rule_fusion,2026-08-06 21:00,drought,drought,70.4,0.0,False,True,False,True,False,False,execute,execute_recommended_action
rule_fusion,2026-08-06 22:00,drought,drought,70.4,0.0,False,True,False,True,False,False,execute,execute_recommended_action
rule_fusion,2026-08-06 23:00,drought,drought,70.4,0.0,False,True,False,True,False,False,execute,execute_recommended_action
rule_fusion,2026-08-07 00:00,drought,drought,70.4,0.0,False,True,False,True,False,False,execute,execute_recommended_action
rule_fusion,2026-08-07 01:00,drought,drought,70.4,0.0,False,True,False,True,False,False,execute,execute_recommended_action
rule_fusion,2026-08-07 02:00,drought,drought,70.4,0.0,False,True,False,True,False,False,execute,execute_recommended_action
rule_fusion,2026-08-07 03:00,drought,drought,70.4,0.0,False,True,False,True,False,False,execute,execute_recommended_action
rule_fusion,2026-08-07 04:00,drought,drought,70.4,0.0,False,False,False,False,False,False,execute,execute_recommended_action
rule_fusion,2026-08-07 05:00,drought,drought,70.4,0.0,False,True,False,True,False,False,execute,execute_recommended_action
rule_fusion,2026-08-07 06:00,drought,drought,70.4,0.0,False,True,False,True,False,False,execute,execute_recommended_action
rule_fusion,2026-08-07 07:00,drought,drought,70.4,0.0,False,False,False,False,False,False,execute,execute_recommended_action
rule_fusion,2026-08-07 08:00,drought,drought,73.8,0.0,False,False,False,False,False,False,execute,execute_recommended_action
rule_fusion,2026-08-07 09:00,drought,drought,72.0,0.0,False,False,False,False,False,False,execute,execute_recommended_action
rule_fusion,2026-08-07 10:00,drought,drought,74.6,0.0,False,False,False,False,False,False,execute,execute_recommended_action
rule_fusion,2026-08-07 11:00,drought,drought,73.0,0.0,False,False,False,False,False,False,execute,execute_recommended_action
rule_fusion,2026-08-07 12:00,drought,drought,72.0,0.0,False,False,False,False,False,False,execute,execute_recommended_action
rule_fusion,2026-08-07 13:00,drought,drought,72.0,0.0,False,False,False,False,False,False,execute,execute_recommended_action
rule_fusion,2026-08-07 14:00,drought,drought,71.3,0.0,False,False,False,False,False,False,execute,execute_recommended_action
rule_fusion,2026-08-07 15:00,drought,drought,73.8,0.0,False,False,False,False,False,False,execute,execute_recommended_action
rule_fusion,2026-08-07 16:00,drought,drought,70.4,0.0,False,False,False,False,False,False,execute,execute_recommended_action
rule_fusion,2026-08-07 17:00,drought,drought,70.4,0.0,False,False,False,False,False,False,execute,execute_recommended_action
rule_fusion,2026-08-07 18:00,drought,drought,70.4,0.0,False,True,False,True,False,False,execute,execute_recommended_action
rule_fusion,2026-08-07 19:00,drought,drought,70.4,0.0,False,True,False,True,False,False,execute,execute_recommended_action
rule_fusion,2026-08-07 20:00,drought,drought,70.4,0.0,False,True,False,True,False,False,execute,execute_recommended_action
rule_fusion,2026-08-07 21:00,drought,drought,70.4,0.0,False,True,False,True,False,False,execute,execute_recommended_action
rule_fusion,2026-08-07 22:00,drought,drought,70.4,0.0,False,True,False,True,False,False,execute,execute_recommended_action
rule_fusion,2026-08-07 23:00,drought,drought,64.7,0.0,False,True,False,True,False,False,execute,execute_recommended_action
rule_fusion,2026-08-08 00:00,healthy,healthy,10.5,25.0,False,True,False,False,False,False,observe,routine_patrol
rule_fusion,2026-08-08 01:00,drought,drought,64.7,0.0,False,True,False,True,False,False,execute,execute_recommended_action
rule_fusion,2026-08-08 02:00,drought,drought,64.7,0.0,False,True,False,True,False,False,execute,execute_recommended_action
rule_fusion,2026-08-08 03:00,drought,drought,64.7,0.0,False,True,False,True,False,False,execute,execute_recommended_action
rule_fusion,2026-08-08 04:00,drought,drought,64.7,0.0,False,True,False,True,False,False,execute,execute_recommended_action
rule_fusion,2026-08-08 05:00,drought,drought,64.7,0.0,False,True,False,True,False,False,execute,execute_recommended_action
rule_fusion,2026-08-08 06:00,drought,drought,64.7,0.0,False,False,False,False,False,False,execute,execute_recommended_action
rule_fusion,2026-08-08 07:00,drought,drought,64.7,0.0,False,True,False,True,False,False,execute,execute_recommended_action
rule_fusion,2026-08-08 08:00,drought,drought,67.2,0.0,False,False,False,False,False,False,execute,execute_recommended_action
rule_fusion,2026-08-08 09:00,drought,drought,73.8,0.0,False,False,False,False,False,False,execute,execute_recommended_action
rule_fusion,2026-08-08 10:00,drought,drought,73.0,0.0,False,False,False,False,False,False,execute,execute_recommended_action
rule_fusion,2026-08-08 11:00,drought,drought,72.0,0.0,False,False,False,False,False,False,execute,execute_recommended_action
rule_fusion,2026-08-08 12:00,drought,drought,70.4,0.0,False,False,False,False,False,False,execute,execute_recommended_action
rule_fusion,2026-08-08 13:00,drought,drought,71.3,0.0,False,False,False,False,False,False,execute,execute_recommended_action
rule_fusion,2026-08-08 14:00,drought,drought,72.0,0.0,False,False,False,False,False,False,execute,execute_recommended_action
rule_fusion,2026-08-08 15:00,drought,drought,70.4,0.0,False,False,False,False,False,False,execute,execute_recommended_action
rule_fusion,2026-08-08 16:00,drought,drought,70.4,0.0,False,True,False,True,False,False,execute,execute_recommended_action
rule_fusion,2026-08-08 17:00,drought,drought,70.4,0.0,False,False,False,False,False,False,execute,execute_recommended_action
rule_fusion,2026-08-08 18:00,drought,drought,70.4,0.0,False,True,False,True,False,False,execute,execute_recommended_action
rule_fusion,2026-08-08 19:00,drought,drought,70.4,0.0,False,False,False,False,False,False,execute,execute_recommended_action
rule_fusion,2026-08-08 20:00,drought,drought,70.4,0.0,False,True,False,True,False,False,execute,execute_recommended_action
rule_fusion,2026-08-08 21:00,drought,drought,70.4,0.0,False,True,False,True,False,False,execute,execute_recommended_action
rule_fusion,2026-08-08 22:00,drought,drought,70.4,0.0,False,True,False,True,False,False,execute,execute_recommended_action
rule_fusion,2026-08-08 23:00,drought,drought,70.4,0.0,False,False,False,False,False,False,execute,execute_recommended_action
rule_fusion,2026-08-09 00:00,drought,drought,70.4,0.0,False,True,False,True,False,False,execute,execute_recommended_action
rule_fusion,2026-08-09 01:00,drought,drought,70.4,0.0,False,True,False,True,False,False,execute,execute_recommended_action
rule_fusion,2026-08-09 02:00,drought,drought,70.4,0.0,False,True,False,True,False,False,execute,execute_recommended_action
rule_fusion,2026-08-09 03:00,drought,drought,70.4,0.0,False,True,False,True,False,False,execute,execute_recommended_action
rule_fusion,2026-08-09 04:00,drought,drought,70.4,0.0,False,True,False,True,False,False,execute,execute_recommended_action
rule_fusion,2026-08-09 05:00,drought,drought,70.4,0.0,False,True,False,True,False,False,execute,execute_recommended_action
rule_fusion,2026-08-09 06:00,drought,drought,70.4,0.0,False,True,False,True,False,False,execute,execute_recommended_action
rule_fusion,2026-08-09 07:00,drought,drought,70.4,0.0,False,False,False,False,False,False,execute,execute_recommended_action
rule_fusion,2026-08-09 08:00,drought,drought,70.4,0.0,False,True,False,True,False,False,execute,execute_recommended_action
rule_fusion,2026-08-09 09:00,drought,drought,70.4,0.0,False,False,False,False,False,False,execute,execute_recommended_action
rule_fusion,2026-08-09 10:00,drought,drought,70.4,0.0,False,False,False,False,False,False,execute,execute_recommended_action
rule_fusion,2026-08-09 11:00,drought,drought,70.4,0.0,False,False,False,False,False,False,execute,execute_recommended_action
rule_fusion,2026-08-09 12:00,drought,drought,70.4,0.0,False,False,False,False,False,False,execute,execute_recommended_action
rule_fusion,2026-08-09 13:00,drought,drought,70.4,0.0,False,False,False,False,False,False,execute,execute_recommended_action
rule_fusion,2026-08-09 14:00,drought,drought,70.5,0.0,False,False,False,False,False,False,execute,execute_recommended_action
rule_fusion,2026-08-09 15:00,drought,drought,73.0,0.0,False,False,False,False,False,False,execute,execute_recommended_action
rule_fusion,2026-08-09 16:00,drought,drought,70.4,0.0,False,True,False,True,False,False,execute,execute_recommended_action
rule_fusion,2026-08-09 17:00,drought,drought,70.4,0.0,False,True,False,True,False,False,execute,execute_recommended_action
rule_fusion,2026-08-09 18:00,drought,drought,70.4,0.0,False,True,False,True,False,False,execute,execute_recommended_action
rule_fusion,2026-08-09 19:00,drought,drought,70.4,0.0,False,True,False,True,False,False,execute,execute_recommended_action
rule_fusion,2026-08-09 20:00,drought,drought,70.4,0.0,False,True,False,True,False,False,execute,execute_recommended_action
rule_fusion,2026-08-09 21:00,drought,drought,70.4,0.0,False,True,False,True,False,False,execute,execute_recommended_action
rule_fusion,2026-08-09 22:00,drought,drought,70.4,0.0,False,True,False,True,False,False,execute,execute_recommended_action
rule_fusion,2026-08-09 23:00,drought,drought,70.4,0.0,False,True,False,True,False,False,execute,execute_recommended_action
rule_fusion,2026-08-10 00:00,drought,drought,70.4,0.0,False,True,False,True,False,False,execute,execute_recommended_action
rule_fusion,2026-08-10 01:00,drought,drought,70.4,0.0,False,False,False,False,False,False,execute,execute_recommended_action
rule_fusion,2026-08-10 02:00,drought,drought,70.4,0.0,False,True,False,True,False,False,execute,execute_recommended_action
rule_fusion,2026-08-10 03:00,drought,drought,70.4,0.0,False,True,False,True,False,False,execute,execute_recommended_action
rule_fusion,2026-08-10 04:00,drought,drought,64.7,0.0,False,True,False,True,False,False,execute,execute_recommended_action
rule_fusion,2026-08-10 05:00,drought,drought,64.7,0.0,False,True,False,True,False,False,execute,execute_recommended_action
rule_fusion,2026-08-10 06:00,drought,drought,70.4,0.0,False,True,False,True,False,False,execute,execute_recommended_action
rule_fusion,2026-08-10 07:00,drought,drought,70.4,0.0,False,False,False,False,False,False,execute,execute_recommended_action
rule_fusion,2026-08-10 08:00,drought,drought,70.4,0.0,False,True,False,True,False,False,execute,execute_recommended_action
rule_fusion,2026-08-10 09:00,drought,drought,70.4,0.0,False,False,False,False,False,False,execute,execute_recommended_action
rule_fusion,2026-08-10 10:00,drought,drought,70.4,0.0,False,False,False,False,False,False,execute,execute_recommended_action
rule_fusion,2026-08-10 11:00,drought,drought,70.4,0.0,False,False,False,False,False,False,execute,execute_recommended_action
rule_fusion,2026-08-10 12:00,drought,drought,72.2,0.0,False,False,False,False,False,False,execute,execute_recommended_action
rule_fusion,2026-08-10 13:00,drought,drought,64.7,0.0,False,True,False,True,False,False,execute,execute_recommended_action
rule_fusion,2026-08-10 14:00,drought,drought,64.7,0.0,False,True,False,True,False,False,execute,execute_recommended_action
rule_fusion,2026-08-10 15:00,drought,drought,64.7,0.0,False,True,False,True,False,False,execute,execute_recommended_action
rule_fusion,2026-08-10 16:00,drought,drought,64.7,0.0,False,True,False,True,False,False,execute,execute_recommended_action
rule_fusion,2026-08-10 17:00,low_light,waterlogging,52.0,0.0,False,False,False,False,False,False,hold,monitor_more_context
rule_fusion,2026-08-10 18:00,healthy,healthy,10.5,0.0,False,False,False,False,False,False,observe,routine_patrol
rule_fusion,2026-08-10 19:00,healthy,healthy,10.5,0.0,False,False,False,False,False,False,observe,routine_patrol
rule_fusion,2026-08-10 20:00,healthy,healthy,10.5,0.0,False,False,False,False,False,False,observe,routine_patrol
rule_fusion,2026-08-10 21:00,healthy,healthy,10.5,0.0,False,False,False,False,False,False,observe,routine_patrol
rule_fusion,2026-08-10 22:00,healthy,healthy,10.5,0.0,False,False,False,False,False,False,observe,routine_patrol
rule_fusion,2026-08-10 23:00,pest,healthy,10.5,0.0,False,False,False,False,False,False,observe,routine_patrol
rule_fusion,2026-08-11 00:00,healthy,healthy,10.5,0.0,False,False,False,False,False,False,observe,routine_patrol
rule_fusion,2026-08-11 01:00,healthy,healthy,10.5,0.0,False,False,False,False,False,False,observe,routine_patrol
rule_fusion,2026-08-11 02:00,healthy,healthy,10.5,0.0,False,False,False,False,False,False,observe,routine_patrol
rule_fusion,2026-08-11 03:00,healthy,healthy,10.5,0.0,False,False,False,False,False,False,observe,routine_patrol
rule_fusion,2026-08-11 04:00,healthy,healthy,10.5,0.0,False,False,False,False,False,False,observe,routine_patrol
rule_fusion,2026-08-11 05:00,healthy,healthy,10.5,0.0,False,False,False,False,False,False,observe,routine_patrol
rule_fusion,2026-08-11 06:00,healthy,healthy,10.5,0.0,False,False,False,False,False,False,observe,routine_patrol
rule_fusion,2026-08-11 07:00,healthy,healthy,10.5,0.0,False,False,False,False,False,False,observe,routine_patrol
rule_fusion,2026-08-11 08:00,healthy,healthy,10.5,0.0,False,False,False,False,False,False,observe,routine_patrol
rule_fusion,2026-08-11 09:00,healthy,healthy,10.5,0.0,False,False,False,False,False,False,observe,routine_patrol
rule_fusion,2026-08-11 10:00,healthy,healthy,10.5,20.0,False,True,False,False,False,False,observe,routine_patrol
rule_fusion,2026-08-11 11:00,healthy,healthy,10.5,0.0,False,False,False,False,False,False,observe,routine_patrol
rule_fusion,2026-08-11 12:00,drought,drought,64.7,0.0,False,True,False,True,False,False,execute,execute_recommended_action
rule_fusion,2026-08-11 13:00,drought,drought,64.7,0.0,False,True,False,True,False,False,execute,execute_recommended_action
rule_fusion,2026-08-11 14:00,drought,drought,64.7,0.0,False,True,False,True,False,False,execute,execute_recommended_action
rule_fusion,2026-08-11 15:00,drought,drought,64.7,0.0,False,True,False,True,False,False,execute,execute_recommended_action
rule_fusion,2026-08-11 16:00,healthy,waterlogging,56.0,0.0,False,True,False,True,False,False,hold,monitor_more_context
rule_fusion,2026-08-11 17:00,low_light,low_light,37.1,0.0,False,False,False,False,False,False,observe,routine_patrol
rule_fusion,2026-08-11 18:00,healthy,waterlogging,56.0,0.0,False,True,False,True,False,False,hold,monitor_more_context
rule_fusion,2026-08-11 19:00,healthy,healthy,10.5,0.0,False,False,False,False,False,False,observe,routine_patrol
rule_fusion,2026-08-11 20:00,healthy,healthy,10.5,0.0,False,False,False,False,False,False,observe,routine_patrol
rule_fusion,2026-08-11 21:00,healthy,healthy,10.5,0.0,False,False,False,False,False,False,observe,routine_patrol
rule_fusion,2026-08-11 22:00,healthy,healthy,10.5,0.0,False,False,False,False,False,False,observe,routine_patrol
rule_fusion,2026-08-11 23:00,pest,pest,59.0,0.0,False,False,False,False,False,False,hold,monitor_more_context
rule_fusion,2026-08-12 00:00,healthy,healthy,10.5,0.0,False,False,False,False,False,False,observe,routine_patrol
rule_fusion,2026-08-12 01:00,healthy,healthy,10.5,0.0,False,False,False,False,False,False,observe,routine_patrol
rule_fusion,2026-08-12 02:00,healthy,healthy,10.5,0.0,False,False,False,False,False,False,observe,routine_patrol
rule_fusion,2026-08-12 03:00,healthy,healthy,10.5,0.0,False,False,False,False,False,False,observe,routine_patrol
rule_fusion,2026-08-12 04:00,healthy,healthy,10.5,0.0,False,False,False,False,False,False,observe,routine_patrol
rule_fusion,2026-08-12 05:00,healthy,healthy,10.5,0.0,False,False,False,False,False,False,observe,routine_patrol
rule_fusion,2026-08-12 06:00,healthy,healthy,10.5,0.0,False,False,False,False,False,False,observe,routine_patrol
rule_fusion,2026-08-12 07:00,healthy,healthy,10.5,0.0,False,False,False,False,False,False,observe,routine_patrol
rule_fusion,2026-08-12 08:00,healthy,healthy,10.5,0.0,False,False,False,False,False,False,observe,routine_patrol
rule_fusion,2026-08-12 09:00,healthy,healthy,10.5,0.0,False,False,False,False,False,False,observe,routine_patrol
rule_fusion,2026-08-12 10:00,pest,pest,59.8,0.0,False,False,False,False,False,False,hold,monitor_more_context
rule_fusion,2026-08-12 11:00,healthy,healthy,10.5,0.0,False,False,False,False,False,False,observe,routine_patrol
rule_fusion,2026-08-12 12:00,healthy,healthy,10.5,0.0,False,False,False,False,False,False,observe,routine_patrol
rule_fusion,2026-08-12 13:00,healthy,healthy,10.5,0.0,False,False,False,False,False,False,observe,routine_patrol
rule_fusion,2026-08-12 14:00,healthy,healthy,10.5,0.0,False,False,False,False,False,False,observe,routine_patrol
rule_fusion,2026-08-12 15:00,healthy,healthy,10.5,0.0,False,False,False,False,False,False,observe,routine_patrol
rule_fusion,2026-08-12 16:00,pest,healthy,10.5,0.0,False,False,False,False,False,False,observe,routine_patrol
rule_fusion,2026-08-12 17:00,healthy,healthy,10.5,0.0,False,False,False,False,False,False,observe,routine_patrol
rule_fusion,2026-08-12 18:00,healthy,healthy,10.5,0.0,False,False,False,False,False,False,observe,routine_patrol
rule_fusion,2026-08-12 19:00,healthy,healthy,10.5,0.0,False,False,False,False,False,False,observe,routine_patrol
rule_fusion,2026-08-12 20:00,healthy,healthy,10.5,0.0,False,False,False,False,False,False,observe,routine_patrol
rule_fusion,2026-08-12 21:00,healthy,healthy,10.5,0.0,False,False,False,False,False,False,observe,routine_patrol
rule_fusion,2026-08-12 22:00,healthy,healthy,10.5,0.0,False,False,False,False,False,False,observe,routine_patrol
rule_fusion,2026-08-12 23:00,healthy,healthy,10.5,0.0,False,False,False,False,False,False,observe,routine_patrol
rule_fusion,2026-08-13 00:00,healthy,healthy,10.5,0.0,False,False,False,False,False,False,observe,routine_patrol
rule_fusion,2026-08-13 01:00,healthy,healthy,10.5,0.0,False,False,False,False,False,False,observe,routine_patrol
rule_fusion,2026-08-13 02:00,healthy,healthy,10.5,0.0,False,False,False,False,False,False,observe,routine_patrol
rule_fusion,2026-08-13 03:00,healthy,healthy,10.5,0.0,False,False,False,False,False,False,observe,routine_patrol
rule_fusion,2026-08-13 04:00,healthy,healthy,10.5,0.0,False,False,False,False,False,False,observe,routine_patrol
rule_fusion,2026-08-13 05:00,healthy,healthy,10.5,0.0,False,False,False,False,False,False,observe,routine_patrol
rule_fusion,2026-08-13 06:00,pest,pest,59.0,0.0,False,False,False,False,False,False,hold,monitor_more_context
rule_fusion,2026-08-13 07:00,healthy,healthy,10.5,0.0,False,False,False,False,False,False,observe,routine_patrol
rule_fusion,2026-08-13 08:00,healthy,healthy,10.5,0.0,False,False,False,False,False,False,observe,routine_patrol
rule_fusion,2026-08-13 09:00,healthy,waterlogging,56.0,0.0,False,True,False,True,False,False,hold,monitor_more_context
rule_fusion,2026-08-13 10:00,healthy,healthy,10.5,0.0,False,False,False,False,False,False,observe,routine_patrol
rule_fusion,2026-08-13 11:00,healthy,healthy,10.5,0.0,False,False,False,False,False,False,observe,routine_patrol
rule_fusion,2026-08-13 12:00,healthy,healthy,10.5,0.0,False,False,False,False,False,False,observe,routine_patrol
rule_fusion,2026-08-13 13:00,healthy,healthy,10.5,0.0,False,False,False,False,False,False,observe,routine_patrol
rule_fusion,2026-08-13 14:00,healthy,healthy,10.5,0.0,False,False,False,False,False,False,observe,routine_patrol
rule_fusion,2026-08-13 15:00,waterlogging,waterlogging,67.8,0.0,False,False,False,False,False,False,execute,execute_recommended_action
rule_fusion,2026-08-13 16:00,healthy,healthy,10.5,0.0,False,False,False,False,False,False,observe,routine_patrol
rule_fusion,2026-08-13 17:00,healthy,healthy,10.5,0.0,False,False,False,False,False,False,observe,routine_patrol
rule_fusion,2026-08-13 18:00,healthy,healthy,10.5,0.0,False,False,False,False,False,False,observe,routine_patrol
rule_fusion,2026-08-13 19:00,healthy,healthy,10.5,0.0,False,False,False,False,False,False,observe,routine_patrol
rule_fusion,2026-08-13 20:00,healthy,healthy,10.5,0.0,False,False,False,False,False,False,observe,routine_patrol
rule_fusion,2026-08-13 21:00,healthy,healthy,10.5,0.0,False,False,False,False,False,False,observe,routine_patrol
rule_fusion,2026-08-13 22:00,healthy,healthy,10.5,0.0,False,False,False,False,False,False,observe,routine_patrol
rule_fusion,2026-08-13 23:00,healthy,healthy,10.5,0.0,False,False,False,False,False,False,observe,routine_patrol
rule_fusion,2026-08-14 00:00,healthy,healthy,10.5,0.0,False,False,False,False,False,False,observe,routine_patrol
rule_fusion,2026-08-14 01:00,healthy,healthy,10.5,20.0,False,True,False,False,False,False,observe,routine_patrol
rule_fusion,2026-08-14 02:00,healthy,healthy,10.5,0.0,False,False,False,False,False,False,observe,routine_patrol
rule_fusion,2026-08-14 03:00,healthy,healthy,10.5,0.0,False,False,False,False,False,False,observe,routine_patrol
rule_fusion,2026-08-14 04:00,healthy,healthy,10.5,0.0,False,False,False,False,False,False,observe,routine_patrol
rule_fusion,2026-08-14 05:00,healthy,healthy,10.5,0.0,False,False,False,False,False,False,observe,routine_patrol
rule_fusion,2026-08-14 06:00,healthy,healthy,10.5,0.0,False,False,False,False,False,False,observe,routine_patrol
rule_fusion,2026-08-14 07:00,healthy,healthy,10.5,0.0,False,False,False,False,False,False,observe,routine_patrol
rule_fusion,2026-08-14 08:00,healthy,healthy,10.5,0.0,False,False,False,False,False,False,observe,routine_patrol
rule_fusion,2026-08-14 09:00,healthy,healthy,10.5,0.0,False,False,False,False,False,False,observe,routine_patrol
rule_fusion,2026-08-14 10:00,healthy,healthy,10.5,0.0,False,False,False,False,False,False,observe,routine_patrol
rule_fusion,2026-08-14 11:00,healthy,healthy,10.5,0.0,False,False,False,False,False,False,observe,routine_patrol
rule_fusion,2026-08-14 12:00,healthy,healthy,10.5,0.0,False,False,False,False,False,False,observe,routine_patrol
rule_fusion,2026-08-14 13:00,healthy,healthy,10.5,0.0,False,False,False,False,False,False,observe,routine_patrol
rule_fusion,2026-08-14 14:00,healthy,healthy,10.5,0.0,False,False,False,False,False,False,observe,routine_patrol
rule_fusion,2026-08-14 15:00,healthy,healthy,10.5,0.0,False,False,False,False,False,False,observe,routine_patrol
rule_fusion,2026-08-14 16:00,healthy,healthy,10.5,0.0,False,False,False,False,False,False,observe,routine_patrol
rule_fusion,2026-08-14 17:00,healthy,healthy,10.5,0.0,False,False,False,False,False,False,observe,routine_patrol
rule_fusion,2026-08-14 18:00,healthy,healthy,10.5,0.0,False,False,False,False,False,False,observe,routine_patrol
rule_fusion,2026-08-14 19:00,healthy,healthy,10.5,0.0,False,False,False,False,False,False,observe,routine_patrol
rule_fusion,2026-08-14 20:00,healthy,healthy,10.5,0.0,False,False,False,False,False,False,observe,routine_patrol
rule_fusion,2026-08-14 21:00,healthy,healthy,10.5,0.0,False,False,False,False,False,False,observe,routine_patrol
rule_fusion,2026-08-14 22:00,healthy,healthy,10.5,0.0,False,False,False,False,False,False,observe,routine_patrol
rule_fusion,2026-08-14 23:00,healthy,healthy,10.5,0.0,False,False,False,False,False,False,observe,routine_patrol
rule_fusion,2026-08-15 00:00,healthy,healthy,10.5,0.0,False,False,False,False,False,False,observe,routine_patrol
rule_fusion,2026-08-15 01:00,healthy,healthy,10.5,0.0,False,False,False,False,False,False,observe,routine_patrol
rule_fusion,2026-08-15 02:00,healthy,healthy,10.5,0.0,False,False,False,False,False,False,observe,routine_patrol
rule_fusion,2026-08-15 03:00,healthy,healthy,10.5,0.0,False,False,False,False,False,False,observe,routine_patrol
rule_fusion,2026-08-15 04:00,healthy,healthy,10.5,0.0,False,False,False,False,False,False,observe,routine_patrol
rule_fusion,2026-08-15 05:00,healthy,healthy,10.5,0.0,False,False,False,False,False,False,observe,routine_patrol
rule_fusion,2026-08-15 06:00,healthy,healthy,10.5,0.0,False,False,False,False,False,False,observe,routine_patrol
rule_fusion,2026-08-15 07:00,healthy,healthy,10.5,0.0,False,False,False,False,False,False,observe,routine_patrol
rule_fusion,2026-08-15 08:00,healthy,healthy,10.5,0.0,False,False,False,False,False,False,observe,routine_patrol
rule_fusion,2026-08-15 09:00,healthy,healthy,10.5,0.0,False,False,False,False,False,False,observe,routine_patrol
rule_fusion,2026-08-15 10:00,healthy,healthy,10.5,0.0,False,False,False,False,False,False,observe,routine_patrol
rule_fusion,2026-08-15 11:00,healthy,healthy,10.5,0.0,False,False,False,False,False,False,observe,routine_patrol
rule_fusion,2026-08-15 12:00,healthy,healthy,10.5,0.0,False,False,False,False,False,False,observe,routine_patrol
rule_fusion,2026-08-15 13:00,healthy,healthy,10.5,0.0,False,False,False,False,False,False,observe,routine_patrol
rule_fusion,2026-08-15 14:00,drought,drought,64.7,0.0,False,True,False,True,False,False,execute,execute_recommended_action
rule_fusion,2026-08-15 15:00,drought,drought,64.7,0.0,False,True,False,True,False,False,execute,execute_recommended_action
rule_fusion,2026-08-15 16:00,drought,drought,64.7,0.0,False,True,False,True,False,False,execute,execute_recommended_action
rule_fusion,2026-08-15 17:00,drought,drought,64.7,0.0,False,True,False,True,False,False,execute,execute_recommended_action
rule_fusion,2026-08-15 18:00,drought,drought,64.7,0.0,False,True,False,True,False,False,execute,execute_recommended_action
rule_fusion,2026-08-15 19:00,drought,drought,64.7,0.0,False,True,False,True,False,False,execute,execute_recommended_action
rule_fusion,2026-08-15 20:00,drought,drought,64.7,0.0,False,True,False,True,False,False,execute,execute_recommended_action
rule_fusion,2026-08-15 21:00,drought,drought,64.7,0.0,False,False,False,False,False,False,execute,execute_recommended_action
rule_fusion,2026-08-15 22:00,drought,drought,64.7,0.0,False,True,False,True,False,False,execute,execute_recommended_action
rule_fusion,2026-08-15 23:00,drought,drought,64.7,0.0,False,True,False,True,False,False,execute,execute_recommended_action
rule_fusion,2026-08-16 00:00,drought,drought,64.7,0.0,False,True,False,True,False,False,execute,execute_recommended_action
rule_fusion,2026-08-16 01:00,drought,drought,64.7,0.0,False,True,False,True,False,False,execute,execute_recommended_action
rule_fusion,2026-08-16 02:00,drought,drought,64.7,0.0,False,True,False,True,False,False,execute,execute_recommended_action
rule_fusion,2026-08-16 03:00,drought,drought,64.7,0.0,False,True,False,True,False,False,execute,execute_recommended_action
rule_fusion,2026-08-16 04:00,drought,drought,64.7,0.0,False,True,False,True,False,False,execute,execute_recommended_action
rule_fusion,2026-08-16 05:00,drought,drought,64.7,0.0,False,True,False,True,False,False,execute,execute_recommended_action
rule_fusion,2026-08-16 06:00,drought,drought,64.7,0.0,False,True,False,True,False,False,execute,execute_recommended_action
rule_fusion,2026-08-16 07:00,drought,drought,64.7,0.0,False,True,False,True,False,False,execute,execute_recommended_action
rule_fusion,2026-08-16 08:00,drought,drought,64.7,0.0,False,True,False,True,False,False,execute,execute_recommended_action
rule_fusion,2026-08-16 09:00,drought,drought,64.8,0.0,False,False,False,False,False,False,execute,execute_recommended_action
rule_fusion,2026-08-16 10:00,drought,drought,70.4,0.0,False,False,False,False,False,False,execute,execute_recommended_action
rule_fusion,2026-08-16 11:00,drought,drought,70.4,0.0,False,False,False,False,False,False,execute,execute_recommended_action
rule_fusion,2026-08-16 12:00,drought,drought,70.4,0.0,False,False,False,False,False,False,execute,execute_recommended_action
rule_fusion,2026-08-16 13:00,drought,drought,71.3,0.0,False,False,False,False,False,False,execute,execute_recommended_action
rule_fusion,2026-08-16 14:00,drought,drought,70.5,0.0,False,False,False,False,False,False,execute,execute_recommended_action
rule_fusion,2026-08-16 15:00,drought,drought,70.4,0.0,False,False,False,False,False,False,execute,execute_recommended_action
rule_fusion,2026-08-16 16:00,drought,drought,72.2,0.0,False,False,False,False,False,False,execute,execute_recommended_action
rule_fusion,2026-08-16 17:00,drought,drought,70.4,0.0,False,True,False,True,False,False,execute,execute_recommended_action
rule_fusion,2026-08-16 18:00,drought,drought,70.4,20.0,False,True,False,False,False,False,execute,execute_recommended_action
rule_fusion,2026-08-16 19:00,drought,drought,70.4,0.0,False,True,False,True,False,False,execute,execute_recommended_action
rule_fusion,2026-08-16 20:00,drought,drought,70.4,0.0,False,True,False,True,False,False,execute,execute_recommended_action
rule_fusion,2026-08-16 21:00,drought,drought,70.4,0.0,False,True,False,True,False,False,execute,execute_recommended_action
rule_fusion,2026-08-16 22:00,drought,drought,70.4,0.0,False,True,False,True,False,False,execute,execute_recommended_action
rule_fusion,2026-08-16 23:00,drought,drought,70.4,0.0,False,True,False,True,False,False,execute,execute_recommended_action
rule_fusion,2026-08-17 00:00,drought,drought,70.4,0.0,False,True,False,True,False,False,execute,execute_recommended_action
rule_fusion,2026-08-17 01:00,drought,drought,70.4,0.0,False,False,False,False,False,False,execute,execute_recommended_action
rule_fusion,2026-08-17 02:00,drought,drought,70.4,0.0,False,True,False,True,False,False,execute,execute_recommended_action
rule_fusion,2026-08-17 03:00,drought,drought,70.4,0.0,False,True,False,True,False,False,execute,execute_recommended_action
rule_fusion,2026-08-17 04:00,drought,drought,70.4,20.0,False,True,False,False,False,False,execute,execute_recommended_action
rule_fusion,2026-08-17 05:00,drought,drought,70.4,0.0,False,True,False,True,False,False,execute,execute_recommended_action
rule_fusion,2026-08-17 06:00,drought,drought,70.4,0.0,False,True,False,True,False,False,execute,execute_recommended_action
rule_fusion,2026-08-17 07:00,drought,drought,70.4,0.0,False,True,False,True,False,False,execute,execute_recommended_action
rule_fusion,2026-08-17 08:00,drought,drought,70.4,0.0,False,False,False,False,False,False,execute,execute_recommended_action
rule_fusion,2026-08-17 09:00,drought,drought,70.4,0.0,False,False,False,False,False,False,execute,execute_recommended_action
rule_fusion,2026-08-17 10:00,drought,drought,70.4,0.0,False,False,False,False,False,False,execute,execute_recommended_action
rule_fusion,2026-08-17 11:00,drought,drought,74.6,0.0,False,False,False,False,False,False,execute,execute_recommended_action
rule_fusion,2026-08-17 12:00,drought,drought,73.8,0.0,False,False,False,False,False,False,execute,execute_recommended_action
rule_fusion,2026-08-17 13:00,drought,drought,72.0,0.0,False,False,False,False,False,False,execute,execute_recommended_action
rule_fusion,2026-08-17 14:00,drought,drought,70.4,0.0,False,False,False,False,False,False,execute,execute_recommended_action
rule_fusion,2026-08-17 15:00,drought,drought,71.3,0.0,False,False,False,False,False,False,execute,execute_recommended_action
rule_fusion,2026-08-17 16:00,drought,drought,70.4,0.0,False,False,False,False,False,False,execute,execute_recommended_action
rule_fusion,2026-08-17 17:00,drought,drought,70.4,0.0,False,True,False,True,False,False,execute,execute_recommended_action
rule_fusion,2026-08-17 18:00,drought,drought,70.4,0.0,False,True,False,True,False,False,execute,execute_recommended_action
rule_fusion,2026-08-17 19:00,drought,drought,70.4,0.0,False,True,False,True,False,False,execute,execute_recommended_action
rule_fusion,2026-08-17 20:00,drought,drought,70.4,0.0,False,True,False,True,False,False,execute,execute_recommended_action
rule_fusion,2026-08-17 21:00,drought,drought,70.4,0.0,False,True,False,True,False,False,execute,execute_recommended_action
rule_fusion,2026-08-17 22:00,drought,drought,70.4,0.0,False,True,False,True,False,False,execute,execute_recommended_action
rule_fusion,2026-08-17 23:00,drought,drought,70.4,0.0,False,True,False,True,False,False,execute,execute_recommended_action
rule_fusion,2026-08-18 00:00,healthy,drought,68.9,0.0,False,True,False,True,False,False,execute,execute_recommended_action
rule_fusion,2026-08-18 01:00,drought,drought,68.8,0.0,False,True,False,True,False,False,execute,execute_recommended_action
rule_fusion,2026-08-18 02:00,healthy,waterlogging,56.0,0.0,False,True,False,True,False,False,hold,monitor_more_context
rule_fusion,2026-08-18 03:00,healthy,healthy,10.5,0.0,False,False,False,False,False,False,observe,routine_patrol
rule_fusion,2026-08-18 04:00,healthy,healthy,10.5,0.0,False,False,False,False,False,False,observe,routine_patrol
rule_fusion,2026-08-18 05:00,healthy,healthy,10.5,0.0,False,False,False,False,False,False,observe,routine_patrol
rule_fusion,2026-08-18 06:00,healthy,healthy,10.5,0.0,False,False,False,False,False,False,observe,routine_patrol
rule_fusion,2026-08-18 07:00,healthy,healthy,10.5,0.0,False,False,False,False,False,False,observe,routine_patrol
rule_fusion,2026-08-18 08:00,drought,drought,64.7,0.0,False,True,False,True,False,False,execute,execute_recommended_action
rule_fusion,2026-08-18 09:00,drought,drought,64.7,0.0,False,False,False,False,False,False,execute,execute_recommended_action
rule_fusion,2026-08-18 10:00,drought,drought,69.0,0.0,False,True,False,True,False,False,execute,execute_recommended_action
rule_fusion,2026-08-18 11:00,drought,drought,64.7,0.0,False,True,False,True,False,False,execute,execute_recommended_action
rule_fusion,2026-08-18 12:00,drought,drought,64.7,0.0,False,True,False,True,False,False,execute,execute_recommended_action
rule_fusion,2026-08-18 13:00,drought,drought,69.0,0.0,False,False,False,False,False,False,execute,execute_recommended_action
rule_fusion,2026-08-18 14:00,drought,drought,69.0,0.0,False,False,False,False,False,False,execute,execute_recommended_action
rule_fusion,2026-08-18 15:00,drought,drought,70.4,0.0,False,False,False,False,False,False,execute,execute_recommended_action
rule_fusion,2026-08-18 16:00,drought,drought,70.4,0.0,False,False,False,False,False,False,execute,execute_recommended_action
rule_fusion,2026-08-18 17:00,drought,drought,70.4,0.0,False,True,False,True,False,False,execute,execute_recommended_action
rule_fusion,2026-08-18 18:00,drought,drought,70.4,0.0,False,True,False,True,False,False,execute,execute_recommended_action
rule_fusion,2026-08-18 19:00,drought,drought,70.4,0.0,False,True,False,True,False,False,execute,execute_recommended_action
rule_fusion,2026-08-18 20:00,drought,drought,70.4,0.0,False,True,False,True,False,False,execute,execute_recommended_action
rule_fusion,2026-08-18 21:00,drought,drought,70.4,0.0,False,True,False,True,False,False,execute,execute_recommended_action
rule_fusion,2026-08-18 22:00,drought,drought,70.4,0.0,False,True,False,True,False,False,execute,execute_recommended_action
rule_fusion,2026-08-18 23:00,drought,drought,68.8,20.0,False,True,False,False,False,False,execute,execute_recommended_action
rule_fusion,2026-08-19 00:00,healthy,healthy,10.5,0.0,False,False,False,False,False,False,observe,routine_patrol
rule_fusion,2026-08-19 01:00,healthy,healthy,10.5,0.0,False,False,False,False,False,False,observe,routine_patrol
rule_fusion,2026-08-19 02:00,healthy,healthy,10.5,0.0,False,False,False,False,False,False,observe,routine_patrol
rule_fusion,2026-08-19 03:00,healthy,healthy,10.5,0.0,False,False,False,False,False,False,observe,routine_patrol
rule_fusion,2026-08-19 04:00,healthy,healthy,10.5,0.0,False,False,False,False,False,False,observe,routine_patrol
rule_fusion,2026-08-19 05:00,healthy,healthy,10.5,0.0,False,False,False,False,False,False,observe,routine_patrol
rule_fusion,2026-08-19 06:00,healthy,healthy,10.5,0.0,False,False,False,False,False,False,observe,routine_patrol
rule_fusion,2026-08-19 07:00,healthy,healthy,10.5,0.0,False,False,False,False,False,False,observe,routine_patrol
rule_fusion,2026-08-19 08:00,healthy,healthy,10.5,0.0,False,False,False,False,False,False,observe,routine_patrol
rule_fusion,2026-08-19 09:00,drought,drought,64.7,0.0,False,True,False,True,False,False,execute,execute_recommended_action
rule_fusion,2026-08-19 10:00,drought,drought,69.0,0.0,False,True,False,True,False,False,execute,execute_recommended_action
rule_fusion,2026-08-19 11:00,drought,drought,69.0,0.0,False,True,False,True,False,False,execute,execute_recommended_action
rule_fusion,2026-08-19 12:00,drought,drought,69.0,0.0,False,False,False,False,False,False,execute,execute_recommended_action
rule_fusion,2026-08-19 13:00,drought,drought,64.7,0.0,False,False,False,False,False,False,execute,execute_recommended_action
rule_fusion,2026-08-19 14:00,drought,drought,74.6,0.0,False,False,False,False,False,False,execute,execute_recommended_action
rule_fusion,2026-08-19 15:00,drought,drought,70.4,0.0,False,False,False,False,False,False,execute,execute_recommended_action
rule_fusion,2026-08-19 16:00,drought,drought,70.4,0.0,False,False,False,False,False,False,execute,execute_recommended_action
rule_fusion,2026-08-19 17:00,drought,drought,70.4,0.0,False,True,False,True,False,False,execute,execute_recommended_action
rule_fusion,2026-08-19 18:00,drought,drought,70.4,0.0,False,True,False,True,False,False,execute,execute_recommended_action
rule_fusion,2026-08-19 19:00,drought,drought,70.4,0.0,False,True,False,True,False,False,execute,execute_recommended_action
rule_fusion,2026-08-19 20:00,drought,drought,70.4,0.0,False,True,False,True,False,False,execute,execute_recommended_action
rule_fusion,2026-08-19 21:00,drought,drought,70.4,0.0,False,True,False,True,False,False,execute,execute_recommended_action
rule_fusion,2026-08-19 22:00,drought,drought,70.4,0.0,False,True,False,True,False,False,execute,execute_recommended_action
rule_fusion,2026-08-19 23:00,drought,drought,70.4,0.0,False,True,False,True,False,False,execute,execute_recommended_action
rule_fusion,2026-08-20 00:00,drought,drought,70.4,0.0,False,True,False,True,False,False,execute,execute_recommended_action
rule_fusion,2026-08-20 01:00,drought,drought,70.4,0.0,False,True,False,True,False,False,execute,execute_recommended_action
rule_fusion,2026-08-20 02:00,drought,drought,70.4,0.0,False,True,False,True,False,False,execute,execute_recommended_action
rule_fusion,2026-08-20 03:00,drought,drought,70.4,0.0,False,True,False,True,False,False,execute,execute_recommended_action
rule_fusion,2026-08-20 04:00,drought,drought,70.4,0.0,False,True,False,True,False,False,execute,execute_recommended_action
rule_fusion,2026-08-20 05:00,drought,drought,70.4,0.0,False,True,False,True,False,False,execute,execute_recommended_action
rule_fusion,2026-08-20 06:00,drought,drought,70.4,20.0,False,True,False,False,False,False,execute,execute_recommended_action
rule_fusion,2026-08-20 07:00,drought,drought,70.4,0.0,False,False,False,False,False,False,execute,execute_recommended_action
rule_fusion,2026-08-20 08:00,drought,drought,70.4,0.0,False,False,False,False,False,False,execute,execute_recommended_action
rule_fusion,2026-08-20 09:00,drought,drought,72.0,0.0,False,False,False,False,False,False,execute,execute_recommended_action
rule_fusion,2026-08-20 10:00,drought,drought,72.0,0.0,False,False,False,False,False,False,execute,execute_recommended_action
rule_fusion,2026-08-20 11:00,drought,drought,73.0,0.0,False,False,False,False,False,False,execute,execute_recommended_action
rule_fusion,2026-08-20 12:00,drought,drought,70.4,0.0,False,False,False,False,False,False,execute,execute_recommended_action
rule_fusion,2026-08-20 13:00,drought,drought,70.4,0.0,False,False,False,False,False,False,execute,execute_recommended_action
rule_fusion,2026-08-20 14:00,drought,drought,70.4,0.0,False,False,False,False,False,False,execute,execute_recommended_action
rule_fusion,2026-08-20 15:00,drought,drought,72.0,0.0,False,False,False,False,False,False,execute,execute_recommended_action
rule_fusion,2026-08-20 16:00,drought,drought,72.2,0.0,False,False,False,False,False,False,execute,execute_recommended_action
rule_fusion,2026-08-20 17:00,drought,drought,70.4,0.0,False,False,False,False,False,False,execute,execute_recommended_action
rule_fusion,2026-08-20 18:00,drought,drought,70.4,0.0,False,True,False,True,False,False,execute,execute_recommended_action
rule_fusion,2026-08-20 19:00,drought,drought,70.4,0.0,False,True,False,True,False,False,execute,execute_recommended_action
rule_fusion,2026-08-20 20:00,drought,drought,70.4,0.0,False,True,False,True,False,False,execute,execute_recommended_action
rule_fusion,2026-08-20 21:00,drought,drought,70.4,0.0,False,True,False,True,False,False,execute,execute_recommended_action
rule_fusion,2026-08-20 22:00,drought,drought,64.7,0.0,False,True,False,True,False,False,execute,execute_recommended_action
rule_fusion,2026-08-20 23:00,drought,drought,64.7,0.0,False,True,False,True,False,False,execute,execute_recommended_action
rule_fusion,2026-08-21 00:00,healthy,healthy,10.5,0.0,False,False,False,False,False,False,observe,routine_patrol
rule_fusion,2026-08-21 01:00,healthy,healthy,10.5,0.0,False,False,False,False,False,False,observe,routine_patrol
rule_fusion,2026-08-21 02:00,healthy,healthy,10.5,0.0,False,False,False,False,False,False,observe,routine_patrol
rule_fusion,2026-08-21 03:00,healthy,healthy,10.5,0.0,False,False,False,False,False,False,observe,routine_patrol
rule_fusion,2026-08-21 04:00,drought,drought,64.7,0.0,False,True,False,True,False,False,execute,execute_recommended_action
rule_fusion,2026-08-21 05:00,drought,drought,64.7,0.0,False,False,False,False,False,False,execute,execute_recommended_action
rule_fusion,2026-08-21 06:00,healthy,waterlogging,56.0,0.0,False,True,False,True,False,False,hold,monitor_more_context
rule_fusion,2026-08-21 07:00,healthy,healthy,10.5,0.0,False,False,False,False,False,False,observe,routine_patrol
rule_fusion,2026-08-21 08:00,healthy,healthy,10.5,20.0,False,True,False,False,False,False,observe,routine_patrol
rule_fusion,2026-08-21 09:00,heat,heat,58.9,0.0,False,True,False,True,False,False,hold,monitor_more_context
rule_fusion,2026-08-21 10:00,heat,pest,59.8,0.0,False,False,False,False,False,False,hold,monitor_more_context
rule_fusion,2026-08-21 11:00,heat,heat,58.9,0.0,False,True,False,True,False,False,hold,monitor_more_context
rule_fusion,2026-08-21 12:00,heat,heat,58.9,0.0,False,True,False,True,False,False,hold,monitor_more_context
rule_fusion,2026-08-21 13:00,healthy,healthy,10.5,0.0,False,False,False,False,False,False,observe,routine_patrol
rule_fusion,2026-08-21 14:00,healthy,healthy,10.5,0.0,False,False,False,False,False,False,observe,routine_patrol
rule_fusion,2026-08-21 15:00,healthy,healthy,10.5,0.0,False,False,False,False,False,False,observe,routine_patrol
rule_fusion,2026-08-21 16:00,drought,drought,64.7,0.0,False,True,False,True,False,False,execute,execute_recommended_action
rule_fusion,2026-08-21 17:00,drought,drought,64.7,0.0,False,True,False,True,False,False,execute,execute_recommended_action
rule_fusion,2026-08-21 18:00,drought,drought,64.7,0.0,False,True,False,True,False,False,execute,execute_recommended_action
rule_fusion,2026-08-21 19:00,drought,drought,64.7,0.0,False,True,False,True,False,False,execute,execute_recommended_action
rule_fusion,2026-08-21 20:00,drought,drought,64.7,0.0,False,True,False,True,False,False,execute,execute_recommended_action
rule_fusion,2026-08-21 21:00,drought,drought,64.7,0.0,False,True,False,True,False,False,execute,execute_recommended_action
rule_fusion,2026-08-21 22:00,drought,drought,64.7,0.0,False,True,False,True,False,False,execute,execute_recommended_action
rule_fusion,2026-08-21 23:00,drought,drought,64.7,0.0,False,True,False,True,False,False,execute,execute_recommended_action
rule_fusion,2026-08-22 00:00,drought,drought,64.7,0.0,False,True,False,True,False,False,execute,execute_recommended_action
rule_fusion,2026-08-22 01:00,drought,drought,64.7,0.0,False,True,False,True,False,False,execute,execute_recommended_action
rule_fusion,2026-08-22 02:00,drought,drought,64.7,0.0,False,True,False,True,False,False,execute,execute_recommended_action
rule_fusion,2026-08-22 03:00,drought,drought,64.7,0.0,False,True,False,True,False,False,execute,execute_recommended_action
rule_fusion,2026-08-22 04:00,drought,drought,64.7,0.0,False,True,False,True,False,False,execute,execute_recommended_action
rule_fusion,2026-08-22 05:00,drought,drought,64.7,0.0,False,True,False,True,False,False,execute,execute_recommended_action
rule_fusion,2026-08-22 06:00,drought,drought,64.7,0.0,False,False,False,False,False,False,execute,execute_recommended_action
rule_fusion,2026-08-22 07:00,drought,drought,64.7,0.0,False,True,False,True,False,False,execute,execute_recommended_action
rule_fusion,2026-08-22 08:00,drought,drought,71.3,0.0,False,False,False,False,False,False,execute,execute_recommended_action
rule_fusion,2026-08-22 09:00,drought,drought,71.3,0.0,False,False,False,False,False,False,execute,execute_recommended_action
rule_fusion,2026-08-22 10:00,drought,drought,70.4,0.0,False,False,False,False,False,False,execute,execute_recommended_action
rule_fusion,2026-08-22 11:00,drought,drought,72.0,0.0,False,False,False,False,False,False,execute,execute_recommended_action
rule_fusion,2026-08-22 12:00,drought,drought,72.2,0.0,False,False,False,False,False,False,execute,execute_recommended_action
rule_fusion,2026-08-22 13:00,drought,drought,72.0,0.0,False,False,False,False,False,False,execute,execute_recommended_action
rule_fusion,2026-08-22 14:00,drought,drought,70.4,0.0,False,False,False,False,False,False,execute,execute_recommended_action
rule_fusion,2026-08-22 15:00,drought,drought,70.4,0.0,False,False,False,False,False,False,execute,execute_recommended_action
rule_fusion,2026-08-22 16:00,drought,drought,70.4,0.0,False,False,False,False,False,False,execute,execute_recommended_action
rule_fusion,2026-08-22 17:00,drought,drought,70.4,0.0,False,True,False,True,False,False,execute,execute_recommended_action
rule_fusion,2026-08-22 18:00,drought,drought,70.4,0.0,False,True,False,True,False,False,execute,execute_recommended_action
rule_fusion,2026-08-22 19:00,drought,drought,70.4,0.0,False,True,False,True,False,False,execute,execute_recommended_action
rule_fusion,2026-08-22 20:00,drought,drought,70.4,20.0,False,True,False,False,False,False,execute,execute_recommended_action
rule_fusion,2026-08-22 21:00,drought,drought,70.4,0.0,False,True,False,True,False,False,execute,execute_recommended_action
rule_fusion,2026-08-22 22:00,drought,drought,68.8,0.0,False,True,False,True,False,False,execute,execute_recommended_action
rule_fusion,2026-08-22 23:00,healthy,waterlogging,56.0,0.0,False,True,False,True,False,False,hold,monitor_more_context
rule_fusion,2026-08-23 00:00,healthy,healthy,10.5,0.0,False,False,False,False,False,False,observe,routine_patrol
rule_fusion,2026-08-23 01:00,healthy,healthy,10.5,0.0,False,False,False,False,False,False,observe,routine_patrol
rule_fusion,2026-08-23 02:00,healthy,healthy,10.5,0.0,False,False,False,False,False,False,observe,routine_patrol
rule_fusion,2026-08-23 03:00,healthy,healthy,10.5,0.0,False,False,False,False,False,False,observe,routine_patrol
rule_fusion,2026-08-23 04:00,healthy,healthy,10.5,0.0,False,False,False,False,False,False,observe,routine_patrol
rule_fusion,2026-08-23 05:00,healthy,healthy,10.5,0.0,False,False,False,False,False,False,observe,routine_patrol
rule_fusion,2026-08-23 06:00,healthy,healthy,10.5,0.0,False,False,False,False,False,False,observe,routine_patrol
rule_fusion,2026-08-23 07:00,healthy,healthy,10.5,0.0,False,False,False,False,False,False,observe,routine_patrol
rule_fusion,2026-08-23 08:00,healthy,healthy,10.5,0.0,False,False,False,False,False,False,observe,routine_patrol
rule_fusion,2026-08-23 09:00,healthy,healthy,10.5,0.0,False,False,False,False,False,False,observe,routine_patrol
rule_fusion,2026-08-23 10:00,drought,drought,64.7,0.0,False,True,False,True,False,False,execute,execute_recommended_action
rule_fusion,2026-08-23 11:00,drought,drought,69.0,0.0,False,True,False,True,False,False,execute,execute_recommended_action
rule_fusion,2026-08-23 12:00,drought,drought,64.7,0.0,False,True,False,True,False,False,execute,execute_recommended_action
rule_fusion,2026-08-23 13:00,drought,drought,69.0,0.0,False,True,False,True,False,False,execute,execute_recommended_action
rule_fusion,2026-08-23 14:00,drought,drought,64.7,0.0,False,True,False,True,False,False,execute,execute_recommended_action
rule_fusion,2026-08-23 15:00,drought,drought,64.7,0.0,False,True,False,True,False,False,execute,execute_recommended_action
rule_fusion,2026-08-23 16:00,drought,drought,64.7,0.0,False,True,False,True,False,False,execute,execute_recommended_action
rule_fusion,2026-08-23 17:00,drought,drought,64.7,0.0,False,True,False,True,False,False,execute,execute_recommended_action
rule_fusion,2026-08-23 18:00,drought,drought,64.7,0.0,False,True,False,True,False,False,execute,execute_recommended_action
rule_fusion,2026-08-23 19:00,drought,drought,64.7,0.0,False,True,False,True,False,False,execute,execute_recommended_action
rule_fusion,2026-08-23 20:00,drought,drought,64.7,0.0,False,True,False,True,False,False,execute,execute_recommended_action
rule_fusion,2026-08-23 21:00,drought,drought,64.7,0.0,False,True,False,True,False,False,execute,execute_recommended_action
rule_fusion,2026-08-23 22:00,drought,drought,64.7,0.0,False,True,False,True,False,False,execute,execute_recommended_action
rule_fusion,2026-08-23 23:00,drought,drought,64.7,0.0,False,True,False,True,False,False,execute,execute_recommended_action
rule_fusion,2026-08-24 00:00,drought,drought,64.7,0.0,False,True,False,True,False,False,execute,execute_recommended_action
rule_fusion,2026-08-24 01:00,drought,drought,64.7,0.0,False,True,False,True,False,False,execute,execute_recommended_action
rule_fusion,2026-08-24 02:00,drought,drought,64.7,0.0,False,True,False,True,False,False,execute,execute_recommended_action
rule_fusion,2026-08-24 03:00,drought,drought,64.7,0.0,False,True,False,True,False,False,execute,execute_recommended_action
rule_fusion,2026-08-24 04:00,drought,drought,64.7,0.0,False,True,False,True,False,False,execute,execute_recommended_action
rule_fusion,2026-08-24 05:00,drought,drought,64.7,0.0,False,True,False,True,False,False,execute,execute_recommended_action
rule_fusion,2026-08-24 06:00,drought,drought,64.7,0.0,False,True,False,True,False,False,execute,execute_recommended_action
rule_fusion,2026-08-24 07:00,healthy,healthy,10.5,0.0,False,False,False,False,False,False,observe,routine_patrol
rule_fusion,2026-08-24 08:00,healthy,healthy,10.5,0.0,False,False,False,False,False,False,observe,routine_patrol
rule_fusion,2026-08-24 09:00,healthy,healthy,10.5,0.0,False,False,False,False,False,False,observe,routine_patrol
rule_fusion,2026-08-24 10:00,healthy,healthy,10.5,0.0,False,False,False,False,False,False,observe,routine_patrol
rule_fusion,2026-08-24 11:00,healthy,healthy,10.5,0.0,False,False,False,False,False,False,observe,routine_patrol
rule_fusion,2026-08-24 12:00,healthy,healthy,10.5,0.0,False,False,False,False,False,False,observe,routine_patrol
rule_fusion,2026-08-24 13:00,healthy,healthy,10.5,0.0,False,False,False,False,False,False,observe,routine_patrol
rule_fusion,2026-08-24 14:00,healthy,healthy,10.5,0.0,False,False,False,False,False,False,observe,routine_patrol
rule_fusion,2026-08-24 15:00,healthy,healthy,10.5,0.0,False,False,False,False,False,False,observe,routine_patrol
rule_fusion,2026-08-24 16:00,drought,drought,64.7,0.0,False,True,False,True,False,False,execute,execute_recommended_action
rule_fusion,2026-08-24 17:00,drought,drought,64.7,0.0,False,True,False,True,False,False,execute,execute_recommended_action
rule_fusion,2026-08-24 18:00,drought,drought,64.7,0.0,False,False,False,False,False,False,execute,execute_recommended_action
rule_fusion,2026-08-24 19:00,drought,drought,64.7,0.0,False,True,False,True,False,False,execute,execute_recommended_action
rule_fusion,2026-08-24 20:00,drought,drought,64.7,0.0,False,True,False,True,False,False,execute,execute_recommended_action
rule_fusion,2026-08-24 21:00,drought,drought,64.7,0.0,False,True,False,True,False,False,execute,execute_recommended_action
rule_fusion,2026-08-24 22:00,drought,drought,64.7,0.0,False,True,False,True,False,False,execute,execute_recommended_action
rule_fusion,2026-08-24 23:00,drought,drought,64.7,0.0,False,True,False,True,False,False,execute,execute_recommended_action
rule_fusion,2026-08-25 00:00,drought,drought,64.7,0.0,False,True,False,True,False,False,execute,execute_recommended_action
rule_fusion,2026-08-25 01:00,drought,drought,64.7,0.0,False,True,False,True,False,False,execute,execute_recommended_action
rule_fusion,2026-08-25 02:00,drought,drought,64.7,0.0,False,False,False,False,False,False,execute,execute_recommended_action
rule_fusion,2026-08-25 03:00,drought,drought,64.7,0.0,False,True,False,True,False,False,execute,execute_recommended_action
rule_fusion,2026-08-25 04:00,pest,healthy,10.5,0.0,False,False,False,False,False,False,observe,routine_patrol
rule_fusion,2026-08-25 05:00,healthy,waterlogging,56.0,0.0,False,True,False,True,False,False,hold,monitor_more_context
rule_fusion,2026-08-25 06:00,healthy,healthy,10.5,0.0,False,False,False,False,False,False,observe,routine_patrol
rule_fusion,2026-08-25 07:00,healthy,healthy,10.5,0.0,False,False,False,False,False,False,observe,routine_patrol
rule_fusion,2026-08-25 08:00,pest,healthy,10.5,0.0,False,False,False,False,False,False,observe,routine_patrol
rule_fusion,2026-08-25 09:00,healthy,healthy,10.5,0.0,False,False,False,False,False,False,observe,routine_patrol
rule_fusion,2026-08-25 10:00,healthy,healthy,10.5,0.0,False,False,False,False,False,False,observe,routine_patrol
rule_fusion,2026-08-25 11:00,healthy,healthy,10.5,0.0,False,False,False,False,False,False,observe,routine_patrol
rule_fusion,2026-08-25 12:00,heat,heat,58.9,0.0,False,True,False,True,False,False,hold,monitor_more_context
rule_fusion,2026-08-25 13:00,healthy,healthy,10.5,0.0,False,False,False,False,False,False,observe,routine_patrol
rule_fusion,2026-08-25 14:00,drought,drought,64.7,0.0,False,True,False,True,False,False,execute,execute_recommended_action
rule_fusion,2026-08-25 15:00,drought,drought,64.7,0.0,False,True,False,True,False,False,execute,execute_recommended_action
rule_fusion,2026-08-25 16:00,drought,drought,64.7,0.0,False,True,False,True,False,False,execute,execute_recommended_action
rule_fusion,2026-08-25 17:00,drought,drought,64.7,0.0,False,True,False,True,False,False,execute,execute_recommended_action
rule_fusion,2026-08-25 18:00,drought,drought,64.7,0.0,False,True,False,True,False,False,execute,execute_recommended_action
rule_fusion,2026-08-25 19:00,drought,drought,64.7,0.0,False,True,False,True,False,False,execute,execute_recommended_action
rule_fusion,2026-08-25 20:00,drought,drought,64.7,0.0,False,True,False,True,False,False,execute,execute_recommended_action
rule_fusion,2026-08-25 21:00,drought,drought,64.7,0.0,False,True,False,True,False,False,execute,execute_recommended_action
rule_fusion,2026-08-25 22:00,drought,drought,64.7,0.0,False,True,False,True,False,False,execute,execute_recommended_action
rule_fusion,2026-08-25 23:00,drought,drought,64.7,0.0,False,True,False,True,False,False,execute,execute_recommended_action
rule_fusion,2026-08-26 00:00,drought,drought,64.7,0.0,False,True,False,True,False,False,execute,execute_recommended_action
rule_fusion,2026-08-26 01:00,drought,drought,64.7,0.0,False,True,False,True,False,False,execute,execute_recommended_action
rule_fusion,2026-08-26 02:00,drought,drought,64.7,0.0,False,True,False,True,False,False,execute,execute_recommended_action
rule_fusion,2026-08-26 03:00,drought,drought,64.7,0.0,False,True,False,True,False,False,execute,execute_recommended_action
rule_fusion,2026-08-26 04:00,drought,drought,64.7,0.0,False,True,False,True,False,False,execute,execute_recommended_action
rule_fusion,2026-08-26 05:00,drought,drought,64.7,0.0,False,True,False,True,False,False,execute,execute_recommended_action
rule_fusion,2026-08-26 06:00,drought,drought,64.7,20.0,False,True,False,False,False,False,execute,execute_recommended_action
rule_fusion,2026-08-26 07:00,drought,drought,64.7,0.0,False,True,False,True,False,False,execute,execute_recommended_action
rule_fusion,2026-08-26 08:00,drought,drought,64.7,0.0,False,False,False,False,False,False,execute,execute_recommended_action
rule_fusion,2026-08-26 09:00,drought,drought,64.7,0.0,False,True,False,True,False,False,execute,execute_recommended_action
rule_fusion,2026-08-26 10:00,drought,drought,64.7,0.0,False,False,False,False,False,False,execute,execute_recommended_action
rule_fusion,2026-08-26 11:00,drought,drought,70.4,0.0,False,False,False,False,False,False,execute,execute_recommended_action
rule_fusion,2026-08-26 12:00,drought,drought,70.4,0.0,False,False,False,False,False,False,execute,execute_recommended_action
rule_fusion,2026-08-26 13:00,drought,drought,68.8,0.0,False,False,False,False,False,False,execute,execute_recommended_action
rule_fusion,2026-08-26 14:00,drought,drought,64.7,0.0,False,True,False,True,False,False,execute,execute_recommended_action
rule_fusion,2026-08-26 15:00,healthy,waterlogging,56.0,0.0,False,True,False,True,False,False,hold,monitor_more_context
rule_fusion,2026-08-26 16:00,healthy,healthy,10.5,0.0,False,False,False,False,False,False,observe,routine_patrol
rule_fusion,2026-08-26 17:00,healthy,healthy,10.5,0.0,False,False,False,False,False,False,observe,routine_patrol
rule_fusion,2026-08-26 18:00,healthy,healthy,10.5,0.0,False,False,False,False,False,False,observe,routine_patrol
rule_fusion,2026-08-26 19:00,healthy,healthy,10.5,0.0,False,False,False,False,False,False,observe,routine_patrol
rule_fusion,2026-08-26 20:00,healthy,healthy,10.5,0.0,False,False,False,False,False,False,observe,routine_patrol
rule_fusion,2026-08-26 21:00,healthy,healthy,10.5,0.0,False,False,False,False,False,False,observe,routine_patrol
rule_fusion,2026-08-26 22:00,healthy,healthy,10.5,0.0,False,False,False,False,False,False,observe,routine_patrol
rule_fusion,2026-08-26 23:00,healthy,healthy,10.5,0.0,False,False,False,False,False,False,observe,routine_patrol
rule_fusion,2026-08-27 00:00,healthy,healthy,10.5,0.0,False,False,False,False,False,False,observe,routine_patrol
rule_fusion,2026-08-27 01:00,healthy,healthy,10.5,0.0,False,False,False,False,False,False,observe,routine_patrol
rule_fusion,2026-08-27 02:00,healthy,healthy,10.5,0.0,False,False,False,False,False,False,observe,routine_patrol
rule_fusion,2026-08-27 03:00,healthy,healthy,10.5,0.0,False,False,False,False,False,False,observe,routine_patrol
rule_fusion,2026-08-27 04:00,healthy,healthy,10.5,0.0,False,False,False,False,False,False,observe,routine_patrol
rule_fusion,2026-08-27 05:00,healthy,waterlogging,56.0,0.0,False,True,False,True,False,False,hold,monitor_more_context
rule_fusion,2026-08-27 06:00,healthy,healthy,10.5,0.0,False,False,False,False,False,False,observe,routine_patrol
rule_fusion,2026-08-27 07:00,healthy,healthy,10.5,0.0,False,False,False,False,False,False,observe,routine_patrol
rule_fusion,2026-08-27 08:00,healthy,healthy,10.5,0.0,False,False,False,False,False,False,observe,routine_patrol
rule_fusion,2026-08-27 09:00,healthy,healthy,10.5,0.0,False,False,False,False,False,False,observe,routine_patrol
rule_fusion,2026-08-27 10:00,healthy,healthy,10.5,0.0,False,False,False,False,False,False,observe,routine_patrol
rule_fusion,2026-08-27 11:00,healthy,healthy,10.5,0.0,False,False,False,False,False,False,observe,routine_patrol
rule_fusion,2026-08-27 12:00,healthy,healthy,10.5,0.0,False,False,False,False,False,False,observe,routine_patrol
rule_fusion,2026-08-27 13:00,healthy,healthy,10.5,0.0,False,False,False,False,False,False,observe,routine_patrol
rule_fusion,2026-08-27 14:00,healthy,healthy,10.5,0.0,False,False,False,False,False,False,observe,routine_patrol
rule_fusion,2026-08-27 15:00,healthy,healthy,10.5,0.0,False,False,False,False,False,False,observe,routine_patrol
rule_fusion,2026-08-27 16:00,healthy,healthy,10.5,0.0,False,False,False,False,False,False,observe,routine_patrol
rule_fusion,2026-08-27 17:00,healthy,healthy,10.5,0.0,False,False,False,False,False,False,observe,routine_patrol
rule_fusion,2026-08-27 18:00,healthy,healthy,10.5,20.0,False,True,False,False,False,False,observe,routine_patrol
rule_fusion,2026-08-27 19:00,pest,healthy,10.5,0.0,False,False,False,False,False,False,observe,routine_patrol
rule_fusion,2026-08-27 20:00,healthy,healthy,10.5,0.0,False,False,False,False,False,False,observe,routine_patrol
rule_fusion,2026-08-27 21:00,healthy,healthy,10.5,0.0,False,False,False,False,False,False,observe,routine_patrol
rule_fusion,2026-08-27 22:00,healthy,healthy,10.5,0.0,False,False,False,False,False,False,observe,routine_patrol
rule_fusion,2026-08-27 23:00,healthy,healthy,10.5,0.0,False,False,False,False,False,False,observe,routine_patrol
rule_fusion,2026-08-28 00:00,healthy,healthy,10.5,20.0,False,True,False,False,False,False,observe,routine_patrol
rule_fusion,2026-08-28 01:00,pest,pest,59.8,0.0,False,False,False,False,False,False,hold,monitor_more_context
rule_fusion,2026-08-28 02:00,healthy,healthy,10.5,0.0,False,False,False,False,False,False,observe,routine_patrol
rule_fusion,2026-08-28 03:00,healthy,healthy,10.5,0.0,False,False,False,False,False,False,observe,routine_patrol
rule_fusion,2026-08-28 04:00,waterlogging,waterlogging,67.8,0.0,False,False,False,False,False,False,execute,execute_recommended_action
rule_fusion,2026-08-28 05:00,waterlogging,waterlogging,63.2,0.0,False,True,False,True,False,False,execute,execute_recommended_action
rule_fusion,2026-08-28 06:00,waterlogging,waterlogging,69.6,20.0,False,True,False,False,False,False,execute,execute_recommended_action
rule_fusion,2026-08-28 07:00,waterlogging,waterlogging,63.2,0.0,False,True,False,True,False,False,execute,execute_recommended_action
rule_fusion,2026-08-28 08:00,waterlogging,waterlogging,63.2,0.0,False,True,False,True,False,False,execute,execute_recommended_action
rule_fusion,2026-08-28 09:00,waterlogging,waterlogging,63.2,0.0,False,True,False,True,False,False,execute,execute_recommended_action
rule_fusion,2026-08-28 10:00,waterlogging,waterlogging,71.2,0.0,False,False,False,False,False,False,execute,execute_recommended_action
rule_fusion,2026-08-28 11:00,waterlogging,waterlogging,71.2,0.0,False,False,False,False,False,False,execute,execute_recommended_action
rule_fusion,2026-08-28 12:00,waterlogging,waterlogging,63.2,0.0,False,True,False,True,False,False,execute,execute_recommended_action
rule_fusion,2026-08-28 13:00,waterlogging,waterlogging,63.2,0.0,False,True,False,True,False,False,execute,execute_recommended_action
rule_fusion,2026-08-28 14:00,waterlogging,waterlogging,63.2,0.0,False,True,False,True,False,False,execute,execute_recommended_action
rule_fusion,2026-08-28 15:00,waterlogging,waterlogging,71.2,0.0,False,False,False,False,False,False,execute,execute_recommended_action
rule_fusion,2026-08-28 16:00,waterlogging,waterlogging,63.2,0.0,False,True,False,True,False,False,execute,execute_recommended_action
rule_fusion,2026-08-28 17:00,waterlogging,waterlogging,63.2,0.0,False,True,False,True,False,False,execute,execute_recommended_action
rule_fusion,2026-08-28 18:00,waterlogging,waterlogging,63.2,0.0,False,True,False,True,False,False,execute,execute_recommended_action
rule_fusion,2026-08-28 19:00,waterlogging,waterlogging,63.2,0.0,False,True,False,True,False,False,execute,execute_recommended_action
rule_fusion,2026-08-28 20:00,waterlogging,waterlogging,63.2,0.0,False,False,False,False,False,False,execute,execute_recommended_action
rule_fusion,2026-08-28 21:00,waterlogging,waterlogging,63.2,0.0,False,False,False,False,False,False,execute,execute_recommended_action
rule_fusion,2026-08-28 22:00,waterlogging,waterlogging,63.2,0.0,False,True,False,True,False,False,execute,execute_recommended_action
rule_fusion,2026-08-28 23:00,waterlogging,waterlogging,63.2,0.0,False,True,False,True,False,False,execute,execute_recommended_action
rule_fusion,2026-08-29 00:00,waterlogging,waterlogging,63.2,0.0,False,False,False,False,False,False,execute,execute_recommended_action
rule_fusion,2026-08-29 01:00,waterlogging,waterlogging,63.2,0.0,False,True,False,True,False,False,execute,execute_recommended_action
rule_fusion,2026-08-29 02:00,waterlogging,waterlogging,63.2,0.0,False,True,False,True,False,False,execute,execute_recommended_action
rule_fusion,2026-08-29 03:00,waterlogging,waterlogging,63.2,0.0,False,True,False,True,False,False,execute,execute_recommended_action
rule_fusion,2026-08-29 04:00,waterlogging,waterlogging,63.2,0.0,False,True,False,True,False,False,execute,execute_recommended_action
rule_fusion,2026-08-29 05:00,waterlogging,waterlogging,63.2,0.0,False,True,False,True,False,False,execute,execute_recommended_action
rule_fusion,2026-08-29 06:00,waterlogging,waterlogging,63.2,0.0,False,True,False,True,False,False,execute,execute_recommended_action
rule_fusion,2026-08-29 07:00,waterlogging,waterlogging,63.2,0.0,False,True,False,True,False,False,execute,execute_recommended_action
rule_fusion,2026-08-29 08:00,waterlogging,waterlogging,63.2,0.0,False,True,False,True,False,False,execute,execute_recommended_action
rule_fusion,2026-08-29 09:00,waterlogging,waterlogging,63.2,0.0,False,True,False,True,False,False,execute,execute_recommended_action
rule_fusion,2026-08-29 10:00,waterlogging,waterlogging,63.2,0.0,False,True,False,True,False,False,execute,execute_recommended_action
rule_fusion,2026-08-29 11:00,healthy,healthy,10.5,0.0,False,False,False,False,False,False,observe,routine_patrol
rule_fusion,2026-08-29 12:00,healthy,healthy,10.5,0.0,False,False,False,False,False,False,observe,routine_patrol
rule_fusion,2026-08-29 13:00,healthy,healthy,10.5,0.0,False,False,False,False,False,False,observe,routine_patrol
rule_fusion,2026-08-29 14:00,pest,healthy,10.5,0.0,False,False,False,False,False,False,observe,routine_patrol
rule_fusion,2026-08-29 15:00,healthy,healthy,10.5,0.0,False,False,False,False,False,False,observe,routine_patrol
rule_fusion,2026-08-29 16:00,pest,pest,58.3,0.0,False,False,False,False,False,False,hold,monitor_more_context
rule_fusion,2026-08-29 17:00,healthy,healthy,10.5,20.0,False,True,False,False,False,False,observe,routine_patrol
rule_fusion,2026-08-29 18:00,healthy,healthy,10.5,0.0,False,False,False,False,False,False,observe,routine_patrol
rule_fusion,2026-08-29 19:00,healthy,healthy,10.5,0.0,False,False,False,False,False,False,observe,routine_patrol
rule_fusion,2026-08-29 20:00,healthy,healthy,10.5,0.0,False,False,False,False,False,False,observe,routine_patrol
rule_fusion,2026-08-29 21:00,healthy,healthy,10.5,0.0,False,False,False,False,False,False,observe,routine_patrol
rule_fusion,2026-08-29 22:00,healthy,healthy,10.5,0.0,False,False,False,False,False,False,observe,routine_patrol
rule_fusion,2026-08-29 23:00,healthy,healthy,10.5,0.0,False,False,False,False,False,False,observe,routine_patrol
rule_fusion,2026-08-30 00:00,healthy,healthy,10.5,20.0,False,True,False,False,False,False,observe,routine_patrol
rule_fusion,2026-08-30 01:00,healthy,healthy,10.5,0.0,False,False,False,False,False,False,observe,routine_patrol
rule_fusion,2026-08-30 02:00,healthy,healthy,10.5,0.0,False,False,False,False,False,False,observe,routine_patrol
rule_fusion,2026-08-30 03:00,waterlogging,waterlogging,71.2,0.0,False,False,False,False,False,False,execute,execute_recommended_action
rule_fusion,2026-08-30 04:00,waterlogging,waterlogging,69.6,0.0,False,True,False,True,False,False,execute,execute_recommended_action
rule_fusion,2026-08-30 05:00,waterlogging,waterlogging,63.2,0.0,False,True,False,True,False,False,execute,execute_recommended_action
rule_fusion,2026-08-30 06:00,waterlogging,waterlogging,63.2,0.0,False,True,False,True,False,False,execute,execute_recommended_action
rule_fusion,2026-08-30 07:00,waterlogging,waterlogging,63.2,0.0,False,True,False,True,False,False,execute,execute_recommended_action
rule_fusion,2026-08-30 08:00,waterlogging,waterlogging,63.2,0.0,False,True,False,True,False,False,execute,execute_recommended_action
rule_fusion,2026-08-30 09:00,waterlogging,waterlogging,63.2,0.0,False,True,False,True,False,False,execute,execute_recommended_action
rule_fusion,2026-08-30 10:00,waterlogging,waterlogging,63.2,0.0,False,True,False,True,False,False,execute,execute_recommended_action
rule_fusion,2026-08-30 11:00,waterlogging,waterlogging,63.2,0.0,False,True,False,True,False,False,execute,execute_recommended_action
rule_fusion,2026-08-30 12:00,heat,heat,58.9,0.0,False,True,False,True,False,False,hold,monitor_more_context
rule_fusion,2026-08-30 13:00,healthy,healthy,10.5,0.0,False,False,False,False,False,False,observe,routine_patrol
rule_fusion,2026-08-30 14:00,healthy,healthy,10.5,0.0,False,False,False,False,False,False,observe,routine_patrol
rule_fusion,2026-08-30 15:00,healthy,healthy,10.5,0.0,False,False,False,False,False,False,observe,routine_patrol
rule_fusion,2026-08-30 16:00,healthy,healthy,10.5,0.0,False,False,False,False,False,False,observe,routine_patrol
rule_fusion,2026-08-30 17:00,healthy,healthy,10.5,0.0,False,False,False,False,False,False,observe,routine_patrol
rule_fusion,2026-08-30 18:00,healthy,healthy,10.5,0.0,False,False,False,False,False,False,observe,routine_patrol
rule_fusion,2026-08-30 19:00,healthy,healthy,10.5,0.0,False,False,False,False,False,False,observe,routine_patrol
rule_fusion,2026-08-30 20:00,healthy,healthy,10.5,0.0,False,False,False,False,False,False,observe,routine_patrol
rule_fusion,2026-08-30 21:00,healthy,healthy,10.5,0.0,False,False,False,False,False,False,observe,routine_patrol
rule_fusion,2026-08-30 22:00,healthy,healthy,10.5,0.0,False,False,False,False,False,False,observe,routine_patrol
rule_fusion,2026-08-30 23:00,healthy,healthy,10.5,0.0,False,False,False,False,False,False,observe,routine_patrol
rule_fusion,2026-08-31 00:00,healthy,healthy,10.5,0.0,False,False,False,False,False,False,observe,routine_patrol
rule_fusion,2026-08-31 01:00,healthy,healthy,10.5,0.0,False,False,False,False,False,False,observe,routine_patrol
rule_fusion,2026-08-31 02:00,healthy,healthy,10.5,0.0,False,False,False,False,False,False,observe,routine_patrol
rule_fusion,2026-08-31 03:00,healthy,healthy,10.5,0.0,False,False,False,False,False,False,observe,routine_patrol
rule_fusion,2026-08-31 04:00,healthy,healthy,10.5,20.0,False,True,False,False,False,False,observe,routine_patrol
rule_fusion,2026-08-31 05:00,healthy,healthy,10.5,0.0,False,False,False,False,False,False,observe,routine_patrol
rule_fusion,2026-08-31 06:00,healthy,healthy,10.5,0.0,False,False,False,False,False,False,observe,routine_patrol
rule_fusion,2026-08-31 07:00,healthy,healthy,10.5,0.0,False,False,False,False,False,False,observe,routine_patrol
rule_fusion,2026-08-31 08:00,healthy,healthy,10.5,0.0,False,False,False,False,False,False,observe,routine_patrol
rule_fusion,2026-08-31 09:00,healthy,healthy,10.5,0.0,False,False,False,False,False,False,observe,routine_patrol
rule_fusion,2026-08-31 10:00,healthy,healthy,10.5,0.0,False,False,False,False,False,False,observe,routine_patrol
rule_fusion,2026-08-31 11:00,healthy,healthy,10.5,0.0,False,False,False,False,False,False,observe,routine_patrol
rule_fusion,2026-08-31 12:00,healthy,healthy,10.5,0.0,False,False,False,False,False,False,observe,routine_patrol
rule_fusion,2026-08-31 13:00,heat,heat,65.2,0.0,False,True,False,True,False,False,execute,execute_recommended_action
rule_fusion,2026-08-31 14:00,healthy,healthy,10.5,20.0,False,True,False,False,False,False,observe,routine_patrol
rule_fusion,2026-08-31 15:00,waterlogging,waterlogging,63.7,0.0,False,True,False,True,False,False,execute,execute_recommended_action
rule_fusion,2026-08-31 16:00,waterlogging,waterlogging,68.6,0.0,False,False,False,False,False,False,execute,execute_recommended_action
rule_fusion,2026-08-31 17:00,waterlogging,waterlogging,63.2,0.0,False,True,False,True,False,False,execute,execute_recommended_action
rule_fusion,2026-08-31 18:00,waterlogging,waterlogging,63.2,0.0,False,True,False,True,False,False,execute,execute_recommended_action
rule_fusion,2026-08-31 19:00,waterlogging,waterlogging,63.2,0.0,False,True,False,True,False,False,execute,execute_recommended_action
rule_fusion,2026-08-31 20:00,waterlogging,waterlogging,63.2,0.0,False,True,False,True,False,False,execute,execute_recommended_action
rule_fusion,2026-08-31 21:00,waterlogging,waterlogging,63.2,0.0,False,True,False,True,False,False,execute,execute_recommended_action
rule_fusion,2026-08-31 22:00,waterlogging,waterlogging,71.2,0.0,False,False,False,False,False,False,execute,execute_recommended_action
rule_fusion,2026-08-31 23:00,waterlogging,waterlogging,63.2,0.0,False,True,False,True,False,False,execute,execute_recommended_action
rule_fusion,2026-09-01 00:00,waterlogging,waterlogging,63.2,0.0,False,True,False,True,False,False,execute,execute_recommended_action
rule_fusion,2026-09-01 01:00,waterlogging,waterlogging,63.2,0.0,False,True,False,True,False,False,execute,execute_recommended_action
rule_fusion,2026-09-01 02:00,waterlogging,waterlogging,63.2,0.0,False,True,False,True,False,False,execute,execute_recommended_action
rule_fusion,2026-09-01 03:00,waterlogging,waterlogging,63.2,0.0,False,True,False,True,False,False,execute,execute_recommended_action
rule_fusion,2026-09-01 04:00,waterlogging,waterlogging,63.2,0.0,False,True,False,True,False,False,execute,execute_recommended_action
rule_fusion,2026-09-01 05:00,waterlogging,waterlogging,63.2,0.0,False,True,False,True,False,False,execute,execute_recommended_action
rule_fusion,2026-09-01 06:00,waterlogging,waterlogging,63.2,0.0,False,True,False,True,False,False,execute,execute_recommended_action
rule_fusion,2026-09-01 07:00,waterlogging,waterlogging,63.2,0.0,False,True,False,True,False,False,execute,execute_recommended_action
rule_fusion,2026-09-01 08:00,waterlogging,waterlogging,63.2,0.0,False,True,False,True,False,False,execute,execute_recommended_action
rule_fusion,2026-09-01 09:00,waterlogging,waterlogging,63.2,0.0,False,False,False,False,False,False,execute,execute_recommended_action
rule_fusion,2026-09-01 10:00,heat,heat,58.9,0.0,False,False,False,False,False,False,hold,monitor_more_context
rule_fusion,2026-09-01 11:00,healthy,healthy,10.5,0.0,False,False,False,False,False,False,observe,routine_patrol
rule_fusion,2026-09-01 12:00,healthy,healthy,10.5,0.0,False,False,False,False,False,False,observe,routine_patrol
rule_fusion,2026-09-01 13:00,heat,heat,58.9,0.0,False,True,False,True,False,False,hold,monitor_more_context
rule_fusion,2026-09-01 14:00,waterlogging,waterlogging,69.6,0.0,False,True,False,True,False,False,execute,execute_recommended_action
rule_fusion,2026-09-01 15:00,waterlogging,waterlogging,69.6,0.0,False,True,False,True,False,False,execute,execute_recommended_action
rule_fusion,2026-09-01 16:00,waterlogging,waterlogging,69.6,0.0,False,True,False,True,False,False,execute,execute_recommended_action
rule_fusion,2026-09-01 17:00,waterlogging,waterlogging,63.2,0.0,False,True,False,True,False,False,execute,execute_recommended_action
rule_fusion,2026-09-01 18:00,waterlogging,waterlogging,63.2,0.0,False,True,False,True,False,False,execute,execute_recommended_action
rule_fusion,2026-09-01 19:00,waterlogging,waterlogging,63.2,0.0,False,True,False,True,False,False,execute,execute_recommended_action
rule_fusion,2026-09-01 20:00,waterlogging,waterlogging,63.2,0.0,False,True,False,True,False,False,execute,execute_recommended_action
rule_fusion,2026-09-01 21:00,waterlogging,waterlogging,63.2,0.0,False,True,False,True,False,False,execute,execute_recommended_action
rule_fusion,2026-09-01 22:00,waterlogging,waterlogging,63.2,0.0,False,True,False,True,False,False,execute,execute_recommended_action
rule_fusion,2026-09-01 23:00,waterlogging,waterlogging,63.2,0.0,False,True,False,True,False,False,execute,execute_recommended_action
rule_fusion,2026-09-02 00:00,waterlogging,waterlogging,63.2,0.0,False,True,False,True,False,False,execute,execute_recommended_action
rule_fusion,2026-09-02 01:00,waterlogging,waterlogging,63.2,0.0,False,True,False,True,False,False,execute,execute_recommended_action
rule_fusion,2026-09-02 02:00,waterlogging,waterlogging,63.2,20.0,False,True,False,False,False,False,execute,execute_recommended_action
rule_fusion,2026-09-02 03:00,waterlogging,waterlogging,63.2,20.0,False,True,False,False,False,False,execute,execute_recommended_action
rule_fusion,2026-09-02 04:00,waterlogging,waterlogging,63.2,20.0,False,True,False,False,False,False,execute,execute_recommended_action
rule_fusion,2026-09-02 05:00,waterlogging,waterlogging,63.2,0.0,False,False,False,False,False,False,execute,execute_recommended_action
rule_fusion,2026-09-02 06:00,waterlogging,waterlogging,63.2,0.0,False,True,False,True,False,False,execute,execute_recommended_action
rule_fusion,2026-09-02 07:00,waterlogging,waterlogging,63.2,0.0,False,True,False,True,False,False,execute,execute_recommended_action
rule_fusion,2026-09-02 08:00,healthy,healthy,10.5,0.0,False,False,False,False,False,False,observe,routine_patrol
rule_fusion,2026-09-02 09:00,healthy,healthy,10.5,0.0,False,False,False,False,False,False,observe,routine_patrol
rule_fusion,2026-09-02 10:00,heat,heat,58.9,0.0,False,True,False,True,False,False,hold,monitor_more_context
rule_fusion,2026-09-02 11:00,healthy,healthy,10.5,0.0,False,False,False,False,False,False,observe,routine_patrol
rule_fusion,2026-09-02 12:00,heat,heat,58.9,0.0,False,True,False,True,False,False,hold,monitor_more_context
rule_fusion,2026-09-02 13:00,heat,heat,58.9,0.0,False,True,False,True,False,False,hold,monitor_more_context
rule_fusion,2026-09-02 14:00,healthy,healthy,10.5,0.0,False,False,False,False,False,False,observe,routine_patrol
rule_fusion,2026-09-02 15:00,healthy,healthy,10.5,0.0,False,False,False,False,False,False,observe,routine_patrol
rule_fusion,2026-09-02 16:00,healthy,healthy,10.5,0.0,False,False,False,False,False,False,observe,routine_patrol
rule_fusion,2026-09-02 17:00,healthy,healthy,10.5,0.0,False,False,False,False,False,False,observe,routine_patrol
rule_fusion,2026-09-02 18:00,healthy,healthy,10.5,0.0,False,False,False,False,False,False,observe,routine_patrol
rule_fusion,2026-09-02 19:00,healthy,healthy,10.5,0.0,False,False,False,False,False,False,observe,routine_patrol
rule_fusion,2026-09-02 20:00,healthy,healthy,10.5,0.0,False,False,False,False,False,False,observe,routine_patrol
rule_fusion,2026-09-02 21:00,healthy,healthy,10.5,0.0,False,False,False,False,False,False,observe,routine_patrol
rule_fusion,2026-09-02 22:00,healthy,healthy,10.5,0.0,False,False,False,False,False,False,observe,routine_patrol
rule_fusion,2026-09-02 23:00,healthy,healthy,10.5,0.0,False,False,False,False,False,False,observe,routine_patrol
rule_fusion,2026-09-03 00:00,healthy,healthy,10.5,0.0,False,False,False,False,False,False,observe,routine_patrol
rule_fusion,2026-09-03 01:00,waterlogging,waterlogging,67.8,0.0,False,False,False,False,False,False,execute,execute_recommended_action
rule_fusion,2026-09-03 02:00,healthy,healthy,10.5,0.0,False,False,False,False,False,False,observe,routine_patrol
rule_fusion,2026-09-03 03:00,waterlogging,waterlogging,71.2,0.0,False,False,False,False,False,False,execute,execute_recommended_action
rule_fusion,2026-09-03 04:00,waterlogging,waterlogging,69.6,0.0,False,True,False,True,False,False,execute,execute_recommended_action
rule_fusion,2026-09-03 05:00,waterlogging,waterlogging,63.2,0.0,False,True,False,True,False,False,execute,execute_recommended_action
rule_fusion,2026-09-03 06:00,waterlogging,waterlogging,63.2,0.0,False,True,False,True,False,False,execute,execute_recommended_action
rule_fusion,2026-09-03 07:00,waterlogging,waterlogging,63.2,0.0,False,True,False,True,False,False,execute,execute_recommended_action
rule_fusion,2026-09-03 08:00,waterlogging,waterlogging,63.2,0.0,False,True,False,True,False,False,execute,execute_recommended_action
rule_fusion,2026-09-03 09:00,waterlogging,waterlogging,63.2,0.0,False,True,False,True,False,False,execute,execute_recommended_action
rule_fusion,2026-09-03 10:00,heat,heat,58.9,0.0,False,True,False,True,False,False,hold,monitor_more_context
rule_fusion,2026-09-03 11:00,heat,heat,58.9,0.0,False,True,False,True,False,False,hold,monitor_more_context
rule_fusion,2026-09-03 12:00,heat,heat,58.9,0.0,False,True,False,True,False,False,hold,monitor_more_context
rule_fusion,2026-09-03 13:00,heat,heat,58.9,0.0,False,True,False,True,False,False,hold,monitor_more_context
rule_fusion,2026-09-03 14:00,heat,heat,58.9,0.0,False,True,False,True,False,False,hold,monitor_more_context
rule_fusion,2026-09-03 15:00,healthy,healthy,10.5,0.0,False,False,False,False,False,False,observe,routine_patrol
rule_fusion,2026-09-03 16:00,healthy,healthy,10.5,0.0,False,False,False,False,False,False,observe,routine_patrol
rule_fusion,2026-09-03 17:00,healthy,healthy,10.5,0.0,False,False,False,False,False,False,observe,routine_patrol
rule_fusion,2026-09-03 18:00,healthy,healthy,10.5,0.0,False,False,False,False,False,False,observe,routine_patrol
rule_fusion,2026-09-03 19:00,healthy,healthy,10.5,0.0,False,False,False,False,False,False,observe,routine_patrol
rule_fusion,2026-09-03 20:00,healthy,healthy,10.5,0.0,False,False,False,False,False,False,observe,routine_patrol
rule_fusion,2026-09-03 21:00,healthy,healthy,10.5,0.0,False,False,False,False,False,False,observe,routine_patrol
rule_fusion,2026-09-03 22:00,waterlogging,waterlogging,63.7,0.0,False,True,False,True,False,False,execute,execute_recommended_action
rule_fusion,2026-09-03 23:00,waterlogging,waterlogging,69.6,0.0,False,True,False,True,False,False,execute,execute_recommended_action
rule_fusion,2026-09-04 00:00,waterlogging,waterlogging,63.2,0.0,False,True,False,True,False,False,execute,execute_recommended_action
rule_fusion,2026-09-04 01:00,waterlogging,waterlogging,63.2,0.0,False,True,False,True,False,False,execute,execute_recommended_action
rule_fusion,2026-09-04 02:00,waterlogging,waterlogging,63.2,0.0,False,True,False,True,False,False,execute,execute_recommended_action
rule_fusion,2026-09-04 03:00,waterlogging,waterlogging,63.2,0.0,False,False,False,False,False,False,execute,execute_recommended_action
rule_fusion,2026-09-04 04:00,waterlogging,waterlogging,63.2,0.0,False,True,False,True,False,False,execute,execute_recommended_action
rule_fusion,2026-09-04 05:00,waterlogging,waterlogging,63.2,0.0,False,True,False,True,False,False,execute,execute_recommended_action
rule_fusion,2026-09-04 06:00,waterlogging,waterlogging,63.2,20.0,False,True,False,False,False,False,execute,execute_recommended_action
rule_fusion,2026-09-04 07:00,healthy,healthy,10.5,0.0,False,False,False,False,False,False,observe,routine_patrol
rule_fusion,2026-09-04 08:00,healthy,healthy,10.5,0.0,False,False,False,False,False,False,observe,routine_patrol
rule_fusion,2026-09-04 09:00,heat,heat,58.9,0.0,False,False,False,False,False,False,hold,monitor_more_context
rule_fusion,2026-09-04 10:00,heat,heat,58.9,0.0,False,True,False,True,False,False,hold,monitor_more_context
rule_fusion,2026-09-04 11:00,healthy,healthy,10.5,0.0,False,False,False,False,False,False,observe,routine_patrol
rule_fusion,2026-09-04 12:00,heat,heat,58.9,0.0,False,True,False,True,False,False,hold,monitor_more_context
rule_fusion,2026-09-04 13:00,heat,heat,58.9,0.0,False,True,False,True,False,False,hold,monitor_more_context
rule_fusion,2026-09-04 14:00,heat,heat,58.9,0.0,False,True,False,True,False,False,hold,monitor_more_context
rule_fusion,2026-09-04 15:00,healthy,healthy,10.5,0.0,False,False,False,False,False,False,observe,routine_patrol
rule_fusion,2026-09-04 16:00,healthy,healthy,10.5,0.0,False,False,False,False,False,False,observe,routine_patrol
rule_fusion,2026-09-04 17:00,healthy,healthy,10.5,0.0,False,False,False,False,False,False,observe,routine_patrol
rule_fusion,2026-09-04 18:00,healthy,healthy,10.5,20.0,False,True,False,False,False,False,observe,routine_patrol
rule_fusion,2026-09-04 19:00,healthy,healthy,10.5,0.0,False,False,False,False,False,False,observe,routine_patrol
rule_fusion,2026-09-04 20:00,healthy,healthy,10.5,0.0,False,False,False,False,False,False,observe,routine_patrol
rule_fusion,2026-09-04 21:00,healthy,healthy,10.5,0.0,False,False,False,False,False,False,observe,routine_patrol
rule_fusion,2026-09-04 22:00,healthy,healthy,10.5,0.0,False,False,False,False,False,False,observe,routine_patrol
rule_fusion,2026-09-04 23:00,healthy,healthy,10.5,0.0,False,False,False,False,False,False,observe,routine_patrol
rule_fusion,2026-09-05 00:00,healthy,healthy,10.5,0.0,False,False,False,False,False,False,observe,routine_patrol
rule_fusion,2026-09-05 01:00,healthy,healthy,10.5,0.0,False,False,False,False,False,False,observe,routine_patrol
rule_fusion,2026-09-05 02:00,healthy,healthy,10.5,0.0,False,False,False,False,False,False,observe,routine_patrol
rule_fusion,2026-09-05 03:00,healthy,healthy,10.5,0.0,False,False,False,False,False,False,observe,routine_patrol
rule_fusion,2026-09-05 04:00,healthy,healthy,10.5,0.0,False,False,False,False,False,False,observe,routine_patrol
rule_fusion,2026-09-05 05:00,waterlogging,waterlogging,67.8,0.0,False,False,False,False,False,False,execute,execute_recommended_action
rule_fusion,2026-09-05 06:00,healthy,healthy,10.5,0.0,False,False,False,False,False,False,observe,routine_patrol
rule_fusion,2026-09-05 07:00,healthy,healthy,10.5,0.0,False,False,False,False,False,False,observe,routine_patrol
rule_fusion,2026-09-05 08:00,healthy,healthy,10.5,0.0,False,False,False,False,False,False,observe,routine_patrol
rule_fusion,2026-09-05 09:00,healthy,healthy,10.5,0.0,False,False,False,False,False,False,observe,routine_patrol
rule_fusion,2026-09-05 10:00,healthy,healthy,10.5,0.0,False,False,False,False,False,False,observe,routine_patrol
rule_fusion,2026-09-05 11:00,healthy,healthy,10.5,0.0,False,False,False,False,False,False,observe,routine_patrol
rule_fusion,2026-09-05 12:00,heat,heat,58.9,0.0,False,True,False,True,False,False,hold,monitor_more_context
rule_fusion,2026-09-05 13:00,pest,pest,54.0,0.0,False,False,False,False,False,False,hold,monitor_more_context
rule_fusion,2026-09-05 14:00,heat,heat,58.9,0.0,False,True,False,True,False,False,hold,monitor_more_context
rule_fusion,2026-09-05 15:00,healthy,healthy,10.5,0.0,False,False,False,False,False,False,observe,routine_patrol
rule_fusion,2026-09-05 16:00,pest,pest,54.0,0.0,False,False,False,False,False,False,hold,monitor_more_context
rule_fusion,2026-09-05 17:00,healthy,healthy,10.5,0.0,False,False,False,False,False,False,observe,routine_patrol
rule_fusion,2026-09-05 18:00,healthy,healthy,10.5,0.0,False,False,False,False,False,False,observe,routine_patrol
rule_fusion,2026-09-05 19:00,healthy,healthy,10.5,0.0,False,False,False,False,False,False,observe,routine_patrol
rule_fusion,2026-09-05 20:00,healthy,healthy,10.5,0.0,False,False,False,False,False,False,observe,routine_patrol
rule_fusion,2026-09-05 21:00,healthy,healthy,10.5,0.0,False,False,False,False,False,False,observe,routine_patrol
rule_fusion,2026-09-05 22:00,healthy,healthy,10.5,0.0,False,False,False,False,False,False,observe,routine_patrol
rule_fusion,2026-09-05 23:00,healthy,healthy,10.5,0.0,False,False,False,False,False,False,observe,routine_patrol
rule_fusion,2026-09-06 00:00,healthy,healthy,10.5,0.0,False,False,False,False,False,False,observe,routine_patrol
rule_fusion,2026-09-06 01:00,healthy,healthy,10.5,0.0,False,False,False,False,False,False,observe,routine_patrol
rule_fusion,2026-09-06 02:00,healthy,healthy,10.5,0.0,False,False,False,False,False,False,observe,routine_patrol
rule_fusion,2026-09-06 03:00,healthy,healthy,10.5,0.0,False,False,False,False,False,False,observe,routine_patrol
rule_fusion,2026-09-06 04:00,healthy,healthy,10.5,0.0,False,False,False,False,False,False,observe,routine_patrol
rule_fusion,2026-09-06 05:00,healthy,healthy,10.5,0.0,False,False,False,False,False,False,observe,routine_patrol
rule_fusion,2026-09-06 06:00,healthy,healthy,10.5,0.0,False,False,False,False,False,False,observe,routine_patrol
rule_fusion,2026-09-06 07:00,healthy,healthy,10.5,0.0,False,False,False,False,False,False,observe,routine_patrol
rule_fusion,2026-09-06 08:00,healthy,healthy,10.5,0.0,False,False,False,False,False,False,observe,routine_patrol
rule_fusion,2026-09-06 09:00,healthy,healthy,10.5,0.0,False,False,False,False,False,False,observe,routine_patrol
rule_fusion,2026-09-06 10:00,healthy,healthy,10.5,0.0,False,False,False,False,False,False,observe,routine_patrol
rule_fusion,2026-09-06 11:00,healthy,healthy,10.5,0.0,False,False,False,False,False,False,observe,routine_patrol
rule_fusion,2026-09-06 12:00,healthy,healthy,10.5,0.0,False,False,False,False,False,False,observe,routine_patrol
rule_fusion,2026-09-06 13:00,healthy,healthy,10.5,0.0,False,False,False,False,False,False,observe,routine_patrol
rule_fusion,2026-09-06 14:00,drought,drought,69.0,0.0,False,True,False,True,False,False,execute,execute_recommended_action
rule_fusion,2026-09-06 15:00,drought,drought,64.7,0.0,False,True,False,True,False,False,execute,execute_recommended_action
rule_fusion,2026-09-06 16:00,drought,drought,64.7,0.0,False,True,False,True,False,False,execute,execute_recommended_action
rule_fusion,2026-09-06 17:00,drought,drought,64.7,0.0,False,True,False,True,False,False,execute,execute_recommended_action
rule_fusion,2026-09-06 18:00,drought,drought,64.7,0.0,False,True,False,True,False,False,execute,execute_recommended_action
rule_fusion,2026-09-06 19:00,drought,drought,64.7,0.0,False,True,False,True,False,False,execute,execute_recommended_action
rule_fusion,2026-09-06 20:00,drought,drought,64.7,0.0,False,True,False,True,False,False,execute,execute_recommended_action
rule_fusion,2026-09-06 21:00,drought,drought,64.7,0.0,False,True,False,True,False,False,execute,execute_recommended_action
rule_fusion,2026-09-06 22:00,drought,drought,64.7,0.0,False,True,False,True,False,False,execute,execute_recommended_action
rule_fusion,2026-09-06 23:00,drought,drought,64.7,0.0,False,True,False,True,False,False,execute,execute_recommended_action
rule_fusion,2026-09-07 00:00,drought,drought,62.3,25.0,False,True,False,False,True,True,execute,execute_recommended_action
rule_fusion,2026-09-07 01:00,drought,drought,64.7,0.0,False,True,False,True,False,False,execute,execute_recommended_action
rule_fusion,2026-09-07 02:00,drought,drought,64.7,0.0,False,True,False,True,False,False,execute,execute_recommended_action
rule_fusion,2026-09-07 03:00,drought,drought,64.7,0.0,False,True,False,True,False,False,execute,execute_recommended_action
rule_fusion,2026-09-07 04:00,drought,drought,64.7,0.0,False,True,False,True,False,False,execute,execute_recommended_action
rule_fusion,2026-09-07 05:00,drought,drought,64.7,0.0,False,True,False,True,False,False,execute,execute_recommended_action
rule_fusion,2026-09-07 06:00,drought,drought,64.7,0.0,False,True,False,True,False,False,execute,execute_recommended_action
rule_fusion,2026-09-07 07:00,drought,drought,64.7,0.0,False,True,False,True,False,False,execute,execute_recommended_action
rule_fusion,2026-09-07 08:00,healthy,waterlogging,56.0,0.0,False,True,False,True,False,False,hold,monitor_more_context
rule_fusion,2026-09-07 09:00,healthy,healthy,10.5,0.0,False,False,False,False,False,False,observe,routine_patrol
rule_fusion,2026-09-07 10:00,healthy,healthy,10.5,0.0,False,False,False,False,False,False,observe,routine_patrol
rule_fusion,2026-09-07 11:00,healthy,healthy,10.5,0.0,False,False,False,False,False,False,observe,routine_patrol
rule_fusion,2026-09-07 12:00,drought,drought,64.7,0.0,False,True,False,True,False,False,execute,execute_recommended_action
rule_fusion,2026-09-07 13:00,healthy,waterlogging,56.0,0.0,False,True,False,True,False,False,hold,monitor_more_context
rule_fusion,2026-09-07 14:00,healthy,waterlogging,56.0,0.0,False,True,False,True,False,False,hold,monitor_more_context
rule_fusion,2026-09-07 15:00,healthy,healthy,10.5,0.0,False,False,False,False,False,False,observe,routine_patrol
rule_fusion,2026-09-07 16:00,healthy,healthy,10.5,0.0,False,False,False,False,False,False,observe,routine_patrol
rule_fusion,2026-09-07 17:00,healthy,healthy,10.5,0.0,False,False,False,False,False,False,observe,routine_patrol
rule_fusion,2026-09-07 18:00,healthy,healthy,10.5,0.0,False,False,False,False,False,False,observe,routine_patrol
rule_fusion,2026-09-07 19:00,healthy,healthy,10.5,0.0,False,False,False,False,False,False,observe,routine_patrol
rule_fusion,2026-09-07 20:00,waterlogging,waterlogging,71.2,0.0,False,False,False,False,False,False,execute,execute_recommended_action
rule_fusion,2026-09-07 21:00,waterlogging,waterlogging,69.6,0.0,False,True,False,True,False,False,execute,execute_recommended_action
rule_fusion,2026-09-07 22:00,waterlogging,waterlogging,63.2,0.0,False,False,False,False,False,False,execute,execute_recommended_action
rule_fusion,2026-09-07 23:00,waterlogging,waterlogging,63.2,0.0,False,True,False,True,False,False,execute,execute_recommended_action
rule_fusion,2026-09-08 00:00,waterlogging,waterlogging,63.2,20.0,False,True,False,False,False,False,execute,execute_recommended_action
rule_fusion,2026-09-08 01:00,waterlogging,waterlogging,63.2,0.0,False,True,False,True,False,False,execute,execute_recommended_action
rule_fusion,2026-09-08 02:00,waterlogging,waterlogging,63.2,0.0,False,True,False,True,False,False,execute,execute_recommended_action
rule_fusion,2026-09-08 03:00,waterlogging,waterlogging,63.2,0.0,False,True,False,True,False,False,execute,execute_recommended_action
rule_fusion,2026-09-08 04:00,waterlogging,waterlogging,63.2,0.0,False,True,False,True,False,False,execute,execute_recommended_action
rule_fusion,2026-09-08 05:00,waterlogging,waterlogging,63.2,0.0,False,True,False,True,False,False,execute,execute_recommended_action
rule_fusion,2026-09-08 06:00,waterlogging,waterlogging,63.2,0.0,False,True,False,True,False,False,execute,execute_recommended_action
rule_fusion,2026-09-08 07:00,waterlogging,waterlogging,63.2,0.0,False,True,False,True,False,False,execute,execute_recommended_action
rule_fusion,2026-09-08 08:00,waterlogging,waterlogging,63.2,0.0,False,True,False,True,False,False,execute,execute_recommended_action
rule_fusion,2026-09-08 09:00,waterlogging,waterlogging,63.2,20.0,False,True,False,False,False,False,execute,execute_recommended_action
rule_fusion,2026-09-08 10:00,healthy,healthy,10.5,0.0,False,False,False,False,False,False,observe,routine_patrol
rule_fusion,2026-09-08 11:00,healthy,healthy,10.5,0.0,False,False,False,False,False,False,observe,routine_patrol
rule_fusion,2026-09-08 12:00,healthy,healthy,10.5,0.0,False,False,False,False,False,False,observe,routine_patrol
rule_fusion,2026-09-08 13:00,healthy,healthy,10.5,0.0,False,False,False,False,False,False,observe,routine_patrol
rule_fusion,2026-09-08 14:00,healthy,healthy,10.5,0.0,False,False,False,False,False,False,observe,routine_patrol
rule_fusion,2026-09-08 15:00,healthy,healthy,10.5,0.0,False,False,False,False,False,False,observe,routine_patrol
rule_fusion,2026-09-08 16:00,healthy,healthy,10.5,0.0,False,False,False,False,False,False,observe,routine_patrol
rule_fusion,2026-09-08 17:00,healthy,healthy,10.5,0.0,False,False,False,False,False,False,observe,routine_patrol
rule_fusion,2026-09-08 18:00,waterlogging,waterlogging,67.8,0.0,False,False,False,False,False,False,execute,execute_recommended_action
rule_fusion,2026-09-08 19:00,waterlogging,waterlogging,71.2,0.0,False,False,False,False,False,False,execute,execute_recommended_action
rule_fusion,2026-09-08 20:00,waterlogging,waterlogging,63.2,0.0,False,True,False,True,False,False,execute,execute_recommended_action
rule_fusion,2026-09-08 21:00,waterlogging,waterlogging,63.2,0.0,False,True,False,True,False,False,execute,execute_recommended_action
rule_fusion,2026-09-08 22:00,waterlogging,waterlogging,63.2,0.0,False,True,False,True,False,False,execute,execute_recommended_action
rule_fusion,2026-09-08 23:00,waterlogging,waterlogging,69.6,0.0,False,True,False,True,False,False,execute,execute_recommended_action
rule_fusion,2026-09-09 00:00,waterlogging,waterlogging,71.2,0.0,False,False,False,False,False,False,execute,execute_recommended_action
rule_fusion,2026-09-09 01:00,waterlogging,waterlogging,63.2,0.0,False,True,False,True,False,False,execute,execute_recommended_action
rule_fusion,2026-09-09 02:00,waterlogging,waterlogging,63.2,0.0,False,True,False,True,False,False,execute,execute_recommended_action
rule_fusion,2026-09-09 03:00,waterlogging,waterlogging,63.2,0.0,False,True,False,True,False,False,execute,execute_recommended_action
rule_fusion,2026-09-09 04:00,waterlogging,waterlogging,63.2,0.0,False,True,False,True,False,False,execute,execute_recommended_action
rule_fusion,2026-09-09 05:00,waterlogging,waterlogging,63.2,0.0,False,True,False,True,False,False,execute,execute_recommended_action
rule_fusion,2026-09-09 06:00,waterlogging,waterlogging,63.2,0.0,False,True,False,True,False,False,execute,execute_recommended_action
rule_fusion,2026-09-09 07:00,waterlogging,waterlogging,63.2,0.0,False,True,False,True,False,False,execute,execute_recommended_action
rule_fusion,2026-09-09 08:00,waterlogging,waterlogging,63.2,0.0,False,True,False,True,False,False,execute,execute_recommended_action
rule_fusion,2026-09-09 09:00,waterlogging,waterlogging,63.2,0.0,False,True,False,True,False,False,execute,execute_recommended_action
rule_fusion,2026-09-09 10:00,waterlogging,waterlogging,63.2,0.0,False,True,False,True,False,False,execute,execute_recommended_action
rule_fusion,2026-09-09 11:00,waterlogging,waterlogging,71.2,0.0,False,False,False,False,False,False,execute,execute_recommended_action
rule_fusion,2026-09-09 12:00,waterlogging,waterlogging,63.2,0.0,False,True,False,True,False,False,execute,execute_recommended_action
rule_fusion,2026-09-09 13:00,waterlogging,waterlogging,63.2,0.0,False,True,False,True,False,False,execute,execute_recommended_action
rule_fusion,2026-09-09 14:00,waterlogging,waterlogging,63.2,0.0,False,True,False,True,False,False,execute,execute_recommended_action
rule_fusion,2026-09-09 15:00,waterlogging,waterlogging,63.2,0.0,False,True,False,True,False,False,execute,execute_recommended_action
rule_fusion,2026-09-09 16:00,healthy,healthy,10.5,0.0,False,False,False,False,False,False,observe,routine_patrol
rule_fusion,2026-09-09 17:00,healthy,healthy,10.5,0.0,False,False,False,False,False,False,observe,routine_patrol
rule_fusion,2026-09-09 18:00,healthy,healthy,10.5,0.0,False,False,False,False,False,False,observe,routine_patrol
rule_fusion,2026-09-09 19:00,healthy,healthy,10.5,0.0,False,False,False,False,False,False,observe,routine_patrol
rule_fusion,2026-09-09 20:00,healthy,healthy,10.5,0.0,False,False,False,False,False,False,observe,routine_patrol
rule_fusion,2026-09-09 21:00,healthy,healthy,10.5,0.0,False,False,False,False,False,False,observe,routine_patrol
rule_fusion,2026-09-09 22:00,healthy,healthy,10.5,0.0,False,False,False,False,False,False,observe,routine_patrol
rule_fusion,2026-09-09 23:00,healthy,healthy,10.5,0.0,False,False,False,False,False,False,observe,routine_patrol
rule_fusion,2026-09-10 00:00,healthy,healthy,10.5,0.0,False,False,False,False,False,False,observe,routine_patrol
rule_fusion,2026-09-10 01:00,healthy,healthy,10.5,0.0,False,False,False,False,False,False,observe,routine_patrol
rule_fusion,2026-09-10 02:00,healthy,healthy,10.5,0.0,False,False,False,False,False,False,observe,routine_patrol
rule_fusion,2026-09-10 03:00,healthy,healthy,10.5,0.0,False,False,False,False,False,False,observe,routine_patrol
rule_fusion,2026-09-10 04:00,healthy,healthy,10.5,0.0,False,False,False,False,False,False,observe,routine_patrol
rule_fusion,2026-09-10 05:00,waterlogging,waterlogging,69.6,0.0,False,True,False,True,False,False,execute,execute_recommended_action
rule_fusion,2026-09-10 06:00,waterlogging,waterlogging,71.2,0.0,False,False,False,False,False,False,execute,execute_recommended_action
rule_fusion,2026-09-10 07:00,waterlogging,waterlogging,63.2,0.0,False,True,False,True,False,False,execute,execute_recommended_action
rule_fusion,2026-09-10 08:00,waterlogging,waterlogging,63.2,0.0,False,True,False,True,False,False,execute,execute_recommended_action
rule_fusion,2026-09-10 09:00,waterlogging,waterlogging,63.2,0.0,False,True,False,True,False,False,execute,execute_recommended_action
rule_fusion,2026-09-10 10:00,waterlogging,waterlogging,63.2,0.0,False,True,False,True,False,False,execute,execute_recommended_action
rule_fusion,2026-09-10 11:00,waterlogging,waterlogging,63.2,0.0,False,False,False,False,False,False,execute,execute_recommended_action
rule_fusion,2026-09-10 12:00,waterlogging,waterlogging,63.2,0.0,False,True,False,True,False,False,execute,execute_recommended_action
rule_fusion,2026-09-10 13:00,healthy,healthy,10.5,0.0,False,False,False,False,False,False,observe,routine_patrol
rule_fusion,2026-09-10 14:00,healthy,healthy,10.5,0.0,False,False,False,False,False,False,observe,routine_patrol
rule_fusion,2026-09-10 15:00,healthy,healthy,10.5,0.0,False,False,False,False,False,False,observe,routine_patrol
rule_fusion,2026-09-10 16:00,healthy,healthy,10.5,0.0,False,False,False,False,False,False,observe,routine_patrol
rule_fusion,2026-09-10 17:00,healthy,healthy,10.5,0.0,False,False,False,False,False,False,observe,routine_patrol
rule_fusion,2026-09-10 18:00,healthy,healthy,10.5,0.0,False,False,False,False,False,False,observe,routine_patrol
rule_fusion,2026-09-10 19:00,healthy,healthy,10.5,0.0,False,False,False,False,False,False,observe,routine_patrol
rule_fusion,2026-09-10 20:00,healthy,healthy,10.5,0.0,False,False,False,False,False,False,observe,routine_patrol
rule_fusion,2026-09-10 21:00,healthy,healthy,10.5,0.0,False,False,False,False,False,False,observe,routine_patrol
rule_fusion,2026-09-10 22:00,healthy,healthy,10.5,0.0,False,False,False,False,False,False,observe,routine_patrol
rule_fusion,2026-09-10 23:00,healthy,healthy,10.5,0.0,False,False,False,False,False,False,observe,routine_patrol
rule_fusion,2026-09-11 00:00,pest,pest,59.0,0.0,False,False,False,False,False,False,hold,monitor_more_context
rule_fusion,2026-09-11 01:00,waterlogging,waterlogging,71.3,0.0,False,False,False,False,False,False,execute,execute_recommended_action
rule_fusion,2026-09-11 02:00,waterlogging,waterlogging,63.2,0.0,False,True,False,True,False,False,execute,execute_recommended_action
rule_fusion,2026-09-11 03:00,waterlogging,waterlogging,63.2,0.0,False,True,False,True,False,False,execute,execute_recommended_action
rule_fusion,2026-09-11 04:00,waterlogging,waterlogging,63.2,0.0,False,True,False,True,False,False,execute,execute_recommended_action
rule_fusion,2026-09-11 05:00,waterlogging,waterlogging,63.2,0.0,False,True,False,True,False,False,execute,execute_recommended_action
rule_fusion,2026-09-11 06:00,waterlogging,waterlogging,63.2,0.0,False,True,False,True,False,False,execute,execute_recommended_action
rule_fusion,2026-09-11 07:00,waterlogging,waterlogging,63.2,0.0,False,True,False,True,False,False,execute,execute_recommended_action
rule_fusion,2026-09-11 08:00,waterlogging,waterlogging,71.2,0.0,False,False,False,False,False,False,execute,execute_recommended_action
rule_fusion,2026-09-11 09:00,waterlogging,waterlogging,63.2,0.0,False,True,False,True,False,False,execute,execute_recommended_action
rule_fusion,2026-09-11 10:00,waterlogging,waterlogging,63.2,0.0,False,True,False,True,False,False,execute,execute_recommended_action
rule_fusion,2026-09-11 11:00,waterlogging,waterlogging,63.2,0.0,False,True,False,True,False,False,execute,execute_recommended_action
rule_fusion,2026-09-11 12:00,waterlogging,waterlogging,63.2,0.0,False,False,False,False,False,False,execute,execute_recommended_action
rule_fusion,2026-09-11 13:00,waterlogging,waterlogging,63.2,0.0,False,True,False,True,False,False,execute,execute_recommended_action
rule_fusion,2026-09-11 14:00,waterlogging,waterlogging,63.2,0.0,False,True,False,True,False,False,execute,execute_recommended_action
rule_fusion,2026-09-11 15:00,pest,healthy,10.5,0.0,False,False,False,False,False,False,observe,routine_patrol
rule_fusion,2026-09-11 16:00,healthy,healthy,10.5,0.0,False,False,False,False,False,False,observe,routine_patrol
rule_fusion,2026-09-11 17:00,healthy,healthy,10.5,0.0,False,False,False,False,False,False,observe,routine_patrol
rule_fusion,2026-09-11 18:00,healthy,healthy,10.5,20.0,False,True,False,False,False,False,observe,routine_patrol
rule_fusion,2026-09-11 19:00,healthy,healthy,10.5,0.0,False,False,False,False,False,False,observe,routine_patrol
rule_fusion,2026-09-11 20:00,healthy,healthy,10.5,0.0,False,False,False,False,False,False,observe,routine_patrol
rule_fusion,2026-09-11 21:00,healthy,healthy,10.5,0.0,False,False,False,False,False,False,observe,routine_patrol
rule_fusion,2026-09-11 22:00,healthy,healthy,10.5,0.0,False,False,False,False,False,False,observe,routine_patrol
rule_fusion,2026-09-11 23:00,healthy,healthy,10.5,0.0,False,False,False,False,False,False,observe,routine_patrol
rule_fusion,2026-09-12 00:00,waterlogging,waterlogging,69.6,0.0,False,True,False,True,False,False,execute,execute_recommended_action
rule_fusion,2026-09-12 01:00,waterlogging,waterlogging,71.2,0.0,False,False,False,False,False,False,execute,execute_recommended_action
rule_fusion,2026-09-12 02:00,waterlogging,waterlogging,71.2,0.0,False,False,False,False,False,False,execute,execute_recommended_action
rule_fusion,2026-09-12 03:00,waterlogging,waterlogging,63.2,0.0,False,True,False,True,False,False,execute,execute_recommended_action
rule_fusion,2026-09-12 04:00,waterlogging,waterlogging,63.2,20.0,False,True,False,False,False,False,execute,execute_recommended_action
rule_fusion,2026-09-12 05:00,waterlogging,waterlogging,63.2,0.0,False,True,False,True,False,False,execute,execute_recommended_action
rule_fusion,2026-09-12 06:00,waterlogging,waterlogging,63.2,0.0,False,True,False,True,False,False,execute,execute_recommended_action
rule_fusion,2026-09-12 07:00,waterlogging,waterlogging,63.2,0.0,False,True,False,True,False,False,execute,execute_recommended_action
rule_fusion,2026-09-12 08:00,waterlogging,waterlogging,63.2,0.0,False,True,False,True,False,False,execute,execute_recommended_action
rule_fusion,2026-09-12 09:00,waterlogging,waterlogging,63.2,0.0,False,True,False,True,False,False,execute,execute_recommended_action
rule_fusion,2026-09-12 10:00,waterlogging,waterlogging,63.2,0.0,False,True,False,True,False,False,execute,execute_recommended_action
rule_fusion,2026-09-12 11:00,healthy,healthy,10.5,0.0,False,False,False,False,False,False,observe,routine_patrol
rule_fusion,2026-09-12 12:00,waterlogging,waterlogging,69.6,0.0,False,True,False,True,False,False,execute,execute_recommended_action
rule_fusion,2026-09-12 13:00,waterlogging,waterlogging,63.2,0.0,False,True,False,True,False,False,execute,execute_recommended_action
rule_fusion,2026-09-12 14:00,waterlogging,waterlogging,69.6,0.0,False,False,False,False,False,False,execute,execute_recommended_action
rule_fusion,2026-09-12 15:00,waterlogging,waterlogging,71.2,0.0,False,False,False,False,False,False,execute,execute_recommended_action
rule_fusion,2026-09-12 16:00,waterlogging,waterlogging,63.2,0.0,False,True,False,True,False,False,execute,execute_recommended_action
rule_fusion,2026-09-12 17:00,waterlogging,waterlogging,63.2,0.0,False,True,False,True,False,False,execute,execute_recommended_action
rule_fusion,2026-09-12 18:00,waterlogging,waterlogging,63.2,0.0,False,True,False,True,False,False,execute,execute_recommended_action
rule_fusion,2026-09-12 19:00,waterlogging,waterlogging,63.2,0.0,False,False,False,False,False,False,execute,execute_recommended_action
rule_fusion,2026-09-12 20:00,waterlogging,waterlogging,63.2,0.0,False,True,False,True,False,False,execute,execute_recommended_action
rule_fusion,2026-09-12 21:00,waterlogging,waterlogging,63.2,0.0,False,True,False,True,False,False,execute,execute_recommended_action
rule_fusion,2026-09-12 22:00,waterlogging,waterlogging,63.2,0.0,False,True,False,True,False,False,execute,execute_recommended_action
rule_fusion,2026-09-12 23:00,waterlogging,waterlogging,69.6,0.0,False,True,False,True,False,False,execute,execute_recommended_action
rule_fusion,2026-09-13 00:00,waterlogging,waterlogging,63.2,0.0,False,True,False,True,False,False,execute,execute_recommended_action
rule_fusion,2026-09-13 01:00,waterlogging,waterlogging,69.6,0.0,False,False,False,False,False,False,execute,execute_recommended_action
rule_fusion,2026-09-13 02:00,waterlogging,waterlogging,63.2,0.0,False,True,False,True,False,False,execute,execute_recommended_action
rule_fusion,2026-09-13 03:00,waterlogging,waterlogging,63.2,0.0,False,True,False,True,False,False,execute,execute_recommended_action
rule_fusion,2026-09-13 04:00,waterlogging,waterlogging,63.2,0.0,False,True,False,True,False,False,execute,execute_recommended_action
rule_fusion,2026-09-13 05:00,waterlogging,waterlogging,63.2,20.0,False,True,False,False,False,False,execute,execute_recommended_action
rule_fusion,2026-09-13 06:00,waterlogging,waterlogging,63.2,0.0,False,True,False,True,False,False,execute,execute_recommended_action
rule_fusion,2026-09-13 07:00,waterlogging,waterlogging,63.2,0.0,False,True,False,True,False,False,execute,execute_recommended_action
rule_fusion,2026-09-13 08:00,waterlogging,waterlogging,63.2,0.0,False,True,False,True,False,False,execute,execute_recommended_action
rule_fusion,2026-09-13 09:00,waterlogging,waterlogging,63.2,0.0,False,True,False,True,False,False,execute,execute_recommended_action
rule_fusion,2026-09-13 10:00,healthy,healthy,10.5,20.0,False,True,False,False,False,False,observe,routine_patrol
rule_fusion,2026-09-13 11:00,healthy,healthy,10.5,0.0,False,False,False,False,False,False,observe,routine_patrol
rule_fusion,2026-09-13 12:00,healthy,healthy,10.5,0.0,False,False,False,False,False,False,observe,routine_patrol
rule_fusion,2026-09-13 13:00,pest,pest,59.8,0.0,False,False,False,False,False,False,hold,monitor_more_context
rule_fusion,2026-09-13 14:00,healthy,healthy,10.5,20.0,False,True,False,False,False,False,observe,routine_patrol
rule_fusion,2026-09-13 15:00,healthy,healthy,10.5,0.0,False,False,False,False,False,False,observe,routine_patrol
fixed_weighted_fusion,2026-08-03 00:00,healthy,healthy,11.3,0.0,False,False,False,False,False,False,observe,routine_patrol
fixed_weighted_fusion,2026-08-03 01:00,healthy,healthy,11.3,0.0,False,False,False,False,False,False,observe,routine_patrol
fixed_weighted_fusion,2026-08-03 02:00,healthy,healthy,11.4,0.0,False,False,False,False,False,False,observe,routine_patrol
fixed_weighted_fusion,2026-08-03 03:00,healthy,healthy,11.5,0.0,False,False,False,False,False,False,observe,routine_patrol
fixed_weighted_fusion,2026-08-03 04:00,healthy,healthy,12.1,0.0,False,False,False,False,False,False,observe,routine_patrol
fixed_weighted_fusion,2026-08-03 05:00,healthy,healthy,11.3,0.0,False,False,False,False,False,False,observe,routine_patrol
fixed_weighted_fusion,2026-08-03 06:00,healthy,healthy,31.6,0.0,False,False,False,False,False,False,observe,routine_patrol
fixed_weighted_fusion,2026-08-03 07:00,healthy,healthy,11.8,0.0,False,False,False,False,False,False,observe,routine_patrol
fixed_weighted_fusion,2026-08-03 08:00,healthy,healthy,11.3,0.0,False,False,False,False,False,False,observe,routine_patrol
fixed_weighted_fusion,2026-08-03 09:00,healthy,healthy,11.6,0.0,False,False,False,False,False,False,observe,routine_patrol
fixed_weighted_fusion,2026-08-03 10:00,healthy,healthy,11.7,0.0,False,False,False,False,False,False,observe,routine_patrol
fixed_weighted_fusion,2026-08-03 11:00,healthy,healthy,12.0,0.0,False,False,False,False,False,False,observe,routine_patrol
fixed_weighted_fusion,2026-08-03 12:00,heat,heat,45.0,47.0,True,True,True,True,False,False,hold,resample_before_action
fixed_weighted_fusion,2026-08-03 13:00,drought,drought,47.5,47.0,True,True,True,True,False,False,hold,resample_before_action
fixed_weighted_fusion,2026-08-03 14:00,drought,drought,45.0,35.0,True,True,True,True,False,False,hold,resample_before_action
fixed_weighted_fusion,2026-08-03 15:00,drought,drought,45.7,35.0,True,True,True,True,False,False,hold,resample_before_action
fixed_weighted_fusion,2026-08-03 16:00,drought,drought,69.6,0.0,False,False,False,False,False,False,execute,execute_recommended_action
fixed_weighted_fusion,2026-08-03 17:00,drought,drought,69.8,0.0,False,False,False,False,False,False,execute,execute_recommended_action
fixed_weighted_fusion,2026-08-03 18:00,drought,drought,45.0,35.0,True,True,True,True,False,False,hold,resample_before_action
fixed_weighted_fusion,2026-08-03 19:00,drought,drought,45.6,35.0,True,True,True,True,False,False,hold,resample_before_action
fixed_weighted_fusion,2026-08-03 20:00,drought,drought,48.7,35.0,True,True,True,True,False,False,hold,resample_before_action
fixed_weighted_fusion,2026-08-03 21:00,drought,drought,45.6,35.0,True,True,True,True,False,False,hold,resample_before_action
fixed_weighted_fusion,2026-08-03 22:00,drought,drought,48.3,35.0,True,True,True,True,False,False,hold,resample_before_action
fixed_weighted_fusion,2026-08-03 23:00,drought,drought,49.1,35.0,True,True,True,True,False,False,hold,resample_before_action
fixed_weighted_fusion,2026-08-04 00:00,drought,drought,48.7,35.0,True,True,True,True,False,False,hold,resample_before_action
fixed_weighted_fusion,2026-08-04 01:00,drought,drought,48.8,35.0,True,True,True,True,False,False,hold,resample_before_action
fixed_weighted_fusion,2026-08-04 02:00,drought,drought,48.8,35.0,True,True,True,True,False,False,hold,resample_before_action
fixed_weighted_fusion,2026-08-04 03:00,drought,drought,48.7,35.0,True,True,True,True,False,False,hold,resample_before_action
fixed_weighted_fusion,2026-08-04 04:00,drought,drought,49.3,35.0,True,True,True,True,False,False,hold,resample_before_action
fixed_weighted_fusion,2026-08-04 05:00,drought,drought,49.2,35.0,True,True,True,True,False,False,hold,resample_before_action
fixed_weighted_fusion,2026-08-04 06:00,drought,drought,49.0,35.0,True,True,True,True,False,False,hold,resample_before_action
fixed_weighted_fusion,2026-08-04 07:00,drought,drought,48.9,35.0,True,True,True,True,False,False,hold,resample_before_action
fixed_weighted_fusion,2026-08-04 08:00,drought,drought,73.2,0.0,False,False,False,False,False,False,execute,execute_recommended_action
fixed_weighted_fusion,2026-08-04 09:00,drought,drought,72.3,0.0,False,False,False,False,False,False,execute,execute_recommended_action
fixed_weighted_fusion,2026-08-04 10:00,drought,drought,72.6,0.0,False,False,False,False,False,False,execute,execute_recommended_action
fixed_weighted_fusion,2026-08-04 11:00,drought,drought,72.6,0.0,False,False,False,False,False,False,execute,execute_recommended_action
fixed_weighted_fusion,2026-08-04 12:00,drought,drought,73.4,0.0,False,False,False,False,False,False,execute,execute_recommended_action
fixed_weighted_fusion,2026-08-04 13:00,drought,drought,73.1,0.0,False,False,False,False,False,False,execute,execute_recommended_action
fixed_weighted_fusion,2026-08-04 14:00,drought,drought,74.3,0.0,False,False,False,False,False,False,execute,execute_recommended_action
fixed_weighted_fusion,2026-08-04 15:00,drought,drought,73.1,0.0,False,False,False,False,False,False,execute,execute_recommended_action
fixed_weighted_fusion,2026-08-04 16:00,drought,drought,69.1,0.0,False,False,False,False,False,False,execute,execute_recommended_action
fixed_weighted_fusion,2026-08-04 17:00,low_light,low_light,45.0,47.0,True,True,True,True,False,False,hold,resample_before_action
fixed_weighted_fusion,2026-08-04 18:00,healthy,healthy,11.5,0.0,False,False,False,False,False,False,observe,routine_patrol
fixed_weighted_fusion,2026-08-04 19:00,healthy,healthy,12.0,0.0,False,False,False,False,False,False,observe,routine_patrol
fixed_weighted_fusion,2026-08-04 20:00,pest,healthy,32.5,0.0,False,False,False,False,False,False,observe,routine_patrol
fixed_weighted_fusion,2026-08-04 21:00,healthy,healthy,11.9,0.0,False,False,False,False,False,False,observe,routine_patrol
fixed_weighted_fusion,2026-08-04 22:00,healthy,healthy,11.9,0.0,False,False,False,False,False,False,observe,routine_patrol
fixed_weighted_fusion,2026-08-04 23:00,healthy,healthy,12.1,0.0,False,False,False,False,False,False,observe,routine_patrol
fixed_weighted_fusion,2026-08-05 00:00,healthy,healthy,11.5,0.0,False,False,False,False,False,False,observe,routine_patrol
fixed_weighted_fusion,2026-08-05 01:00,healthy,healthy,12.1,0.0,False,False,False,False,False,False,observe,routine_patrol
fixed_weighted_fusion,2026-08-05 02:00,healthy,healthy,11.6,0.0,False,False,False,False,False,False,observe,routine_patrol
fixed_weighted_fusion,2026-08-05 03:00,healthy,healthy,11.6,0.0,False,False,False,False,False,False,observe,routine_patrol
fixed_weighted_fusion,2026-08-05 04:00,pest,healthy,32.7,0.0,False,False,False,False,False,False,observe,routine_patrol
fixed_weighted_fusion,2026-08-05 05:00,healthy,healthy,11.7,0.0,False,False,False,False,False,False,observe,routine_patrol
fixed_weighted_fusion,2026-08-05 06:00,healthy,healthy,12.0,0.0,False,False,False,False,False,False,observe,routine_patrol
fixed_weighted_fusion,2026-08-05 07:00,healthy,healthy,11.5,0.0,False,False,False,False,False,False,observe,routine_patrol
fixed_weighted_fusion,2026-08-05 08:00,healthy,healthy,11.8,0.0,False,False,False,False,False,False,observe,routine_patrol
fixed_weighted_fusion,2026-08-05 09:00,drought,drought,45.5,35.0,True,True,True,True,False,False,hold,resample_before_action
fixed_weighted_fusion,2026-08-05 10:00,drought,drought,45.3,35.0,True,True,True,True,False,False,hold,resample_before_action
fixed_weighted_fusion,2026-08-05 11:00,drought,drought,48.1,47.0,True,True,True,True,False,False,hold,resample_before_action
fixed_weighted_fusion,2026-08-05 12:00,drought,drought,48.2,47.0,True,True,True,True,False,False,hold,resample_before_action
fixed_weighted_fusion,2026-08-05 13:00,drought,drought,72.3,0.0,False,False,False,False,False,False,execute,execute_recommended_action
fixed_weighted_fusion,2026-08-05 14:00,drought,drought,69.4,0.0,False,False,False,False,False,False,execute,execute_recommended_action
fixed_weighted_fusion,2026-08-05 15:00,drought,drought,71.8,0.0,False,False,False,False,False,False,execute,execute_recommended_action
fixed_weighted_fusion,2026-08-05 16:00,drought,drought,73.3,0.0,False,False,False,False,False,False,execute,execute_recommended_action
fixed_weighted_fusion,2026-08-05 17:00,drought,drought,72.7,0.0,False,False,False,False,False,False,execute,execute_recommended_action
fixed_weighted_fusion,2026-08-05 18:00,drought,drought,48.5,35.0,True,True,True,True,False,False,hold,resample_before_action
fixed_weighted_fusion,2026-08-05 19:00,drought,drought,69.9,0.0,False,False,False,False,False,False,execute,execute_recommended_action
fixed_weighted_fusion,2026-08-05 20:00,drought,drought,48.9,35.0,True,True,True,True,False,False,hold,resample_before_action
fixed_weighted_fusion,2026-08-05 21:00,drought,drought,49.1,35.0,True,True,True,True,False,False,hold,resample_before_action
fixed_weighted_fusion,2026-08-05 22:00,drought,drought,48.7,35.0,True,True,True,True,False,False,hold,resample_before_action
fixed_weighted_fusion,2026-08-05 23:00,drought,drought,48.7,35.0,True,True,True,True,False,False,hold,resample_before_action
fixed_weighted_fusion,2026-08-06 00:00,drought,drought,48.0,47.0,True,True,True,True,False,False,hold,resample_before_action
fixed_weighted_fusion,2026-08-06 01:00,drought,drought,45.3,35.0,True,True,True,True,False,False,hold,resample_before_action
fixed_weighted_fusion,2026-08-06 02:00,healthy,healthy,12.0,0.0,False,False,False,False,False,False,observe,routine_patrol
fixed_weighted_fusion,2026-08-06 03:00,healthy,healthy,11.3,0.0,False,False,False,False,False,False,observe,routine_patrol
fixed_weighted_fusion,2026-08-06 04:00,healthy,healthy,12.2,0.0,False,False,False,False,False,False,observe,routine_patrol
fixed_weighted_fusion,2026-08-06 05:00,healthy,healthy,11.2,0.0,False,False,False,False,False,False,observe,routine_patrol
fixed_weighted_fusion,2026-08-06 06:00,healthy,healthy,11.4,0.0,False,False,False,False,False,False,observe,routine_patrol
fixed_weighted_fusion,2026-08-06 07:00,drought,drought,45.0,35.0,True,True,True,True,False,False,hold,resample_before_action
fixed_weighted_fusion,2026-08-06 08:00,drought,drought,65.7,0.0,False,False,False,False,False,False,execute,execute_recommended_action
fixed_weighted_fusion,2026-08-06 09:00,drought,drought,45.0,35.0,True,True,True,True,False,False,hold,resample_before_action
fixed_weighted_fusion,2026-08-06 10:00,drought,drought,48.0,47.0,True,True,True,True,False,False,hold,resample_before_action
fixed_weighted_fusion,2026-08-06 11:00,drought,drought,71.5,0.0,False,False,False,False,False,False,execute,execute_recommended_action
fixed_weighted_fusion,2026-08-06 12:00,drought,drought,72.0,0.0,False,False,False,False,False,False,execute,execute_recommended_action
fixed_weighted_fusion,2026-08-06 13:00,drought,drought,73.9,0.0,False,False,False,False,False,False,execute,execute_recommended_action
fixed_weighted_fusion,2026-08-06 14:00,drought,drought,73.4,0.0,False,False,False,False,False,False,execute,execute_recommended_action
fixed_weighted_fusion,2026-08-06 15:00,drought,drought,72.6,0.0,False,False,False,False,False,False,execute,execute_recommended_action
fixed_weighted_fusion,2026-08-06 16:00,drought,drought,49.1,35.0,True,True,True,True,False,False,hold,resample_before_action
fixed_weighted_fusion,2026-08-06 17:00,drought,drought,73.1,0.0,False,False,False,False,False,False,execute,execute_recommended_action
fixed_weighted_fusion,2026-08-06 18:00,drought,drought,49.0,35.0,True,True,True,True,False,False,hold,resample_before_action
fixed_weighted_fusion,2026-08-06 19:00,drought,drought,48.4,35.0,True,True,True,True,False,False,hold,resample_before_action
fixed_weighted_fusion,2026-08-06 20:00,drought,drought,48.6,35.0,True,True,True,True,False,False,hold,resample_before_action
fixed_weighted_fusion,2026-08-06 21:00,drought,drought,48.7,35.0,True,True,True,True,False,False,hold,resample_before_action
fixed_weighted_fusion,2026-08-06 22:00,drought,drought,49.1,35.0,True,True,True,True,False,False,hold,resample_before_action
fixed_weighted_fusion,2026-08-06 23:00,drought,drought,49.1,35.0,True,True,True,True,False,False,hold,resample_before_action
fixed_weighted_fusion,2026-08-07 00:00,drought,drought,48.7,35.0,True,True,True,True,False,False,hold,resample_before_action
fixed_weighted_fusion,2026-08-07 01:00,drought,drought,48.7,35.0,True,True,True,True,False,False,hold,resample_before_action
fixed_weighted_fusion,2026-08-07 02:00,drought,drought,48.5,35.0,True,True,True,True,False,False,hold,resample_before_action
fixed_weighted_fusion,2026-08-07 03:00,drought,drought,49.3,35.0,True,True,True,True,False,False,hold,resample_before_action
fixed_weighted_fusion,2026-08-07 04:00,drought,drought,69.3,0.0,False,False,False,False,False,False,execute,execute_recommended_action
fixed_weighted_fusion,2026-08-07 05:00,drought,drought,49.3,35.0,True,True,True,True,False,False,hold,resample_before_action
fixed_weighted_fusion,2026-08-07 06:00,drought,drought,48.4,35.0,True,True,True,True,False,False,hold,resample_before_action
fixed_weighted_fusion,2026-08-07 07:00,drought,drought,72.4,0.0,False,False,False,False,False,False,execute,execute_recommended_action
fixed_weighted_fusion,2026-08-07 08:00,drought,drought,73.4,0.0,False,False,False,False,False,False,execute,execute_recommended_action
fixed_weighted_fusion,2026-08-07 09:00,drought,drought,73.3,0.0,False,False,False,False,False,False,execute,execute_recommended_action
fixed_weighted_fusion,2026-08-07 10:00,drought,drought,73.4,0.0,False,False,False,False,False,False,execute,execute_recommended_action
fixed_weighted_fusion,2026-08-07 11:00,drought,drought,74.3,0.0,False,False,False,False,False,False,execute,execute_recommended_action
fixed_weighted_fusion,2026-08-07 12:00,drought,drought,73.7,0.0,False,False,False,False,False,False,execute,execute_recommended_action
fixed_weighted_fusion,2026-08-07 13:00,drought,drought,73.3,0.0,False,False,False,False,False,False,execute,execute_recommended_action
fixed_weighted_fusion,2026-08-07 14:00,drought,drought,73.2,0.0,False,False,False,False,False,False,execute,execute_recommended_action
fixed_weighted_fusion,2026-08-07 15:00,drought,drought,73.4,0.0,False,False,False,False,False,False,execute,execute_recommended_action
fixed_weighted_fusion,2026-08-07 16:00,drought,drought,72.3,0.0,False,False,False,False,False,False,execute,execute_recommended_action
fixed_weighted_fusion,2026-08-07 17:00,drought,drought,72.4,0.0,False,False,False,False,False,False,execute,execute_recommended_action
fixed_weighted_fusion,2026-08-07 18:00,drought,drought,48.4,35.0,True,True,True,True,False,False,hold,resample_before_action
fixed_weighted_fusion,2026-08-07 19:00,drought,drought,49.2,35.0,True,True,True,True,False,False,hold,resample_before_action
fixed_weighted_fusion,2026-08-07 20:00,drought,drought,48.3,35.0,True,True,True,True,False,False,hold,resample_before_action
fixed_weighted_fusion,2026-08-07 21:00,drought,drought,48.8,35.0,True,True,True,True,False,False,hold,resample_before_action
fixed_weighted_fusion,2026-08-07 22:00,drought,drought,49.1,35.0,True,True,True,True,False,False,hold,resample_before_action
fixed_weighted_fusion,2026-08-07 23:00,drought,drought,45.5,35.0,True,True,True,True,False,False,hold,resample_before_action
fixed_weighted_fusion,2026-08-08 00:00,healthy,healthy,12.0,32.0,True,True,False,False,False,False,hold,monitor_more_context
fixed_weighted_fusion,2026-08-08 01:00,drought,drought,45.0,35.0,True,True,True,True,False,False,hold,resample_before_action
fixed_weighted_fusion,2026-08-08 02:00,drought,drought,45.4,35.0,True,True,True,True,False,False,hold,resample_before_action
fixed_weighted_fusion,2026-08-08 03:00,drought,drought,45.5,35.0,True,True,True,True,False,False,hold,resample_before_action
fixed_weighted_fusion,2026-08-08 04:00,drought,drought,45.1,35.0,True,True,True,True,False,False,hold,resample_before_action
fixed_weighted_fusion,2026-08-08 05:00,drought,drought,45.0,35.0,True,True,True,True,False,False,hold,resample_before_action
fixed_weighted_fusion,2026-08-08 06:00,drought,drought,66.4,0.0,False,False,False,False,False,False,execute,execute_recommended_action
fixed_weighted_fusion,2026-08-08 07:00,drought,drought,45.5,35.0,True,True,True,True,False,False,hold,resample_before_action
fixed_weighted_fusion,2026-08-08 08:00,drought,drought,69.3,0.0,False,False,False,False,False,False,execute,execute_recommended_action
fixed_weighted_fusion,2026-08-08 09:00,drought,drought,69.8,0.0,False,False,False,False,False,False,execute,execute_recommended_action
fixed_weighted_fusion,2026-08-08 10:00,drought,drought,73.3,0.0,False,False,False,False,False,False,execute,execute_recommended_action
fixed_weighted_fusion,2026-08-08 11:00,drought,drought,73.7,0.0,False,False,False,False,False,False,execute,execute_recommended_action
fixed_weighted_fusion,2026-08-08 12:00,drought,drought,72.4,0.0,False,False,False,False,False,False,execute,execute_recommended_action
fixed_weighted_fusion,2026-08-08 13:00,drought,drought,73.2,0.0,False,False,False,False,False,False,execute,execute_recommended_action
fixed_weighted_fusion,2026-08-08 14:00,drought,drought,74.1,0.0,False,False,False,False,False,False,execute,execute_recommended_action
fixed_weighted_fusion,2026-08-08 15:00,drought,drought,72.3,0.0,False,False,False,False,False,False,execute,execute_recommended_action
fixed_weighted_fusion,2026-08-08 16:00,drought,drought,49.1,35.0,True,True,True,True,False,False,hold,resample_before_action
fixed_weighted_fusion,2026-08-08 17:00,drought,drought,72.7,0.0,False,False,False,False,False,False,execute,execute_recommended_action
fixed_weighted_fusion,2026-08-08 18:00,drought,drought,48.4,35.0,True,True,True,True,False,False,hold,resample_before_action
fixed_weighted_fusion,2026-08-08 19:00,drought,drought,69.5,0.0,False,False,False,False,False,False,execute,execute_recommended_action
fixed_weighted_fusion,2026-08-08 20:00,drought,drought,48.4,35.0,True,True,True,True,False,False,hold,resample_before_action
fixed_weighted_fusion,2026-08-08 21:00,drought,drought,48.4,35.0,True,True,True,True,False,False,hold,resample_before_action
fixed_weighted_fusion,2026-08-08 22:00,drought,drought,48.4,35.0,True,True,True,True,False,False,hold,resample_before_action
fixed_weighted_fusion,2026-08-08 23:00,drought,drought,68.6,0.0,False,False,False,False,False,False,execute,execute_recommended_action
fixed_weighted_fusion,2026-08-09 00:00,drought,drought,49.0,35.0,True,True,True,True,False,False,hold,resample_before_action
fixed_weighted_fusion,2026-08-09 01:00,drought,drought,48.7,35.0,True,True,True,True,False,False,hold,resample_before_action
fixed_weighted_fusion,2026-08-09 02:00,drought,drought,49.1,35.0,True,True,True,True,False,False,hold,resample_before_action
fixed_weighted_fusion,2026-08-09 03:00,drought,drought,48.8,35.0,True,True,True,True,False,False,hold,resample_before_action
fixed_weighted_fusion,2026-08-09 04:00,drought,drought,48.7,35.0,True,True,True,True,False,False,hold,resample_before_action
fixed_weighted_fusion,2026-08-09 05:00,drought,drought,48.9,35.0,True,True,True,True,False,False,hold,resample_before_action
fixed_weighted_fusion,2026-08-09 06:00,drought,drought,49.2,35.0,True,True,True,True,False,False,hold,resample_before_action
fixed_weighted_fusion,2026-08-09 07:00,drought,drought,72.7,0.0,False,False,False,False,False,False,execute,execute_recommended_action
fixed_weighted_fusion,2026-08-09 08:00,drought,drought,49.1,35.0,True,True,True,True,False,False,hold,resample_before_action
fixed_weighted_fusion,2026-08-09 09:00,drought,drought,73.0,0.0,False,False,False,False,False,False,execute,execute_recommended_action
fixed_weighted_fusion,2026-08-09 10:00,drought,drought,72.4,0.0,False,False,False,False,False,False,execute,execute_recommended_action
fixed_weighted_fusion,2026-08-09 11:00,drought,drought,72.5,0.0,False,False,False,False,False,False,execute,execute_recommended_action
fixed_weighted_fusion,2026-08-09 12:00,drought,drought,73.0,0.0,False,False,False,False,False,False,execute,execute_recommended_action
fixed_weighted_fusion,2026-08-09 13:00,drought,drought,73.0,0.0,False,False,False,False,False,False,execute,execute_recommended_action
fixed_weighted_fusion,2026-08-09 14:00,drought,drought,73.1,0.0,False,False,False,False,False,False,execute,execute_recommended_action
fixed_weighted_fusion,2026-08-09 15:00,drought,drought,73.3,0.0,False,False,False,False,False,False,execute,execute_recommended_action
fixed_weighted_fusion,2026-08-09 16:00,drought,drought,49.1,35.0,True,True,True,True,False,False,hold,resample_before_action
fixed_weighted_fusion,2026-08-09 17:00,drought,drought,49.2,35.0,True,True,True,True,False,False,hold,resample_before_action
fixed_weighted_fusion,2026-08-09 18:00,drought,drought,48.7,35.0,True,True,True,True,False,False,hold,resample_before_action
fixed_weighted_fusion,2026-08-09 19:00,drought,drought,48.4,35.0,True,True,True,True,False,False,hold,resample_before_action
fixed_weighted_fusion,2026-08-09 20:00,drought,drought,48.9,35.0,True,True,True,True,False,False,hold,resample_before_action
fixed_weighted_fusion,2026-08-09 21:00,drought,drought,48.9,35.0,True,True,True,True,False,False,hold,resample_before_action
fixed_weighted_fusion,2026-08-09 22:00,drought,drought,48.3,35.0,True,True,True,True,False,False,hold,resample_before_action
fixed_weighted_fusion,2026-08-09 23:00,drought,drought,49.1,35.0,True,True,True,True,False,False,hold,resample_before_action
fixed_weighted_fusion,2026-08-10 00:00,drought,drought,49.1,35.0,True,True,True,True,False,False,hold,resample_before_action
fixed_weighted_fusion,2026-08-10 01:00,drought,drought,69.6,0.0,False,False,False,False,False,False,execute,execute_recommended_action
fixed_weighted_fusion,2026-08-10 02:00,drought,drought,48.9,35.0,True,True,True,True,False,False,hold,resample_before_action
fixed_weighted_fusion,2026-08-10 03:00,drought,drought,48.9,35.0,True,True,True,True,False,False,hold,resample_before_action
fixed_weighted_fusion,2026-08-10 04:00,drought,drought,45.3,35.0,True,True,True,True,False,False,hold,resample_before_action
fixed_weighted_fusion,2026-08-10 05:00,drought,drought,45.0,35.0,True,True,True,True,False,False,hold,resample_before_action
fixed_weighted_fusion,2026-08-10 06:00,drought,drought,48.9,35.0,True,True,True,True,False,False,hold,resample_before_action
fixed_weighted_fusion,2026-08-10 07:00,drought,drought,68.8,0.0,False,False,False,False,False,False,execute,execute_recommended_action
fixed_weighted_fusion,2026-08-10 08:00,drought,drought,49.1,35.0,True,True,True,True,False,False,hold,resample_before_action
fixed_weighted_fusion,2026-08-10 09:00,drought,drought,72.4,0.0,False,False,False,False,False,False,execute,execute_recommended_action
fixed_weighted_fusion,2026-08-10 10:00,drought,drought,72.7,0.0,False,False,False,False,False,False,execute,execute_recommended_action
fixed_weighted_fusion,2026-08-10 11:00,drought,drought,73.0,0.0,False,False,False,False,False,False,execute,execute_recommended_action
fixed_weighted_fusion,2026-08-10 12:00,drought,drought,69.7,0.0,False,False,False,False,False,False,execute,execute_recommended_action
fixed_weighted_fusion,2026-08-10 13:00,drought,drought,45.1,35.0,True,True,True,True,False,False,hold,resample_before_action
fixed_weighted_fusion,2026-08-10 14:00,drought,drought,45.6,35.0,True,True,True,True,False,False,hold,resample_before_action
fixed_weighted_fusion,2026-08-10 15:00,drought,drought,45.0,35.0,True,True,True,True,False,False,hold,resample_before_action
fixed_weighted_fusion,2026-08-10 16:00,drought,drought,45.2,35.0,True,True,True,True,False,False,hold,resample_before_action
fixed_weighted_fusion,2026-08-10 17:00,low_light,pest,57.6,12.0,False,False,False,False,False,False,hold,monitor_more_context
fixed_weighted_fusion,2026-08-10 18:00,healthy,healthy,11.8,0.0,False,False,False,False,False,False,observe,routine_patrol
fixed_weighted_fusion,2026-08-10 19:00,healthy,healthy,11.6,0.0,False,False,False,False,False,False,observe,routine_patrol
fixed_weighted_fusion,2026-08-10 20:00,healthy,healthy,12.1,0.0,False,False,False,False,False,False,observe,routine_patrol
fixed_weighted_fusion,2026-08-10 21:00,healthy,healthy,11.8,0.0,False,False,False,False,False,False,observe,routine_patrol
fixed_weighted_fusion,2026-08-10 22:00,healthy,healthy,12.0,0.0,False,False,False,False,False,False,observe,routine_patrol
fixed_weighted_fusion,2026-08-10 23:00,pest,healthy,32.1,0.0,False,False,False,False,False,False,observe,routine_patrol
fixed_weighted_fusion,2026-08-11 00:00,healthy,healthy,11.8,0.0,False,False,False,False,False,False,observe,routine_patrol
fixed_weighted_fusion,2026-08-11 01:00,healthy,healthy,11.9,0.0,False,False,False,False,False,False,observe,routine_patrol
fixed_weighted_fusion,2026-08-11 02:00,healthy,healthy,11.4,0.0,False,False,False,False,False,False,observe,routine_patrol
fixed_weighted_fusion,2026-08-11 03:00,healthy,healthy,11.8,0.0,False,False,False,False,False,False,observe,routine_patrol
fixed_weighted_fusion,2026-08-11 04:00,healthy,healthy,11.3,0.0,False,False,False,False,False,False,observe,routine_patrol
fixed_weighted_fusion,2026-08-11 05:00,healthy,healthy,11.3,0.0,False,False,False,False,False,False,observe,routine_patrol
fixed_weighted_fusion,2026-08-11 06:00,healthy,healthy,11.3,0.0,False,False,False,False,False,False,observe,routine_patrol
fixed_weighted_fusion,2026-08-11 07:00,healthy,healthy,11.8,0.0,False,False,False,False,False,False,observe,routine_patrol
fixed_weighted_fusion,2026-08-11 08:00,healthy,healthy,11.5,0.0,False,False,False,False,False,False,observe,routine_patrol
fixed_weighted_fusion,2026-08-11 09:00,healthy,healthy,11.3,0.0,False,False,False,False,False,False,observe,routine_patrol
fixed_weighted_fusion,2026-08-11 10:00,healthy,healthy,28.3,44.0,True,True,False,False,False,False,hold,monitor_more_context
fixed_weighted_fusion,2026-08-11 11:00,healthy,healthy,11.5,0.0,False,False,False,False,False,False,observe,routine_patrol
fixed_weighted_fusion,2026-08-11 12:00,drought,drought,45.5,35.0,True,True,True,True,False,False,hold,resample_before_action
fixed_weighted_fusion,2026-08-11 13:00,drought,drought,45.2,35.0,True,True,True,True,False,False,hold,resample_before_action
fixed_weighted_fusion,2026-08-11 14:00,drought,drought,45.0,35.0,True,True,True,True,False,False,hold,resample_before_action
fixed_weighted_fusion,2026-08-11 15:00,drought,drought,45.7,35.0,True,True,True,True,False,False,hold,resample_before_action
fixed_weighted_fusion,2026-08-11 16:00,healthy,waterlogging,45.0,47.0,True,True,True,True,False,False,hold,resample_before_action
fixed_weighted_fusion,2026-08-11 17:00,low_light,healthy,27.8,0.0,False,False,False,False,False,False,observe,routine_patrol
fixed_weighted_fusion,2026-08-11 18:00,healthy,waterlogging,45.0,47.0,True,True,True,True,False,False,hold,resample_before_action
fixed_weighted_fusion,2026-08-11 19:00,healthy,healthy,11.4,0.0,False,False,False,False,False,False,observe,routine_patrol
fixed_weighted_fusion,2026-08-11 20:00,healthy,healthy,11.9,0.0,False,False,False,False,False,False,observe,routine_patrol
fixed_weighted_fusion,2026-08-11 21:00,healthy,healthy,11.8,0.0,False,False,False,False,False,False,observe,routine_patrol
fixed_weighted_fusion,2026-08-11 22:00,healthy,healthy,11.8,0.0,False,False,False,False,False,False,observe,routine_patrol
fixed_weighted_fusion,2026-08-11 23:00,pest,healthy,32.8,0.0,False,False,False,False,False,False,observe,routine_patrol
fixed_weighted_fusion,2026-08-12 00:00,healthy,healthy,11.6,0.0,False,False,False,False,False,False,observe,routine_patrol
fixed_weighted_fusion,2026-08-12 01:00,healthy,healthy,12.0,0.0,False,False,False,False,False,False,observe,routine_patrol
fixed_weighted_fusion,2026-08-12 02:00,healthy,healthy,11.9,0.0,False,False,False,False,False,False,observe,routine_patrol
fixed_weighted_fusion,2026-08-12 03:00,healthy,healthy,11.4,0.0,False,False,False,False,False,False,observe,routine_patrol
fixed_weighted_fusion,2026-08-12 04:00,healthy,healthy,11.5,0.0,False,False,False,False,False,False,observe,routine_patrol
fixed_weighted_fusion,2026-08-12 05:00,healthy,healthy,11.8,0.0,False,False,False,False,False,False,observe,routine_patrol
fixed_weighted_fusion,2026-08-12 06:00,healthy,healthy,11.6,0.0,False,False,False,False,False,False,observe,routine_patrol
fixed_weighted_fusion,2026-08-12 07:00,healthy,healthy,11.3,0.0,False,False,False,False,False,False,observe,routine_patrol
fixed_weighted_fusion,2026-08-12 08:00,healthy,healthy,11.2,0.0,False,False,False,False,False,False,observe,routine_patrol
fixed_weighted_fusion,2026-08-12 09:00,healthy,healthy,11.5,0.0,False,False,False,False,False,False,observe,routine_patrol
fixed_weighted_fusion,2026-08-12 10:00,pest,healthy,32.8,0.0,False,False,False,False,False,False,observe,routine_patrol
fixed_weighted_fusion,2026-08-12 11:00,healthy,healthy,11.6,0.0,False,False,False,False,False,False,observe,routine_patrol
fixed_weighted_fusion,2026-08-12 12:00,healthy,healthy,11.7,0.0,False,False,False,False,False,False,observe,routine_patrol
fixed_weighted_fusion,2026-08-12 13:00,healthy,healthy,11.8,0.0,False,False,False,False,False,False,observe,routine_patrol
fixed_weighted_fusion,2026-08-12 14:00,healthy,healthy,11.8,0.0,False,False,False,False,False,False,observe,routine_patrol
fixed_weighted_fusion,2026-08-12 15:00,healthy,healthy,12.0,0.0,False,False,False,False,False,False,observe,routine_patrol
fixed_weighted_fusion,2026-08-12 16:00,pest,healthy,32.2,0.0,False,False,False,False,False,False,observe,routine_patrol
fixed_weighted_fusion,2026-08-12 17:00,healthy,healthy,31.6,0.0,False,False,False,False,False,False,observe,routine_patrol
fixed_weighted_fusion,2026-08-12 18:00,healthy,healthy,11.9,0.0,False,False,False,False,False,False,observe,routine_patrol
fixed_weighted_fusion,2026-08-12 19:00,healthy,healthy,11.3,0.0,False,False,False,False,False,False,observe,routine_patrol
fixed_weighted_fusion,2026-08-12 20:00,healthy,healthy,11.6,0.0,False,False,False,False,False,False,observe,routine_patrol
fixed_weighted_fusion,2026-08-12 21:00,healthy,healthy,11.7,0.0,False,False,False,False,False,False,observe,routine_patrol
fixed_weighted_fusion,2026-08-12 22:00,healthy,healthy,12.0,0.0,False,False,False,False,False,False,observe,routine_patrol
fixed_weighted_fusion,2026-08-12 23:00,healthy,healthy,11.8,0.0,False,False,False,False,False,False,observe,routine_patrol
fixed_weighted_fusion,2026-08-13 00:00,healthy,healthy,11.9,0.0,False,False,False,False,False,False,observe,routine_patrol
fixed_weighted_fusion,2026-08-13 01:00,healthy,healthy,12.1,0.0,False,False,False,False,False,False,observe,routine_patrol
fixed_weighted_fusion,2026-08-13 02:00,healthy,healthy,11.3,0.0,False,False,False,False,False,False,observe,routine_patrol
fixed_weighted_fusion,2026-08-13 03:00,healthy,healthy,11.3,0.0,False,False,False,False,False,False,observe,routine_patrol
fixed_weighted_fusion,2026-08-13 04:00,healthy,healthy,11.6,0.0,False,False,False,False,False,False,observe,routine_patrol
fixed_weighted_fusion,2026-08-13 05:00,healthy,healthy,11.4,0.0,False,False,False,False,False,False,observe,routine_patrol
fixed_weighted_fusion,2026-08-13 06:00,pest,healthy,32.8,0.0,False,False,False,False,False,False,observe,routine_patrol
fixed_weighted_fusion,2026-08-13 07:00,healthy,healthy,11.4,0.0,False,False,False,False,False,False,observe,routine_patrol
fixed_weighted_fusion,2026-08-13 08:00,healthy,healthy,11.9,0.0,False,False,False,False,False,False,observe,routine_patrol
fixed_weighted_fusion,2026-08-13 09:00,healthy,waterlogging,45.0,47.0,True,True,True,True,False,False,hold,resample_before_action
fixed_weighted_fusion,2026-08-13 10:00,healthy,healthy,11.3,0.0,False,False,False,False,False,False,observe,routine_patrol
fixed_weighted_fusion,2026-08-13 11:00,healthy,healthy,11.6,0.0,False,False,False,False,False,False,observe,routine_patrol
fixed_weighted_fusion,2026-08-13 12:00,healthy,healthy,11.6,0.0,False,False,False,False,False,False,observe,routine_patrol
fixed_weighted_fusion,2026-08-13 13:00,healthy,healthy,11.6,0.0,False,False,False,False,False,False,observe,routine_patrol
fixed_weighted_fusion,2026-08-13 14:00,healthy,healthy,11.6,0.0,False,False,False,False,False,False,observe,routine_patrol
fixed_weighted_fusion,2026-08-13 15:00,waterlogging,waterlogging,69.3,0.0,False,False,False,False,False,False,execute,execute_recommended_action
fixed_weighted_fusion,2026-08-13 16:00,healthy,healthy,12.2,0.0,False,False,False,False,False,False,observe,routine_patrol
fixed_weighted_fusion,2026-08-13 17:00,healthy,healthy,11.3,0.0,False,False,False,False,False,False,observe,routine_patrol
fixed_weighted_fusion,2026-08-13 18:00,healthy,healthy,11.3,0.0,False,False,False,False,False,False,observe,routine_patrol
fixed_weighted_fusion,2026-08-13 19:00,healthy,healthy,11.5,0.0,False,False,False,False,False,False,observe,routine_patrol
fixed_weighted_fusion,2026-08-13 20:00,healthy,healthy,11.6,0.0,False,False,False,False,False,False,observe,routine_patrol
fixed_weighted_fusion,2026-08-13 21:00,healthy,healthy,11.8,0.0,False,False,False,False,False,False,observe,routine_patrol
fixed_weighted_fusion,2026-08-13 22:00,healthy,healthy,11.3,0.0,False,False,False,False,False,False,observe,routine_patrol
fixed_weighted_fusion,2026-08-13 23:00,healthy,healthy,11.6,0.0,False,False,False,False,False,False,observe,routine_patrol
fixed_weighted_fusion,2026-08-14 00:00,healthy,healthy,11.8,0.0,False,False,False,False,False,False,observe,routine_patrol
fixed_weighted_fusion,2026-08-14 01:00,healthy,healthy,28.3,44.0,True,True,False,False,False,False,hold,monitor_more_context
fixed_weighted_fusion,2026-08-14 02:00,healthy,healthy,11.8,0.0,False,False,False,False,False,False,observe,routine_patrol
fixed_weighted_fusion,2026-08-14 03:00,healthy,healthy,11.4,0.0,False,False,False,False,False,False,observe,routine_patrol
fixed_weighted_fusion,2026-08-14 04:00,healthy,healthy,12.2,0.0,False,False,False,False,False,False,observe,routine_patrol
fixed_weighted_fusion,2026-08-14 05:00,healthy,healthy,12.1,0.0,False,False,False,False,False,False,observe,routine_patrol
fixed_weighted_fusion,2026-08-14 06:00,healthy,healthy,12.0,0.0,False,False,False,False,False,False,observe,routine_patrol
fixed_weighted_fusion,2026-08-14 07:00,healthy,healthy,12.1,0.0,False,False,False,False,False,False,observe,routine_patrol
fixed_weighted_fusion,2026-08-14 08:00,healthy,healthy,12.2,0.0,False,False,False,False,False,False,observe,routine_patrol
fixed_weighted_fusion,2026-08-14 09:00,healthy,healthy,12.0,0.0,False,False,False,False,False,False,observe,routine_patrol
fixed_weighted_fusion,2026-08-14 10:00,healthy,healthy,11.4,0.0,False,False,False,False,False,False,observe,routine_patrol
fixed_weighted_fusion,2026-08-14 11:00,healthy,healthy,12.2,0.0,False,False,False,False,False,False,observe,routine_patrol
fixed_weighted_fusion,2026-08-14 12:00,healthy,healthy,11.5,0.0,False,False,False,False,False,False,observe,routine_patrol
fixed_weighted_fusion,2026-08-14 13:00,healthy,healthy,11.5,0.0,False,False,False,False,False,False,observe,routine_patrol
fixed_weighted_fusion,2026-08-14 14:00,healthy,healthy,11.5,0.0,False,False,False,False,False,False,observe,routine_patrol
fixed_weighted_fusion,2026-08-14 15:00,healthy,healthy,11.3,0.0,False,False,False,False,False,False,observe,routine_patrol
fixed_weighted_fusion,2026-08-14 16:00,healthy,healthy,12.1,0.0,False,False,False,False,False,False,observe,routine_patrol
fixed_weighted_fusion,2026-08-14 17:00,healthy,healthy,11.6,0.0,False,False,False,False,False,False,observe,routine_patrol
fixed_weighted_fusion,2026-08-14 18:00,healthy,healthy,11.9,0.0,False,False,False,False,False,False,observe,routine_patrol
fixed_weighted_fusion,2026-08-14 19:00,healthy,healthy,11.4,0.0,False,False,False,False,False,False,observe,routine_patrol
fixed_weighted_fusion,2026-08-14 20:00,healthy,healthy,12.0,0.0,False,False,False,False,False,False,observe,routine_patrol
fixed_weighted_fusion,2026-08-14 21:00,healthy,healthy,11.5,0.0,False,False,False,False,False,False,observe,routine_patrol
fixed_weighted_fusion,2026-08-14 22:00,healthy,healthy,11.8,0.0,False,False,False,False,False,False,observe,routine_patrol
fixed_weighted_fusion,2026-08-14 23:00,healthy,healthy,11.4,0.0,False,False,False,False,False,False,observe,routine_patrol
fixed_weighted_fusion,2026-08-15 00:00,healthy,healthy,11.2,0.0,False,False,False,False,False,False,observe,routine_patrol
fixed_weighted_fusion,2026-08-15 01:00,healthy,healthy,11.2,0.0,False,False,False,False,False,False,observe,routine_patrol
fixed_weighted_fusion,2026-08-15 02:00,healthy,healthy,11.4,0.0,False,False,False,False,False,False,observe,routine_patrol
fixed_weighted_fusion,2026-08-15 03:00,healthy,healthy,11.6,0.0,False,False,False,False,False,False,observe,routine_patrol
fixed_weighted_fusion,2026-08-15 04:00,healthy,healthy,12.1,0.0,False,False,False,False,False,False,observe,routine_patrol
fixed_weighted_fusion,2026-08-15 05:00,healthy,healthy,11.8,0.0,False,False,False,False,False,False,observe,routine_patrol
fixed_weighted_fusion,2026-08-15 06:00,healthy,healthy,12.0,0.0,False,False,False,False,False,False,observe,routine_patrol
fixed_weighted_fusion,2026-08-15 07:00,healthy,healthy,11.5,0.0,False,False,False,False,False,False,observe,routine_patrol
fixed_weighted_fusion,2026-08-15 08:00,healthy,healthy,12.0,0.0,False,False,False,False,False,False,observe,routine_patrol
fixed_weighted_fusion,2026-08-15 09:00,healthy,healthy,11.5,0.0,False,False,False,False,False,False,observe,routine_patrol
fixed_weighted_fusion,2026-08-15 10:00,healthy,healthy,11.3,0.0,False,False,False,False,False,False,observe,routine_patrol
fixed_weighted_fusion,2026-08-15 11:00,healthy,healthy,11.8,0.0,False,False,False,False,False,False,observe,routine_patrol
fixed_weighted_fusion,2026-08-15 12:00,healthy,healthy,11.4,0.0,False,False,False,False,False,False,observe,routine_patrol
fixed_weighted_fusion,2026-08-15 13:00,healthy,healthy,12.0,0.0,False,False,False,False,False,False,observe,routine_patrol
fixed_weighted_fusion,2026-08-15 14:00,drought,drought,45.6,35.0,True,True,True,True,False,False,hold,resample_before_action
fixed_weighted_fusion,2026-08-15 15:00,drought,drought,45.5,35.0,True,True,True,True,False,False,hold,resample_before_action
fixed_weighted_fusion,2026-08-15 16:00,drought,drought,45.3,35.0,True,True,True,True,False,False,hold,resample_before_action
fixed_weighted_fusion,2026-08-15 17:00,drought,drought,45.3,35.0,True,True,True,True,False,False,hold,resample_before_action
fixed_weighted_fusion,2026-08-15 18:00,drought,drought,45.6,35.0,True,True,True,True,False,False,hold,resample_before_action
fixed_weighted_fusion,2026-08-15 19:00,drought,drought,45.0,35.0,True,True,True,True,False,False,hold,resample_before_action
fixed_weighted_fusion,2026-08-15 20:00,drought,drought,45.0,35.0,True,True,True,True,False,False,hold,resample_before_action
fixed_weighted_fusion,2026-08-15 21:00,drought,drought,66.4,0.0,False,False,False,False,False,False,execute,execute_recommended_action
fixed_weighted_fusion,2026-08-15 22:00,drought,drought,45.7,35.0,True,True,True,True,False,False,hold,resample_before_action
fixed_weighted_fusion,2026-08-15 23:00,drought,drought,45.3,35.0,True,True,True,True,False,False,hold,resample_before_action
fixed_weighted_fusion,2026-08-16 00:00,drought,drought,45.0,35.0,True,True,True,True,False,False,hold,resample_before_action
fixed_weighted_fusion,2026-08-16 01:00,drought,drought,45.0,35.0,True,True,True,True,False,False,hold,resample_before_action
fixed_weighted_fusion,2026-08-16 02:00,drought,drought,45.2,35.0,True,True,True,True,False,False,hold,resample_before_action
fixed_weighted_fusion,2026-08-16 03:00,drought,drought,45.5,35.0,True,True,True,True,False,False,hold,resample_before_action
fixed_weighted_fusion,2026-08-16 04:00,drought,drought,45.6,35.0,True,True,True,True,False,False,hold,resample_before_action
fixed_weighted_fusion,2026-08-16 05:00,drought,drought,45.2,35.0,True,True,True,True,False,False,hold,resample_before_action
fixed_weighted_fusion,2026-08-16 06:00,drought,drought,45.3,35.0,True,True,True,True,False,False,hold,resample_before_action
fixed_weighted_fusion,2026-08-16 07:00,drought,drought,45.3,35.0,True,True,True,True,False,False,hold,resample_before_action
fixed_weighted_fusion,2026-08-16 08:00,drought,drought,45.6,35.0,True,True,True,True,False,False,hold,resample_before_action
fixed_weighted_fusion,2026-08-16 09:00,drought,drought,69.1,0.0,False,False,False,False,False,False,execute,execute_recommended_action
fixed_weighted_fusion,2026-08-16 10:00,drought,drought,72.9,0.0,False,False,False,False,False,False,execute,execute_recommended_action
fixed_weighted_fusion,2026-08-16 11:00,drought,drought,72.3,0.0,False,False,False,False,False,False,execute,execute_recommended_action
fixed_weighted_fusion,2026-08-16 12:00,drought,drought,72.8,0.0,False,False,False,False,False,False,execute,execute_recommended_action
fixed_weighted_fusion,2026-08-16 13:00,drought,drought,73.2,0.0,False,False,False,False,False,False,execute,execute_recommended_action
fixed_weighted_fusion,2026-08-16 14:00,drought,drought,73.1,0.0,False,False,False,False,False,False,execute,execute_recommended_action
fixed_weighted_fusion,2026-08-16 15:00,drought,drought,72.4,0.0,False,False,False,False,False,False,execute,execute_recommended_action
fixed_weighted_fusion,2026-08-16 16:00,drought,drought,73.2,0.0,False,False,False,False,False,False,execute,execute_recommended_action
fixed_weighted_fusion,2026-08-16 17:00,drought,drought,48.3,35.0,True,True,True,True,False,False,hold,resample_before_action
fixed_weighted_fusion,2026-08-16 18:00,drought,drought,65.4,44.0,True,True,False,False,False,False,hold,recheck_before_action
fixed_weighted_fusion,2026-08-16 19:00,drought,drought,48.8,35.0,True,True,True,True,False,False,hold,resample_before_action
fixed_weighted_fusion,2026-08-16 20:00,drought,drought,48.6,35.0,True,True,True,True,False,False,hold,resample_before_action
fixed_weighted_fusion,2026-08-16 21:00,drought,drought,48.9,35.0,True,True,True,True,False,False,hold,resample_before_action
fixed_weighted_fusion,2026-08-16 22:00,drought,drought,48.4,35.0,True,True,True,True,False,False,hold,resample_before_action
fixed_weighted_fusion,2026-08-16 23:00,drought,drought,48.7,35.0,True,True,True,True,False,False,hold,resample_before_action
fixed_weighted_fusion,2026-08-17 00:00,drought,drought,48.6,35.0,True,True,True,True,False,False,hold,resample_before_action
fixed_weighted_fusion,2026-08-17 01:00,drought,drought,69.3,0.0,False,False,False,False,False,False,execute,execute_recommended_action
fixed_weighted_fusion,2026-08-17 02:00,drought,drought,48.4,35.0,True,True,True,True,False,False,hold,resample_before_action
fixed_weighted_fusion,2026-08-17 03:00,drought,drought,48.7,35.0,True,True,True,True,False,False,hold,resample_before_action
fixed_weighted_fusion,2026-08-17 04:00,drought,drought,65.4,44.0,True,True,False,False,False,False,hold,recheck_before_action
fixed_weighted_fusion,2026-08-17 05:00,drought,drought,49.1,35.0,True,True,True,True,False,False,hold,resample_before_action
fixed_weighted_fusion,2026-08-17 06:00,drought,drought,48.7,35.0,True,True,True,True,False,False,hold,resample_before_action
fixed_weighted_fusion,2026-08-17 07:00,drought,drought,48.4,35.0,True,True,True,True,False,False,hold,resample_before_action
fixed_weighted_fusion,2026-08-17 08:00,drought,drought,72.4,0.0,False,False,False,False,False,False,execute,execute_recommended_action
fixed_weighted_fusion,2026-08-17 09:00,drought,drought,72.5,0.0,False,False,False,False,False,False,execute,execute_recommended_action
fixed_weighted_fusion,2026-08-17 10:00,drought,drought,72.6,0.0,False,False,False,False,False,False,execute,execute_recommended_action
fixed_weighted_fusion,2026-08-17 11:00,drought,drought,73.4,0.0,False,False,False,False,False,False,execute,execute_recommended_action
fixed_weighted_fusion,2026-08-17 12:00,drought,drought,73.4,0.0,False,False,False,False,False,False,execute,execute_recommended_action
fixed_weighted_fusion,2026-08-17 13:00,drought,drought,73.5,0.0,False,False,False,False,False,False,execute,execute_recommended_action
fixed_weighted_fusion,2026-08-17 14:00,drought,drought,72.3,0.0,False,False,False,False,False,False,execute,execute_recommended_action
fixed_weighted_fusion,2026-08-17 15:00,drought,drought,73.2,0.0,False,False,False,False,False,False,execute,execute_recommended_action
fixed_weighted_fusion,2026-08-17 16:00,drought,drought,72.4,0.0,False,False,False,False,False,False,execute,execute_recommended_action
fixed_weighted_fusion,2026-08-17 17:00,drought,drought,49.2,35.0,True,True,True,True,False,False,hold,resample_before_action
fixed_weighted_fusion,2026-08-17 18:00,drought,drought,48.7,35.0,True,True,True,True,False,False,hold,resample_before_action
fixed_weighted_fusion,2026-08-17 19:00,drought,drought,49.1,35.0,True,True,True,True,False,False,hold,resample_before_action
fixed_weighted_fusion,2026-08-17 20:00,drought,drought,49.1,35.0,True,True,True,True,False,False,hold,resample_before_action
fixed_weighted_fusion,2026-08-17 21:00,drought,drought,48.7,35.0,True,True,True,True,False,False,hold,resample_before_action
fixed_weighted_fusion,2026-08-17 22:00,drought,drought,48.5,35.0,True,True,True,True,False,False,hold,resample_before_action
fixed_weighted_fusion,2026-08-17 23:00,drought,drought,48.9,35.0,True,True,True,True,False,False,hold,resample_before_action
fixed_weighted_fusion,2026-08-18 00:00,healthy,drought,45.0,47.0,True,True,True,True,False,False,hold,resample_before_action
fixed_weighted_fusion,2026-08-18 01:00,drought,drought,47.5,47.0,True,True,True,True,False,False,hold,resample_before_action
fixed_weighted_fusion,2026-08-18 02:00,healthy,waterlogging,45.0,47.0,True,True,True,True,False,False,hold,resample_before_action
fixed_weighted_fusion,2026-08-18 03:00,healthy,healthy,12.0,0.0,False,False,False,False,False,False,observe,routine_patrol
fixed_weighted_fusion,2026-08-18 04:00,healthy,healthy,12.0,0.0,False,False,False,False,False,False,observe,routine_patrol
fixed_weighted_fusion,2026-08-18 05:00,healthy,healthy,12.2,0.0,False,False,False,False,False,False,observe,routine_patrol
fixed_weighted_fusion,2026-08-18 06:00,healthy,healthy,11.3,0.0,False,False,False,False,False,False,observe,routine_patrol
fixed_weighted_fusion,2026-08-18 07:00,healthy,healthy,12.0,0.0,False,False,False,False,False,False,observe,routine_patrol
fixed_weighted_fusion,2026-08-18 08:00,drought,drought,45.5,35.0,True,True,True,True,False,False,hold,resample_before_action
fixed_weighted_fusion,2026-08-18 09:00,drought,drought,65.1,0.0,False,False,False,False,False,False,execute,execute_recommended_action
fixed_weighted_fusion,2026-08-18 10:00,drought,drought,48.0,47.0,True,True,True,True,False,False,hold,resample_before_action
fixed_weighted_fusion,2026-08-18 11:00,drought,drought,45.3,35.0,True,True,True,True,False,False,hold,resample_before_action
fixed_weighted_fusion,2026-08-18 12:00,drought,drought,45.3,35.0,True,True,True,True,False,False,hold,resample_before_action
fixed_weighted_fusion,2026-08-18 13:00,drought,drought,71.4,0.0,False,False,False,False,False,False,execute,execute_recommended_action
fixed_weighted_fusion,2026-08-18 14:00,drought,drought,71.8,0.0,False,False,False,False,False,False,execute,execute_recommended_action
fixed_weighted_fusion,2026-08-18 15:00,drought,drought,72.8,0.0,False,False,False,False,False,False,execute,execute_recommended_action
fixed_weighted_fusion,2026-08-18 16:00,drought,drought,72.4,0.0,False,False,False,False,False,False,execute,execute_recommended_action
fixed_weighted_fusion,2026-08-18 17:00,drought,drought,49.2,35.0,True,True,True,True,False,False,hold,resample_before_action
fixed_weighted_fusion,2026-08-18 18:00,drought,drought,49.2,35.0,True,True,True,True,False,False,hold,resample_before_action
fixed_weighted_fusion,2026-08-18 19:00,drought,drought,48.7,35.0,True,True,True,True,False,False,hold,resample_before_action
fixed_weighted_fusion,2026-08-18 20:00,drought,drought,48.7,35.0,True,True,True,True,False,False,hold,resample_before_action
fixed_weighted_fusion,2026-08-18 21:00,drought,drought,48.9,35.0,True,True,True,True,False,False,hold,resample_before_action
fixed_weighted_fusion,2026-08-18 22:00,drought,drought,48.6,35.0,True,True,True,True,False,False,hold,resample_before_action
fixed_weighted_fusion,2026-08-18 23:00,drought,drought,64.5,56.0,True,True,False,False,False,False,hold,recheck_before_action
fixed_weighted_fusion,2026-08-19 00:00,healthy,healthy,11.2,0.0,False,False,False,False,False,False,observe,routine_patrol
fixed_weighted_fusion,2026-08-19 01:00,healthy,healthy,12.2,0.0,False,False,False,False,False,False,observe,routine_patrol
fixed_weighted_fusion,2026-08-19 02:00,healthy,healthy,11.8,0.0,False,False,False,False,False,False,observe,routine_patrol
fixed_weighted_fusion,2026-08-19 03:00,healthy,healthy,11.6,0.0,False,False,False,False,False,False,observe,routine_patrol
fixed_weighted_fusion,2026-08-19 04:00,healthy,healthy,11.7,0.0,False,False,False,False,False,False,observe,routine_patrol
fixed_weighted_fusion,2026-08-19 05:00,healthy,healthy,11.3,0.0,False,False,False,False,False,False,observe,routine_patrol
fixed_weighted_fusion,2026-08-19 06:00,healthy,healthy,11.9,0.0,False,False,False,False,False,False,observe,routine_patrol
fixed_weighted_fusion,2026-08-19 07:00,healthy,healthy,11.3,0.0,False,False,False,False,False,False,observe,routine_patrol
fixed_weighted_fusion,2026-08-19 08:00,healthy,healthy,12.0,0.0,False,False,False,False,False,False,observe,routine_patrol
fixed_weighted_fusion,2026-08-19 09:00,drought,drought,45.2,35.0,True,True,True,True,False,False,hold,resample_before_action
fixed_weighted_fusion,2026-08-19 10:00,drought,drought,47.7,47.0,True,True,True,True,False,False,hold,resample_before_action
fixed_weighted_fusion,2026-08-19 11:00,drought,drought,48.4,47.0,True,True,True,True,False,False,hold,resample_before_action
fixed_weighted_fusion,2026-08-19 12:00,drought,drought,71.8,0.0,False,False,False,False,False,False,execute,execute_recommended_action
fixed_weighted_fusion,2026-08-19 13:00,drought,drought,68.9,0.0,False,False,False,False,False,False,execute,execute_recommended_action
fixed_weighted_fusion,2026-08-19 14:00,drought,drought,73.4,0.0,False,False,False,False,False,False,execute,execute_recommended_action
fixed_weighted_fusion,2026-08-19 15:00,drought,drought,72.6,0.0,False,False,False,False,False,False,execute,execute_recommended_action
fixed_weighted_fusion,2026-08-19 16:00,drought,drought,72.9,0.0,False,False,False,False,False,False,execute,execute_recommended_action
fixed_weighted_fusion,2026-08-19 17:00,drought,drought,48.6,35.0,True,True,True,True,False,False,hold,resample_before_action
fixed_weighted_fusion,2026-08-19 18:00,drought,drought,48.9,35.0,True,True,True,True,False,False,hold,resample_before_action
fixed_weighted_fusion,2026-08-19 19:00,drought,drought,48.9,35.0,True,True,True,True,False,False,hold,resample_before_action
fixed_weighted_fusion,2026-08-19 20:00,drought,drought,48.6,35.0,True,True,True,True,False,False,hold,resample_before_action
fixed_weighted_fusion,2026-08-19 21:00,drought,drought,49.3,35.0,True,True,True,True,False,False,hold,resample_before_action
fixed_weighted_fusion,2026-08-19 22:00,drought,drought,48.9,35.0,True,True,True,True,False,False,hold,resample_before_action
fixed_weighted_fusion,2026-08-19 23:00,drought,drought,48.8,35.0,True,True,True,True,False,False,hold,resample_before_action
fixed_weighted_fusion,2026-08-20 00:00,drought,drought,48.9,35.0,True,True,True,True,False,False,hold,resample_before_action
fixed_weighted_fusion,2026-08-20 01:00,drought,drought,48.6,35.0,True,True,True,True,False,False,hold,resample_before_action
fixed_weighted_fusion,2026-08-20 02:00,drought,drought,48.9,35.0,True,True,True,True,False,False,hold,resample_before_action
fixed_weighted_fusion,2026-08-20 03:00,drought,drought,49.1,35.0,True,True,True,True,False,False,hold,resample_before_action
fixed_weighted_fusion,2026-08-20 04:00,drought,drought,49.2,35.0,True,True,True,True,False,False,hold,resample_before_action
fixed_weighted_fusion,2026-08-20 05:00,drought,drought,49.1,35.0,True,True,True,True,False,False,hold,resample_before_action
fixed_weighted_fusion,2026-08-20 06:00,drought,drought,65.4,44.0,True,True,False,False,False,False,hold,recheck_before_action
fixed_weighted_fusion,2026-08-20 07:00,drought,drought,73.0,0.0,False,False,False,False,False,False,execute,execute_recommended_action
fixed_weighted_fusion,2026-08-20 08:00,drought,drought,72.5,0.0,False,False,False,False,False,False,execute,execute_recommended_action
fixed_weighted_fusion,2026-08-20 09:00,drought,drought,74.1,0.0,False,False,False,False,False,False,execute,execute_recommended_action
fixed_weighted_fusion,2026-08-20 10:00,drought,drought,73.7,0.0,False,False,False,False,False,False,execute,execute_recommended_action
fixed_weighted_fusion,2026-08-20 11:00,drought,drought,74.3,0.0,False,False,False,False,False,False,execute,execute_recommended_action
fixed_weighted_fusion,2026-08-20 12:00,drought,drought,72.5,0.0,False,False,False,False,False,False,execute,execute_recommended_action
fixed_weighted_fusion,2026-08-20 13:00,drought,drought,72.5,0.0,False,False,False,False,False,False,execute,execute_recommended_action
fixed_weighted_fusion,2026-08-20 14:00,drought,drought,72.2,0.0,False,False,False,False,False,False,execute,execute_recommended_action
fixed_weighted_fusion,2026-08-20 15:00,drought,drought,73.2,0.0,False,False,False,False,False,False,execute,execute_recommended_action
fixed_weighted_fusion,2026-08-20 16:00,drought,drought,73.2,0.0,False,False,False,False,False,False,execute,execute_recommended_action
fixed_weighted_fusion,2026-08-20 17:00,drought,drought,72.5,0.0,False,False,False,False,False,False,execute,execute_recommended_action
fixed_weighted_fusion,2026-08-20 18:00,drought,drought,48.4,35.0,True,True,True,True,False,False,hold,resample_before_action
fixed_weighted_fusion,2026-08-20 19:00,drought,drought,49.0,35.0,True,True,True,True,False,False,hold,resample_before_action
fixed_weighted_fusion,2026-08-20 20:00,drought,drought,48.4,35.0,True,True,True,True,False,False,hold,resample_before_action
fixed_weighted_fusion,2026-08-20 21:00,drought,drought,48.9,35.0,True,True,True,True,False,False,hold,resample_before_action
fixed_weighted_fusion,2026-08-20 22:00,drought,drought,45.7,35.0,True,True,True,True,False,False,hold,resample_before_action
fixed_weighted_fusion,2026-08-20 23:00,drought,drought,45.5,35.0,True,True,True,True,False,False,hold,resample_before_action
fixed_weighted_fusion,2026-08-21 00:00,healthy,healthy,12.1,0.0,False,False,False,False,False,False,observe,routine_patrol
fixed_weighted_fusion,2026-08-21 01:00,healthy,healthy,11.6,0.0,False,False,False,False,False,False,observe,routine_patrol
fixed_weighted_fusion,2026-08-21 02:00,healthy,healthy,11.8,0.0,False,False,False,False,False,False,observe,routine_patrol
fixed_weighted_fusion,2026-08-21 03:00,healthy,healthy,11.7,0.0,False,False,False,False,False,False,observe,routine_patrol
fixed_weighted_fusion,2026-08-21 04:00,drought,drought,45.0,35.0,True,True,True,True,False,False,hold,resample_before_action
fixed_weighted_fusion,2026-08-21 05:00,drought,drought,66.4,0.0,False,False,False,False,False,False,execute,execute_recommended_action
fixed_weighted_fusion,2026-08-21 06:00,healthy,waterlogging,45.0,47.0,True,True,True,True,False,False,hold,resample_before_action
fixed_weighted_fusion,2026-08-21 07:00,healthy,healthy,11.9,0.0,False,False,False,False,False,False,observe,routine_patrol
fixed_weighted_fusion,2026-08-21 08:00,healthy,healthy,28.3,44.0,True,True,False,False,False,False,hold,monitor_more_context
fixed_weighted_fusion,2026-08-21 09:00,heat,heat,45.0,47.0,True,True,True,True,False,False,hold,resample_before_action
fixed_weighted_fusion,2026-08-21 10:00,heat,heat,62.8,12.0,False,False,False,False,False,False,execute,execute_recommended_action
fixed_weighted_fusion,2026-08-21 11:00,heat,heat,45.0,47.0,True,True,True,True,False,False,hold,resample_before_action
fixed_weighted_fusion,2026-08-21 12:00,heat,heat,45.0,47.0,True,True,True,True,False,False,hold,resample_before_action
fixed_weighted_fusion,2026-08-21 13:00,healthy,healthy,11.8,0.0,False,False,False,False,False,False,observe,routine_patrol
fixed_weighted_fusion,2026-08-21 14:00,healthy,healthy,11.5,0.0,False,False,False,False,False,False,observe,routine_patrol
fixed_weighted_fusion,2026-08-21 15:00,healthy,healthy,11.8,0.0,False,False,False,False,False,False,observe,routine_patrol
fixed_weighted_fusion,2026-08-21 16:00,drought,drought,45.4,35.0,True,True,True,True,False,False,hold,resample_before_action
fixed_weighted_fusion,2026-08-21 17:00,drought,drought,45.3,35.0,True,True,True,True,False,False,hold,resample_before_action
fixed_weighted_fusion,2026-08-21 18:00,drought,drought,45.4,35.0,True,True,True,True,False,False,hold,resample_before_action
fixed_weighted_fusion,2026-08-21 19:00,drought,drought,45.2,35.0,True,True,True,True,False,False,hold,resample_before_action
fixed_weighted_fusion,2026-08-21 20:00,drought,drought,45.2,35.0,True,True,True,True,False,False,hold,resample_before_action
fixed_weighted_fusion,2026-08-21 21:00,drought,drought,45.2,35.0,True,True,True,True,False,False,hold,resample_before_action
fixed_weighted_fusion,2026-08-21 22:00,drought,drought,45.0,35.0,True,True,True,True,False,False,hold,resample_before_action
fixed_weighted_fusion,2026-08-21 23:00,drought,drought,45.5,35.0,True,True,True,True,False,False,hold,resample_before_action
fixed_weighted_fusion,2026-08-22 00:00,drought,drought,45.0,35.0,True,True,True,True,False,False,hold,resample_before_action
fixed_weighted_fusion,2026-08-22 01:00,drought,drought,45.0,35.0,True,True,True,True,False,False,hold,resample_before_action
fixed_weighted_fusion,2026-08-22 02:00,drought,drought,45.8,35.0,True,True,True,True,False,False,hold,resample_before_action
fixed_weighted_fusion,2026-08-22 03:00,drought,drought,45.5,35.0,True,True,True,True,False,False,hold,resample_before_action
fixed_weighted_fusion,2026-08-22 04:00,drought,drought,45.0,35.0,True,True,True,True,False,False,hold,resample_before_action
fixed_weighted_fusion,2026-08-22 05:00,drought,drought,45.0,35.0,True,True,True,True,False,False,hold,resample_before_action
fixed_weighted_fusion,2026-08-22 06:00,drought,drought,65.9,0.0,False,False,False,False,False,False,execute,execute_recommended_action
fixed_weighted_fusion,2026-08-22 07:00,drought,drought,45.1,35.0,True,True,True,True,False,False,hold,resample_before_action
fixed_weighted_fusion,2026-08-22 08:00,drought,drought,73.2,0.0,False,False,False,False,False,False,execute,execute_recommended_action
fixed_weighted_fusion,2026-08-22 09:00,drought,drought,73.2,0.0,False,False,False,False,False,False,execute,execute_recommended_action
fixed_weighted_fusion,2026-08-22 10:00,drought,drought,73.0,0.0,False,False,False,False,False,False,execute,execute_recommended_action
fixed_weighted_fusion,2026-08-22 11:00,drought,drought,73.5,0.0,False,False,False,False,False,False,execute,execute_recommended_action
fixed_weighted_fusion,2026-08-22 12:00,drought,drought,74.3,0.0,False,False,False,False,False,False,execute,execute_recommended_action
fixed_weighted_fusion,2026-08-22 13:00,drought,drought,74.2,0.0,False,False,False,False,False,False,execute,execute_recommended_action
fixed_weighted_fusion,2026-08-22 14:00,drought,drought,72.8,0.0,False,False,False,False,False,False,execute,execute_recommended_action
fixed_weighted_fusion,2026-08-22 15:00,drought,drought,72.5,0.0,False,False,False,False,False,False,execute,execute_recommended_action
fixed_weighted_fusion,2026-08-22 16:00,drought,drought,73.0,0.0,False,False,False,False,False,False,execute,execute_recommended_action
fixed_weighted_fusion,2026-08-22 17:00,drought,drought,48.4,35.0,True,True,True,True,False,False,hold,resample_before_action
fixed_weighted_fusion,2026-08-22 18:00,drought,drought,48.8,35.0,True,True,True,True,False,False,hold,resample_before_action
fixed_weighted_fusion,2026-08-22 19:00,drought,drought,48.3,35.0,True,True,True,True,False,False,hold,resample_before_action
fixed_weighted_fusion,2026-08-22 20:00,drought,drought,65.4,44.0,True,True,False,False,False,False,hold,recheck_before_action
fixed_weighted_fusion,2026-08-22 21:00,drought,drought,48.4,35.0,True,True,True,True,False,False,hold,resample_before_action
fixed_weighted_fusion,2026-08-22 22:00,drought,drought,48.2,47.0,True,True,True,True,False,False,hold,resample_before_action
fixed_weighted_fusion,2026-08-22 23:00,healthy,waterlogging,45.0,47.0,True,True,True,True,False,False,hold,resample_before_action
fixed_weighted_fusion,2026-08-23 00:00,healthy,healthy,11.8,0.0,False,False,False,False,False,False,observe,routine_patrol
fixed_weighted_fusion,2026-08-23 01:00,healthy,healthy,12.1,0.0,False,False,False,False,False,False,observe,routine_patrol
fixed_weighted_fusion,2026-08-23 02:00,healthy,healthy,11.6,0.0,False,False,False,False,False,False,observe,routine_patrol
fixed_weighted_fusion,2026-08-23 03:00,healthy,healthy,11.8,0.0,False,False,False,False,False,False,observe,routine_patrol
fixed_weighted_fusion,2026-08-23 04:00,healthy,healthy,11.5,0.0,False,False,False,False,False,False,observe,routine_patrol
fixed_weighted_fusion,2026-08-23 05:00,healthy,healthy,11.4,0.0,False,False,False,False,False,False,observe,routine_patrol
fixed_weighted_fusion,2026-08-23 06:00,healthy,healthy,12.2,0.0,False,False,False,False,False,False,observe,routine_patrol
fixed_weighted_fusion,2026-08-23 07:00,healthy,healthy,11.3,0.0,False,False,False,False,False,False,observe,routine_patrol
fixed_weighted_fusion,2026-08-23 08:00,healthy,healthy,11.3,0.0,False,False,False,False,False,False,observe,routine_patrol
fixed_weighted_fusion,2026-08-23 09:00,healthy,healthy,11.3,0.0,False,False,False,False,False,False,observe,routine_patrol
fixed_weighted_fusion,2026-08-23 10:00,drought,drought,45.7,35.0,True,True,True,True,False,False,hold,resample_before_action
fixed_weighted_fusion,2026-08-23 11:00,drought,drought,47.7,47.0,True,True,True,True,False,False,hold,resample_before_action
fixed_weighted_fusion,2026-08-23 12:00,drought,drought,45.8,35.0,True,True,True,True,False,False,hold,resample_before_action
fixed_weighted_fusion,2026-08-23 13:00,drought,drought,47.6,47.0,True,True,True,True,False,False,hold,resample_before_action
fixed_weighted_fusion,2026-08-23 14:00,drought,drought,45.4,35.0,True,True,True,True,False,False,hold,resample_before_action
fixed_weighted_fusion,2026-08-23 15:00,drought,drought,45.2,35.0,True,True,True,True,False,False,hold,resample_before_action
fixed_weighted_fusion,2026-08-23 16:00,drought,drought,45.0,35.0,True,True,True,True,False,False,hold,resample_before_action
fixed_weighted_fusion,2026-08-23 17:00,drought,drought,45.0,35.0,True,True,True,True,False,False,hold,resample_before_action
fixed_weighted_fusion,2026-08-23 18:00,drought,drought,45.6,35.0,True,True,True,True,False,False,hold,resample_before_action
fixed_weighted_fusion,2026-08-23 19:00,drought,drought,45.7,35.0,True,True,True,True,False,False,hold,resample_before_action
fixed_weighted_fusion,2026-08-23 20:00,drought,drought,45.0,35.0,True,True,True,True,False,False,hold,resample_before_action
fixed_weighted_fusion,2026-08-23 21:00,drought,drought,45.2,35.0,True,True,True,True,False,False,hold,resample_before_action
fixed_weighted_fusion,2026-08-23 22:00,drought,drought,45.2,35.0,True,True,True,True,False,False,hold,resample_before_action
fixed_weighted_fusion,2026-08-23 23:00,drought,drought,45.0,35.0,True,True,True,True,False,False,hold,resample_before_action
fixed_weighted_fusion,2026-08-24 00:00,drought,drought,45.3,35.0,True,True,True,True,False,False,hold,resample_before_action
fixed_weighted_fusion,2026-08-24 01:00,drought,drought,45.4,35.0,True,True,True,True,False,False,hold,resample_before_action
fixed_weighted_fusion,2026-08-24 02:00,drought,drought,45.3,35.0,True,True,True,True,False,False,hold,resample_before_action
fixed_weighted_fusion,2026-08-24 03:00,drought,drought,45.0,35.0,True,True,True,True,False,False,hold,resample_before_action
fixed_weighted_fusion,2026-08-24 04:00,drought,drought,45.0,35.0,True,True,True,True,False,False,hold,resample_before_action
fixed_weighted_fusion,2026-08-24 05:00,drought,drought,45.7,35.0,True,True,True,True,False,False,hold,resample_before_action
fixed_weighted_fusion,2026-08-24 06:00,drought,drought,45.2,35.0,True,True,True,True,False,False,hold,resample_before_action
fixed_weighted_fusion,2026-08-24 07:00,healthy,healthy,11.7,0.0,False,False,False,False,False,False,observe,routine_patrol
fixed_weighted_fusion,2026-08-24 08:00,healthy,healthy,12.0,0.0,False,False,False,False,False,False,observe,routine_patrol
fixed_weighted_fusion,2026-08-24 09:00,healthy,healthy,11.3,0.0,False,False,False,False,False,False,observe,routine_patrol
fixed_weighted_fusion,2026-08-24 10:00,healthy,healthy,11.5,0.0,False,False,False,False,False,False,observe,routine_patrol
fixed_weighted_fusion,2026-08-24 11:00,healthy,healthy,11.4,0.0,False,False,False,False,False,False,observe,routine_patrol
fixed_weighted_fusion,2026-08-24 12:00,healthy,healthy,12.2,0.0,False,False,False,False,False,False,observe,routine_patrol
fixed_weighted_fusion,2026-08-24 13:00,healthy,healthy,11.9,0.0,False,False,False,False,False,False,observe,routine_patrol
fixed_weighted_fusion,2026-08-24 14:00,healthy,healthy,11.4,0.0,False,False,False,False,False,False,observe,routine_patrol
fixed_weighted_fusion,2026-08-24 15:00,healthy,healthy,31.7,0.0,False,False,False,False,False,False,observe,routine_patrol
fixed_weighted_fusion,2026-08-24 16:00,drought,drought,45.1,35.0,True,True,True,True,False,False,hold,resample_before_action
fixed_weighted_fusion,2026-08-24 17:00,drought,drought,45.0,35.0,True,True,True,True,False,False,hold,resample_before_action
fixed_weighted_fusion,2026-08-24 18:00,drought,drought,65.7,0.0,False,False,False,False,False,False,execute,execute_recommended_action
fixed_weighted_fusion,2026-08-24 19:00,drought,drought,45.4,35.0,True,True,True,True,False,False,hold,resample_before_action
fixed_weighted_fusion,2026-08-24 20:00,drought,drought,45.0,35.0,True,True,True,True,False,False,hold,resample_before_action
fixed_weighted_fusion,2026-08-24 21:00,drought,drought,45.0,35.0,True,True,True,True,False,False,hold,resample_before_action
fixed_weighted_fusion,2026-08-24 22:00,drought,drought,45.0,35.0,True,True,True,True,False,False,hold,resample_before_action
fixed_weighted_fusion,2026-08-24 23:00,drought,drought,45.0,35.0,True,True,True,True,False,False,hold,resample_before_action
fixed_weighted_fusion,2026-08-25 00:00,drought,drought,45.1,35.0,True,True,True,True,False,False,hold,resample_before_action
fixed_weighted_fusion,2026-08-25 01:00,drought,drought,45.2,35.0,True,True,True,True,False,False,hold,resample_before_action
fixed_weighted_fusion,2026-08-25 02:00,drought,drought,66.1,0.0,False,False,False,False,False,False,execute,execute_recommended_action
fixed_weighted_fusion,2026-08-25 03:00,drought,drought,45.5,35.0,True,True,True,True,False,False,hold,resample_before_action
fixed_weighted_fusion,2026-08-25 04:00,pest,healthy,32.1,0.0,False,False,False,False,False,False,observe,routine_patrol
fixed_weighted_fusion,2026-08-25 05:00,healthy,waterlogging,45.0,47.0,True,True,True,True,False,False,hold,resample_before_action
fixed_weighted_fusion,2026-08-25 06:00,healthy,healthy,11.8,0.0,False,False,False,False,False,False,observe,routine_patrol
fixed_weighted_fusion,2026-08-25 07:00,healthy,healthy,11.8,0.0,False,False,False,False,False,False,observe,routine_patrol
fixed_weighted_fusion,2026-08-25 08:00,pest,healthy,32.1,0.0,False,False,False,False,False,False,observe,routine_patrol
fixed_weighted_fusion,2026-08-25 09:00,healthy,healthy,12.0,0.0,False,False,False,False,False,False,observe,routine_patrol
fixed_weighted_fusion,2026-08-25 10:00,healthy,healthy,12.0,0.0,False,False,False,False,False,False,observe,routine_patrol
fixed_weighted_fusion,2026-08-25 11:00,healthy,healthy,11.4,0.0,False,False,False,False,False,False,observe,routine_patrol
fixed_weighted_fusion,2026-08-25 12:00,heat,heat,45.0,47.0,True,True,True,True,False,False,hold,resample_before_action
fixed_weighted_fusion,2026-08-25 13:00,healthy,healthy,11.7,0.0,False,False,False,False,False,False,observe,routine_patrol
fixed_weighted_fusion,2026-08-25 14:00,drought,drought,45.6,35.0,True,True,True,True,False,False,hold,resample_before_action
fixed_weighted_fusion,2026-08-25 15:00,drought,drought,45.7,35.0,True,True,True,True,False,False,hold,resample_before_action
fixed_weighted_fusion,2026-08-25 16:00,drought,drought,45.0,35.0,True,True,True,True,False,False,hold,resample_before_action
fixed_weighted_fusion,2026-08-25 17:00,drought,drought,45.7,35.0,True,True,True,True,False,False,hold,resample_before_action
fixed_weighted_fusion,2026-08-25 18:00,drought,drought,45.5,35.0,True,True,True,True,False,False,hold,resample_before_action
fixed_weighted_fusion,2026-08-25 19:00,drought,drought,45.5,35.0,True,True,True,True,False,False,hold,resample_before_action
fixed_weighted_fusion,2026-08-25 20:00,drought,drought,45.0,35.0,True,True,True,True,False,False,hold,resample_before_action
fixed_weighted_fusion,2026-08-25 21:00,drought,drought,45.2,35.0,True,True,True,True,False,False,hold,resample_before_action
fixed_weighted_fusion,2026-08-25 22:00,drought,drought,45.0,35.0,True,True,True,True,False,False,hold,resample_before_action
fixed_weighted_fusion,2026-08-25 23:00,drought,drought,45.6,35.0,True,True,True,True,False,False,hold,resample_before_action
fixed_weighted_fusion,2026-08-26 00:00,drought,drought,45.3,35.0,True,True,True,True,False,False,hold,resample_before_action
fixed_weighted_fusion,2026-08-26 01:00,drought,drought,45.5,35.0,True,True,True,True,False,False,hold,resample_before_action
fixed_weighted_fusion,2026-08-26 02:00,drought,drought,45.4,35.0,True,True,True,True,False,False,hold,resample_before_action
fixed_weighted_fusion,2026-08-26 03:00,drought,drought,45.7,35.0,True,True,True,True,False,False,hold,resample_before_action
fixed_weighted_fusion,2026-08-26 04:00,drought,drought,45.5,35.0,True,True,True,True,False,False,hold,resample_before_action
fixed_weighted_fusion,2026-08-26 05:00,drought,drought,45.0,35.0,True,True,True,True,False,False,hold,resample_before_action
fixed_weighted_fusion,2026-08-26 06:00,drought,drought,61.9,44.0,True,True,False,False,False,False,hold,recheck_before_action
fixed_weighted_fusion,2026-08-26 07:00,drought,drought,45.0,35.0,True,True,True,True,False,False,hold,resample_before_action
fixed_weighted_fusion,2026-08-26 08:00,drought,drought,65.9,0.0,False,False,False,False,False,False,execute,execute_recommended_action
fixed_weighted_fusion,2026-08-26 09:00,drought,drought,45.4,35.0,True,True,True,True,False,False,hold,resample_before_action
fixed_weighted_fusion,2026-08-26 10:00,drought,drought,68.8,0.0,False,False,False,False,False,False,execute,execute_recommended_action
fixed_weighted_fusion,2026-08-26 11:00,drought,drought,72.8,0.0,False,False,False,False,False,False,execute,execute_recommended_action
fixed_weighted_fusion,2026-08-26 12:00,drought,drought,72.6,0.0,False,False,False,False,False,False,execute,execute_recommended_action
fixed_weighted_fusion,2026-08-26 13:00,drought,drought,71.2,0.0,False,False,False,False,False,False,execute,execute_recommended_action
fixed_weighted_fusion,2026-08-26 14:00,drought,drought,45.5,35.0,True,True,True,True,False,False,hold,resample_before_action
fixed_weighted_fusion,2026-08-26 15:00,healthy,waterlogging,45.0,47.0,True,True,True,True,False,False,hold,resample_before_action
fixed_weighted_fusion,2026-08-26 16:00,healthy,healthy,11.3,0.0,False,False,False,False,False,False,observe,routine_patrol
fixed_weighted_fusion,2026-08-26 17:00,healthy,healthy,11.8,0.0,False,False,False,False,False,False,observe,routine_patrol
fixed_weighted_fusion,2026-08-26 18:00,healthy,healthy,11.6,0.0,False,False,False,False,False,False,observe,routine_patrol
fixed_weighted_fusion,2026-08-26 19:00,healthy,healthy,11.4,0.0,False,False,False,False,False,False,observe,routine_patrol
fixed_weighted_fusion,2026-08-26 20:00,healthy,healthy,11.4,0.0,False,False,False,False,False,False,observe,routine_patrol
fixed_weighted_fusion,2026-08-26 21:00,healthy,healthy,11.3,0.0,False,False,False,False,False,False,observe,routine_patrol
fixed_weighted_fusion,2026-08-26 22:00,healthy,healthy,11.3,0.0,False,False,False,False,False,False,observe,routine_patrol
fixed_weighted_fusion,2026-08-26 23:00,healthy,healthy,11.7,0.0,False,False,False,False,False,False,observe,routine_patrol
fixed_weighted_fusion,2026-08-27 00:00,healthy,healthy,11.4,0.0,False,False,False,False,False,False,observe,routine_patrol
fixed_weighted_fusion,2026-08-27 01:00,healthy,healthy,11.9,0.0,False,False,False,False,False,False,observe,routine_patrol
fixed_weighted_fusion,2026-08-27 02:00,healthy,healthy,11.6,0.0,False,False,False,False,False,False,observe,routine_patrol
fixed_weighted_fusion,2026-08-27 03:00,healthy,healthy,12.2,0.0,False,False,False,False,False,False,observe,routine_patrol
fixed_weighted_fusion,2026-08-27 04:00,healthy,healthy,11.9,0.0,False,False,False,False,False,False,observe,routine_patrol
fixed_weighted_fusion,2026-08-27 05:00,healthy,waterlogging,45.0,47.0,True,True,True,True,False,False,hold,resample_before_action
fixed_weighted_fusion,2026-08-27 06:00,healthy,healthy,11.6,0.0,False,False,False,False,False,False,observe,routine_patrol
fixed_weighted_fusion,2026-08-27 07:00,healthy,healthy,11.7,0.0,False,False,False,False,False,False,observe,routine_patrol
fixed_weighted_fusion,2026-08-27 08:00,healthy,healthy,11.6,0.0,False,False,False,False,False,False,observe,routine_patrol
fixed_weighted_fusion,2026-08-27 09:00,healthy,healthy,12.0,0.0,False,False,False,False,False,False,observe,routine_patrol
fixed_weighted_fusion,2026-08-27 10:00,healthy,healthy,11.8,0.0,False,False,False,False,False,False,observe,routine_patrol
fixed_weighted_fusion,2026-08-27 11:00,healthy,healthy,12.0,0.0,False,False,False,False,False,False,observe,routine_patrol
fixed_weighted_fusion,2026-08-27 12:00,healthy,healthy,11.7,0.0,False,False,False,False,False,False,observe,routine_patrol
fixed_weighted_fusion,2026-08-27 13:00,healthy,healthy,11.6,0.0,False,False,False,False,False,False,observe,routine_patrol
fixed_weighted_fusion,2026-08-27 14:00,healthy,healthy,11.4,0.0,False,False,False,False,False,False,observe,routine_patrol
fixed_weighted_fusion,2026-08-27 15:00,healthy,healthy,11.7,0.0,False,False,False,False,False,False,observe,routine_patrol
fixed_weighted_fusion,2026-08-27 16:00,healthy,healthy,11.9,0.0,False,False,False,False,False,False,observe,routine_patrol
fixed_weighted_fusion,2026-08-27 17:00,healthy,healthy,11.6,0.0,False,False,False,False,False,False,observe,routine_patrol
fixed_weighted_fusion,2026-08-27 18:00,healthy,healthy,28.3,44.0,True,True,False,False,False,False,hold,monitor_more_context
fixed_weighted_fusion,2026-08-27 19:00,pest,healthy,32.1,0.0,False,False,False,False,False,False,observe,routine_patrol
fixed_weighted_fusion,2026-08-27 20:00,healthy,healthy,11.9,0.0,False,False,False,False,False,False,observe,routine_patrol
fixed_weighted_fusion,2026-08-27 21:00,healthy,healthy,11.6,0.0,False,False,False,False,False,False,observe,routine_patrol
fixed_weighted_fusion,2026-08-27 22:00,healthy,healthy,11.8,0.0,False,False,False,False,False,False,observe,routine_patrol
fixed_weighted_fusion,2026-08-27 23:00,healthy,healthy,11.6,0.0,False,False,False,False,False,False,observe,routine_patrol
fixed_weighted_fusion,2026-08-28 00:00,healthy,healthy,28.3,44.0,True,True,False,False,False,False,hold,monitor_more_context
fixed_weighted_fusion,2026-08-28 01:00,pest,healthy,32.8,0.0,False,False,False,False,False,False,observe,routine_patrol
fixed_weighted_fusion,2026-08-28 02:00,healthy,healthy,11.5,0.0,False,False,False,False,False,False,observe,routine_patrol
fixed_weighted_fusion,2026-08-28 03:00,healthy,healthy,11.6,0.0,False,False,False,False,False,False,observe,routine_patrol
fixed_weighted_fusion,2026-08-28 04:00,waterlogging,waterlogging,69.8,0.0,False,False,False,False,False,False,execute,execute_recommended_action
fixed_weighted_fusion,2026-08-28 05:00,waterlogging,waterlogging,45.0,35.0,True,True,True,True,False,False,hold,resample_before_action
fixed_weighted_fusion,2026-08-28 06:00,waterlogging,waterlogging,65.0,44.0,True,True,False,False,False,False,hold,recheck_before_action
fixed_weighted_fusion,2026-08-28 07:00,waterlogging,waterlogging,45.0,35.0,True,True,True,True,False,False,hold,resample_before_action
fixed_weighted_fusion,2026-08-28 08:00,waterlogging,waterlogging,45.0,35.0,True,True,True,True,False,False,hold,resample_before_action
fixed_weighted_fusion,2026-08-28 09:00,waterlogging,waterlogging,45.0,35.0,True,True,True,True,False,False,hold,resample_before_action
fixed_weighted_fusion,2026-08-28 10:00,waterlogging,waterlogging,72.6,0.0,False,False,False,False,False,False,execute,execute_recommended_action
fixed_weighted_fusion,2026-08-28 11:00,waterlogging,waterlogging,71.4,0.0,False,False,False,False,False,False,execute,execute_recommended_action
fixed_weighted_fusion,2026-08-28 12:00,waterlogging,waterlogging,45.0,35.0,True,True,True,True,False,False,hold,resample_before_action
fixed_weighted_fusion,2026-08-28 13:00,waterlogging,waterlogging,45.0,35.0,True,True,True,True,False,False,hold,resample_before_action
fixed_weighted_fusion,2026-08-28 14:00,waterlogging,waterlogging,45.0,35.0,True,True,True,True,False,False,hold,resample_before_action
fixed_weighted_fusion,2026-08-28 15:00,waterlogging,waterlogging,71.4,0.0,False,False,False,False,False,False,execute,execute_recommended_action
fixed_weighted_fusion,2026-08-28 16:00,waterlogging,waterlogging,45.0,35.0,True,True,True,True,False,False,hold,resample_before_action
fixed_weighted_fusion,2026-08-28 17:00,waterlogging,waterlogging,45.0,35.0,True,True,True,True,False,False,hold,resample_before_action
fixed_weighted_fusion,2026-08-28 18:00,waterlogging,waterlogging,45.0,35.0,True,True,True,True,False,False,hold,resample_before_action
fixed_weighted_fusion,2026-08-28 19:00,waterlogging,waterlogging,45.0,35.0,True,True,True,True,False,False,hold,resample_before_action
fixed_weighted_fusion,2026-08-28 20:00,waterlogging,waterlogging,65.1,0.0,False,False,False,False,False,False,execute,execute_recommended_action
fixed_weighted_fusion,2026-08-28 21:00,waterlogging,waterlogging,64.9,0.0,False,False,False,False,False,False,execute,execute_recommended_action
fixed_weighted_fusion,2026-08-28 22:00,waterlogging,waterlogging,45.0,35.0,True,True,True,True,False,False,hold,resample_before_action
fixed_weighted_fusion,2026-08-28 23:00,waterlogging,waterlogging,45.0,35.0,True,True,True,True,False,False,hold,resample_before_action
fixed_weighted_fusion,2026-08-29 00:00,waterlogging,waterlogging,64.9,0.0,False,False,False,False,False,False,execute,execute_recommended_action
fixed_weighted_fusion,2026-08-29 01:00,waterlogging,waterlogging,45.0,35.0,True,True,True,True,False,False,hold,resample_before_action
fixed_weighted_fusion,2026-08-29 02:00,waterlogging,waterlogging,45.0,35.0,True,True,True,True,False,False,hold,resample_before_action
fixed_weighted_fusion,2026-08-29 03:00,waterlogging,waterlogging,45.0,35.0,True,True,True,True,False,False,hold,resample_before_action
fixed_weighted_fusion,2026-08-29 04:00,waterlogging,waterlogging,45.0,35.0,True,True,True,True,False,False,hold,resample_before_action
fixed_weighted_fusion,2026-08-29 05:00,waterlogging,waterlogging,45.0,35.0,True,True,True,True,False,False,hold,resample_before_action
fixed_weighted_fusion,2026-08-29 06:00,waterlogging,waterlogging,45.0,35.0,True,True,True,True,False,False,hold,resample_before_action
fixed_weighted_fusion,2026-08-29 07:00,waterlogging,waterlogging,45.0,35.0,True,True,True,True,False,False,hold,resample_before_action
fixed_weighted_fusion,2026-08-29 08:00,waterlogging,waterlogging,45.0,35.0,True,True,True,True,False,False,hold,resample_before_action
fixed_weighted_fusion,2026-08-29 09:00,waterlogging,waterlogging,45.0,35.0,True,True,True,True,False,False,hold,resample_before_action
fixed_weighted_fusion,2026-08-29 10:00,waterlogging,waterlogging,45.0,35.0,True,True,True,True,False,False,hold,resample_before_action
fixed_weighted_fusion,2026-08-29 11:00,healthy,healthy,11.5,0.0,False,False,False,False,False,False,observe,routine_patrol
fixed_weighted_fusion,2026-08-29 12:00,healthy,healthy,11.5,0.0,False,False,False,False,False,False,observe,routine_patrol
fixed_weighted_fusion,2026-08-29 13:00,healthy,healthy,11.5,0.0,False,False,False,False,False,False,observe,routine_patrol
fixed_weighted_fusion,2026-08-29 14:00,pest,healthy,32.3,0.0,False,False,False,False,False,False,observe,routine_patrol
fixed_weighted_fusion,2026-08-29 15:00,healthy,healthy,11.9,0.0,False,False,False,False,False,False,observe,routine_patrol
fixed_weighted_fusion,2026-08-29 16:00,pest,healthy,32.7,0.0,False,False,False,False,False,False,observe,routine_patrol
fixed_weighted_fusion,2026-08-29 17:00,healthy,healthy,28.3,44.0,True,True,False,False,False,False,hold,monitor_more_context
fixed_weighted_fusion,2026-08-29 18:00,healthy,healthy,11.3,0.0,False,False,False,False,False,False,observe,routine_patrol
fixed_weighted_fusion,2026-08-29 19:00,healthy,healthy,12.0,0.0,False,False,False,False,False,False,observe,routine_patrol
fixed_weighted_fusion,2026-08-29 20:00,healthy,healthy,11.7,0.0,False,False,False,False,False,False,observe,routine_patrol
fixed_weighted_fusion,2026-08-29 21:00,healthy,healthy,11.3,0.0,False,False,False,False,False,False,observe,routine_patrol
fixed_weighted_fusion,2026-08-29 22:00,healthy,healthy,12.0,0.0,False,False,False,False,False,False,observe,routine_patrol
fixed_weighted_fusion,2026-08-29 23:00,healthy,healthy,11.3,0.0,False,False,False,False,False,False,observe,routine_patrol
fixed_weighted_fusion,2026-08-30 00:00,healthy,healthy,28.3,44.0,True,True,False,False,False,False,hold,monitor_more_context
fixed_weighted_fusion,2026-08-30 01:00,healthy,healthy,11.3,0.0,False,False,False,False,False,False,observe,routine_patrol
fixed_weighted_fusion,2026-08-30 02:00,healthy,healthy,11.8,0.0,False,False,False,False,False,False,observe,routine_patrol
fixed_weighted_fusion,2026-08-30 03:00,waterlogging,waterlogging,72.3,0.0,False,False,False,False,False,False,execute,execute_recommended_action
fixed_weighted_fusion,2026-08-30 04:00,waterlogging,waterlogging,48.2,35.0,True,True,True,True,False,False,hold,resample_before_action
fixed_weighted_fusion,2026-08-30 05:00,waterlogging,waterlogging,45.0,35.0,True,True,True,True,False,False,hold,resample_before_action
fixed_weighted_fusion,2026-08-30 06:00,waterlogging,waterlogging,45.0,35.0,True,True,True,True,False,False,hold,resample_before_action
fixed_weighted_fusion,2026-08-30 07:00,waterlogging,waterlogging,45.0,35.0,True,True,True,True,False,False,hold,resample_before_action
fixed_weighted_fusion,2026-08-30 08:00,waterlogging,waterlogging,45.0,35.0,True,True,True,True,False,False,hold,resample_before_action
fixed_weighted_fusion,2026-08-30 09:00,waterlogging,waterlogging,45.0,35.0,True,True,True,True,False,False,hold,resample_before_action
fixed_weighted_fusion,2026-08-30 10:00,waterlogging,waterlogging,45.0,35.0,True,True,True,True,False,False,hold,resample_before_action
fixed_weighted_fusion,2026-08-30 11:00,waterlogging,waterlogging,45.0,35.0,True,True,True,True,False,False,hold,resample_before_action
fixed_weighted_fusion,2026-08-30 12:00,heat,heat,45.0,47.0,True,True,True,True,False,False,hold,resample_before_action
fixed_weighted_fusion,2026-08-30 13:00,healthy,healthy,11.9,0.0,False,False,False,False,False,False,observe,routine_patrol
fixed_weighted_fusion,2026-08-30 14:00,healthy,healthy,12.0,0.0,False,False,False,False,False,False,observe,routine_patrol
fixed_weighted_fusion,2026-08-30 15:00,healthy,healthy,11.3,0.0,False,False,False,False,False,False,observe,routine_patrol
fixed_weighted_fusion,2026-08-30 16:00,healthy,healthy,12.0,0.0,False,False,False,False,False,False,observe,routine_patrol
fixed_weighted_fusion,2026-08-30 17:00,healthy,healthy,12.0,0.0,False,False,False,False,False,False,observe,routine_patrol
fixed_weighted_fusion,2026-08-30 18:00,healthy,healthy,11.4,0.0,False,False,False,False,False,False,observe,routine_patrol
fixed_weighted_fusion,2026-08-30 19:00,healthy,healthy,12.0,0.0,False,False,False,False,False,False,observe,routine_patrol
fixed_weighted_fusion,2026-08-30 20:00,healthy,healthy,11.3,0.0,False,False,False,False,False,False,observe,routine_patrol
fixed_weighted_fusion,2026-08-30 21:00,healthy,healthy,12.1,0.0,False,False,False,False,False,False,observe,routine_patrol
fixed_weighted_fusion,2026-08-30 22:00,healthy,healthy,11.6,0.0,False,False,False,False,False,False,observe,routine_patrol
fixed_weighted_fusion,2026-08-30 23:00,healthy,healthy,11.7,0.0,False,False,False,False,False,False,observe,routine_patrol
fixed_weighted_fusion,2026-08-31 00:00,healthy,healthy,11.9,0.0,False,False,False,False,False,False,observe,routine_patrol
fixed_weighted_fusion,2026-08-31 01:00,healthy,healthy,11.8,0.0,False,False,False,False,False,False,observe,routine_patrol
fixed_weighted_fusion,2026-08-31 02:00,healthy,healthy,11.3,0.0,False,False,False,False,False,False,observe,routine_patrol
fixed_weighted_fusion,2026-08-31 03:00,healthy,healthy,11.3,0.0,False,False,False,False,False,False,observe,routine_patrol
fixed_weighted_fusion,2026-08-31 04:00,healthy,healthy,28.3,44.0,True,True,False,False,False,False,hold,monitor_more_context
fixed_weighted_fusion,2026-08-31 05:00,healthy,healthy,11.5,0.0,False,False,False,False,False,False,observe,routine_patrol
fixed_weighted_fusion,2026-08-31 06:00,healthy,healthy,11.4,0.0,False,False,False,False,False,False,observe,routine_patrol
fixed_weighted_fusion,2026-08-31 07:00,healthy,healthy,11.5,0.0,False,False,False,False,False,False,observe,routine_patrol
fixed_weighted_fusion,2026-08-31 08:00,healthy,healthy,11.5,0.0,False,False,False,False,False,False,observe,routine_patrol
fixed_weighted_fusion,2026-08-31 09:00,healthy,healthy,11.4,0.0,False,False,False,False,False,False,observe,routine_patrol
fixed_weighted_fusion,2026-08-31 10:00,healthy,healthy,11.4,0.0,False,False,False,False,False,False,observe,routine_patrol
fixed_weighted_fusion,2026-08-31 11:00,healthy,healthy,11.5,0.0,False,False,False,False,False,False,observe,routine_patrol
fixed_weighted_fusion,2026-08-31 12:00,healthy,healthy,11.7,0.0,False,False,False,False,False,False,observe,routine_patrol
fixed_weighted_fusion,2026-08-31 13:00,heat,heat,45.3,47.0,True,True,True,True,False,False,hold,resample_before_action
fixed_weighted_fusion,2026-08-31 14:00,healthy,healthy,28.3,44.0,True,True,False,False,False,False,hold,monitor_more_context
fixed_weighted_fusion,2026-08-31 15:00,waterlogging,waterlogging,45.0,35.0,True,True,True,True,False,False,hold,resample_before_action
fixed_weighted_fusion,2026-08-31 16:00,waterlogging,waterlogging,69.9,0.0,False,False,False,False,False,False,execute,execute_recommended_action
fixed_weighted_fusion,2026-08-31 17:00,waterlogging,waterlogging,45.0,35.0,True,True,True,True,False,False,hold,resample_before_action
fixed_weighted_fusion,2026-08-31 18:00,waterlogging,waterlogging,45.0,35.0,True,True,True,True,False,False,hold,resample_before_action
fixed_weighted_fusion,2026-08-31 19:00,waterlogging,waterlogging,45.0,35.0,True,True,True,True,False,False,hold,resample_before_action
fixed_weighted_fusion,2026-08-31 20:00,waterlogging,waterlogging,45.0,35.0,True,True,True,True,False,False,hold,resample_before_action
fixed_weighted_fusion,2026-08-31 21:00,waterlogging,waterlogging,45.0,35.0,True,True,True,True,False,False,hold,resample_before_action
fixed_weighted_fusion,2026-08-31 22:00,waterlogging,waterlogging,72.0,0.0,False,False,False,False,False,False,execute,execute_recommended_action
fixed_weighted_fusion,2026-08-31 23:00,waterlogging,waterlogging,45.0,35.0,True,True,True,True,False,False,hold,resample_before_action
fixed_weighted_fusion,2026-09-01 00:00,waterlogging,waterlogging,45.0,35.0,True,True,True,True,False,False,hold,resample_before_action
fixed_weighted_fusion,2026-09-01 01:00,waterlogging,waterlogging,45.0,35.0,True,True,True,True,False,False,hold,resample_before_action
fixed_weighted_fusion,2026-09-01 02:00,waterlogging,waterlogging,45.0,35.0,True,True,True,True,False,False,hold,resample_before_action
fixed_weighted_fusion,2026-09-01 03:00,waterlogging,waterlogging,45.0,35.0,True,True,True,True,False,False,hold,resample_before_action
fixed_weighted_fusion,2026-09-01 04:00,waterlogging,waterlogging,45.0,35.0,True,True,True,True,False,False,hold,resample_before_action
fixed_weighted_fusion,2026-09-01 05:00,waterlogging,waterlogging,45.0,35.0,True,True,True,True,False,False,hold,resample_before_action
fixed_weighted_fusion,2026-09-01 06:00,waterlogging,waterlogging,45.0,35.0,True,True,True,True,False,False,hold,resample_before_action
fixed_weighted_fusion,2026-09-01 07:00,waterlogging,waterlogging,45.0,35.0,True,True,True,True,False,False,hold,resample_before_action
fixed_weighted_fusion,2026-09-01 08:00,waterlogging,waterlogging,45.0,35.0,True,True,True,True,False,False,hold,resample_before_action
fixed_weighted_fusion,2026-09-01 09:00,waterlogging,waterlogging,64.4,0.0,False,False,False,False,False,False,execute,execute_recommended_action
fixed_weighted_fusion,2026-09-01 10:00,heat,heat,62.5,12.0,False,False,False,False,False,False,execute,execute_recommended_action
fixed_weighted_fusion,2026-09-01 11:00,healthy,healthy,31.6,0.0,False,False,False,False,False,False,observe,routine_patrol
fixed_weighted_fusion,2026-09-01 12:00,healthy,healthy,31.7,0.0,False,False,False,False,False,False,observe,routine_patrol
fixed_weighted_fusion,2026-09-01 13:00,heat,heat,45.0,47.0,True,True,True,True,False,False,hold,resample_before_action
fixed_weighted_fusion,2026-09-01 14:00,waterlogging,waterlogging,48.3,35.0,True,True,True,True,False,False,hold,resample_before_action
fixed_weighted_fusion,2026-09-01 15:00,waterlogging,waterlogging,48.5,35.0,True,True,True,True,False,False,hold,resample_before_action
fixed_weighted_fusion,2026-09-01 16:00,waterlogging,waterlogging,48.0,35.0,True,True,True,True,False,False,hold,resample_before_action
fixed_weighted_fusion,2026-09-01 17:00,waterlogging,waterlogging,45.0,35.0,True,True,True,True,False,False,hold,resample_before_action
fixed_weighted_fusion,2026-09-01 18:00,waterlogging,waterlogging,45.0,35.0,True,True,True,True,False,False,hold,resample_before_action
fixed_weighted_fusion,2026-09-01 19:00,waterlogging,waterlogging,45.0,35.0,True,True,True,True,False,False,hold,resample_before_action
fixed_weighted_fusion,2026-09-01 20:00,waterlogging,waterlogging,45.0,35.0,True,True,True,True,False,False,hold,resample_before_action
fixed_weighted_fusion,2026-09-01 21:00,waterlogging,waterlogging,45.0,35.0,True,True,True,True,False,False,hold,resample_before_action
fixed_weighted_fusion,2026-09-01 22:00,waterlogging,waterlogging,45.0,35.0,True,True,True,True,False,False,hold,resample_before_action
fixed_weighted_fusion,2026-09-01 23:00,waterlogging,waterlogging,45.0,35.0,True,True,True,True,False,False,hold,resample_before_action
fixed_weighted_fusion,2026-09-02 00:00,waterlogging,waterlogging,45.0,35.0,True,True,True,True,False,False,hold,resample_before_action
fixed_weighted_fusion,2026-09-02 01:00,waterlogging,waterlogging,45.0,35.0,True,True,True,True,False,False,hold,resample_before_action
fixed_weighted_fusion,2026-09-02 02:00,waterlogging,waterlogging,61.0,44.0,True,True,False,False,False,False,hold,recheck_before_action
fixed_weighted_fusion,2026-09-02 03:00,waterlogging,waterlogging,61.0,44.0,True,True,False,False,False,False,hold,recheck_before_action
fixed_weighted_fusion,2026-09-02 04:00,waterlogging,waterlogging,61.0,44.0,True,True,False,False,False,False,hold,recheck_before_action
fixed_weighted_fusion,2026-09-02 05:00,waterlogging,waterlogging,65.1,0.0,False,False,False,False,False,False,execute,execute_recommended_action
fixed_weighted_fusion,2026-09-02 06:00,waterlogging,waterlogging,45.0,35.0,True,True,True,True,False,False,hold,resample_before_action
fixed_weighted_fusion,2026-09-02 07:00,waterlogging,waterlogging,45.0,35.0,True,True,True,True,False,False,hold,resample_before_action
fixed_weighted_fusion,2026-09-02 08:00,healthy,healthy,11.3,0.0,False,False,False,False,False,False,observe,routine_patrol
fixed_weighted_fusion,2026-09-02 09:00,healthy,healthy,11.2,0.0,False,False,False,False,False,False,observe,routine_patrol
fixed_weighted_fusion,2026-09-02 10:00,heat,heat,45.0,47.0,True,True,True,True,False,False,hold,resample_before_action
fixed_weighted_fusion,2026-09-02 11:00,healthy,healthy,11.4,0.0,False,False,False,False,False,False,observe,routine_patrol
fixed_weighted_fusion,2026-09-02 12:00,heat,heat,45.0,47.0,True,True,True,True,False,False,hold,resample_before_action
fixed_weighted_fusion,2026-09-02 13:00,heat,heat,45.0,47.0,True,True,True,True,False,False,hold,resample_before_action
fixed_weighted_fusion,2026-09-02 14:00,healthy,healthy,11.2,0.0,False,False,False,False,False,False,observe,routine_patrol
fixed_weighted_fusion,2026-09-02 15:00,healthy,healthy,11.8,0.0,False,False,False,False,False,False,observe,routine_patrol
fixed_weighted_fusion,2026-09-02 16:00,healthy,healthy,11.6,0.0,False,False,False,False,False,False,observe,routine_patrol
fixed_weighted_fusion,2026-09-02 17:00,healthy,healthy,11.5,0.0,False,False,False,False,False,False,observe,routine_patrol
fixed_weighted_fusion,2026-09-02 18:00,healthy,healthy,12.0,0.0,False,False,False,False,False,False,observe,routine_patrol
fixed_weighted_fusion,2026-09-02 19:00,healthy,healthy,11.4,0.0,False,False,False,False,False,False,observe,routine_patrol
fixed_weighted_fusion,2026-09-02 20:00,healthy,healthy,12.0,0.0,False,False,False,False,False,False,observe,routine_patrol
fixed_weighted_fusion,2026-09-02 21:00,healthy,healthy,11.8,0.0,False,False,False,False,False,False,observe,routine_patrol
fixed_weighted_fusion,2026-09-02 22:00,healthy,healthy,11.5,0.0,False,False,False,False,False,False,observe,routine_patrol
fixed_weighted_fusion,2026-09-02 23:00,healthy,healthy,11.6,0.0,False,False,False,False,False,False,observe,routine_patrol
fixed_weighted_fusion,2026-09-03 00:00,healthy,healthy,11.9,0.0,False,False,False,False,False,False,observe,routine_patrol
fixed_weighted_fusion,2026-09-03 01:00,waterlogging,waterlogging,70.1,0.0,False,False,False,False,False,False,execute,execute_recommended_action
fixed_weighted_fusion,2026-09-03 02:00,healthy,healthy,11.9,0.0,False,False,False,False,False,False,observe,routine_patrol
fixed_weighted_fusion,2026-09-03 03:00,waterlogging,waterlogging,72.4,0.0,False,False,False,False,False,False,execute,execute_recommended_action
fixed_weighted_fusion,2026-09-03 04:00,waterlogging,waterlogging,48.2,35.0,True,True,True,True,False,False,hold,resample_before_action
fixed_weighted_fusion,2026-09-03 05:00,waterlogging,waterlogging,45.0,35.0,True,True,True,True,False,False,hold,resample_before_action
fixed_weighted_fusion,2026-09-03 06:00,waterlogging,waterlogging,45.0,35.0,True,True,True,True,False,False,hold,resample_before_action
fixed_weighted_fusion,2026-09-03 07:00,waterlogging,waterlogging,45.0,35.0,True,True,True,True,False,False,hold,resample_before_action
fixed_weighted_fusion,2026-09-03 08:00,waterlogging,waterlogging,45.0,35.0,True,True,True,True,False,False,hold,resample_before_action
fixed_weighted_fusion,2026-09-03 09:00,waterlogging,waterlogging,45.0,35.0,True,True,True,True,False,False,hold,resample_before_action
fixed_weighted_fusion,2026-09-03 10:00,heat,heat,45.0,47.0,True,True,True,True,False,False,hold,resample_before_action
fixed_weighted_fusion,2026-09-03 11:00,heat,heat,45.0,47.0,True,True,True,True,False,False,hold,resample_before_action
fixed_weighted_fusion,2026-09-03 12:00,heat,heat,45.0,47.0,True,True,True,True,False,False,hold,resample_before_action
fixed_weighted_fusion,2026-09-03 13:00,heat,heat,45.0,47.0,True,True,True,True,False,False,hold,resample_before_action
fixed_weighted_fusion,2026-09-03 14:00,heat,heat,45.0,47.0,True,True,True,True,False,False,hold,resample_before_action
fixed_weighted_fusion,2026-09-03 15:00,healthy,healthy,11.6,0.0,False,False,False,False,False,False,observe,routine_patrol
fixed_weighted_fusion,2026-09-03 16:00,healthy,healthy,11.3,0.0,False,False,False,False,False,False,observe,routine_patrol
fixed_weighted_fusion,2026-09-03 17:00,healthy,healthy,11.8,0.0,False,False,False,False,False,False,observe,routine_patrol
fixed_weighted_fusion,2026-09-03 18:00,healthy,healthy,11.6,0.0,False,False,False,False,False,False,observe,routine_patrol
fixed_weighted_fusion,2026-09-03 19:00,healthy,healthy,12.0,0.0,False,False,False,False,False,False,observe,routine_patrol
fixed_weighted_fusion,2026-09-03 20:00,healthy,healthy,11.3,0.0,False,False,False,False,False,False,observe,routine_patrol
fixed_weighted_fusion,2026-09-03 21:00,healthy,healthy,11.9,0.0,False,False,False,False,False,False,observe,routine_patrol
fixed_weighted_fusion,2026-09-03 22:00,waterlogging,waterlogging,45.0,35.0,True,True,True,True,False,False,hold,resample_before_action
fixed_weighted_fusion,2026-09-03 23:00,waterlogging,waterlogging,48.3,35.0,True,True,True,True,False,False,hold,resample_before_action
fixed_weighted_fusion,2026-09-04 00:00,waterlogging,waterlogging,45.0,35.0,True,True,True,True,False,False,hold,resample_before_action
fixed_weighted_fusion,2026-09-04 01:00,waterlogging,waterlogging,45.0,35.0,True,True,True,True,False,False,hold,resample_before_action
fixed_weighted_fusion,2026-09-04 02:00,waterlogging,waterlogging,45.0,35.0,True,True,True,True,False,False,hold,resample_before_action
fixed_weighted_fusion,2026-09-04 03:00,waterlogging,waterlogging,65.1,0.0,False,False,False,False,False,False,execute,execute_recommended_action
fixed_weighted_fusion,2026-09-04 04:00,waterlogging,waterlogging,45.0,35.0,True,True,True,True,False,False,hold,resample_before_action
fixed_weighted_fusion,2026-09-04 05:00,waterlogging,waterlogging,45.0,35.0,True,True,True,True,False,False,hold,resample_before_action
fixed_weighted_fusion,2026-09-04 06:00,waterlogging,waterlogging,61.0,44.0,True,True,False,False,False,False,hold,recheck_before_action
fixed_weighted_fusion,2026-09-04 07:00,healthy,healthy,11.5,0.0,False,False,False,False,False,False,observe,routine_patrol
fixed_weighted_fusion,2026-09-04 08:00,healthy,healthy,11.3,0.0,False,False,False,False,False,False,observe,routine_patrol
fixed_weighted_fusion,2026-09-04 09:00,heat,heat,61.9,12.0,False,False,False,False,False,False,execute,execute_recommended_action
fixed_weighted_fusion,2026-09-04 10:00,heat,heat,45.0,47.0,True,True,True,True,False,False,hold,resample_before_action
fixed_weighted_fusion,2026-09-04 11:00,healthy,healthy,12.1,0.0,False,False,False,False,False,False,observe,routine_patrol
fixed_weighted_fusion,2026-09-04 12:00,heat,heat,45.0,47.0,True,True,True,True,False,False,hold,resample_before_action
fixed_weighted_fusion,2026-09-04 13:00,heat,heat,45.0,47.0,True,True,True,True,False,False,hold,resample_before_action
fixed_weighted_fusion,2026-09-04 14:00,heat,heat,45.0,47.0,True,True,True,True,False,False,hold,resample_before_action
fixed_weighted_fusion,2026-09-04 15:00,healthy,healthy,11.3,0.0,False,False,False,False,False,False,observe,routine_patrol
fixed_weighted_fusion,2026-09-04 16:00,healthy,healthy,11.3,0.0,False,False,False,False,False,False,observe,routine_patrol
fixed_weighted_fusion,2026-09-04 17:00,healthy,healthy,11.3,0.0,False,False,False,False,False,False,observe,routine_patrol
fixed_weighted_fusion,2026-09-04 18:00,healthy,healthy,28.3,44.0,True,True,False,False,False,False,hold,monitor_more_context
fixed_weighted_fusion,2026-09-04 19:00,healthy,healthy,11.8,0.0,False,False,False,False,False,False,observe,routine_patrol
fixed_weighted_fusion,2026-09-04 20:00,healthy,healthy,11.6,0.0,False,False,False,False,False,False,observe,routine_patrol
fixed_weighted_fusion,2026-09-04 21:00,healthy,healthy,11.3,0.0,False,False,False,False,False,False,observe,routine_patrol
fixed_weighted_fusion,2026-09-04 22:00,healthy,healthy,12.0,0.0,False,False,False,False,False,False,observe,routine_patrol
fixed_weighted_fusion,2026-09-04 23:00,healthy,healthy,11.8,0.0,False,False,False,False,False,False,observe,routine_patrol
fixed_weighted_fusion,2026-09-05 00:00,healthy,healthy,11.3,0.0,False,False,False,False,False,False,observe,routine_patrol
fixed_weighted_fusion,2026-09-05 01:00,healthy,healthy,12.1,0.0,False,False,False,False,False,False,observe,routine_patrol
fixed_weighted_fusion,2026-09-05 02:00,healthy,healthy,11.4,0.0,False,False,False,False,False,False,observe,routine_patrol
fixed_weighted_fusion,2026-09-05 03:00,healthy,healthy,11.6,0.0,False,False,False,False,False,False,observe,routine_patrol
fixed_weighted_fusion,2026-09-05 04:00,healthy,healthy,12.0,0.0,False,False,False,False,False,False,observe,routine_patrol
fixed_weighted_fusion,2026-09-05 05:00,waterlogging,waterlogging,69.9,0.0,False,False,False,False,False,False,execute,execute_recommended_action
fixed_weighted_fusion,2026-09-05 06:00,healthy,healthy,11.6,0.0,False,False,False,False,False,False,observe,routine_patrol
fixed_weighted_fusion,2026-09-05 07:00,healthy,healthy,11.6,0.0,False,False,False,False,False,False,observe,routine_patrol
fixed_weighted_fusion,2026-09-05 08:00,healthy,healthy,12.0,0.0,False,False,False,False,False,False,observe,routine_patrol
fixed_weighted_fusion,2026-09-05 09:00,healthy,healthy,12.0,0.0,False,False,False,False,False,False,observe,routine_patrol
fixed_weighted_fusion,2026-09-05 10:00,healthy,healthy,11.8,0.0,False,False,False,False,False,False,observe,routine_patrol
fixed_weighted_fusion,2026-09-05 11:00,healthy,healthy,11.4,0.0,False,False,False,False,False,False,observe,routine_patrol
fixed_weighted_fusion,2026-09-05 12:00,heat,heat,45.0,47.0,True,True,True,True,False,False,hold,resample_before_action
fixed_weighted_fusion,2026-09-05 13:00,pest,healthy,32.3,0.0,False,False,False,False,False,False,observe,routine_patrol
fixed_weighted_fusion,2026-09-05 14:00,heat,heat,45.0,47.0,True,True,True,True,False,False,hold,resample_before_action
fixed_weighted_fusion,2026-09-05 15:00,healthy,healthy,12.0,0.0,False,False,False,False,False,False,observe,routine_patrol
fixed_weighted_fusion,2026-09-05 16:00,pest,healthy,32.3,0.0,False,False,False,False,False,False,observe,routine_patrol
fixed_weighted_fusion,2026-09-05 17:00,healthy,healthy,11.6,0.0,False,False,False,False,False,False,observe,routine_patrol
fixed_weighted_fusion,2026-09-05 18:00,healthy,healthy,12.1,0.0,False,False,False,False,False,False,observe,routine_patrol
fixed_weighted_fusion,2026-09-05 19:00,healthy,healthy,11.5,0.0,False,False,False,False,False,False,observe,routine_patrol
fixed_weighted_fusion,2026-09-05 20:00,healthy,healthy,11.3,0.0,False,False,False,False,False,False,observe,routine_patrol
fixed_weighted_fusion,2026-09-05 21:00,healthy,healthy,12.0,0.0,False,False,False,False,False,False,observe,routine_patrol
fixed_weighted_fusion,2026-09-05 22:00,healthy,healthy,12.0,0.0,False,False,False,False,False,False,observe,routine_patrol
fixed_weighted_fusion,2026-09-05 23:00,healthy,healthy,11.4,0.0,False,False,False,False,False,False,observe,routine_patrol
fixed_weighted_fusion,2026-09-06 00:00,healthy,healthy,11.5,0.0,False,False,False,False,False,False,observe,routine_patrol
fixed_weighted_fusion,2026-09-06 01:00,healthy,healthy,12.0,0.0,False,False,False,False,False,False,observe,routine_patrol
fixed_weighted_fusion,2026-09-06 02:00,healthy,healthy,11.9,0.0,False,False,False,False,False,False,observe,routine_patrol
fixed_weighted_fusion,2026-09-06 03:00,healthy,healthy,12.1,0.0,False,False,False,False,False,False,observe,routine_patrol
fixed_weighted_fusion,2026-09-06 04:00,healthy,healthy,11.4,0.0,False,False,False,False,False,False,observe,routine_patrol
fixed_weighted_fusion,2026-09-06 05:00,healthy,healthy,11.3,0.0,False,False,False,False,False,False,observe,routine_patrol
fixed_weighted_fusion,2026-09-06 06:00,healthy,healthy,12.0,0.0,False,False,False,False,False,False,observe,routine_patrol
fixed_weighted_fusion,2026-09-06 07:00,healthy,healthy,11.6,0.0,False,False,False,False,False,False,observe,routine_patrol
fixed_weighted_fusion,2026-09-06 08:00,healthy,healthy,11.6,0.0,False,False,False,False,False,False,observe,routine_patrol
fixed_weighted_fusion,2026-09-06 09:00,healthy,healthy,11.8,0.0,False,False,False,False,False,False,observe,routine_patrol
fixed_weighted_fusion,2026-09-06 10:00,healthy,healthy,12.1,0.0,False,False,False,False,False,False,observe,routine_patrol
fixed_weighted_fusion,2026-09-06 11:00,healthy,healthy,11.8,0.0,False,False,False,False,False,False,observe,routine_patrol
fixed_weighted_fusion,2026-09-06 12:00,healthy,healthy,11.5,0.0,False,False,False,False,False,False,observe,routine_patrol
fixed_weighted_fusion,2026-09-06 13:00,healthy,healthy,11.8,0.0,False,False,False,False,False,False,observe,routine_patrol
fixed_weighted_fusion,2026-09-06 14:00,drought,drought,47.7,47.0,True,True,True,True,False,False,hold,resample_before_action
fixed_weighted_fusion,2026-09-06 15:00,drought,drought,45.8,35.0,True,True,True,True,False,False,hold,resample_before_action
fixed_weighted_fusion,2026-09-06 16:00,drought,drought,45.0,35.0,True,True,True,True,False,False,hold,resample_before_action
fixed_weighted_fusion,2026-09-06 17:00,drought,drought,45.5,35.0,True,True,True,True,False,False,hold,resample_before_action
fixed_weighted_fusion,2026-09-06 18:00,drought,drought,45.3,35.0,True,True,True,True,False,False,hold,resample_before_action
fixed_weighted_fusion,2026-09-06 19:00,drought,drought,45.3,35.0,True,True,True,True,False,False,hold,resample_before_action
fixed_weighted_fusion,2026-09-06 20:00,drought,drought,45.6,35.0,True,True,True,True,False,False,hold,resample_before_action
fixed_weighted_fusion,2026-09-06 21:00,drought,drought,45.4,35.0,True,True,True,True,False,False,hold,resample_before_action
fixed_weighted_fusion,2026-09-06 22:00,drought,drought,45.1,35.0,True,True,True,True,False,False,hold,resample_before_action
fixed_weighted_fusion,2026-09-06 23:00,drought,drought,45.2,35.0,True,True,True,True,False,False,hold,resample_before_action
fixed_weighted_fusion,2026-09-07 00:00,drought,sensor_anomaly,65.0,47.0,True,True,False,False,True,True,hold,recheck_before_action
fixed_weighted_fusion,2026-09-07 01:00,drought,drought,45.2,35.0,True,True,True,True,False,False,hold,resample_before_action
fixed_weighted_fusion,2026-09-07 02:00,drought,drought,45.1,35.0,True,True,True,True,False,False,hold,resample_before_action
fixed_weighted_fusion,2026-09-07 03:00,drought,drought,45.0,35.0,True,True,True,True,False,False,hold,resample_before_action
fixed_weighted_fusion,2026-09-07 04:00,drought,drought,45.5,35.0,True,True,True,True,False,False,hold,resample_before_action
fixed_weighted_fusion,2026-09-07 05:00,drought,drought,45.7,35.0,True,True,True,True,False,False,hold,resample_before_action
fixed_weighted_fusion,2026-09-07 06:00,drought,drought,45.2,35.0,True,True,True,True,False,False,hold,resample_before_action
fixed_weighted_fusion,2026-09-07 07:00,drought,drought,45.4,35.0,True,True,True,True,False,False,hold,resample_before_action
fixed_weighted_fusion,2026-09-07 08:00,healthy,waterlogging,45.0,47.0,True,True,True,True,False,False,hold,resample_before_action
fixed_weighted_fusion,2026-09-07 09:00,healthy,healthy,11.3,0.0,False,False,False,False,False,False,observe,routine_patrol
fixed_weighted_fusion,2026-09-07 10:00,healthy,healthy,11.6,0.0,False,False,False,False,False,False,observe,routine_patrol
fixed_weighted_fusion,2026-09-07 11:00,healthy,healthy,11.8,0.0,False,False,False,False,False,False,observe,routine_patrol
fixed_weighted_fusion,2026-09-07 12:00,drought,drought,45.5,35.0,True,True,True,True,False,False,hold,resample_before_action
fixed_weighted_fusion,2026-09-07 13:00,healthy,waterlogging,45.0,47.0,True,True,True,True,False,False,hold,resample_before_action
fixed_weighted_fusion,2026-09-07 14:00,healthy,waterlogging,45.0,47.0,True,True,True,True,False,False,hold,resample_before_action
fixed_weighted_fusion,2026-09-07 15:00,healthy,healthy,12.0,0.0,False,False,False,False,False,False,observe,routine_patrol
fixed_weighted_fusion,2026-09-07 16:00,healthy,healthy,11.7,0.0,False,False,False,False,False,False,observe,routine_patrol
fixed_weighted_fusion,2026-09-07 17:00,healthy,healthy,11.8,0.0,False,False,False,False,False,False,observe,routine_patrol
fixed_weighted_fusion,2026-09-07 18:00,healthy,healthy,11.5,0.0,False,False,False,False,False,False,observe,routine_patrol
fixed_weighted_fusion,2026-09-07 19:00,healthy,healthy,11.4,0.0,False,False,False,False,False,False,observe,routine_patrol
fixed_weighted_fusion,2026-09-07 20:00,waterlogging,waterlogging,71.4,0.0,False,False,False,False,False,False,execute,execute_recommended_action
fixed_weighted_fusion,2026-09-07 21:00,waterlogging,waterlogging,48.4,35.0,True,True,True,True,False,False,hold,resample_before_action
fixed_weighted_fusion,2026-09-07 22:00,waterlogging,waterlogging,64.7,0.0,False,False,False,False,False,False,execute,execute_recommended_action
fixed_weighted_fusion,2026-09-07 23:00,waterlogging,waterlogging,45.0,35.0,True,True,True,True,False,False,hold,resample_before_action
fixed_weighted_fusion,2026-09-08 00:00,waterlogging,waterlogging,61.0,44.0,True,True,False,False,False,False,hold,recheck_before_action
fixed_weighted_fusion,2026-09-08 01:00,waterlogging,waterlogging,45.0,35.0,True,True,True,True,False,False,hold,resample_before_action
fixed_weighted_fusion,2026-09-08 02:00,waterlogging,waterlogging,45.0,35.0,True,True,True,True,False,False,hold,resample_before_action
fixed_weighted_fusion,2026-09-08 03:00,waterlogging,waterlogging,45.0,35.0,True,True,True,True,False,False,hold,resample_before_action
fixed_weighted_fusion,2026-09-08 04:00,waterlogging,waterlogging,45.0,35.0,True,True,True,True,False,False,hold,resample_before_action
fixed_weighted_fusion,2026-09-08 05:00,waterlogging,waterlogging,45.0,35.0,True,True,True,True,False,False,hold,resample_before_action
fixed_weighted_fusion,2026-09-08 06:00,waterlogging,waterlogging,45.0,35.0,True,True,True,True,False,False,hold,resample_before_action
fixed_weighted_fusion,2026-09-08 07:00,waterlogging,waterlogging,45.0,35.0,True,True,True,True,False,False,hold,resample_before_action
fixed_weighted_fusion,2026-09-08 08:00,waterlogging,waterlogging,45.0,35.0,True,True,True,True,False,False,hold,resample_before_action
fixed_weighted_fusion,2026-09-08 09:00,waterlogging,waterlogging,61.0,44.0,True,True,False,False,False,False,hold,recheck_before_action
fixed_weighted_fusion,2026-09-08 10:00,healthy,healthy,11.4,0.0,False,False,False,False,False,False,observe,routine_patrol
fixed_weighted_fusion,2026-09-08 11:00,healthy,healthy,11.5,0.0,False,False,False,False,False,False,observe,routine_patrol
fixed_weighted_fusion,2026-09-08 12:00,healthy,healthy,11.7,0.0,False,False,False,False,False,False,observe,routine_patrol
fixed_weighted_fusion,2026-09-08 13:00,healthy,healthy,11.8,0.0,False,False,False,False,False,False,observe,routine_patrol
fixed_weighted_fusion,2026-09-08 14:00,healthy,healthy,12.0,0.0,False,False,False,False,False,False,observe,routine_patrol
fixed_weighted_fusion,2026-09-08 15:00,healthy,healthy,11.8,0.0,False,False,False,False,False,False,observe,routine_patrol
fixed_weighted_fusion,2026-09-08 16:00,healthy,healthy,12.0,0.0,False,False,False,False,False,False,observe,routine_patrol
fixed_weighted_fusion,2026-09-08 17:00,healthy,healthy,11.3,0.0,False,False,False,False,False,False,observe,routine_patrol
fixed_weighted_fusion,2026-09-08 18:00,waterlogging,waterlogging,69.4,0.0,False,False,False,False,False,False,execute,execute_recommended_action
fixed_weighted_fusion,2026-09-08 19:00,waterlogging,waterlogging,71.5,0.0,False,False,False,False,False,False,execute,execute_recommended_action
fixed_weighted_fusion,2026-09-08 20:00,waterlogging,waterlogging,45.0,35.0,True,True,True,True,False,False,hold,resample_before_action
fixed_weighted_fusion,2026-09-08 21:00,waterlogging,waterlogging,45.0,35.0,True,True,True,True,False,False,hold,resample_before_action
fixed_weighted_fusion,2026-09-08 22:00,waterlogging,waterlogging,45.0,35.0,True,True,True,True,False,False,hold,resample_before_action
fixed_weighted_fusion,2026-09-08 23:00,waterlogging,waterlogging,48.3,35.0,True,True,True,True,False,False,hold,resample_before_action
fixed_weighted_fusion,2026-09-09 00:00,waterlogging,waterlogging,72.0,0.0,False,False,False,False,False,False,execute,execute_recommended_action
fixed_weighted_fusion,2026-09-09 01:00,waterlogging,waterlogging,45.0,35.0,True,True,True,True,False,False,hold,resample_before_action
fixed_weighted_fusion,2026-09-09 02:00,waterlogging,waterlogging,45.0,35.0,True,True,True,True,False,False,hold,resample_before_action
fixed_weighted_fusion,2026-09-09 03:00,waterlogging,waterlogging,45.0,35.0,True,True,True,True,False,False,hold,resample_before_action
fixed_weighted_fusion,2026-09-09 04:00,waterlogging,waterlogging,45.0,35.0,True,True,True,True,False,False,hold,resample_before_action
fixed_weighted_fusion,2026-09-09 05:00,waterlogging,waterlogging,45.0,35.0,True,True,True,True,False,False,hold,resample_before_action
fixed_weighted_fusion,2026-09-09 06:00,waterlogging,waterlogging,45.0,35.0,True,True,True,True,False,False,hold,resample_before_action
fixed_weighted_fusion,2026-09-09 07:00,waterlogging,waterlogging,45.0,35.0,True,True,True,True,False,False,hold,resample_before_action
fixed_weighted_fusion,2026-09-09 08:00,waterlogging,waterlogging,45.0,35.0,True,True,True,True,False,False,hold,resample_before_action
fixed_weighted_fusion,2026-09-09 09:00,waterlogging,waterlogging,45.0,35.0,True,True,True,True,False,False,hold,resample_before_action
fixed_weighted_fusion,2026-09-09 10:00,waterlogging,waterlogging,45.0,35.0,True,True,True,True,False,False,hold,resample_before_action
fixed_weighted_fusion,2026-09-09 11:00,waterlogging,waterlogging,72.4,0.0,False,False,False,False,False,False,execute,execute_recommended_action
fixed_weighted_fusion,2026-09-09 12:00,waterlogging,waterlogging,45.0,35.0,True,True,True,True,False,False,hold,resample_before_action
fixed_weighted_fusion,2026-09-09 13:00,waterlogging,waterlogging,45.0,35.0,True,True,True,True,False,False,hold,resample_before_action
fixed_weighted_fusion,2026-09-09 14:00,waterlogging,waterlogging,45.0,35.0,True,True,True,True,False,False,hold,resample_before_action
fixed_weighted_fusion,2026-09-09 15:00,waterlogging,waterlogging,45.0,35.0,True,True,True,True,False,False,hold,resample_before_action
fixed_weighted_fusion,2026-09-09 16:00,healthy,healthy,11.8,0.0,False,False,False,False,False,False,observe,routine_patrol
fixed_weighted_fusion,2026-09-09 17:00,healthy,healthy,11.5,0.0,False,False,False,False,False,False,observe,routine_patrol
fixed_weighted_fusion,2026-09-09 18:00,healthy,healthy,11.4,0.0,False,False,False,False,False,False,observe,routine_patrol
fixed_weighted_fusion,2026-09-09 19:00,healthy,healthy,11.3,0.0,False,False,False,False,False,False,observe,routine_patrol
fixed_weighted_fusion,2026-09-09 20:00,healthy,healthy,12.0,0.0,False,False,False,False,False,False,observe,routine_patrol
fixed_weighted_fusion,2026-09-09 21:00,healthy,healthy,11.8,0.0,False,False,False,False,False,False,observe,routine_patrol
fixed_weighted_fusion,2026-09-09 22:00,healthy,healthy,31.9,0.0,False,False,False,False,False,False,observe,routine_patrol
fixed_weighted_fusion,2026-09-09 23:00,healthy,healthy,11.5,0.0,False,False,False,False,False,False,observe,routine_patrol
fixed_weighted_fusion,2026-09-10 00:00,healthy,healthy,11.5,0.0,False,False,False,False,False,False,observe,routine_patrol
fixed_weighted_fusion,2026-09-10 01:00,healthy,healthy,11.6,0.0,False,False,False,False,False,False,observe,routine_patrol
fixed_weighted_fusion,2026-09-10 02:00,healthy,healthy,11.9,0.0,False,False,False,False,False,False,observe,routine_patrol
fixed_weighted_fusion,2026-09-10 03:00,healthy,healthy,11.7,0.0,False,False,False,False,False,False,observe,routine_patrol
fixed_weighted_fusion,2026-09-10 04:00,healthy,healthy,11.7,0.0,False,False,False,False,False,False,observe,routine_patrol
fixed_weighted_fusion,2026-09-10 05:00,waterlogging,waterlogging,48.7,35.0,True,True,True,True,False,False,hold,resample_before_action
fixed_weighted_fusion,2026-09-10 06:00,waterlogging,waterlogging,71.8,0.0,False,False,False,False,False,False,execute,execute_recommended_action
fixed_weighted_fusion,2026-09-10 07:00,waterlogging,waterlogging,45.0,35.0,True,True,True,True,False,False,hold,resample_before_action
fixed_weighted_fusion,2026-09-10 08:00,waterlogging,waterlogging,45.0,35.0,True,True,True,True,False,False,hold,resample_before_action
fixed_weighted_fusion,2026-09-10 09:00,waterlogging,waterlogging,45.0,35.0,True,True,True,True,False,False,hold,resample_before_action
fixed_weighted_fusion,2026-09-10 10:00,waterlogging,waterlogging,45.0,35.0,True,True,True,True,False,False,hold,resample_before_action
fixed_weighted_fusion,2026-09-10 11:00,waterlogging,waterlogging,64.7,0.0,False,False,False,False,False,False,execute,execute_recommended_action
fixed_weighted_fusion,2026-09-10 12:00,waterlogging,waterlogging,45.0,35.0,True,True,True,True,False,False,hold,resample_before_action
fixed_weighted_fusion,2026-09-10 13:00,healthy,healthy,11.3,0.0,False,False,False,False,False,False,observe,routine_patrol
fixed_weighted_fusion,2026-09-10 14:00,healthy,healthy,31.9,0.0,False,False,False,False,False,False,observe,routine_patrol
fixed_weighted_fusion,2026-09-10 15:00,healthy,healthy,11.8,0.0,False,False,False,False,False,False,observe,routine_patrol
fixed_weighted_fusion,2026-09-10 16:00,healthy,healthy,11.5,0.0,False,False,False,False,False,False,observe,routine_patrol
fixed_weighted_fusion,2026-09-10 17:00,healthy,healthy,12.0,0.0,False,False,False,False,False,False,observe,routine_patrol
fixed_weighted_fusion,2026-09-10 18:00,healthy,healthy,11.5,0.0,False,False,False,False,False,False,observe,routine_patrol
fixed_weighted_fusion,2026-09-10 19:00,healthy,healthy,11.4,0.0,False,False,False,False,False,False,observe,routine_patrol
fixed_weighted_fusion,2026-09-10 20:00,healthy,healthy,12.0,0.0,False,False,False,False,False,False,observe,routine_patrol
fixed_weighted_fusion,2026-09-10 21:00,healthy,healthy,11.8,0.0,False,False,False,False,False,False,observe,routine_patrol
fixed_weighted_fusion,2026-09-10 22:00,healthy,healthy,11.4,0.0,False,False,False,False,False,False,observe,routine_patrol
fixed_weighted_fusion,2026-09-10 23:00,healthy,healthy,11.8,0.0,False,False,False,False,False,False,observe,routine_patrol
fixed_weighted_fusion,2026-09-11 00:00,pest,healthy,32.8,0.0,False,False,False,False,False,False,observe,routine_patrol
fixed_weighted_fusion,2026-09-11 01:00,waterlogging,waterlogging,72.2,0.0,False,False,False,False,False,False,execute,execute_recommended_action
fixed_weighted_fusion,2026-09-11 02:00,waterlogging,waterlogging,45.0,35.0,True,True,True,True,False,False,hold,resample_before_action
fixed_weighted_fusion,2026-09-11 03:00,waterlogging,waterlogging,45.0,35.0,True,True,True,True,False,False,hold,resample_before_action
fixed_weighted_fusion,2026-09-11 04:00,waterlogging,waterlogging,45.0,35.0,True,True,True,True,False,False,hold,resample_before_action
fixed_weighted_fusion,2026-09-11 05:00,waterlogging,waterlogging,45.0,35.0,True,True,True,True,False,False,hold,resample_before_action
fixed_weighted_fusion,2026-09-11 06:00,waterlogging,waterlogging,45.0,35.0,True,True,True,True,False,False,hold,resample_before_action
fixed_weighted_fusion,2026-09-11 07:00,waterlogging,waterlogging,45.0,35.0,True,True,True,True,False,False,hold,resample_before_action
fixed_weighted_fusion,2026-09-11 08:00,waterlogging,waterlogging,71.5,0.0,False,False,False,False,False,False,execute,execute_recommended_action
fixed_weighted_fusion,2026-09-11 09:00,waterlogging,waterlogging,45.0,35.0,True,True,True,True,False,False,hold,resample_before_action
fixed_weighted_fusion,2026-09-11 10:00,waterlogging,waterlogging,45.0,35.0,True,True,True,True,False,False,hold,resample_before_action
fixed_weighted_fusion,2026-09-11 11:00,waterlogging,waterlogging,45.0,35.0,True,True,True,True,False,False,hold,resample_before_action
fixed_weighted_fusion,2026-09-11 12:00,waterlogging,waterlogging,64.4,0.0,False,False,False,False,False,False,execute,execute_recommended_action
fixed_weighted_fusion,2026-09-11 13:00,waterlogging,waterlogging,45.0,35.0,True,True,True,True,False,False,hold,resample_before_action
fixed_weighted_fusion,2026-09-11 14:00,waterlogging,waterlogging,45.0,35.0,True,True,True,True,False,False,hold,resample_before_action
fixed_weighted_fusion,2026-09-11 15:00,pest,healthy,32.0,0.0,False,False,False,False,False,False,observe,routine_patrol
fixed_weighted_fusion,2026-09-11 16:00,healthy,healthy,11.3,0.0,False,False,False,False,False,False,observe,routine_patrol
fixed_weighted_fusion,2026-09-11 17:00,healthy,healthy,11.4,0.0,False,False,False,False,False,False,observe,routine_patrol
fixed_weighted_fusion,2026-09-11 18:00,healthy,healthy,28.3,44.0,True,True,False,False,False,False,hold,monitor_more_context
fixed_weighted_fusion,2026-09-11 19:00,healthy,healthy,11.4,0.0,False,False,False,False,False,False,observe,routine_patrol
fixed_weighted_fusion,2026-09-11 20:00,healthy,healthy,11.6,0.0,False,False,False,False,False,False,observe,routine_patrol
fixed_weighted_fusion,2026-09-11 21:00,healthy,healthy,11.8,0.0,False,False,False,False,False,False,observe,routine_patrol
fixed_weighted_fusion,2026-09-11 22:00,healthy,healthy,11.6,0.0,False,False,False,False,False,False,observe,routine_patrol
fixed_weighted_fusion,2026-09-11 23:00,healthy,healthy,11.8,0.0,False,False,False,False,False,False,observe,routine_patrol
fixed_weighted_fusion,2026-09-12 00:00,waterlogging,waterlogging,48.0,35.0,True,True,True,True,False,False,hold,resample_before_action
fixed_weighted_fusion,2026-09-12 01:00,waterlogging,waterlogging,72.1,0.0,False,False,False,False,False,False,execute,execute_recommended_action
fixed_weighted_fusion,2026-09-12 02:00,waterlogging,waterlogging,72.4,0.0,False,False,False,False,False,False,execute,execute_recommended_action
fixed_weighted_fusion,2026-09-12 03:00,waterlogging,waterlogging,45.0,35.0,True,True,True,True,False,False,hold,resample_before_action
fixed_weighted_fusion,2026-09-12 04:00,waterlogging,waterlogging,61.0,44.0,True,True,False,False,False,False,hold,recheck_before_action
fixed_weighted_fusion,2026-09-12 05:00,waterlogging,waterlogging,45.0,35.0,True,True,True,True,False,False,hold,resample_before_action
fixed_weighted_fusion,2026-09-12 06:00,waterlogging,waterlogging,45.0,35.0,True,True,True,True,False,False,hold,resample_before_action
fixed_weighted_fusion,2026-09-12 07:00,waterlogging,waterlogging,45.0,35.0,True,True,True,True,False,False,hold,resample_before_action
fixed_weighted_fusion,2026-09-12 08:00,waterlogging,waterlogging,45.0,35.0,True,True,True,True,False,False,hold,resample_before_action
fixed_weighted_fusion,2026-09-12 09:00,waterlogging,waterlogging,45.0,35.0,True,True,True,True,False,False,hold,resample_before_action
fixed_weighted_fusion,2026-09-12 10:00,waterlogging,waterlogging,45.0,35.0,True,True,True,True,False,False,hold,resample_before_action
fixed_weighted_fusion,2026-09-12 11:00,healthy,healthy,11.4,0.0,False,False,False,False,False,False,observe,routine_patrol
fixed_weighted_fusion,2026-09-12 12:00,waterlogging,waterlogging,48.1,35.0,True,True,True,True,False,False,hold,resample_before_action
fixed_weighted_fusion,2026-09-12 13:00,waterlogging,waterlogging,45.0,35.0,True,True,True,True,False,False,hold,resample_before_action
fixed_weighted_fusion,2026-09-12 14:00,waterlogging,waterlogging,71.1,0.0,False,False,False,False,False,False,execute,execute_recommended_action
fixed_weighted_fusion,2026-09-12 15:00,waterlogging,waterlogging,72.4,0.0,False,False,False,False,False,False,execute,execute_recommended_action
fixed_weighted_fusion,2026-09-12 16:00,waterlogging,waterlogging,45.0,35.0,True,True,True,True,False,False,hold,resample_before_action
fixed_weighted_fusion,2026-09-12 17:00,waterlogging,waterlogging,45.0,35.0,True,True,True,True,False,False,hold,resample_before_action
fixed_weighted_fusion,2026-09-12 18:00,waterlogging,waterlogging,45.0,35.0,True,True,True,True,False,False,hold,resample_before_action
fixed_weighted_fusion,2026-09-12 19:00,waterlogging,waterlogging,64.3,0.0,False,False,False,False,False,False,execute,execute_recommended_action
fixed_weighted_fusion,2026-09-12 20:00,waterlogging,waterlogging,45.0,35.0,True,True,True,True,False,False,hold,resample_before_action
fixed_weighted_fusion,2026-09-12 21:00,waterlogging,waterlogging,45.0,35.0,True,True,True,True,False,False,hold,resample_before_action
fixed_weighted_fusion,2026-09-12 22:00,waterlogging,waterlogging,45.0,35.0,True,True,True,True,False,False,hold,resample_before_action
fixed_weighted_fusion,2026-09-12 23:00,waterlogging,waterlogging,48.0,35.0,True,True,True,True,False,False,hold,resample_before_action
fixed_weighted_fusion,2026-09-13 00:00,waterlogging,waterlogging,45.0,35.0,True,True,True,True,False,False,hold,resample_before_action
fixed_weighted_fusion,2026-09-13 01:00,waterlogging,waterlogging,68.2,0.0,False,False,False,False,False,False,execute,execute_recommended_action
fixed_weighted_fusion,2026-09-13 02:00,waterlogging,waterlogging,45.0,35.0,True,True,True,True,False,False,hold,resample_before_action
fixed_weighted_fusion,2026-09-13 03:00,waterlogging,waterlogging,45.0,35.0,True,True,True,True,False,False,hold,resample_before_action
fixed_weighted_fusion,2026-09-13 04:00,waterlogging,waterlogging,45.0,35.0,True,True,True,True,False,False,hold,resample_before_action
fixed_weighted_fusion,2026-09-13 05:00,waterlogging,waterlogging,61.0,44.0,True,True,False,False,False,False,hold,recheck_before_action
fixed_weighted_fusion,2026-09-13 06:00,waterlogging,waterlogging,45.0,35.0,True,True,True,True,False,False,hold,resample_before_action
fixed_weighted_fusion,2026-09-13 07:00,waterlogging,waterlogging,45.0,35.0,True,True,True,True,False,False,hold,resample_before_action
fixed_weighted_fusion,2026-09-13 08:00,waterlogging,waterlogging,45.0,35.0,True,True,True,True,False,False,hold,resample_before_action
fixed_weighted_fusion,2026-09-13 09:00,waterlogging,waterlogging,45.0,35.0,True,True,True,True,False,False,hold,resample_before_action
fixed_weighted_fusion,2026-09-13 10:00,healthy,healthy,28.3,44.0,True,True,False,False,False,False,hold,monitor_more_context
fixed_weighted_fusion,2026-09-13 11:00,healthy,healthy,11.8,0.0,False,False,False,False,False,False,observe,routine_patrol
fixed_weighted_fusion,2026-09-13 12:00,healthy,healthy,12.1,0.0,False,False,False,False,False,False,observe,routine_patrol
fixed_weighted_fusion,2026-09-13 13:00,pest,healthy,32.8,0.0,False,False,False,False,False,False,observe,routine_patrol
fixed_weighted_fusion,2026-09-13 14:00,healthy,healthy,28.3,44.0,True,True,False,False,False,False,hold,monitor_more_context
fixed_weighted_fusion,2026-09-13 15:00,healthy,healthy,12.0,0.0,False,False,False,False,False,False,observe,routine_patrol
uncertainty_weighted_fusion,2026-08-03 00:00,healthy,healthy,11.3,0.0,False,False,False,False,False,False,observe,routine_patrol
uncertainty_weighted_fusion,2026-08-03 01:00,healthy,healthy,11.3,0.0,False,False,False,False,False,False,observe,routine_patrol
uncertainty_weighted_fusion,2026-08-03 02:00,healthy,healthy,11.3,0.0,False,False,False,False,False,False,observe,routine_patrol
uncertainty_weighted_fusion,2026-08-03 03:00,healthy,healthy,11.4,0.0,False,False,False,False,False,False,observe,routine_patrol
uncertainty_weighted_fusion,2026-08-03 04:00,healthy,healthy,11.6,0.0,False,False,False,False,False,False,observe,routine_patrol
uncertainty_weighted_fusion,2026-08-03 05:00,healthy,healthy,11.5,0.0,False,False,False,False,False,False,observe,routine_patrol
uncertainty_weighted_fusion,2026-08-03 06:00,healthy,healthy,16.5,0.0,False,False,False,False,False,False,observe,routine_patrol
uncertainty_weighted_fusion,2026-08-03 07:00,healthy,healthy,14.5,0.0,False,False,False,False,False,False,observe,routine_patrol
uncertainty_weighted_fusion,2026-08-03 08:00,healthy,healthy,13.1,0.0,False,False,False,False,False,False,observe,routine_patrol
uncertainty_weighted_fusion,2026-08-03 09:00,healthy,healthy,15.6,0.0,False,False,False,False,False,False,observe,routine_patrol
uncertainty_weighted_fusion,2026-08-03 10:00,healthy,healthy,17.1,0.0,False,False,False,False,False,False,observe,routine_patrol
uncertainty_weighted_fusion,2026-08-03 11:00,healthy,healthy,18.1,0.0,False,False,False,False,False,False,observe,routine_patrol
uncertainty_weighted_fusion,2026-08-03 12:00,heat,heat,45.0,47.0,True,True,True,True,False,False,hold,resample_before_action
uncertainty_weighted_fusion,2026-08-03 13:00,drought,drought,45.0,47.0,True,True,True,True,False,False,hold,resample_before_action
uncertainty_weighted_fusion,2026-08-03 14:00,drought,drought,49.6,47.0,True,True,True,True,False,False,hold,resample_before_action
uncertainty_weighted_fusion,2026-08-03 15:00,drought,drought,55.4,35.0,True,True,True,True,False,False,hold,resample_before_action
uncertainty_weighted_fusion,2026-08-03 16:00,drought,drought,64.2,0.0,False,False,False,False,False,False,execute,execute_recommended_action
uncertainty_weighted_fusion,2026-08-03 17:00,drought,drought,68.9,0.0,False,False,False,False,False,False,execute,execute_recommended_action
uncertainty_weighted_fusion,2026-08-03 18:00,drought,drought,64.7,35.0,True,True,True,True,False,False,hold,recheck_before_action
uncertainty_weighted_fusion,2026-08-03 19:00,drought,drought,63.0,35.0,True,True,True,True,False,False,hold,recheck_before_action
uncertainty_weighted_fusion,2026-08-03 20:00,drought,drought,63.2,35.0,True,True,True,True,False,False,hold,recheck_before_action
uncertainty_weighted_fusion,2026-08-03 21:00,drought,drought,59.9,35.0,True,True,True,True,False,False,hold,resample_before_action
uncertainty_weighted_fusion,2026-08-03 22:00,drought,drought,58.8,35.0,True,True,True,True,False,False,hold,resample_before_action
uncertainty_weighted_fusion,2026-08-03 23:00,drought,drought,59.1,35.0,True,True,True,True,False,False,hold,resample_before_action
uncertainty_weighted_fusion,2026-08-04 00:00,drought,drought,58.9,35.0,True,True,True,True,False,False,hold,resample_before_action
uncertainty_weighted_fusion,2026-08-04 01:00,drought,drought,58.8,35.0,True,True,True,True,False,False,hold,resample_before_action
uncertainty_weighted_fusion,2026-08-04 02:00,drought,drought,58.8,35.0,True,True,True,True,False,False,hold,resample_before_action
uncertainty_weighted_fusion,2026-08-04 03:00,drought,drought,58.6,35.0,True,True,True,True,False,False,hold,resample_before_action
uncertainty_weighted_fusion,2026-08-04 04:00,drought,drought,59.2,35.0,True,True,True,True,False,False,hold,resample_before_action
uncertainty_weighted_fusion,2026-08-04 05:00,drought,drought,59.4,35.0,True,True,True,True,False,False,hold,resample_before_action
uncertainty_weighted_fusion,2026-08-04 06:00,drought,drought,59.3,35.0,True,True,True,True,False,False,hold,resample_before_action
uncertainty_weighted_fusion,2026-08-04 07:00,drought,drought,59.1,35.0,True,True,True,True,False,False,hold,resample_before_action
uncertainty_weighted_fusion,2026-08-04 08:00,drought,drought,66.2,0.0,False,False,False,False,False,False,execute,execute_recommended_action
uncertainty_weighted_fusion,2026-08-04 09:00,drought,drought,70.7,0.0,False,False,False,False,False,False,execute,execute_recommended_action
uncertainty_weighted_fusion,2026-08-04 10:00,drought,drought,73.0,0.0,False,False,False,False,False,False,execute,execute_recommended_action
uncertainty_weighted_fusion,2026-08-04 11:00,drought,drought,74.2,0.0,False,False,False,False,False,False,execute,execute_recommended_action
uncertainty_weighted_fusion,2026-08-04 12:00,drought,drought,75.2,0.0,False,False,False,False,False,False,execute,execute_recommended_action
uncertainty_weighted_fusion,2026-08-04 13:00,drought,drought,75.5,0.0,False,False,False,False,False,False,execute,execute_recommended_action
uncertainty_weighted_fusion,2026-08-04 14:00,drought,drought,75.5,0.0,False,False,False,False,False,False,execute,execute_recommended_action
uncertainty_weighted_fusion,2026-08-04 15:00,drought,drought,74.9,0.0,False,False,False,False,False,False,execute,execute_recommended_action
uncertainty_weighted_fusion,2026-08-04 16:00,drought,drought,72.9,0.0,False,False,False,False,False,False,execute,execute_recommended_action
uncertainty_weighted_fusion,2026-08-04 17:00,low_light,drought,62.8,35.0,True,True,True,True,False,False,hold,recheck_before_action
uncertainty_weighted_fusion,2026-08-04 18:00,healthy,drought,43.8,12.0,False,False,False,False,False,False,hold,monitor_more_context
uncertainty_weighted_fusion,2026-08-04 19:00,healthy,healthy,32.9,0.0,False,False,False,False,False,False,observe,routine_patrol
uncertainty_weighted_fusion,2026-08-04 20:00,pest,healthy,33.2,0.0,False,False,False,False,False,False,observe,routine_patrol
uncertainty_weighted_fusion,2026-08-04 21:00,healthy,healthy,24.2,0.0,False,False,False,False,False,False,observe,routine_patrol
uncertainty_weighted_fusion,2026-08-04 22:00,healthy,healthy,19.0,0.0,False,False,False,False,False,False,observe,routine_patrol
uncertainty_weighted_fusion,2026-08-04 23:00,healthy,healthy,16.0,0.0,False,False,False,False,False,False,observe,routine_patrol
uncertainty_weighted_fusion,2026-08-05 00:00,healthy,healthy,14.1,0.0,False,False,False,False,False,False,observe,routine_patrol
uncertainty_weighted_fusion,2026-08-05 01:00,healthy,healthy,13.2,0.0,False,False,False,False,False,False,observe,routine_patrol
uncertainty_weighted_fusion,2026-08-05 02:00,healthy,healthy,12.5,0.0,False,False,False,False,False,False,observe,routine_patrol
uncertainty_weighted_fusion,2026-08-05 03:00,healthy,healthy,12.1,0.0,False,False,False,False,False,False,observe,routine_patrol
uncertainty_weighted_fusion,2026-08-05 04:00,pest,healthy,19.5,0.0,False,False,False,False,False,False,observe,routine_patrol
uncertainty_weighted_fusion,2026-08-05 05:00,healthy,healthy,16.2,0.0,False,False,False,False,False,False,observe,routine_patrol
uncertainty_weighted_fusion,2026-08-05 06:00,healthy,healthy,14.4,0.0,False,False,False,False,False,False,observe,routine_patrol
uncertainty_weighted_fusion,2026-08-05 07:00,healthy,healthy,13.1,0.0,False,False,False,False,False,False,observe,routine_patrol
uncertainty_weighted_fusion,2026-08-05 08:00,healthy,healthy,15.7,0.0,False,False,False,False,False,False,observe,routine_patrol
uncertainty_weighted_fusion,2026-08-05 09:00,drought,drought,45.0,47.0,True,True,True,True,False,False,hold,resample_before_action
uncertainty_weighted_fusion,2026-08-05 10:00,drought,drought,45.0,47.0,True,True,True,True,False,False,hold,resample_before_action
uncertainty_weighted_fusion,2026-08-05 11:00,drought,drought,53.0,35.0,True,True,True,True,False,False,hold,resample_before_action
uncertainty_weighted_fusion,2026-08-05 12:00,drought,drought,58.1,35.0,True,True,True,True,False,False,hold,resample_before_action
uncertainty_weighted_fusion,2026-08-05 13:00,drought,drought,66.5,0.0,False,False,False,False,False,False,execute,execute_recommended_action
uncertainty_weighted_fusion,2026-08-05 14:00,drought,drought,70.0,0.0,False,False,False,False,False,False,execute,execute_recommended_action
uncertainty_weighted_fusion,2026-08-05 15:00,drought,drought,72.5,0.0,False,False,False,False,False,False,execute,execute_recommended_action
uncertainty_weighted_fusion,2026-08-05 16:00,drought,drought,74.3,0.0,False,False,False,False,False,False,execute,execute_recommended_action
uncertainty_weighted_fusion,2026-08-05 17:00,drought,drought,74.9,0.0,False,False,False,False,False,False,execute,execute_recommended_action
uncertainty_weighted_fusion,2026-08-05 18:00,drought,drought,69.0,35.0,True,True,True,True,False,False,hold,recheck_before_action
uncertainty_weighted_fusion,2026-08-05 19:00,drought,drought,71.4,0.0,False,False,False,False,False,False,execute,execute_recommended_action
uncertainty_weighted_fusion,2026-08-05 20:00,drought,drought,67.6,35.0,True,True,True,True,False,False,hold,recheck_before_action
uncertainty_weighted_fusion,2026-08-05 21:00,drought,drought,63.8,35.0,True,True,True,True,False,False,hold,recheck_before_action
uncertainty_weighted_fusion,2026-08-05 22:00,drought,drought,61.4,35.0,True,True,True,True,False,False,hold,recheck_before_action
uncertainty_weighted_fusion,2026-08-05 23:00,drought,drought,60.0,35.0,True,True,True,True,False,False,hold,recheck_before_action
uncertainty_weighted_fusion,2026-08-06 00:00,drought,drought,59.2,35.0,True,True,True,True,False,False,hold,resample_before_action
uncertainty_weighted_fusion,2026-08-06 01:00,drought,drought,57.5,35.0,True,True,True,True,False,False,hold,resample_before_action
uncertainty_weighted_fusion,2026-08-06 02:00,healthy,healthy,38.3,0.0,False,False,False,False,False,False,observe,routine_patrol
uncertainty_weighted_fusion,2026-08-06 03:00,healthy,healthy,27.0,0.0,False,False,False,False,False,False,observe,routine_patrol
uncertainty_weighted_fusion,2026-08-06 04:00,healthy,healthy,20.7,0.0,False,False,False,False,False,False,observe,routine_patrol
uncertainty_weighted_fusion,2026-08-06 05:00,healthy,healthy,16.7,0.0,False,False,False,False,False,False,observe,routine_patrol
uncertainty_weighted_fusion,2026-08-06 06:00,healthy,healthy,14.5,0.0,False,False,False,False,False,False,observe,routine_patrol
uncertainty_weighted_fusion,2026-08-06 07:00,drought,drought,45.0,47.0,True,True,True,True,False,False,hold,resample_before_action
uncertainty_weighted_fusion,2026-08-06 08:00,drought,drought,48.1,2.0,False,False,False,False,False,False,hold,monitor_more_context
uncertainty_weighted_fusion,2026-08-06 09:00,drought,drought,54.0,35.0,True,True,True,True,False,False,hold,resample_before_action
uncertainty_weighted_fusion,2026-08-06 10:00,drought,drought,58.4,35.0,True,True,True,True,False,False,hold,resample_before_action
uncertainty_weighted_fusion,2026-08-06 11:00,drought,drought,66.4,0.0,False,False,False,False,False,False,execute,execute_recommended_action
uncertainty_weighted_fusion,2026-08-06 12:00,drought,drought,70.7,0.0,False,False,False,False,False,False,execute,execute_recommended_action
uncertainty_weighted_fusion,2026-08-06 13:00,drought,drought,73.5,0.0,False,False,False,False,False,False,execute,execute_recommended_action
uncertainty_weighted_fusion,2026-08-06 14:00,drought,drought,74.8,0.0,False,False,False,False,False,False,execute,execute_recommended_action
uncertainty_weighted_fusion,2026-08-06 15:00,drought,drought,75.2,0.0,False,False,False,False,False,False,execute,execute_recommended_action
uncertainty_weighted_fusion,2026-08-06 16:00,drought,drought,69.8,35.0,True,True,True,True,False,False,hold,recheck_before_action
uncertainty_weighted_fusion,2026-08-06 17:00,drought,drought,72.8,0.0,False,False,False,False,False,False,execute,execute_recommended_action
uncertainty_weighted_fusion,2026-08-06 18:00,drought,drought,68.4,35.0,True,True,True,True,False,False,hold,recheck_before_action
uncertainty_weighted_fusion,2026-08-06 19:00,drought,drought,65.6,35.0,True,True,True,True,False,False,hold,recheck_before_action
uncertainty_weighted_fusion,2026-08-06 20:00,drought,drought,64.3,35.0,True,True,True,True,False,False,hold,recheck_before_action
uncertainty_weighted_fusion,2026-08-06 21:00,drought,drought,61.7,35.0,True,True,True,True,False,False,hold,recheck_before_action
uncertainty_weighted_fusion,2026-08-06 22:00,drought,drought,60.6,35.0,True,True,True,True,False,False,hold,recheck_before_action
uncertainty_weighted_fusion,2026-08-06 23:00,drought,drought,60.1,35.0,True,True,True,True,False,False,hold,recheck_before_action
uncertainty_weighted_fusion,2026-08-07 00:00,drought,drought,59.3,35.0,True,True,True,True,False,False,hold,resample_before_action
uncertainty_weighted_fusion,2026-08-07 01:00,drought,drought,58.9,35.0,True,True,True,True,False,False,hold,resample_before_action
uncertainty_weighted_fusion,2026-08-07 02:00,drought,drought,58.5,35.0,True,True,True,True,False,False,hold,resample_before_action
uncertainty_weighted_fusion,2026-08-07 03:00,drought,drought,59.1,35.0,True,True,True,True,False,False,hold,resample_before_action
uncertainty_weighted_fusion,2026-08-07 04:00,drought,drought,64.8,0.0,False,False,False,False,False,False,execute,execute_recommended_action
uncertainty_weighted_fusion,2026-08-07 05:00,drought,drought,62.5,35.0,True,True,True,True,False,False,hold,recheck_before_action
uncertainty_weighted_fusion,2026-08-07 06:00,drought,drought,60.4,35.0,True,True,True,True,False,False,hold,recheck_before_action
uncertainty_weighted_fusion,2026-08-07 07:00,drought,drought,66.5,0.0,False,False,False,False,False,False,execute,execute_recommended_action
uncertainty_weighted_fusion,2026-08-07 08:00,drought,drought,70.3,0.0,False,False,False,False,False,False,execute,execute_recommended_action
uncertainty_weighted_fusion,2026-08-07 09:00,drought,drought,72.2,0.0,False,False,False,False,False,False,execute,execute_recommended_action
uncertainty_weighted_fusion,2026-08-07 10:00,drought,drought,73.4,0.0,False,False,False,False,False,False,execute,execute_recommended_action
uncertainty_weighted_fusion,2026-08-07 11:00,drought,drought,74.3,0.0,False,False,False,False,False,False,execute,execute_recommended_action
uncertainty_weighted_fusion,2026-08-07 12:00,drought,drought,74.6,0.0,False,False,False,False,False,False,execute,execute_recommended_action
uncertainty_weighted_fusion,2026-08-07 13:00,drought,drought,74.5,0.0,False,False,False,False,False,False,execute,execute_recommended_action
uncertainty_weighted_fusion,2026-08-07 14:00,drought,drought,74.5,0.0,False,False,False,False,False,False,execute,execute_recommended_action
uncertainty_weighted_fusion,2026-08-07 15:00,drought,drought,74.5,0.0,False,False,False,False,False,False,execute,execute_recommended_action
uncertainty_weighted_fusion,2026-08-07 16:00,drought,drought,74.1,0.0,False,False,False,False,False,False,execute,execute_recommended_action
uncertainty_weighted_fusion,2026-08-07 17:00,drought,drought,73.9,0.0,False,False,False,False,False,False,execute,execute_recommended_action
uncertainty_weighted_fusion,2026-08-07 18:00,drought,drought,66.5,35.0,True,True,True,True,False,False,hold,recheck_before_action
uncertainty_weighted_fusion,2026-08-07 19:00,drought,drought,63.3,35.0,True,True,True,True,False,False,hold,recheck_before_action
uncertainty_weighted_fusion,2026-08-07 20:00,drought,drought,60.7,35.0,True,True,True,True,False,False,hold,recheck_before_action
uncertainty_weighted_fusion,2026-08-07 21:00,drought,drought,59.8,35.0,True,True,True,True,False,False,hold,resample_before_action
uncertainty_weighted_fusion,2026-08-07 22:00,drought,drought,59.7,35.0,True,True,True,True,False,False,hold,resample_before_action
uncertainty_weighted_fusion,2026-08-07 23:00,drought,drought,57.9,35.0,True,True,True,True,False,False,hold,resample_before_action
uncertainty_weighted_fusion,2026-08-08 00:00,healthy,healthy,38.7,32.0,True,True,False,False,False,False,hold,monitor_more_context
uncertainty_weighted_fusion,2026-08-08 01:00,drought,drought,45.0,47.0,True,True,True,True,False,False,hold,resample_before_action
uncertainty_weighted_fusion,2026-08-08 02:00,drought,drought,49.0,35.0,True,True,True,True,False,False,hold,resample_before_action
uncertainty_weighted_fusion,2026-08-08 03:00,drought,drought,52.1,35.0,True,True,True,True,False,False,hold,resample_before_action
uncertainty_weighted_fusion,2026-08-08 04:00,drought,drought,53.4,35.0,True,True,True,True,False,False,hold,resample_before_action
uncertainty_weighted_fusion,2026-08-08 05:00,drought,drought,53.8,35.0,True,True,True,True,False,False,hold,resample_before_action
uncertainty_weighted_fusion,2026-08-08 06:00,drought,drought,60.7,0.0,False,False,False,False,False,False,execute,execute_recommended_action
uncertainty_weighted_fusion,2026-08-08 07:00,drought,drought,58.5,35.0,True,True,True,True,False,False,hold,resample_before_action
uncertainty_weighted_fusion,2026-08-08 08:00,drought,drought,64.2,0.0,False,False,False,False,False,False,execute,execute_recommended_action
uncertainty_weighted_fusion,2026-08-08 09:00,drought,drought,68.8,0.0,False,False,False,False,False,False,execute,execute_recommended_action
uncertainty_weighted_fusion,2026-08-08 10:00,drought,drought,72.4,0.0,False,False,False,False,False,False,execute,execute_recommended_action
uncertainty_weighted_fusion,2026-08-08 11:00,drought,drought,74.3,0.0,False,False,False,False,False,False,execute,execute_recommended_action
uncertainty_weighted_fusion,2026-08-08 12:00,drought,drought,74.8,0.0,False,False,False,False,False,False,execute,execute_recommended_action
uncertainty_weighted_fusion,2026-08-08 13:00,drought,drought,75.4,0.0,False,False,False,False,False,False,execute,execute_recommended_action
uncertainty_weighted_fusion,2026-08-08 14:00,drought,drought,76.0,0.0,False,False,False,False,False,False,execute,execute_recommended_action
uncertainty_weighted_fusion,2026-08-08 15:00,drought,drought,75.6,0.0,False,False,False,False,False,False,execute,execute_recommended_action
uncertainty_weighted_fusion,2026-08-08 16:00,drought,drought,69.9,35.0,True,True,True,True,False,False,hold,recheck_before_action
uncertainty_weighted_fusion,2026-08-08 17:00,drought,drought,72.7,0.0,False,False,False,False,False,False,execute,execute_recommended_action
uncertainty_weighted_fusion,2026-08-08 18:00,drought,drought,67.8,35.0,True,True,True,True,False,False,hold,recheck_before_action
uncertainty_weighted_fusion,2026-08-08 19:00,drought,drought,69.6,0.0,False,False,False,False,False,False,execute,execute_recommended_action
uncertainty_weighted_fusion,2026-08-08 20:00,drought,drought,64.2,35.0,True,True,True,True,False,False,hold,recheck_before_action
uncertainty_weighted_fusion,2026-08-08 21:00,drought,drought,61.2,35.0,True,True,True,True,False,False,hold,recheck_before_action
uncertainty_weighted_fusion,2026-08-08 22:00,drought,drought,59.7,35.0,True,True,True,True,False,False,hold,resample_before_action
uncertainty_weighted_fusion,2026-08-08 23:00,drought,drought,65.1,0.0,False,False,False,False,False,False,execute,execute_recommended_action
uncertainty_weighted_fusion,2026-08-09 00:00,drought,drought,62.3,35.0,True,True,True,True,False,False,hold,recheck_before_action
uncertainty_weighted_fusion,2026-08-09 01:00,drought,drought,60.6,35.0,True,True,True,True,False,False,hold,recheck_before_action
uncertainty_weighted_fusion,2026-08-09 02:00,drought,drought,60.0,35.0,True,True,True,True,False,False,hold,recheck_before_action
uncertainty_weighted_fusion,2026-08-09 03:00,drought,drought,59.4,35.0,True,True,True,True,False,False,hold,resample_before_action
uncertainty_weighted_fusion,2026-08-09 04:00,drought,drought,59.1,35.0,True,True,True,True,False,False,hold,resample_before_action
uncertainty_weighted_fusion,2026-08-09 05:00,drought,drought,59.0,35.0,True,True,True,True,False,False,hold,resample_before_action
uncertainty_weighted_fusion,2026-08-09 06:00,drought,drought,59.3,35.0,True,True,True,True,False,False,hold,resample_before_action
uncertainty_weighted_fusion,2026-08-09 07:00,drought,drought,66.1,0.0,False,False,False,False,False,False,execute,execute_recommended_action
uncertainty_weighted_fusion,2026-08-09 08:00,drought,drought,63.0,35.0,True,True,True,True,False,False,hold,recheck_before_action
uncertainty_weighted_fusion,2026-08-09 09:00,drought,drought,68.2,0.0,False,False,False,False,False,False,execute,execute_recommended_action
uncertainty_weighted_fusion,2026-08-09 10:00,drought,drought,70.7,0.0,False,False,False,False,False,False,execute,execute_recommended_action
uncertainty_weighted_fusion,2026-08-09 11:00,drought,drought,72.1,0.0,False,False,False,False,False,False,execute,execute_recommended_action
uncertainty_weighted_fusion,2026-08-09 12:00,drought,drought,73.1,0.0,False,False,False,False,False,False,execute,execute_recommended_action
uncertainty_weighted_fusion,2026-08-09 13:00,drought,drought,73.6,0.0,False,False,False,False,False,False,execute,execute_recommended_action
uncertainty_weighted_fusion,2026-08-09 14:00,drought,drought,73.9,0.0,False,False,False,False,False,False,execute,execute_recommended_action
uncertainty_weighted_fusion,2026-08-09 15:00,drought,drought,74.2,0.0,False,False,False,False,False,False,execute,execute_recommended_action
uncertainty_weighted_fusion,2026-08-09 16:00,drought,drought,67.4,35.0,True,True,True,True,False,False,hold,recheck_before_action
uncertainty_weighted_fusion,2026-08-09 17:00,drought,drought,63.8,35.0,True,True,True,True,False,False,hold,recheck_before_action
uncertainty_weighted_fusion,2026-08-09 18:00,drought,drought,61.3,35.0,True,True,True,True,False,False,hold,recheck_before_action
uncertainty_weighted_fusion,2026-08-09 19:00,drought,drought,59.7,35.0,True,True,True,True,False,False,hold,resample_before_action
uncertainty_weighted_fusion,2026-08-09 20:00,drought,drought,59.4,35.0,True,True,True,True,False,False,hold,resample_before_action
uncertainty_weighted_fusion,2026-08-09 21:00,drought,drought,59.2,35.0,True,True,True,True,False,False,hold,resample_before_action
uncertainty_weighted_fusion,2026-08-09 22:00,drought,drought,58.4,35.0,True,True,True,True,False,False,hold,resample_before_action
uncertainty_weighted_fusion,2026-08-09 23:00,drought,drought,58.9,35.0,True,True,True,True,False,False,hold,resample_before_action
uncertainty_weighted_fusion,2026-08-10 00:00,drought,drought,59.2,35.0,True,True,True,True,False,False,hold,resample_before_action
uncertainty_weighted_fusion,2026-08-10 01:00,drought,drought,65.0,0.0,False,False,False,False,False,False,execute,execute_recommended_action
uncertainty_weighted_fusion,2026-08-10 02:00,drought,drought,62.2,35.0,True,True,True,True,False,False,hold,recheck_before_action
uncertainty_weighted_fusion,2026-08-10 03:00,drought,drought,60.8,35.0,True,True,True,True,False,False,hold,recheck_before_action
uncertainty_weighted_fusion,2026-08-10 04:00,drought,drought,58.2,35.0,True,True,True,True,False,False,hold,resample_before_action
uncertainty_weighted_fusion,2026-08-10 05:00,drought,drought,56.5,35.0,True,True,True,True,False,False,hold,resample_before_action
uncertainty_weighted_fusion,2026-08-10 06:00,drought,drought,57.6,35.0,True,True,True,True,False,False,hold,resample_before_action
uncertainty_weighted_fusion,2026-08-10 07:00,drought,drought,64.0,0.0,False,False,False,False,False,False,execute,execute_recommended_action
uncertainty_weighted_fusion,2026-08-10 08:00,drought,drought,61.8,35.0,True,True,True,True,False,False,hold,recheck_before_action
uncertainty_weighted_fusion,2026-08-10 09:00,drought,drought,67.3,0.0,False,False,False,False,False,False,execute,execute_recommended_action
uncertainty_weighted_fusion,2026-08-10 10:00,drought,drought,70.4,0.0,False,False,False,False,False,False,execute,execute_recommended_action
uncertainty_weighted_fusion,2026-08-10 11:00,drought,drought,72.2,0.0,False,False,False,False,False,False,execute,execute_recommended_action
uncertainty_weighted_fusion,2026-08-10 12:00,drought,drought,71.8,0.0,False,False,False,False,False,False,execute,execute_recommended_action
uncertainty_weighted_fusion,2026-08-10 13:00,drought,drought,64.0,35.0,True,True,True,True,False,False,hold,recheck_before_action
uncertainty_weighted_fusion,2026-08-10 14:00,drought,drought,60.3,35.0,True,True,True,True,False,False,hold,recheck_before_action
uncertainty_weighted_fusion,2026-08-10 15:00,drought,drought,57.5,35.0,True,True,True,True,False,False,hold,resample_before_action
uncertainty_weighted_fusion,2026-08-10 16:00,drought,drought,56.4,35.0,True,True,True,True,False,False,hold,resample_before_action
uncertainty_weighted_fusion,2026-08-10 17:00,low_light,drought,58.0,2.0,False,False,False,False,False,False,hold,monitor_more_context
uncertainty_weighted_fusion,2026-08-10 18:00,healthy,healthy,38.6,0.0,False,False,False,False,False,False,observe,routine_patrol
uncertainty_weighted_fusion,2026-08-10 19:00,healthy,healthy,27.2,0.0,False,False,False,False,False,False,observe,routine_patrol
uncertainty_weighted_fusion,2026-08-10 20:00,healthy,healthy,20.8,0.0,False,False,False,False,False,False,observe,routine_patrol
uncertainty_weighted_fusion,2026-08-10 21:00,healthy,healthy,17.0,0.0,False,False,False,False,False,False,observe,routine_patrol
uncertainty_weighted_fusion,2026-08-10 22:00,healthy,healthy,14.8,0.0,False,False,False,False,False,False,observe,routine_patrol
uncertainty_weighted_fusion,2026-08-10 23:00,pest,healthy,20.2,0.0,False,False,False,False,False,False,observe,routine_patrol
uncertainty_weighted_fusion,2026-08-11 00:00,healthy,healthy,16.6,0.0,False,False,False,False,False,False,observe,routine_patrol
uncertainty_weighted_fusion,2026-08-11 01:00,healthy,healthy,14.6,0.0,False,False,False,False,False,False,observe,routine_patrol
uncertainty_weighted_fusion,2026-08-11 02:00,healthy,healthy,13.2,0.0,False,False,False,False,False,False,observe,routine_patrol
uncertainty_weighted_fusion,2026-08-11 03:00,healthy,healthy,12.6,0.0,False,False,False,False,False,False,observe,routine_patrol
uncertainty_weighted_fusion,2026-08-11 04:00,healthy,healthy,12.0,0.0,False,False,False,False,False,False,observe,routine_patrol
uncertainty_weighted_fusion,2026-08-11 05:00,healthy,healthy,11.7,0.0,False,False,False,False,False,False,observe,routine_patrol
uncertainty_weighted_fusion,2026-08-11 06:00,healthy,healthy,11.5,0.0,False,False,False,False,False,False,observe,routine_patrol
uncertainty_weighted_fusion,2026-08-11 07:00,healthy,healthy,11.6,0.0,False,False,False,False,False,False,observe,routine_patrol
uncertainty_weighted_fusion,2026-08-11 08:00,healthy,healthy,11.5,0.0,False,False,False,False,False,False,observe,routine_patrol
uncertainty_weighted_fusion,2026-08-11 09:00,healthy,healthy,11.4,0.0,False,False,False,False,False,False,observe,routine_patrol
uncertainty_weighted_fusion,2026-08-11 10:00,healthy,healthy,16.5,44.0,True,True,False,False,False,False,hold,monitor_more_context
uncertainty_weighted_fusion,2026-08-11 11:00,healthy,healthy,17.5,0.0,False,False,False,False,False,False,observe,routine_patrol
uncertainty_weighted_fusion,2026-08-11 12:00,drought,drought,45.0,47.0,True,True,True,True,False,False,hold,resample_before_action
uncertainty_weighted_fusion,2026-08-11 13:00,drought,drought,45.0,47.0,True,True,True,True,False,False,hold,resample_before_action
uncertainty_weighted_fusion,2026-08-11 14:00,drought,drought,51.9,35.0,True,True,True,True,False,False,hold,resample_before_action
uncertainty_weighted_fusion,2026-08-11 15:00,drought,drought,56.6,35.0,True,True,True,True,False,False,hold,resample_before_action
uncertainty_weighted_fusion,2026-08-11 16:00,healthy,drought,53.2,47.0,True,True,True,True,False,False,hold,resample_before_action
uncertainty_weighted_fusion,2026-08-11 17:00,low_light,drought,42.6,12.0,False,False,False,False,False,False,hold,monitor_more_context
uncertainty_weighted_fusion,2026-08-11 18:00,healthy,waterlogging,45.0,47.0,True,True,True,True,False,False,hold,resample_before_action
uncertainty_weighted_fusion,2026-08-11 19:00,healthy,healthy,29.8,0.0,False,False,False,False,False,False,observe,routine_patrol
uncertainty_weighted_fusion,2026-08-11 20:00,healthy,healthy,22.2,0.0,False,False,False,False,False,False,observe,routine_patrol
uncertainty_weighted_fusion,2026-08-11 21:00,healthy,healthy,17.8,0.0,False,False,False,False,False,False,observe,routine_patrol
uncertainty_weighted_fusion,2026-08-11 22:00,healthy,healthy,15.2,0.0,False,False,False,False,False,False,observe,routine_patrol
uncertainty_weighted_fusion,2026-08-11 23:00,pest,healthy,21.5,0.0,False,False,False,False,False,False,observe,routine_patrol
uncertainty_weighted_fusion,2026-08-12 00:00,healthy,healthy,17.3,0.0,False,False,False,False,False,False,observe,routine_patrol
uncertainty_weighted_fusion,2026-08-12 01:00,healthy,healthy,15.0,0.0,False,False,False,False,False,False,observe,routine_patrol
uncertainty_weighted_fusion,2026-08-12 02:00,healthy,healthy,13.6,0.0,False,False,False,False,False,False,observe,routine_patrol
uncertainty_weighted_fusion,2026-08-12 03:00,healthy,healthy,12.7,0.0,False,False,False,False,False,False,observe,routine_patrol
uncertainty_weighted_fusion,2026-08-12 04:00,healthy,healthy,12.2,0.0,False,False,False,False,False,False,observe,routine_patrol
uncertainty_weighted_fusion,2026-08-12 05:00,healthy,healthy,12.0,0.0,False,False,False,False,False,False,observe,routine_patrol
uncertainty_weighted_fusion,2026-08-12 06:00,healthy,healthy,11.8,0.0,False,False,False,False,False,False,observe,routine_patrol
uncertainty_weighted_fusion,2026-08-12 07:00,healthy,healthy,11.6,0.0,False,False,False,False,False,False,observe,routine_patrol
uncertainty_weighted_fusion,2026-08-12 08:00,healthy,healthy,11.4,0.0,False,False,False,False,False,False,observe,routine_patrol
uncertainty_weighted_fusion,2026-08-12 09:00,healthy,healthy,11.4,0.0,False,False,False,False,False,False,observe,routine_patrol
uncertainty_weighted_fusion,2026-08-12 10:00,pest,healthy,19.4,0.0,False,False,False,False,False,False,observe,routine_patrol
uncertainty_weighted_fusion,2026-08-12 11:00,healthy,healthy,19.2,0.0,False,False,False,False,False,False,observe,routine_patrol
uncertainty_weighted_fusion,2026-08-12 12:00,healthy,healthy,19.2,0.0,False,False,False,False,False,False,observe,routine_patrol
uncertainty_weighted_fusion,2026-08-12 13:00,healthy,healthy,19.2,0.0,False,False,False,False,False,False,observe,routine_patrol
uncertainty_weighted_fusion,2026-08-12 14:00,healthy,healthy,19.2,0.0,False,False,False,False,False,False,observe,routine_patrol
uncertainty_weighted_fusion,2026-08-12 15:00,healthy,healthy,19.3,0.0,False,False,False,False,False,False,observe,routine_patrol
uncertainty_weighted_fusion,2026-08-12 16:00,pest,healthy,25.4,0.0,False,False,False,False,False,False,observe,routine_patrol
uncertainty_weighted_fusion,2026-08-12 17:00,healthy,healthy,27.2,0.0,False,False,False,False,False,False,observe,routine_patrol
uncertainty_weighted_fusion,2026-08-12 18:00,healthy,healthy,23.9,0.0,False,False,False,False,False,False,observe,routine_patrol
uncertainty_weighted_fusion,2026-08-12 19:00,healthy,healthy,21.8,0.0,False,False,False,False,False,False,observe,routine_patrol
uncertainty_weighted_fusion,2026-08-12 20:00,healthy,healthy,17.5,0.0,False,False,False,False,False,False,observe,routine_patrol
uncertainty_weighted_fusion,2026-08-12 21:00,healthy,healthy,15.0,0.0,False,False,False,False,False,False,observe,routine_patrol
uncertainty_weighted_fusion,2026-08-12 22:00,healthy,healthy,13.7,0.0,False,False,False,False,False,False,observe,routine_patrol
uncertainty_weighted_fusion,2026-08-12 23:00,healthy,healthy,12.8,0.0,False,False,False,False,False,False,observe,routine_patrol
uncertainty_weighted_fusion,2026-08-13 00:00,healthy,healthy,12.4,0.0,False,False,False,False,False,False,observe,routine_patrol
uncertainty_weighted_fusion,2026-08-13 01:00,healthy,healthy,12.2,0.0,False,False,False,False,False,False,observe,routine_patrol
uncertainty_weighted_fusion,2026-08-13 02:00,healthy,healthy,11.8,0.0,False,False,False,False,False,False,observe,routine_patrol
uncertainty_weighted_fusion,2026-08-13 03:00,healthy,healthy,11.6,0.0,False,False,False,False,False,False,observe,routine_patrol
uncertainty_weighted_fusion,2026-08-13 04:00,healthy,healthy,11.6,0.0,False,False,False,False,False,False,observe,routine_patrol
uncertainty_weighted_fusion,2026-08-13 05:00,healthy,healthy,11.5,0.0,False,False,False,False,False,False,observe,routine_patrol
uncertainty_weighted_fusion,2026-08-13 06:00,pest,healthy,19.3,0.0,False,False,False,False,False,False,observe,routine_patrol
uncertainty_weighted_fusion,2026-08-13 07:00,healthy,healthy,16.0,0.0,False,False,False,False,False,False,observe,routine_patrol
uncertainty_weighted_fusion,2026-08-13 08:00,healthy,healthy,14.2,0.0,False,False,False,False,False,False,observe,routine_patrol
uncertainty_weighted_fusion,2026-08-13 09:00,healthy,waterlogging,45.0,47.0,True,True,True,True,False,False,hold,resample_before_action
uncertainty_weighted_fusion,2026-08-13 10:00,healthy,healthy,20.1,0.0,False,False,False,False,False,False,observe,routine_patrol
uncertainty_weighted_fusion,2026-08-13 11:00,healthy,healthy,16.5,0.0,False,False,False,False,False,False,observe,routine_patrol
uncertainty_weighted_fusion,2026-08-13 12:00,healthy,healthy,14.4,0.0,False,False,False,False,False,False,observe,routine_patrol
uncertainty_weighted_fusion,2026-08-13 13:00,healthy,healthy,13.2,0.0,False,False,False,False,False,False,observe,routine_patrol
uncertainty_weighted_fusion,2026-08-13 14:00,healthy,healthy,12.5,0.0,False,False,False,False,False,False,observe,routine_patrol
uncertainty_weighted_fusion,2026-08-13 15:00,waterlogging,healthy,36.2,0.0,False,False,False,False,False,False,observe,routine_patrol
uncertainty_weighted_fusion,2026-08-13 16:00,healthy,healthy,26.0,0.0,False,False,False,False,False,False,observe,routine_patrol
uncertainty_weighted_fusion,2026-08-13 17:00,healthy,healthy,19.8,0.0,False,False,False,False,False,False,observe,routine_patrol
uncertainty_weighted_fusion,2026-08-13 18:00,healthy,healthy,16.3,0.0,False,False,False,False,False,False,observe,routine_patrol
uncertainty_weighted_fusion,2026-08-13 19:00,healthy,healthy,14.2,0.0,False,False,False,False,False,False,observe,routine_patrol
uncertainty_weighted_fusion,2026-08-13 20:00,healthy,healthy,13.1,0.0,False,False,False,False,False,False,observe,routine_patrol
uncertainty_weighted_fusion,2026-08-13 21:00,healthy,healthy,12.5,0.0,False,False,False,False,False,False,observe,routine_patrol
uncertainty_weighted_fusion,2026-08-13 22:00,healthy,healthy,12.0,0.0,False,False,False,False,False,False,observe,routine_patrol
uncertainty_weighted_fusion,2026-08-13 23:00,healthy,healthy,11.8,0.0,False,False,False,False,False,False,observe,routine_patrol
uncertainty_weighted_fusion,2026-08-14 00:00,healthy,healthy,11.8,0.0,False,False,False,False,False,False,observe,routine_patrol
uncertainty_weighted_fusion,2026-08-14 01:00,healthy,healthy,13.5,44.0,True,True,False,False,False,False,hold,monitor_more_context
uncertainty_weighted_fusion,2026-08-14 02:00,healthy,healthy,12.7,0.0,False,False,False,False,False,False,observe,routine_patrol
uncertainty_weighted_fusion,2026-08-14 03:00,healthy,healthy,12.2,0.0,False,False,False,False,False,False,observe,routine_patrol
uncertainty_weighted_fusion,2026-08-14 04:00,healthy,healthy,12.1,0.0,False,False,False,False,False,False,observe,routine_patrol
uncertainty_weighted_fusion,2026-08-14 05:00,healthy,healthy,12.0,0.0,False,False,False,False,False,False,observe,routine_patrol
uncertainty_weighted_fusion,2026-08-14 06:00,healthy,healthy,11.9,0.0,False,False,False,False,False,False,observe,routine_patrol
uncertainty_weighted_fusion,2026-08-14 07:00,healthy,healthy,11.9,0.0,False,False,False,False,False,False,observe,routine_patrol
uncertainty_weighted_fusion,2026-08-14 08:00,healthy,healthy,11.9,0.0,False,False,False,False,False,False,observe,routine_patrol
uncertainty_weighted_fusion,2026-08-14 09:00,healthy,healthy,11.9,0.0,False,False,False,False,False,False,observe,routine_patrol
uncertainty_weighted_fusion,2026-08-14 10:00,healthy,healthy,11.7,0.0,False,False,False,False,False,False,observe,routine_patrol
uncertainty_weighted_fusion,2026-08-14 11:00,healthy,healthy,14.9,0.0,False,False,False,False,False,False,observe,routine_patrol
uncertainty_weighted_fusion,2026-08-14 12:00,healthy,healthy,16.7,0.0,False,False,False,False,False,False,observe,routine_patrol
uncertainty_weighted_fusion,2026-08-14 13:00,healthy,healthy,17.6,0.0,False,False,False,False,False,False,observe,routine_patrol
uncertainty_weighted_fusion,2026-08-14 14:00,healthy,healthy,18.2,0.0,False,False,False,False,False,False,observe,routine_patrol
uncertainty_weighted_fusion,2026-08-14 15:00,healthy,healthy,18.5,0.0,False,False,False,False,False,False,observe,routine_patrol
uncertainty_weighted_fusion,2026-08-14 16:00,healthy,healthy,18.9,0.0,False,False,False,False,False,False,observe,routine_patrol
uncertainty_weighted_fusion,2026-08-14 17:00,healthy,healthy,19.0,0.0,False,False,False,False,False,False,observe,routine_patrol
uncertainty_weighted_fusion,2026-08-14 18:00,healthy,healthy,15.9,0.0,False,False,False,False,False,False,observe,routine_patrol
uncertainty_weighted_fusion,2026-08-14 19:00,healthy,healthy,14.0,0.0,False,False,False,False,False,False,observe,routine_patrol
uncertainty_weighted_fusion,2026-08-14 20:00,healthy,healthy,13.1,0.0,False,False,False,False,False,False,observe,routine_patrol
uncertainty_weighted_fusion,2026-08-14 21:00,healthy,healthy,12.4,0.0,False,False,False,False,False,False,observe,routine_patrol
uncertainty_weighted_fusion,2026-08-14 22:00,healthy,healthy,12.1,0.0,False,False,False,False,False,False,observe,routine_patrol
uncertainty_weighted_fusion,2026-08-14 23:00,healthy,healthy,11.8,0.0,False,False,False,False,False,False,observe,routine_patrol
uncertainty_weighted_fusion,2026-08-15 00:00,healthy,healthy,11.5,0.0,False,False,False,False,False,False,observe,routine_patrol
uncertainty_weighted_fusion,2026-08-15 01:00,healthy,healthy,11.4,0.0,False,False,False,False,False,False,observe,routine_patrol
uncertainty_weighted_fusion,2026-08-15 02:00,healthy,healthy,11.4,0.0,False,False,False,False,False,False,observe,routine_patrol
uncertainty_weighted_fusion,2026-08-15 03:00,healthy,healthy,11.4,0.0,False,False,False,False,False,False,observe,routine_patrol
uncertainty_weighted_fusion,2026-08-15 04:00,healthy,healthy,11.6,0.0,False,False,False,False,False,False,observe,routine_patrol
uncertainty_weighted_fusion,2026-08-15 05:00,healthy,healthy,11.7,0.0,False,False,False,False,False,False,observe,routine_patrol
uncertainty_weighted_fusion,2026-08-15 06:00,healthy,healthy,11.7,0.0,False,False,False,False,False,False,observe,routine_patrol
uncertainty_weighted_fusion,2026-08-15 07:00,healthy,healthy,11.6,0.0,False,False,False,False,False,False,observe,routine_patrol
uncertainty_weighted_fusion,2026-08-15 08:00,healthy,healthy,11.7,0.0,False,False,False,False,False,False,observe,routine_patrol
uncertainty_weighted_fusion,2026-08-15 09:00,healthy,healthy,14.8,0.0,False,False,False,False,False,False,observe,routine_patrol
uncertainty_weighted_fusion,2026-08-15 10:00,healthy,healthy,16.5,0.0,False,False,False,False,False,False,observe,routine_patrol
uncertainty_weighted_fusion,2026-08-15 11:00,healthy,healthy,17.6,0.0,False,False,False,False,False,False,observe,routine_patrol
uncertainty_weighted_fusion,2026-08-15 12:00,healthy,healthy,18.2,0.0,False,False,False,False,False,False,observe,routine_patrol
uncertainty_weighted_fusion,2026-08-15 13:00,healthy,healthy,18.7,0.0,False,False,False,False,False,False,observe,routine_patrol
uncertainty_weighted_fusion,2026-08-15 14:00,drought,drought,45.0,47.0,True,True,True,True,False,False,hold,resample_before_action
uncertainty_weighted_fusion,2026-08-15 15:00,drought,drought,45.0,35.0,True,True,True,True,False,False,hold,resample_before_action
uncertainty_weighted_fusion,2026-08-15 16:00,drought,drought,52.5,35.0,True,True,True,True,False,False,hold,resample_before_action
uncertainty_weighted_fusion,2026-08-15 17:00,drought,drought,56.6,35.0,True,True,True,True,False,False,hold,resample_before_action
uncertainty_weighted_fusion,2026-08-15 18:00,drought,drought,58.9,35.0,True,True,True,True,False,False,hold,resample_before_action
uncertainty_weighted_fusion,2026-08-15 19:00,drought,drought,59.4,35.0,True,True,True,True,False,False,hold,resample_before_action
uncertainty_weighted_fusion,2026-08-15 20:00,drought,drought,57.1,35.0,True,True,True,True,False,False,hold,resample_before_action
uncertainty_weighted_fusion,2026-08-15 21:00,drought,drought,62.5,0.0,False,False,False,False,False,False,execute,execute_recommended_action
uncertainty_weighted_fusion,2026-08-15 22:00,drought,drought,59.6,35.0,True,True,True,True,False,False,hold,resample_before_action
uncertainty_weighted_fusion,2026-08-15 23:00,drought,drought,57.7,35.0,True,True,True,True,False,False,hold,resample_before_action
uncertainty_weighted_fusion,2026-08-16 00:00,drought,drought,56.1,35.0,True,True,True,True,False,False,hold,resample_before_action
uncertainty_weighted_fusion,2026-08-16 01:00,drought,drought,55.3,35.0,True,True,True,True,False,False,hold,resample_before_action
uncertainty_weighted_fusion,2026-08-16 02:00,drought,drought,55.3,35.0,True,True,True,True,False,False,hold,resample_before_action
uncertainty_weighted_fusion,2026-08-16 03:00,drought,drought,55.5,35.0,True,True,True,True,False,False,hold,resample_before_action
uncertainty_weighted_fusion,2026-08-16 04:00,drought,drought,55.7,35.0,True,True,True,True,False,False,hold,resample_before_action
uncertainty_weighted_fusion,2026-08-16 05:00,drought,drought,55.4,35.0,True,True,True,True,False,False,hold,resample_before_action
uncertainty_weighted_fusion,2026-08-16 06:00,drought,drought,55.4,35.0,True,True,True,True,False,False,hold,resample_before_action
uncertainty_weighted_fusion,2026-08-16 07:00,drought,drought,55.5,35.0,True,True,True,True,False,False,hold,resample_before_action
uncertainty_weighted_fusion,2026-08-16 08:00,drought,drought,55.7,35.0,True,True,True,True,False,False,hold,resample_before_action
uncertainty_weighted_fusion,2026-08-16 09:00,drought,drought,62.6,0.0,False,False,False,False,False,False,execute,execute_recommended_action
uncertainty_weighted_fusion,2026-08-16 10:00,drought,drought,69.0,0.0,False,False,False,False,False,False,execute,execute_recommended_action
uncertainty_weighted_fusion,2026-08-16 11:00,drought,drought,72.1,0.0,False,False,False,False,False,False,execute,execute_recommended_action
uncertainty_weighted_fusion,2026-08-16 12:00,drought,drought,73.8,0.0,False,False,False,False,False,False,execute,execute_recommended_action
uncertainty_weighted_fusion,2026-08-16 13:00,drought,drought,74.9,0.0,False,False,False,False,False,False,execute,execute_recommended_action
uncertainty_weighted_fusion,2026-08-16 14:00,drought,drought,75.4,0.0,False,False,False,False,False,False,execute,execute_recommended_action
uncertainty_weighted_fusion,2026-08-16 15:00,drought,drought,75.4,0.0,False,False,False,False,False,False,execute,execute_recommended_action
uncertainty_weighted_fusion,2026-08-16 16:00,drought,drought,75.7,0.0,False,False,False,False,False,False,execute,execute_recommended_action
uncertainty_weighted_fusion,2026-08-16 17:00,drought,drought,69.2,35.0,True,True,True,True,False,False,hold,recheck_before_action
uncertainty_weighted_fusion,2026-08-16 18:00,drought,drought,70.1,44.0,True,True,False,False,False,False,hold,recheck_before_action
uncertainty_weighted_fusion,2026-08-16 19:00,drought,drought,64.8,35.0,True,True,True,True,False,False,hold,recheck_before_action
uncertainty_weighted_fusion,2026-08-16 20:00,drought,drought,61.8,35.0,True,True,True,True,False,False,hold,recheck_before_action
uncertainty_weighted_fusion,2026-08-16 21:00,drought,drought,60.5,35.0,True,True,True,True,False,False,hold,recheck_before_action
uncertainty_weighted_fusion,2026-08-16 22:00,drought,drought,59.2,35.0,True,True,True,True,False,False,hold,resample_before_action
uncertainty_weighted_fusion,2026-08-16 23:00,drought,drought,58.9,35.0,True,True,True,True,False,False,hold,resample_before_action
uncertainty_weighted_fusion,2026-08-17 00:00,drought,drought,58.6,35.0,True,True,True,True,False,False,hold,resample_before_action
uncertainty_weighted_fusion,2026-08-17 01:00,drought,drought,64.6,0.0,False,False,False,False,False,False,execute,execute_recommended_action
uncertainty_weighted_fusion,2026-08-17 02:00,drought,drought,61.4,35.0,True,True,True,True,False,False,hold,recheck_before_action
uncertainty_weighted_fusion,2026-08-17 03:00,drought,drought,60.1,35.0,True,True,True,True,False,False,hold,recheck_before_action
uncertainty_weighted_fusion,2026-08-17 04:00,drought,drought,65.1,44.0,True,True,False,False,False,False,hold,recheck_before_action
uncertainty_weighted_fusion,2026-08-17 05:00,drought,drought,62.5,35.0,True,True,True,True,False,False,hold,recheck_before_action
uncertainty_weighted_fusion,2026-08-17 06:00,drought,drought,60.6,35.0,True,True,True,True,False,False,hold,recheck_before_action
uncertainty_weighted_fusion,2026-08-17 07:00,drought,drought,59.3,35.0,True,True,True,True,False,False,hold,resample_before_action
uncertainty_weighted_fusion,2026-08-17 08:00,drought,drought,65.9,0.0,False,False,False,False,False,False,execute,execute_recommended_action
uncertainty_weighted_fusion,2026-08-17 09:00,drought,drought,69.6,0.0,False,False,False,False,False,False,execute,execute_recommended_action
uncertainty_weighted_fusion,2026-08-17 10:00,drought,drought,71.5,0.0,False,False,False,False,False,False,execute,execute_recommended_action
uncertainty_weighted_fusion,2026-08-17 11:00,drought,drought,73.0,0.0,False,False,False,False,False,False,execute,execute_recommended_action
uncertainty_weighted_fusion,2026-08-17 12:00,drought,drought,73.7,0.0,False,False,False,False,False,False,execute,execute_recommended_action
uncertainty_weighted_fusion,2026-08-17 13:00,drought,drought,74.2,0.0,False,False,False,False,False,False,execute,execute_recommended_action
uncertainty_weighted_fusion,2026-08-17 14:00,drought,drought,73.9,0.0,False,False,False,False,False,False,execute,execute_recommended_action
uncertainty_weighted_fusion,2026-08-17 15:00,drought,drought,74.1,0.0,False,False,False,False,False,False,execute,execute_recommended_action
uncertainty_weighted_fusion,2026-08-17 16:00,drought,drought,73.9,0.0,False,False,False,False,False,False,execute,execute_recommended_action
uncertainty_weighted_fusion,2026-08-17 17:00,drought,drought,67.3,35.0,True,True,True,True,False,False,hold,recheck_before_action
uncertainty_weighted_fusion,2026-08-17 18:00,drought,drought,63.3,35.0,True,True,True,True,False,False,hold,recheck_before_action
uncertainty_weighted_fusion,2026-08-17 19:00,drought,drought,61.5,35.0,True,True,True,True,False,False,hold,recheck_before_action
uncertainty_weighted_fusion,2026-08-17 20:00,drought,drought,60.6,35.0,True,True,True,True,False,False,hold,recheck_before_action
uncertainty_weighted_fusion,2026-08-17 21:00,drought,drought,59.6,35.0,True,True,True,True,False,False,hold,resample_before_action
uncertainty_weighted_fusion,2026-08-17 22:00,drought,drought,58.9,35.0,True,True,True,True,False,False,hold,resample_before_action
uncertainty_weighted_fusion,2026-08-17 23:00,drought,drought,58.9,35.0,True,True,True,True,False,False,hold,resample_before_action
uncertainty_weighted_fusion,2026-08-18 00:00,healthy,drought,48.8,35.0,True,True,True,True,False,False,hold,resample_before_action
uncertainty_weighted_fusion,2026-08-18 01:00,drought,drought,52.6,35.0,True,True,True,True,False,False,hold,resample_before_action
uncertainty_weighted_fusion,2026-08-18 02:00,healthy,drought,49.4,47.0,True,True,True,True,False,False,hold,resample_before_action
uncertainty_weighted_fusion,2026-08-18 03:00,healthy,healthy,33.6,0.0,False,False,False,False,False,False,observe,routine_patrol
uncertainty_weighted_fusion,2026-08-18 04:00,healthy,healthy,24.5,0.0,False,False,False,False,False,False,observe,routine_patrol
uncertainty_weighted_fusion,2026-08-18 05:00,healthy,healthy,19.2,0.0,False,False,False,False,False,False,observe,routine_patrol
uncertainty_weighted_fusion,2026-08-18 06:00,healthy,healthy,15.9,0.0,False,False,False,False,False,False,observe,routine_patrol
uncertainty_weighted_fusion,2026-08-18 07:00,healthy,healthy,14.2,0.0,False,False,False,False,False,False,observe,routine_patrol
uncertainty_weighted_fusion,2026-08-18 08:00,drought,drought,45.0,47.0,True,True,True,True,False,False,hold,resample_before_action
uncertainty_weighted_fusion,2026-08-18 09:00,drought,drought,47.3,2.0,False,False,False,False,False,False,hold,monitor_more_context
uncertainty_weighted_fusion,2026-08-18 10:00,drought,drought,54.9,35.0,True,True,True,True,False,False,hold,resample_before_action
uncertainty_weighted_fusion,2026-08-18 11:00,drought,drought,57.8,35.0,True,True,True,True,False,False,hold,resample_before_action
uncertainty_weighted_fusion,2026-08-18 12:00,drought,drought,59.3,35.0,True,True,True,True,False,False,hold,resample_before_action
uncertainty_weighted_fusion,2026-08-18 13:00,drought,drought,66.9,0.0,False,False,False,False,False,False,execute,execute_recommended_action
uncertainty_weighted_fusion,2026-08-18 14:00,drought,drought,70.8,0.0,False,False,False,False,False,False,execute,execute_recommended_action
uncertainty_weighted_fusion,2026-08-18 15:00,drought,drought,73.2,0.0,False,False,False,False,False,False,execute,execute_recommended_action
uncertainty_weighted_fusion,2026-08-18 16:00,drought,drought,74.3,0.0,False,False,False,False,False,False,execute,execute_recommended_action
uncertainty_weighted_fusion,2026-08-18 17:00,drought,drought,69.3,35.0,True,True,True,True,False,False,hold,recheck_before_action
uncertainty_weighted_fusion,2026-08-18 18:00,drought,drought,66.8,35.0,True,True,True,True,False,False,hold,recheck_before_action
uncertainty_weighted_fusion,2026-08-18 19:00,drought,drought,65.1,35.0,True,True,True,True,False,False,hold,recheck_before_action
uncertainty_weighted_fusion,2026-08-18 20:00,drought,drought,62.0,35.0,True,True,True,True,False,False,hold,recheck_before_action
uncertainty_weighted_fusion,2026-08-18 21:00,drought,drought,60.6,35.0,True,True,True,True,False,False,hold,recheck_before_action
uncertainty_weighted_fusion,2026-08-18 22:00,drought,drought,59.5,35.0,True,True,True,True,False,False,hold,resample_before_action
uncertainty_weighted_fusion,2026-08-18 23:00,drought,drought,64.2,44.0,True,True,False,False,False,False,hold,recheck_before_action
uncertainty_weighted_fusion,2026-08-19 00:00,healthy,drought,44.9,2.0,False,False,False,False,False,False,hold,monitor_more_context
uncertainty_weighted_fusion,2026-08-19 01:00,healthy,healthy,31.1,0.0,False,False,False,False,False,False,observe,routine_patrol
uncertainty_weighted_fusion,2026-08-19 02:00,healthy,healthy,22.9,0.0,False,False,False,False,False,False,observe,routine_patrol
uncertainty_weighted_fusion,2026-08-19 03:00,healthy,healthy,18.1,0.0,False,False,False,False,False,False,observe,routine_patrol
uncertainty_weighted_fusion,2026-08-19 04:00,healthy,healthy,15.4,0.0,False,False,False,False,False,False,observe,routine_patrol
uncertainty_weighted_fusion,2026-08-19 05:00,healthy,healthy,13.7,0.0,False,False,False,False,False,False,observe,routine_patrol
uncertainty_weighted_fusion,2026-08-19 06:00,healthy,healthy,12.9,0.0,False,False,False,False,False,False,observe,routine_patrol
uncertainty_weighted_fusion,2026-08-19 07:00,healthy,healthy,12.2,0.0,False,False,False,False,False,False,observe,routine_patrol
uncertainty_weighted_fusion,2026-08-19 08:00,healthy,healthy,12.0,0.0,False,False,False,False,False,False,observe,routine_patrol
uncertainty_weighted_fusion,2026-08-19 09:00,drought,drought,45.0,47.0,True,True,True,True,False,False,hold,resample_before_action
uncertainty_weighted_fusion,2026-08-19 10:00,drought,drought,45.0,47.0,True,True,True,True,False,False,hold,resample_before_action
uncertainty_weighted_fusion,2026-08-19 11:00,drought,drought,50.9,47.0,True,True,True,True,False,False,hold,resample_before_action
uncertainty_weighted_fusion,2026-08-19 12:00,drought,drought,62.7,0.0,False,False,False,False,False,False,execute,execute_recommended_action
uncertainty_weighted_fusion,2026-08-19 13:00,drought,drought,67.7,0.0,False,False,False,False,False,False,execute,execute_recommended_action
uncertainty_weighted_fusion,2026-08-19 14:00,drought,drought,71.8,0.0,False,False,False,False,False,False,execute,execute_recommended_action
uncertainty_weighted_fusion,2026-08-19 15:00,drought,drought,73.7,0.0,False,False,False,False,False,False,execute,execute_recommended_action
uncertainty_weighted_fusion,2026-08-19 16:00,drought,drought,74.7,0.0,False,False,False,False,False,False,execute,execute_recommended_action
uncertainty_weighted_fusion,2026-08-19 17:00,drought,drought,69.0,35.0,True,True,True,True,False,False,hold,recheck_before_action
uncertainty_weighted_fusion,2026-08-19 18:00,drought,drought,66.3,35.0,True,True,True,True,False,False,hold,recheck_before_action
uncertainty_weighted_fusion,2026-08-19 19:00,drought,drought,65.0,35.0,True,True,True,True,False,False,hold,recheck_before_action
uncertainty_weighted_fusion,2026-08-19 20:00,drought,drought,64.0,35.0,True,True,True,True,False,False,hold,recheck_before_action
uncertainty_weighted_fusion,2026-08-19 21:00,drought,drought,62.1,35.0,True,True,True,True,False,False,hold,recheck_before_action
uncertainty_weighted_fusion,2026-08-19 22:00,drought,drought,60.7,35.0,True,True,True,True,False,False,hold,recheck_before_action
uncertainty_weighted_fusion,2026-08-19 23:00,drought,drought,59.8,35.0,True,True,True,True,False,False,hold,resample_before_action
uncertainty_weighted_fusion,2026-08-20 00:00,drought,drought,59.4,35.0,True,True,True,True,False,False,hold,resample_before_action
uncertainty_weighted_fusion,2026-08-20 01:00,drought,drought,58.9,35.0,True,True,True,True,False,False,hold,resample_before_action
uncertainty_weighted_fusion,2026-08-20 02:00,drought,drought,59.0,35.0,True,True,True,True,False,False,hold,resample_before_action
uncertainty_weighted_fusion,2026-08-20 03:00,drought,drought,59.2,35.0,True,True,True,True,False,False,hold,resample_before_action
uncertainty_weighted_fusion,2026-08-20 04:00,drought,drought,59.4,35.0,True,True,True,True,False,False,hold,resample_before_action
uncertainty_weighted_fusion,2026-08-20 05:00,drought,drought,59.4,35.0,True,True,True,True,False,False,hold,resample_before_action
uncertainty_weighted_fusion,2026-08-20 06:00,drought,drought,64.8,44.0,True,True,False,False,False,False,hold,recheck_before_action
uncertainty_weighted_fusion,2026-08-20 07:00,drought,drought,69.2,0.0,False,False,False,False,False,False,execute,execute_recommended_action
uncertainty_weighted_fusion,2026-08-20 08:00,drought,drought,71.3,0.0,False,False,False,False,False,False,execute,execute_recommended_action
uncertainty_weighted_fusion,2026-08-20 09:00,drought,drought,73.1,0.0,False,False,False,False,False,False,execute,execute_recommended_action
uncertainty_weighted_fusion,2026-08-20 10:00,drought,drought,73.9,0.0,False,False,False,False,False,False,execute,execute_recommended_action
uncertainty_weighted_fusion,2026-08-20 11:00,drought,drought,74.6,0.0,False,False,False,False,False,False,execute,execute_recommended_action
uncertainty_weighted_fusion,2026-08-20 12:00,drought,drought,74.2,0.0,False,False,False,False,False,False,execute,execute_recommended_action
uncertainty_weighted_fusion,2026-08-20 13:00,drought,drought,74.0,0.0,False,False,False,False,False,False,execute,execute_recommended_action
uncertainty_weighted_fusion,2026-08-20 14:00,drought,drought,73.8,0.0,False,False,False,False,False,False,execute,execute_recommended_action
uncertainty_weighted_fusion,2026-08-20 15:00,drought,drought,74.1,0.0,False,False,False,False,False,False,execute,execute_recommended_action
uncertainty_weighted_fusion,2026-08-20 16:00,drought,drought,74.3,0.0,False,False,False,False,False,False,execute,execute_recommended_action
uncertainty_weighted_fusion,2026-08-20 17:00,drought,drought,74.0,0.0,False,False,False,False,False,False,execute,execute_recommended_action
uncertainty_weighted_fusion,2026-08-20 18:00,drought,drought,66.5,35.0,True,True,True,True,False,False,hold,recheck_before_action
uncertainty_weighted_fusion,2026-08-20 19:00,drought,drought,63.1,35.0,True,True,True,True,False,False,hold,recheck_before_action
uncertainty_weighted_fusion,2026-08-20 20:00,drought,drought,60.7,35.0,True,True,True,True,False,False,hold,recheck_before_action
uncertainty_weighted_fusion,2026-08-20 21:00,drought,drought,59.9,35.0,True,True,True,True,False,False,hold,resample_before_action
uncertainty_weighted_fusion,2026-08-20 22:00,drought,drought,58.2,35.0,True,True,True,True,False,False,hold,resample_before_action
uncertainty_weighted_fusion,2026-08-20 23:00,drought,drought,57.1,35.0,True,True,True,True,False,False,hold,resample_before_action
uncertainty_weighted_fusion,2026-08-21 00:00,healthy,drought,43.7,2.0,False,False,False,False,False,False,hold,monitor_more_context
uncertainty_weighted_fusion,2026-08-21 01:00,healthy,healthy,32.7,0.0,False,False,False,False,False,False,observe,routine_patrol
uncertainty_weighted_fusion,2026-08-21 02:00,healthy,healthy,26.4,0.0,False,False,False,False,False,False,observe,routine_patrol
uncertainty_weighted_fusion,2026-08-21 03:00,healthy,healthy,20.2,0.0,False,False,False,False,False,False,observe,routine_patrol
uncertainty_weighted_fusion,2026-08-21 04:00,drought,drought,45.0,47.0,True,True,True,True,False,False,hold,resample_before_action
uncertainty_weighted_fusion,2026-08-21 05:00,drought,drought,46.6,12.0,False,False,False,False,False,False,hold,monitor_more_context
uncertainty_weighted_fusion,2026-08-21 06:00,healthy,drought,45.3,47.0,True,True,True,True,False,False,hold,resample_before_action
uncertainty_weighted_fusion,2026-08-21 07:00,healthy,healthy,31.2,0.0,False,False,False,False,False,False,observe,routine_patrol
uncertainty_weighted_fusion,2026-08-21 08:00,healthy,healthy,24.9,44.0,True,True,False,False,False,False,hold,monitor_more_context
uncertainty_weighted_fusion,2026-08-21 09:00,heat,heat,45.0,47.0,True,True,True,True,False,False,hold,resample_before_action
uncertainty_weighted_fusion,2026-08-21 10:00,heat,heat,46.1,12.0,False,False,False,False,False,False,hold,monitor_more_context
uncertainty_weighted_fusion,2026-08-21 11:00,heat,heat,46.3,47.0,True,True,True,True,False,False,hold,resample_before_action
uncertainty_weighted_fusion,2026-08-21 12:00,heat,heat,49.9,35.0,True,True,True,True,False,False,hold,resample_before_action
uncertainty_weighted_fusion,2026-08-21 13:00,healthy,healthy,39.0,0.0,False,False,False,False,False,False,observe,routine_patrol
uncertainty_weighted_fusion,2026-08-21 14:00,healthy,healthy,32.5,0.0,False,False,False,False,False,False,observe,routine_patrol
uncertainty_weighted_fusion,2026-08-21 15:00,healthy,healthy,28.9,0.0,False,False,False,False,False,False,observe,routine_patrol
uncertainty_weighted_fusion,2026-08-21 16:00,drought,drought,45.0,47.0,True,True,True,True,False,False,hold,resample_before_action
uncertainty_weighted_fusion,2026-08-21 17:00,drought,drought,47.5,47.0,True,True,True,True,False,False,hold,resample_before_action
uncertainty_weighted_fusion,2026-08-21 18:00,drought,drought,54.1,35.0,True,True,True,True,False,False,hold,resample_before_action
uncertainty_weighted_fusion,2026-08-21 19:00,drought,drought,57.3,35.0,True,True,True,True,False,False,hold,resample_before_action
uncertainty_weighted_fusion,2026-08-21 20:00,drought,drought,58.9,35.0,True,True,True,True,False,False,hold,resample_before_action
uncertainty_weighted_fusion,2026-08-21 21:00,drought,drought,59.8,35.0,True,True,True,True,False,False,hold,resample_before_action
uncertainty_weighted_fusion,2026-08-21 22:00,drought,drought,57.5,35.0,True,True,True,True,False,False,hold,resample_before_action
uncertainty_weighted_fusion,2026-08-21 23:00,drought,drought,56.7,35.0,True,True,True,True,False,False,hold,resample_before_action
uncertainty_weighted_fusion,2026-08-22 00:00,drought,drought,55.6,35.0,True,True,True,True,False,False,hold,resample_before_action
uncertainty_weighted_fusion,2026-08-22 01:00,drought,drought,55.2,35.0,True,True,True,True,False,False,hold,resample_before_action
uncertainty_weighted_fusion,2026-08-22 02:00,drought,drought,55.7,35.0,True,True,True,True,False,False,hold,resample_before_action
uncertainty_weighted_fusion,2026-08-22 03:00,drought,drought,55.8,35.0,True,True,True,True,False,False,hold,resample_before_action
uncertainty_weighted_fusion,2026-08-22 04:00,drought,drought,55.3,35.0,True,True,True,True,False,False,hold,resample_before_action
uncertainty_weighted_fusion,2026-08-22 05:00,drought,drought,54.9,35.0,True,True,True,True,False,False,hold,resample_before_action
uncertainty_weighted_fusion,2026-08-22 06:00,drought,drought,61.1,0.0,False,False,False,False,False,False,execute,execute_recommended_action
uncertainty_weighted_fusion,2026-08-22 07:00,drought,drought,58.3,35.0,True,True,True,True,False,False,hold,resample_before_action
uncertainty_weighted_fusion,2026-08-22 08:00,drought,drought,65.7,0.0,False,False,False,False,False,False,execute,execute_recommended_action
uncertainty_weighted_fusion,2026-08-22 09:00,drought,drought,70.7,0.0,False,False,False,False,False,False,execute,execute_recommended_action
uncertainty_weighted_fusion,2026-08-22 10:00,drought,drought,73.2,0.0,False,False,False,False,False,False,execute,execute_recommended_action
uncertainty_weighted_fusion,2026-08-22 11:00,drought,drought,74.7,0.0,False,False,False,False,False,False,execute,execute_recommended_action
uncertainty_weighted_fusion,2026-08-22 12:00,drought,drought,75.7,0.0,False,False,False,False,False,False,execute,execute_recommended_action
uncertainty_weighted_fusion,2026-08-22 13:00,drought,drought,76.2,0.0,False,False,False,False,False,False,execute,execute_recommended_action
uncertainty_weighted_fusion,2026-08-22 14:00,drought,drought,75.9,0.0,False,False,False,False,False,False,execute,execute_recommended_action
uncertainty_weighted_fusion,2026-08-22 15:00,drought,drought,75.7,0.0,False,False,False,False,False,False,execute,execute_recommended_action
uncertainty_weighted_fusion,2026-08-22 16:00,drought,drought,75.0,0.0,False,False,False,False,False,False,execute,execute_recommended_action
uncertainty_weighted_fusion,2026-08-22 17:00,drought,drought,67.1,35.0,True,True,True,True,False,False,hold,recheck_before_action
uncertainty_weighted_fusion,2026-08-22 18:00,drought,drought,63.2,35.0,True,True,True,True,False,False,hold,recheck_before_action
uncertainty_weighted_fusion,2026-08-22 19:00,drought,drought,60.6,35.0,True,True,True,True,False,False,hold,recheck_before_action
uncertainty_weighted_fusion,2026-08-22 20:00,drought,drought,65.3,44.0,True,True,False,False,False,False,hold,recheck_before_action
uncertainty_weighted_fusion,2026-08-22 21:00,drought,drought,61.9,35.0,True,True,True,True,False,False,hold,recheck_before_action
uncertainty_weighted_fusion,2026-08-22 22:00,drought,drought,60.3,35.0,True,True,True,True,False,False,hold,recheck_before_action
uncertainty_weighted_fusion,2026-08-22 23:00,healthy,drought,53.7,47.0,True,True,True,True,False,False,hold,resample_before_action
uncertainty_weighted_fusion,2026-08-23 00:00,healthy,healthy,36.0,0.0,False,False,False,False,False,False,observe,routine_patrol
uncertainty_weighted_fusion,2026-08-23 01:00,healthy,healthy,25.9,0.0,False,False,False,False,False,False,observe,routine_patrol
uncertainty_weighted_fusion,2026-08-23 02:00,healthy,healthy,19.9,0.0,False,False,False,False,False,False,observe,routine_patrol
uncertainty_weighted_fusion,2026-08-23 03:00,healthy,healthy,16.4,0.0,False,False,False,False,False,False,observe,routine_patrol
uncertainty_weighted_fusion,2026-08-23 04:00,healthy,healthy,14.3,0.0,False,False,False,False,False,False,observe,routine_patrol
uncertainty_weighted_fusion,2026-08-23 05:00,healthy,healthy,13.1,0.0,False,False,False,False,False,False,observe,routine_patrol
uncertainty_weighted_fusion,2026-08-23 06:00,healthy,healthy,12.6,0.0,False,False,False,False,False,False,observe,routine_patrol
uncertainty_weighted_fusion,2026-08-23 07:00,healthy,healthy,12.0,0.0,False,False,False,False,False,False,observe,routine_patrol
uncertainty_weighted_fusion,2026-08-23 08:00,healthy,healthy,11.7,0.0,False,False,False,False,False,False,observe,routine_patrol
uncertainty_weighted_fusion,2026-08-23 09:00,healthy,healthy,14.7,0.0,False,False,False,False,False,False,observe,routine_patrol
uncertainty_weighted_fusion,2026-08-23 10:00,drought,drought,45.0,47.0,True,True,True,True,False,False,hold,resample_before_action
uncertainty_weighted_fusion,2026-08-23 11:00,drought,drought,45.0,47.0,True,True,True,True,False,False,hold,resample_before_action
uncertainty_weighted_fusion,2026-08-23 12:00,drought,drought,52.6,35.0,True,True,True,True,False,False,hold,resample_before_action
uncertainty_weighted_fusion,2026-08-23 13:00,drought,drought,57.3,35.0,True,True,True,True,False,False,hold,resample_before_action
uncertainty_weighted_fusion,2026-08-23 14:00,drought,drought,56.5,35.0,True,True,True,True,False,False,hold,resample_before_action
uncertainty_weighted_fusion,2026-08-23 15:00,drought,drought,55.8,35.0,True,True,True,True,False,False,hold,resample_before_action
uncertainty_weighted_fusion,2026-08-23 16:00,drought,drought,55.2,35.0,True,True,True,True,False,False,hold,resample_before_action
uncertainty_weighted_fusion,2026-08-23 17:00,drought,drought,54.7,35.0,True,True,True,True,False,False,hold,resample_before_action
uncertainty_weighted_fusion,2026-08-23 18:00,drought,drought,55.3,35.0,True,True,True,True,False,False,hold,resample_before_action
uncertainty_weighted_fusion,2026-08-23 19:00,drought,drought,58.3,35.0,True,True,True,True,False,False,hold,resample_before_action
uncertainty_weighted_fusion,2026-08-23 20:00,drought,drought,56.7,35.0,True,True,True,True,False,False,hold,resample_before_action
uncertainty_weighted_fusion,2026-08-23 21:00,drought,drought,56.0,35.0,True,True,True,True,False,False,hold,resample_before_action
uncertainty_weighted_fusion,2026-08-23 22:00,drought,drought,55.6,35.0,True,True,True,True,False,False,hold,resample_before_action
uncertainty_weighted_fusion,2026-08-23 23:00,drought,drought,55.1,35.0,True,True,True,True,False,False,hold,resample_before_action
uncertainty_weighted_fusion,2026-08-24 00:00,drought,drought,55.2,35.0,True,True,True,True,False,False,hold,resample_before_action
uncertainty_weighted_fusion,2026-08-24 01:00,drought,drought,55.4,35.0,True,True,True,True,False,False,hold,resample_before_action
uncertainty_weighted_fusion,2026-08-24 02:00,drought,drought,55.4,35.0,True,True,True,True,False,False,hold,resample_before_action
uncertainty_weighted_fusion,2026-08-24 03:00,drought,drought,55.0,35.0,True,True,True,True,False,False,hold,resample_before_action
uncertainty_weighted_fusion,2026-08-24 04:00,drought,drought,54.8,35.0,True,True,True,True,False,False,hold,resample_before_action
uncertainty_weighted_fusion,2026-08-24 05:00,drought,drought,55.4,35.0,True,True,True,True,False,False,hold,resample_before_action
uncertainty_weighted_fusion,2026-08-24 06:00,drought,drought,55.3,35.0,True,True,True,True,False,False,hold,resample_before_action
uncertainty_weighted_fusion,2026-08-24 07:00,healthy,healthy,37.0,0.0,False,False,False,False,False,False,observe,routine_patrol
uncertainty_weighted_fusion,2026-08-24 08:00,healthy,healthy,28.9,0.0,False,False,False,False,False,False,observe,routine_patrol
uncertainty_weighted_fusion,2026-08-24 09:00,healthy,healthy,24.1,0.0,False,False,False,False,False,False,observe,routine_patrol
uncertainty_weighted_fusion,2026-08-24 10:00,healthy,healthy,21.3,0.0,False,False,False,False,False,False,observe,routine_patrol
uncertainty_weighted_fusion,2026-08-24 11:00,healthy,healthy,19.7,0.0,False,False,False,False,False,False,observe,routine_patrol
uncertainty_weighted_fusion,2026-08-24 12:00,healthy,healthy,16.4,0.0,False,False,False,False,False,False,observe,routine_patrol
uncertainty_weighted_fusion,2026-08-24 13:00,healthy,healthy,14.5,0.0,False,False,False,False,False,False,observe,routine_patrol
uncertainty_weighted_fusion,2026-08-24 14:00,healthy,healthy,16.4,0.0,False,False,False,False,False,False,observe,routine_patrol
uncertainty_weighted_fusion,2026-08-24 15:00,healthy,healthy,22.1,0.0,False,False,False,False,False,False,observe,routine_patrol
uncertainty_weighted_fusion,2026-08-24 16:00,drought,drought,45.0,47.0,True,True,True,True,False,False,hold,resample_before_action
uncertainty_weighted_fusion,2026-08-24 17:00,drought,drought,45.0,47.0,True,True,True,True,False,False,hold,resample_before_action
uncertainty_weighted_fusion,2026-08-24 18:00,drought,drought,57.7,0.0,False,False,False,False,False,False,hold,monitor_more_context
uncertainty_weighted_fusion,2026-08-24 19:00,drought,drought,59.3,35.0,True,True,True,True,False,False,hold,resample_before_action
uncertainty_weighted_fusion,2026-08-24 20:00,drought,drought,57.1,35.0,True,True,True,True,False,False,hold,resample_before_action
uncertainty_weighted_fusion,2026-08-24 21:00,drought,drought,56.0,35.0,True,True,True,True,False,False,hold,resample_before_action
uncertainty_weighted_fusion,2026-08-24 22:00,drought,drought,55.3,35.0,True,True,True,True,False,False,hold,resample_before_action
uncertainty_weighted_fusion,2026-08-24 23:00,drought,drought,55.1,35.0,True,True,True,True,False,False,hold,resample_before_action
uncertainty_weighted_fusion,2026-08-25 00:00,drought,drought,55.0,35.0,True,True,True,True,False,False,hold,resample_before_action
uncertainty_weighted_fusion,2026-08-25 01:00,drought,drought,55.1,35.0,True,True,True,True,False,False,hold,resample_before_action
uncertainty_weighted_fusion,2026-08-25 02:00,drought,drought,61.3,0.0,False,False,False,False,False,False,execute,execute_recommended_action
uncertainty_weighted_fusion,2026-08-25 03:00,drought,drought,58.8,35.0,True,True,True,True,False,False,hold,resample_before_action
uncertainty_weighted_fusion,2026-08-25 04:00,pest,drought,48.5,2.0,False,False,False,False,False,False,hold,monitor_more_context
uncertainty_weighted_fusion,2026-08-25 05:00,healthy,drought,47.0,47.0,True,True,True,True,False,False,hold,resample_before_action
uncertainty_weighted_fusion,2026-08-25 06:00,healthy,healthy,32.2,0.0,False,False,False,False,False,False,observe,routine_patrol
uncertainty_weighted_fusion,2026-08-25 07:00,healthy,healthy,23.5,0.0,False,False,False,False,False,False,observe,routine_patrol
uncertainty_weighted_fusion,2026-08-25 08:00,pest,healthy,25.4,0.0,False,False,False,False,False,False,observe,routine_patrol
uncertainty_weighted_fusion,2026-08-25 09:00,healthy,healthy,19.7,0.0,False,False,False,False,False,False,observe,routine_patrol
uncertainty_weighted_fusion,2026-08-25 10:00,healthy,healthy,16.4,0.0,False,False,False,False,False,False,observe,routine_patrol
uncertainty_weighted_fusion,2026-08-25 11:00,healthy,healthy,17.5,0.0,False,False,False,False,False,False,observe,routine_patrol
uncertainty_weighted_fusion,2026-08-25 12:00,heat,heat,45.0,47.0,True,True,True,True,False,False,hold,resample_before_action
uncertainty_weighted_fusion,2026-08-25 13:00,healthy,healthy,26.0,0.0,False,False,False,False,False,False,observe,routine_patrol
uncertainty_weighted_fusion,2026-08-25 14:00,drought,drought,45.0,47.0,True,True,True,True,False,False,hold,resample_before_action
uncertainty_weighted_fusion,2026-08-25 15:00,drought,drought,47.0,35.0,True,True,True,True,False,False,hold,resample_before_action
uncertainty_weighted_fusion,2026-08-25 16:00,drought,drought,53.4,35.0,True,True,True,True,False,False,hold,resample_before_action
uncertainty_weighted_fusion,2026-08-25 17:00,drought,drought,57.3,35.0,True,True,True,True,False,False,hold,resample_before_action
uncertainty_weighted_fusion,2026-08-25 18:00,drought,drought,59.2,35.0,True,True,True,True,False,False,hold,resample_before_action
uncertainty_weighted_fusion,2026-08-25 19:00,drought,drought,57.7,35.0,True,True,True,True,False,False,hold,resample_before_action
uncertainty_weighted_fusion,2026-08-25 20:00,drought,drought,56.3,35.0,True,True,True,True,False,False,hold,resample_before_action
uncertainty_weighted_fusion,2026-08-25 21:00,drought,drought,55.8,35.0,True,True,True,True,False,False,hold,resample_before_action
uncertainty_weighted_fusion,2026-08-25 22:00,drought,drought,55.1,35.0,True,True,True,True,False,False,hold,resample_before_action
uncertainty_weighted_fusion,2026-08-25 23:00,drought,drought,55.5,35.0,True,True,True,True,False,False,hold,resample_before_action
uncertainty_weighted_fusion,2026-08-26 00:00,drought,drought,55.4,35.0,True,True,True,True,False,False,hold,resample_before_action
uncertainty_weighted_fusion,2026-08-26 01:00,drought,drought,55.6,35.0,True,True,True,True,False,False,hold,resample_before_action
uncertainty_weighted_fusion,2026-08-26 02:00,drought,drought,55.6,35.0,True,True,True,True,False,False,hold,resample_before_action
uncertainty_weighted_fusion,2026-08-26 03:00,drought,drought,55.9,35.0,True,True,True,True,False,False,hold,resample_before_action
uncertainty_weighted_fusion,2026-08-26 04:00,drought,drought,55.9,35.0,True,True,True,True,False,False,hold,resample_before_action
uncertainty_weighted_fusion,2026-08-26 05:00,drought,drought,55.2,35.0,True,True,True,True,False,False,hold,resample_before_action
uncertainty_weighted_fusion,2026-08-26 06:00,drought,drought,60.6,44.0,True,True,False,False,False,False,hold,recheck_before_action
uncertainty_weighted_fusion,2026-08-26 07:00,drought,drought,57.9,35.0,True,True,True,True,False,False,hold,resample_before_action
uncertainty_weighted_fusion,2026-08-26 08:00,drought,drought,62.7,0.0,False,False,False,False,False,False,execute,execute_recommended_action
uncertainty_weighted_fusion,2026-08-26 09:00,drought,drought,59.4,35.0,True,True,True,True,False,False,hold,resample_before_action
uncertainty_weighted_fusion,2026-08-26 10:00,drought,drought,64.4,0.0,False,False,False,False,False,False,execute,execute_recommended_action
uncertainty_weighted_fusion,2026-08-26 11:00,drought,drought,70.0,0.0,False,False,False,False,False,False,execute,execute_recommended_action
uncertainty_weighted_fusion,2026-08-26 12:00,drought,drought,72.7,0.0,False,False,False,False,False,False,execute,execute_recommended_action
uncertainty_weighted_fusion,2026-08-26 13:00,drought,drought,72.6,0.0,False,False,False,False,False,False,execute,execute_recommended_action
uncertainty_weighted_fusion,2026-08-26 14:00,drought,drought,64.8,35.0,True,True,True,True,False,False,hold,recheck_before_action
uncertainty_weighted_fusion,2026-08-26 15:00,healthy,drought,57.9,47.0,True,True,True,True,False,False,hold,resample_before_action
uncertainty_weighted_fusion,2026-08-26 16:00,healthy,drought,40.9,12.0,False,False,False,False,False,False,hold,monitor_more_context
uncertainty_weighted_fusion,2026-08-26 17:00,healthy,healthy,31.1,0.0,False,False,False,False,False,False,observe,routine_patrol
uncertainty_weighted_fusion,2026-08-26 18:00,healthy,healthy,25.4,0.0,False,False,False,False,False,False,observe,routine_patrol
uncertainty_weighted_fusion,2026-08-26 19:00,healthy,healthy,19.5,0.0,False,False,False,False,False,False,observe,routine_patrol
uncertainty_weighted_fusion,2026-08-26 20:00,healthy,healthy,16.1,0.0,False,False,False,False,False,False,observe,routine_patrol
uncertainty_weighted_fusion,2026-08-26 21:00,healthy,healthy,14.1,0.0,False,False,False,False,False,False,observe,routine_patrol
uncertainty_weighted_fusion,2026-08-26 22:00,healthy,healthy,12.9,0.0,False,False,False,False,False,False,observe,routine_patrol
uncertainty_weighted_fusion,2026-08-26 23:00,healthy,healthy,12.3,0.0,False,False,False,False,False,False,observe,routine_patrol
uncertainty_weighted_fusion,2026-08-27 00:00,healthy,healthy,11.9,0.0,False,False,False,False,False,False,observe,routine_patrol
uncertainty_weighted_fusion,2026-08-27 01:00,healthy,healthy,11.9,0.0,False,False,False,False,False,False,observe,routine_patrol
uncertainty_weighted_fusion,2026-08-27 02:00,healthy,healthy,11.7,0.0,False,False,False,False,False,False,observe,routine_patrol
uncertainty_weighted_fusion,2026-08-27 03:00,healthy,healthy,11.8,0.0,False,False,False,False,False,False,observe,routine_patrol
uncertainty_weighted_fusion,2026-08-27 04:00,healthy,healthy,11.8,0.0,False,False,False,False,False,False,observe,routine_patrol
uncertainty_weighted_fusion,2026-08-27 05:00,healthy,waterlogging,45.0,47.0,True,True,True,True,False,False,hold,resample_before_action
uncertainty_weighted_fusion,2026-08-27 06:00,healthy,healthy,19.8,0.0,False,False,False,False,False,False,observe,routine_patrol
uncertainty_weighted_fusion,2026-08-27 07:00,healthy,healthy,16.3,0.0,False,False,False,False,False,False,observe,routine_patrol
uncertainty_weighted_fusion,2026-08-27 08:00,healthy,healthy,14.3,0.0,False,False,False,False,False,False,observe,routine_patrol
uncertainty_weighted_fusion,2026-08-27 09:00,healthy,healthy,13.3,0.0,False,False,False,False,False,False,observe,routine_patrol
uncertainty_weighted_fusion,2026-08-27 10:00,healthy,healthy,12.6,0.0,False,False,False,False,False,False,observe,routine_patrol
uncertainty_weighted_fusion,2026-08-27 11:00,healthy,healthy,12.3,0.0,False,False,False,False,False,False,observe,routine_patrol
uncertainty_weighted_fusion,2026-08-27 12:00,healthy,healthy,15.2,0.0,False,False,False,False,False,False,observe,routine_patrol
uncertainty_weighted_fusion,2026-08-27 13:00,healthy,healthy,16.8,0.0,False,False,False,False,False,False,observe,routine_patrol
uncertainty_weighted_fusion,2026-08-27 14:00,healthy,healthy,17.7,0.0,False,False,False,False,False,False,observe,routine_patrol
uncertainty_weighted_fusion,2026-08-27 15:00,healthy,healthy,18.3,0.0,False,False,False,False,False,False,observe,routine_patrol
uncertainty_weighted_fusion,2026-08-27 16:00,healthy,healthy,18.7,0.0,False,False,False,False,False,False,observe,routine_patrol
uncertainty_weighted_fusion,2026-08-27 17:00,healthy,healthy,18.9,0.0,False,False,False,False,False,False,observe,routine_patrol
uncertainty_weighted_fusion,2026-08-27 18:00,healthy,healthy,20.3,44.0,True,True,False,False,False,False,hold,monitor_more_context
uncertainty_weighted_fusion,2026-08-27 19:00,pest,healthy,23.4,0.0,False,False,False,False,False,False,observe,routine_patrol
uncertainty_weighted_fusion,2026-08-27 20:00,healthy,healthy,18.5,0.0,False,False,False,False,False,False,observe,routine_patrol
uncertainty_weighted_fusion,2026-08-27 21:00,healthy,healthy,15.6,0.0,False,False,False,False,False,False,observe,routine_patrol
uncertainty_weighted_fusion,2026-08-27 22:00,healthy,healthy,13.9,0.0,False,False,False,False,False,False,observe,routine_patrol
uncertainty_weighted_fusion,2026-08-27 23:00,healthy,healthy,12.9,0.0,False,False,False,False,False,False,observe,routine_patrol
uncertainty_weighted_fusion,2026-08-28 00:00,healthy,healthy,14.0,44.0,True,True,False,False,False,False,hold,monitor_more_context
uncertainty_weighted_fusion,2026-08-28 01:00,pest,healthy,20.9,0.0,False,False,False,False,False,False,observe,routine_patrol
uncertainty_weighted_fusion,2026-08-28 02:00,healthy,healthy,16.9,0.0,False,False,False,False,False,False,observe,routine_patrol
uncertainty_weighted_fusion,2026-08-28 03:00,healthy,healthy,14.7,0.0,False,False,False,False,False,False,observe,routine_patrol
uncertainty_weighted_fusion,2026-08-28 04:00,waterlogging,healthy,37.7,0.0,False,False,False,False,False,False,observe,routine_patrol
uncertainty_weighted_fusion,2026-08-28 05:00,waterlogging,waterlogging,45.4,35.0,True,True,True,True,False,False,hold,resample_before_action
uncertainty_weighted_fusion,2026-08-28 06:00,waterlogging,waterlogging,58.1,44.0,True,True,False,False,False,False,hold,resample_before_action
uncertainty_weighted_fusion,2026-08-28 07:00,waterlogging,waterlogging,58.0,35.0,True,True,True,True,False,False,hold,resample_before_action
uncertainty_weighted_fusion,2026-08-28 08:00,waterlogging,waterlogging,58.2,35.0,True,True,True,True,False,False,hold,resample_before_action
uncertainty_weighted_fusion,2026-08-28 09:00,waterlogging,waterlogging,58.4,35.0,True,True,True,True,False,False,hold,resample_before_action
uncertainty_weighted_fusion,2026-08-28 10:00,waterlogging,waterlogging,66.2,0.0,False,False,False,False,False,False,execute,execute_recommended_action
uncertainty_weighted_fusion,2026-08-28 11:00,waterlogging,waterlogging,69.8,0.0,False,False,False,False,False,False,execute,execute_recommended_action
uncertainty_weighted_fusion,2026-08-28 12:00,waterlogging,waterlogging,64.1,35.0,True,True,True,True,False,False,hold,recheck_before_action
uncertainty_weighted_fusion,2026-08-28 13:00,waterlogging,waterlogging,60.9,35.0,True,True,True,True,False,False,hold,recheck_before_action
uncertainty_weighted_fusion,2026-08-28 14:00,waterlogging,waterlogging,59.7,35.0,True,True,True,True,False,False,hold,resample_before_action
uncertainty_weighted_fusion,2026-08-28 15:00,waterlogging,waterlogging,66.5,0.0,False,False,False,False,False,False,execute,execute_recommended_action
uncertainty_weighted_fusion,2026-08-28 16:00,waterlogging,waterlogging,62.4,35.0,True,True,True,True,False,False,hold,recheck_before_action
uncertainty_weighted_fusion,2026-08-28 17:00,waterlogging,waterlogging,60.5,35.0,True,True,True,True,False,False,hold,recheck_before_action
uncertainty_weighted_fusion,2026-08-28 18:00,waterlogging,waterlogging,59.3,35.0,True,True,True,True,False,False,hold,resample_before_action
uncertainty_weighted_fusion,2026-08-28 19:00,waterlogging,waterlogging,59.0,35.0,True,True,True,True,False,False,hold,resample_before_action
uncertainty_weighted_fusion,2026-08-28 20:00,waterlogging,waterlogging,63.9,0.0,False,False,False,False,False,False,execute,execute_recommended_action
uncertainty_weighted_fusion,2026-08-28 21:00,waterlogging,waterlogging,66.3,0.0,False,False,False,False,False,False,execute,execute_recommended_action
uncertainty_weighted_fusion,2026-08-28 22:00,waterlogging,waterlogging,62.3,35.0,True,True,True,True,False,False,hold,recheck_before_action
uncertainty_weighted_fusion,2026-08-28 23:00,waterlogging,waterlogging,60.1,35.0,True,True,True,True,False,False,hold,recheck_before_action
uncertainty_weighted_fusion,2026-08-29 00:00,waterlogging,waterlogging,64.4,0.0,False,False,False,False,False,False,execute,execute_recommended_action
uncertainty_weighted_fusion,2026-08-29 01:00,waterlogging,waterlogging,61.1,35.0,True,True,True,True,False,False,hold,recheck_before_action
uncertainty_weighted_fusion,2026-08-29 02:00,waterlogging,waterlogging,59.9,35.0,True,True,True,True,False,False,hold,resample_before_action
uncertainty_weighted_fusion,2026-08-29 03:00,waterlogging,waterlogging,58.8,35.0,True,True,True,True,False,False,hold,resample_before_action
uncertainty_weighted_fusion,2026-08-29 04:00,waterlogging,waterlogging,58.6,35.0,True,True,True,True,False,False,hold,resample_before_action
uncertainty_weighted_fusion,2026-08-29 05:00,waterlogging,waterlogging,58.8,35.0,True,True,True,True,False,False,hold,resample_before_action
uncertainty_weighted_fusion,2026-08-29 06:00,waterlogging,waterlogging,58.3,35.0,True,True,True,True,False,False,hold,resample_before_action
uncertainty_weighted_fusion,2026-08-29 07:00,waterlogging,waterlogging,58.2,35.0,True,True,True,True,False,False,hold,resample_before_action
uncertainty_weighted_fusion,2026-08-29 08:00,waterlogging,waterlogging,58.3,35.0,True,True,True,True,False,False,hold,resample_before_action
uncertainty_weighted_fusion,2026-08-29 09:00,waterlogging,waterlogging,58.5,35.0,True,True,True,True,False,False,hold,resample_before_action
uncertainty_weighted_fusion,2026-08-29 10:00,waterlogging,waterlogging,59.7,35.0,True,True,True,True,False,False,hold,resample_before_action
uncertainty_weighted_fusion,2026-08-29 11:00,healthy,waterlogging,48.7,0.0,False,False,False,False,False,False,hold,monitor_more_context
uncertainty_weighted_fusion,2026-08-29 12:00,healthy,healthy,38.3,0.0,False,False,False,False,False,False,observe,routine_patrol
uncertainty_weighted_fusion,2026-08-29 13:00,healthy,healthy,32.2,0.0,False,False,False,False,False,False,observe,routine_patrol
uncertainty_weighted_fusion,2026-08-29 14:00,pest,healthy,34.5,0.0,False,False,False,False,False,False,observe,routine_patrol
uncertainty_weighted_fusion,2026-08-29 15:00,healthy,healthy,30.1,0.0,False,False,False,False,False,False,observe,routine_patrol
uncertainty_weighted_fusion,2026-08-29 16:00,pest,healthy,33.8,0.0,False,False,False,False,False,False,observe,routine_patrol
uncertainty_weighted_fusion,2026-08-29 17:00,healthy,healthy,28.5,44.0,True,True,False,False,False,False,hold,monitor_more_context
uncertainty_weighted_fusion,2026-08-29 18:00,healthy,healthy,23.8,0.0,False,False,False,False,False,False,observe,routine_patrol
uncertainty_weighted_fusion,2026-08-29 19:00,healthy,healthy,21.3,0.0,False,False,False,False,False,False,observe,routine_patrol
uncertainty_weighted_fusion,2026-08-29 20:00,healthy,healthy,19.7,0.0,False,False,False,False,False,False,observe,routine_patrol
uncertainty_weighted_fusion,2026-08-29 21:00,healthy,healthy,18.7,0.0,False,False,False,False,False,False,observe,routine_patrol
uncertainty_weighted_fusion,2026-08-29 22:00,healthy,healthy,18.3,0.0,False,False,False,False,False,False,observe,routine_patrol
uncertainty_weighted_fusion,2026-08-29 23:00,healthy,healthy,17.9,0.0,False,False,False,False,False,False,observe,routine_patrol
uncertainty_weighted_fusion,2026-08-30 00:00,healthy,healthy,19.8,44.0,True,True,False,False,False,False,hold,monitor_more_context
uncertainty_weighted_fusion,2026-08-30 01:00,healthy,healthy,18.8,0.0,False,False,False,False,False,False,observe,routine_patrol
uncertainty_weighted_fusion,2026-08-30 02:00,healthy,healthy,18.3,0.0,False,False,False,False,False,False,observe,routine_patrol
uncertainty_weighted_fusion,2026-08-30 03:00,waterlogging,waterlogging,43.3,0.0,False,False,False,False,False,False,hold,monitor_more_context
uncertainty_weighted_fusion,2026-08-30 04:00,waterlogging,waterlogging,52.0,35.0,True,True,True,True,False,False,hold,resample_before_action
uncertainty_weighted_fusion,2026-08-30 05:00,waterlogging,waterlogging,54.9,35.0,True,True,True,True,False,False,hold,resample_before_action
uncertainty_weighted_fusion,2026-08-30 06:00,waterlogging,waterlogging,56.5,35.0,True,True,True,True,False,False,hold,resample_before_action
uncertainty_weighted_fusion,2026-08-30 07:00,waterlogging,waterlogging,57.7,35.0,True,True,True,True,False,False,hold,resample_before_action
uncertainty_weighted_fusion,2026-08-30 08:00,waterlogging,waterlogging,58.1,35.0,True,True,True,True,False,False,hold,resample_before_action
uncertainty_weighted_fusion,2026-08-30 09:00,waterlogging,waterlogging,58.6,35.0,True,True,True,True,False,False,hold,resample_before_action
uncertainty_weighted_fusion,2026-08-30 10:00,waterlogging,waterlogging,59.7,35.0,True,True,True,True,False,False,hold,resample_before_action
uncertainty_weighted_fusion,2026-08-30 11:00,waterlogging,waterlogging,60.1,35.0,True,True,True,True,False,False,hold,recheck_before_action
uncertainty_weighted_fusion,2026-08-30 12:00,heat,waterlogging,59.7,35.0,True,True,True,True,False,False,hold,resample_before_action
uncertainty_weighted_fusion,2026-08-30 13:00,healthy,waterlogging,46.6,2.0,False,False,False,False,False,False,hold,monitor_more_context
uncertainty_weighted_fusion,2026-08-30 14:00,healthy,healthy,37.2,0.0,False,False,False,False,False,False,observe,routine_patrol
uncertainty_weighted_fusion,2026-08-30 15:00,healthy,healthy,31.5,0.0,False,False,False,False,False,False,observe,routine_patrol
uncertainty_weighted_fusion,2026-08-30 16:00,healthy,healthy,28.4,0.0,False,False,False,False,False,False,observe,routine_patrol
uncertainty_weighted_fusion,2026-08-30 17:00,healthy,healthy,26.6,0.0,False,False,False,False,False,False,observe,routine_patrol
uncertainty_weighted_fusion,2026-08-30 18:00,healthy,healthy,23.4,0.0,False,False,False,False,False,False,observe,routine_patrol
uncertainty_weighted_fusion,2026-08-30 19:00,healthy,healthy,21.7,0.0,False,False,False,False,False,False,observe,routine_patrol
uncertainty_weighted_fusion,2026-08-30 20:00,healthy,healthy,20.5,0.0,False,False,False,False,False,False,observe,routine_patrol
uncertainty_weighted_fusion,2026-08-30 21:00,healthy,healthy,16.9,0.0,False,False,False,False,False,False,observe,routine_patrol
uncertainty_weighted_fusion,2026-08-30 22:00,healthy,healthy,14.6,0.0,False,False,False,False,False,False,observe,routine_patrol
uncertainty_weighted_fusion,2026-08-30 23:00,healthy,healthy,13.4,0.0,False,False,False,False,False,False,observe,routine_patrol
uncertainty_weighted_fusion,2026-08-31 00:00,healthy,healthy,12.7,0.0,False,False,False,False,False,False,observe,routine_patrol
uncertainty_weighted_fusion,2026-08-31 01:00,healthy,healthy,12.3,0.0,False,False,False,False,False,False,observe,routine_patrol
uncertainty_weighted_fusion,2026-08-31 02:00,healthy,healthy,11.9,0.0,False,False,False,False,False,False,observe,routine_patrol
uncertainty_weighted_fusion,2026-08-31 03:00,healthy,healthy,11.6,0.0,False,False,False,False,False,False,observe,routine_patrol
uncertainty_weighted_fusion,2026-08-31 04:00,healthy,healthy,13.1,44.0,True,True,False,False,False,False,hold,monitor_more_context
uncertainty_weighted_fusion,2026-08-31 05:00,healthy,healthy,12.4,0.0,False,False,False,False,False,False,observe,routine_patrol
uncertainty_weighted_fusion,2026-08-31 06:00,healthy,healthy,12.0,0.0,False,False,False,False,False,False,observe,routine_patrol
uncertainty_weighted_fusion,2026-08-31 07:00,healthy,healthy,11.8,0.0,False,False,False,False,False,False,observe,routine_patrol
uncertainty_weighted_fusion,2026-08-31 08:00,healthy,healthy,11.6,0.0,False,False,False,False,False,False,observe,routine_patrol
uncertainty_weighted_fusion,2026-08-31 09:00,healthy,healthy,14.7,0.0,False,False,False,False,False,False,observe,routine_patrol
uncertainty_weighted_fusion,2026-08-31 10:00,healthy,healthy,16.5,0.0,False,False,False,False,False,False,observe,routine_patrol
uncertainty_weighted_fusion,2026-08-31 11:00,healthy,healthy,17.5,0.0,False,False,False,False,False,False,observe,routine_patrol
uncertainty_weighted_fusion,2026-08-31 12:00,healthy,healthy,18.2,0.0,False,False,False,False,False,False,observe,routine_patrol
uncertainty_weighted_fusion,2026-08-31 13:00,heat,heat,45.0,47.0,True,True,True,True,False,False,hold,resample_before_action
uncertainty_weighted_fusion,2026-08-31 14:00,healthy,healthy,24.7,44.0,True,True,False,False,False,False,hold,monitor_more_context
uncertainty_weighted_fusion,2026-08-31 15:00,waterlogging,waterlogging,45.0,47.0,True,True,True,True,False,False,hold,resample_before_action
uncertainty_weighted_fusion,2026-08-31 16:00,waterlogging,waterlogging,51.5,0.0,False,False,False,False,False,False,hold,monitor_more_context
uncertainty_weighted_fusion,2026-08-31 17:00,waterlogging,waterlogging,54.7,35.0,True,True,True,True,False,False,hold,resample_before_action
uncertainty_weighted_fusion,2026-08-31 18:00,waterlogging,waterlogging,56.1,35.0,True,True,True,True,False,False,hold,resample_before_action
uncertainty_weighted_fusion,2026-08-31 19:00,waterlogging,waterlogging,57.1,35.0,True,True,True,True,False,False,hold,resample_before_action
uncertainty_weighted_fusion,2026-08-31 20:00,waterlogging,waterlogging,57.5,35.0,True,True,True,True,False,False,hold,resample_before_action
uncertainty_weighted_fusion,2026-08-31 21:00,waterlogging,waterlogging,57.7,35.0,True,True,True,True,False,False,hold,resample_before_action
uncertainty_weighted_fusion,2026-08-31 22:00,waterlogging,waterlogging,65.6,0.0,False,False,False,False,False,False,execute,execute_recommended_action
uncertainty_weighted_fusion,2026-08-31 23:00,waterlogging,waterlogging,61.7,35.0,True,True,True,True,False,False,hold,recheck_before_action
uncertainty_weighted_fusion,2026-09-01 00:00,waterlogging,waterlogging,59.7,35.0,True,True,True,True,False,False,hold,resample_before_action
uncertainty_weighted_fusion,2026-09-01 01:00,waterlogging,waterlogging,59.0,35.0,True,True,True,True,False,False,hold,resample_before_action
uncertainty_weighted_fusion,2026-09-01 02:00,waterlogging,waterlogging,58.5,35.0,True,True,True,True,False,False,hold,resample_before_action
uncertainty_weighted_fusion,2026-09-01 03:00,waterlogging,waterlogging,58.6,35.0,True,True,True,True,False,False,hold,resample_before_action
uncertainty_weighted_fusion,2026-09-01 04:00,waterlogging,waterlogging,58.6,35.0,True,True,True,True,False,False,hold,resample_before_action
uncertainty_weighted_fusion,2026-09-01 05:00,waterlogging,waterlogging,58.1,35.0,True,True,True,True,False,False,hold,resample_before_action
uncertainty_weighted_fusion,2026-09-01 06:00,waterlogging,waterlogging,58.0,35.0,True,True,True,True,False,False,hold,resample_before_action
uncertainty_weighted_fusion,2026-09-01 07:00,waterlogging,waterlogging,58.1,35.0,True,True,True,True,False,False,hold,resample_before_action
uncertainty_weighted_fusion,2026-09-01 08:00,waterlogging,waterlogging,58.2,35.0,True,True,True,True,False,False,hold,resample_before_action
uncertainty_weighted_fusion,2026-09-01 09:00,waterlogging,waterlogging,63.8,0.0,False,False,False,False,False,False,execute,execute_recommended_action
uncertainty_weighted_fusion,2026-09-01 10:00,heat,waterlogging,66.1,0.0,False,False,False,False,False,False,execute,execute_recommended_action
uncertainty_weighted_fusion,2026-09-01 11:00,healthy,waterlogging,53.9,2.0,False,False,False,False,False,False,hold,monitor_more_context
uncertainty_weighted_fusion,2026-09-01 12:00,healthy,waterlogging,47.4,2.0,False,False,False,False,False,False,hold,monitor_more_context
uncertainty_weighted_fusion,2026-09-01 13:00,heat,waterlogging,50.8,47.0,True,True,True,True,False,False,hold,resample_before_action
uncertainty_weighted_fusion,2026-09-01 14:00,waterlogging,waterlogging,54.3,35.0,True,True,True,True,False,False,hold,resample_before_action
uncertainty_weighted_fusion,2026-09-01 15:00,waterlogging,waterlogging,58.0,35.0,True,True,True,True,False,False,hold,resample_before_action
uncertainty_weighted_fusion,2026-09-01 16:00,waterlogging,waterlogging,59.4,35.0,True,True,True,True,False,False,hold,resample_before_action
uncertainty_weighted_fusion,2026-09-01 17:00,waterlogging,waterlogging,59.1,35.0,True,True,True,True,False,False,hold,resample_before_action
uncertainty_weighted_fusion,2026-09-01 18:00,waterlogging,waterlogging,59.0,35.0,True,True,True,True,False,False,hold,resample_before_action
uncertainty_weighted_fusion,2026-09-01 19:00,waterlogging,waterlogging,58.9,35.0,True,True,True,True,False,False,hold,resample_before_action
uncertainty_weighted_fusion,2026-09-01 20:00,waterlogging,waterlogging,58.7,35.0,True,True,True,True,False,False,hold,resample_before_action
uncertainty_weighted_fusion,2026-09-01 21:00,waterlogging,waterlogging,59.7,35.0,True,True,True,True,False,False,hold,resample_before_action
uncertainty_weighted_fusion,2026-09-01 22:00,waterlogging,waterlogging,59.3,35.0,True,True,True,True,False,False,hold,resample_before_action
uncertainty_weighted_fusion,2026-09-01 23:00,waterlogging,waterlogging,58.6,35.0,True,True,True,True,False,False,hold,resample_before_action
uncertainty_weighted_fusion,2026-09-02 00:00,waterlogging,waterlogging,58.6,35.0,True,True,True,True,False,False,hold,resample_before_action
uncertainty_weighted_fusion,2026-09-02 01:00,waterlogging,waterlogging,58.1,35.0,True,True,True,True,False,False,hold,resample_before_action
uncertainty_weighted_fusion,2026-09-02 02:00,waterlogging,waterlogging,62.7,44.0,True,True,False,False,False,False,hold,recheck_before_action
uncertainty_weighted_fusion,2026-09-02 03:00,waterlogging,waterlogging,65.0,44.0,True,True,False,False,False,False,hold,recheck_before_action
uncertainty_weighted_fusion,2026-09-02 04:00,waterlogging,waterlogging,66.2,44.0,True,True,False,False,False,False,hold,recheck_before_action
uncertainty_weighted_fusion,2026-09-02 05:00,waterlogging,waterlogging,67.6,0.0,False,False,False,False,False,False,execute,execute_recommended_action
uncertainty_weighted_fusion,2026-09-02 06:00,waterlogging,waterlogging,62.9,35.0,True,True,True,True,False,False,hold,recheck_before_action
uncertainty_weighted_fusion,2026-09-02 07:00,waterlogging,waterlogging,61.0,35.0,True,True,True,True,False,False,hold,recheck_before_action
uncertainty_weighted_fusion,2026-09-02 08:00,healthy,waterlogging,49.3,0.0,False,False,False,False,False,False,hold,monitor_more_context
uncertainty_weighted_fusion,2026-09-02 09:00,healthy,healthy,38.5,0.0,False,False,False,False,False,False,observe,routine_patrol
uncertainty_weighted_fusion,2026-09-02 10:00,heat,waterlogging,46.0,47.0,True,True,True,True,False,False,hold,resample_before_action
uncertainty_weighted_fusion,2026-09-02 11:00,healthy,healthy,36.7,0.0,False,False,False,False,False,False,observe,routine_patrol
uncertainty_weighted_fusion,2026-09-02 12:00,heat,heat,45.0,47.0,True,True,True,True,False,False,hold,resample_before_action
uncertainty_weighted_fusion,2026-09-02 13:00,heat,heat,49.6,47.0,True,True,True,True,False,False,hold,resample_before_action
uncertainty_weighted_fusion,2026-09-02 14:00,healthy,healthy,38.6,0.0,False,False,False,False,False,False,observe,routine_patrol
uncertainty_weighted_fusion,2026-09-02 15:00,healthy,healthy,32.4,0.0,False,False,False,False,False,False,observe,routine_patrol
uncertainty_weighted_fusion,2026-09-02 16:00,healthy,healthy,28.8,0.0,False,False,False,False,False,False,observe,routine_patrol
uncertainty_weighted_fusion,2026-09-02 17:00,healthy,healthy,24.7,0.0,False,False,False,False,False,False,observe,routine_patrol
uncertainty_weighted_fusion,2026-09-02 18:00,healthy,healthy,22.4,0.0,False,False,False,False,False,False,observe,routine_patrol
uncertainty_weighted_fusion,2026-09-02 19:00,healthy,healthy,21.0,0.0,False,False,False,False,False,False,observe,routine_patrol
uncertainty_weighted_fusion,2026-09-02 20:00,healthy,healthy,17.1,0.0,False,False,False,False,False,False,observe,routine_patrol
uncertainty_weighted_fusion,2026-09-02 21:00,healthy,healthy,14.8,0.0,False,False,False,False,False,False,observe,routine_patrol
uncertainty_weighted_fusion,2026-09-02 22:00,healthy,healthy,13.4,0.0,False,False,False,False,False,False,observe,routine_patrol
uncertainty_weighted_fusion,2026-09-02 23:00,healthy,healthy,12.6,0.0,False,False,False,False,False,False,observe,routine_patrol
uncertainty_weighted_fusion,2026-09-03 00:00,healthy,healthy,12.2,0.0,False,False,False,False,False,False,observe,routine_patrol
uncertainty_weighted_fusion,2026-09-03 01:00,waterlogging,healthy,36.4,0.0,False,False,False,False,False,False,observe,routine_patrol
uncertainty_weighted_fusion,2026-09-03 02:00,healthy,healthy,26.1,0.0,False,False,False,False,False,False,observe,routine_patrol
uncertainty_weighted_fusion,2026-09-03 03:00,waterlogging,waterlogging,45.5,0.0,False,False,False,False,False,False,hold,monitor_more_context
uncertainty_weighted_fusion,2026-09-03 04:00,waterlogging,waterlogging,53.2,35.0,True,True,True,True,False,False,hold,resample_before_action
uncertainty_weighted_fusion,2026-09-03 05:00,waterlogging,waterlogging,55.4,35.0,True,True,True,True,False,False,hold,resample_before_action
uncertainty_weighted_fusion,2026-09-03 06:00,waterlogging,waterlogging,56.7,35.0,True,True,True,True,False,False,hold,resample_before_action
uncertainty_weighted_fusion,2026-09-03 07:00,waterlogging,waterlogging,57.7,35.0,True,True,True,True,False,False,hold,resample_before_action
uncertainty_weighted_fusion,2026-09-03 08:00,waterlogging,waterlogging,58.3,35.0,True,True,True,True,False,False,hold,resample_before_action
uncertainty_weighted_fusion,2026-09-03 09:00,waterlogging,waterlogging,59.2,35.0,True,True,True,True,False,False,hold,resample_before_action
uncertainty_weighted_fusion,2026-09-03 10:00,heat,waterlogging,59.1,35.0,True,True,True,True,False,False,hold,resample_before_action
uncertainty_weighted_fusion,2026-09-03 11:00,heat,waterlogging,57.2,47.0,True,True,True,True,False,False,hold,resample_before_action
uncertainty_weighted_fusion,2026-09-03 12:00,heat,heat,55.3,47.0,True,True,True,True,False,False,hold,resample_before_action
uncertainty_weighted_fusion,2026-09-03 13:00,heat,heat,56.1,47.0,True,True,True,True,False,False,hold,resample_before_action
uncertainty_weighted_fusion,2026-09-03 14:00,heat,heat,57.8,35.0,True,True,True,True,False,False,hold,resample_before_action
uncertainty_weighted_fusion,2026-09-03 15:00,healthy,heat,47.0,2.0,False,False,False,False,False,False,hold,monitor_more_context
uncertainty_weighted_fusion,2026-09-03 16:00,healthy,healthy,37.1,0.0,False,False,False,False,False,False,observe,routine_patrol
uncertainty_weighted_fusion,2026-09-03 17:00,healthy,healthy,31.6,0.0,False,False,False,False,False,False,observe,routine_patrol
uncertainty_weighted_fusion,2026-09-03 18:00,healthy,healthy,26.3,0.0,False,False,False,False,False,False,observe,routine_patrol
uncertainty_weighted_fusion,2026-09-03 19:00,healthy,healthy,23.4,0.0,False,False,False,False,False,False,observe,routine_patrol
uncertainty_weighted_fusion,2026-09-03 20:00,healthy,healthy,18.3,0.0,False,False,False,False,False,False,observe,routine_patrol
uncertainty_weighted_fusion,2026-09-03 21:00,healthy,healthy,15.5,0.0,False,False,False,False,False,False,observe,routine_patrol
uncertainty_weighted_fusion,2026-09-03 22:00,waterlogging,waterlogging,45.0,47.0,True,True,True,True,False,False,hold,resample_before_action
uncertainty_weighted_fusion,2026-09-03 23:00,waterlogging,waterlogging,45.0,47.0,True,True,True,True,False,False,hold,resample_before_action
uncertainty_weighted_fusion,2026-09-04 00:00,waterlogging,waterlogging,46.8,35.0,True,True,True,True,False,False,hold,resample_before_action
uncertainty_weighted_fusion,2026-09-04 01:00,waterlogging,waterlogging,52.3,35.0,True,True,True,True,False,False,hold,resample_before_action
uncertainty_weighted_fusion,2026-09-04 02:00,waterlogging,waterlogging,55.6,35.0,True,True,True,True,False,False,hold,resample_before_action
uncertainty_weighted_fusion,2026-09-04 03:00,waterlogging,waterlogging,62.2,0.0,False,False,False,False,False,False,execute,execute_recommended_action
uncertainty_weighted_fusion,2026-09-04 04:00,waterlogging,waterlogging,60.0,35.0,True,True,True,True,False,False,hold,recheck_before_action
uncertainty_weighted_fusion,2026-09-04 05:00,waterlogging,waterlogging,59.2,35.0,True,True,True,True,False,False,hold,resample_before_action
uncertainty_weighted_fusion,2026-09-04 06:00,waterlogging,waterlogging,63.3,44.0,True,True,False,False,False,False,hold,recheck_before_action
uncertainty_weighted_fusion,2026-09-04 07:00,healthy,waterlogging,50.6,0.0,False,False,False,False,False,False,hold,monitor_more_context
uncertainty_weighted_fusion,2026-09-04 08:00,healthy,healthy,39.3,0.0,False,False,False,False,False,False,observe,routine_patrol
uncertainty_weighted_fusion,2026-09-04 09:00,heat,waterlogging,51.4,2.0,False,False,False,False,False,False,hold,monitor_more_context
uncertainty_weighted_fusion,2026-09-04 10:00,heat,heat,51.8,47.0,True,True,True,True,False,False,hold,resample_before_action
uncertainty_weighted_fusion,2026-09-04 11:00,healthy,heat,40.2,12.0,False,False,False,False,False,False,hold,monitor_more_context
uncertainty_weighted_fusion,2026-09-04 12:00,heat,heat,45.5,47.0,True,True,True,True,False,False,hold,resample_before_action
uncertainty_weighted_fusion,2026-09-04 13:00,heat,heat,50.5,47.0,True,True,True,True,False,False,hold,resample_before_action
uncertainty_weighted_fusion,2026-09-04 14:00,heat,heat,54.3,35.0,True,True,True,True,False,False,hold,resample_before_action
uncertainty_weighted_fusion,2026-09-04 15:00,healthy,heat,43.3,2.0,False,False,False,False,False,False,hold,monitor_more_context
uncertainty_weighted_fusion,2026-09-04 16:00,healthy,healthy,35.0,0.0,False,False,False,False,False,False,observe,routine_patrol
uncertainty_weighted_fusion,2026-09-04 17:00,healthy,healthy,28.2,0.0,False,False,False,False,False,False,observe,routine_patrol
uncertainty_weighted_fusion,2026-09-04 18:00,healthy,healthy,25.8,44.0,True,True,False,False,False,False,hold,monitor_more_context
uncertainty_weighted_fusion,2026-09-04 19:00,healthy,healthy,23.0,0.0,False,False,False,False,False,False,observe,routine_patrol
uncertainty_weighted_fusion,2026-09-04 20:00,healthy,healthy,21.4,0.0,False,False,False,False,False,False,observe,routine_patrol
uncertainty_weighted_fusion,2026-09-04 21:00,healthy,healthy,17.1,0.0,False,False,False,False,False,False,observe,routine_patrol
uncertainty_weighted_fusion,2026-09-04 22:00,healthy,healthy,14.9,0.0,False,False,False,False,False,False,observe,routine_patrol
uncertainty_weighted_fusion,2026-09-04 23:00,healthy,healthy,13.5,0.0,False,False,False,False,False,False,observe,routine_patrol
uncertainty_weighted_fusion,2026-09-05 00:00,healthy,healthy,12.6,0.0,False,False,False,False,False,False,observe,routine_patrol
uncertainty_weighted_fusion,2026-09-05 01:00,healthy,healthy,12.3,0.0,False,False,False,False,False,False,observe,routine_patrol
uncertainty_weighted_fusion,2026-09-05 02:00,healthy,healthy,11.9,0.0,False,False,False,False,False,False,observe,routine_patrol
uncertainty_weighted_fusion,2026-09-05 03:00,healthy,healthy,11.7,0.0,False,False,False,False,False,False,observe,routine_patrol
uncertainty_weighted_fusion,2026-09-05 04:00,healthy,healthy,11.8,0.0,False,False,False,False,False,False,observe,routine_patrol
uncertainty_weighted_fusion,2026-09-05 05:00,waterlogging,healthy,36.1,0.0,False,False,False,False,False,False,observe,routine_patrol
uncertainty_weighted_fusion,2026-09-05 06:00,healthy,healthy,25.8,0.0,False,False,False,False,False,False,observe,routine_patrol
uncertainty_weighted_fusion,2026-09-05 07:00,healthy,healthy,22.3,0.0,False,False,False,False,False,False,observe,routine_patrol
uncertainty_weighted_fusion,2026-09-05 08:00,healthy,healthy,20.5,0.0,False,False,False,False,False,False,observe,routine_patrol
uncertainty_weighted_fusion,2026-09-05 09:00,healthy,healthy,19.4,0.0,False,False,False,False,False,False,observe,routine_patrol
uncertainty_weighted_fusion,2026-09-05 10:00,healthy,healthy,18.7,0.0,False,False,False,False,False,False,observe,routine_patrol
uncertainty_weighted_fusion,2026-09-05 11:00,healthy,healthy,18.8,0.0,False,False,False,False,False,False,observe,routine_patrol
uncertainty_weighted_fusion,2026-09-05 12:00,heat,heat,45.0,47.0,True,True,True,True,False,False,hold,resample_before_action
uncertainty_weighted_fusion,2026-09-05 13:00,pest,healthy,33.0,0.0,False,False,False,False,False,False,observe,routine_patrol
uncertainty_weighted_fusion,2026-09-05 14:00,heat,heat,45.0,47.0,True,True,True,True,False,False,hold,resample_before_action
uncertainty_weighted_fusion,2026-09-05 15:00,healthy,healthy,31.1,0.0,False,False,False,False,False,False,observe,routine_patrol
uncertainty_weighted_fusion,2026-09-05 16:00,pest,healthy,32.5,0.0,False,False,False,False,False,False,observe,routine_patrol
uncertainty_weighted_fusion,2026-09-05 17:00,healthy,healthy,26.8,0.0,False,False,False,False,False,False,observe,routine_patrol
uncertainty_weighted_fusion,2026-09-05 18:00,healthy,healthy,23.7,0.0,False,False,False,False,False,False,observe,routine_patrol
uncertainty_weighted_fusion,2026-09-05 19:00,healthy,healthy,21.7,0.0,False,False,False,False,False,False,observe,routine_patrol
uncertainty_weighted_fusion,2026-09-05 20:00,healthy,healthy,17.3,0.0,False,False,False,False,False,False,observe,routine_patrol
uncertainty_weighted_fusion,2026-09-05 21:00,healthy,healthy,15.0,0.0,False,False,False,False,False,False,observe,routine_patrol
uncertainty_weighted_fusion,2026-09-05 22:00,healthy,healthy,13.7,0.0,False,False,False,False,False,False,observe,routine_patrol
uncertainty_weighted_fusion,2026-09-05 23:00,healthy,healthy,12.7,0.0,False,False,False,False,False,False,observe,routine_patrol
uncertainty_weighted_fusion,2026-09-06 00:00,healthy,healthy,12.2,0.0,False,False,False,False,False,False,observe,routine_patrol
uncertainty_weighted_fusion,2026-09-06 01:00,healthy,healthy,12.0,0.0,False,False,False,False,False,False,observe,routine_patrol
uncertainty_weighted_fusion,2026-09-06 02:00,healthy,healthy,11.9,0.0,False,False,False,False,False,False,observe,routine_patrol
uncertainty_weighted_fusion,2026-09-06 03:00,healthy,healthy,11.9,0.0,False,False,False,False,False,False,observe,routine_patrol
uncertainty_weighted_fusion,2026-09-06 04:00,healthy,healthy,11.7,0.0,False,False,False,False,False,False,observe,routine_patrol
uncertainty_weighted_fusion,2026-09-06 05:00,healthy,healthy,11.5,0.0,False,False,False,False,False,False,observe,routine_patrol
uncertainty_weighted_fusion,2026-09-06 06:00,healthy,healthy,11.7,0.0,False,False,False,False,False,False,observe,routine_patrol
uncertainty_weighted_fusion,2026-09-06 07:00,healthy,healthy,11.6,0.0,False,False,False,False,False,False,observe,routine_patrol
uncertainty_weighted_fusion,2026-09-06 08:00,healthy,healthy,11.6,0.0,False,False,False,False,False,False,observe,routine_patrol
uncertainty_weighted_fusion,2026-09-06 09:00,healthy,healthy,11.6,0.0,False,False,False,False,False,False,observe,routine_patrol
uncertainty_weighted_fusion,2026-09-06 10:00,healthy,healthy,14.9,0.0,False,False,False,False,False,False,observe,routine_patrol
uncertainty_weighted_fusion,2026-09-06 11:00,healthy,healthy,16.7,0.0,False,False,False,False,False,False,observe,routine_patrol
uncertainty_weighted_fusion,2026-09-06 12:00,healthy,healthy,17.7,0.0,False,False,False,False,False,False,observe,routine_patrol
uncertainty_weighted_fusion,2026-09-06 13:00,healthy,healthy,18.3,0.0,False,False,False,False,False,False,observe,routine_patrol
uncertainty_weighted_fusion,2026-09-06 14:00,drought,drought,45.0,47.0,True,True,True,True,False,False,hold,resample_before_action
uncertainty_weighted_fusion,2026-09-06 15:00,drought,drought,45.0,47.0,True,True,True,True,False,False,hold,resample_before_action
uncertainty_weighted_fusion,2026-09-06 16:00,drought,drought,52.4,35.0,True,True,True,True,False,False,hold,resample_before_action
uncertainty_weighted_fusion,2026-09-06 17:00,drought,drought,56.7,35.0,True,True,True,True,False,False,hold,resample_before_action
uncertainty_weighted_fusion,2026-09-06 18:00,drought,drought,58.8,35.0,True,True,True,True,False,False,hold,resample_before_action
uncertainty_weighted_fusion,2026-09-06 19:00,drought,drought,59.8,35.0,True,True,True,True,False,False,hold,resample_before_action
uncertainty_weighted_fusion,2026-09-06 20:00,drought,drought,58.0,35.0,True,True,True,True,False,False,hold,resample_before_action
uncertainty_weighted_fusion,2026-09-06 21:00,drought,drought,56.9,35.0,True,True,True,True,False,False,hold,resample_before_action
uncertainty_weighted_fusion,2026-09-06 22:00,drought,drought,56.0,35.0,True,True,True,True,False,False,hold,resample_before_action
uncertainty_weighted_fusion,2026-09-06 23:00,drought,drought,55.6,35.0,True,True,True,True,False,False,hold,resample_before_action
uncertainty_weighted_fusion,2026-09-07 00:00,drought,drought,61.5,35.0,True,True,False,False,True,True,hold,recheck_before_action
uncertainty_weighted_fusion,2026-09-07 01:00,drought,drought,58.5,35.0,True,True,True,True,False,False,hold,resample_before_action
uncertainty_weighted_fusion,2026-09-07 02:00,drought,drought,56.9,35.0,True,True,True,True,False,False,hold,resample_before_action
uncertainty_weighted_fusion,2026-09-07 03:00,drought,drought,55.6,35.0,True,True,True,True,False,False,hold,resample_before_action
uncertainty_weighted_fusion,2026-09-07 04:00,drought,drought,55.7,35.0,True,True,True,True,False,False,hold,resample_before_action
uncertainty_weighted_fusion,2026-09-07 05:00,drought,drought,55.9,35.0,True,True,True,True,False,False,hold,resample_before_action
uncertainty_weighted_fusion,2026-09-07 06:00,drought,drought,55.5,35.0,True,True,True,True,False,False,hold,resample_before_action
uncertainty_weighted_fusion,2026-09-07 07:00,drought,drought,55.6,35.0,True,True,True,True,False,False,hold,resample_before_action
uncertainty_weighted_fusion,2026-09-07 08:00,healthy,drought,53.0,47.0,True,True,True,True,False,False,hold,resample_before_action
uncertainty_weighted_fusion,2026-09-07 09:00,healthy,healthy,35.5,0.0,False,False,False,False,False,False,observe,routine_patrol
uncertainty_weighted_fusion,2026-09-07 10:00,healthy,healthy,25.4,0.0,False,False,False,False,False,False,observe,routine_patrol
uncertainty_weighted_fusion,2026-09-07 11:00,healthy,healthy,19.6,0.0,False,False,False,False,False,False,observe,routine_patrol
uncertainty_weighted_fusion,2026-09-07 12:00,drought,drought,45.0,47.0,True,True,True,True,False,False,hold,resample_before_action
uncertainty_weighted_fusion,2026-09-07 13:00,healthy,waterlogging,45.0,47.0,True,True,True,True,False,False,hold,resample_before_action
uncertainty_weighted_fusion,2026-09-07 14:00,healthy,waterlogging,45.0,47.0,True,True,True,True,False,False,hold,resample_before_action
uncertainty_weighted_fusion,2026-09-07 15:00,healthy,healthy,28.3,0.0,False,False,False,False,False,False,observe,routine_patrol
uncertainty_weighted_fusion,2026-09-07 16:00,healthy,healthy,23.8,0.0,False,False,False,False,False,False,observe,routine_patrol
uncertainty_weighted_fusion,2026-09-07 17:00,healthy,healthy,21.2,0.0,False,False,False,False,False,False,observe,routine_patrol
uncertainty_weighted_fusion,2026-09-07 18:00,healthy,healthy,19.7,0.0,False,False,False,False,False,False,observe,routine_patrol
uncertainty_weighted_fusion,2026-09-07 19:00,healthy,healthy,18.7,0.0,False,False,False,False,False,False,observe,routine_patrol
uncertainty_weighted_fusion,2026-09-07 20:00,waterlogging,waterlogging,43.2,0.0,False,False,False,False,False,False,hold,monitor_more_context
uncertainty_weighted_fusion,2026-09-07 21:00,waterlogging,waterlogging,52.2,35.0,True,True,True,True,False,False,hold,resample_before_action
uncertainty_weighted_fusion,2026-09-07 22:00,waterlogging,waterlogging,60.3,0.0,False,False,False,False,False,False,execute,execute_recommended_action
uncertainty_weighted_fusion,2026-09-07 23:00,waterlogging,waterlogging,59.2,35.0,True,True,True,True,False,False,hold,resample_before_action
uncertainty_weighted_fusion,2026-09-08 00:00,waterlogging,waterlogging,63.3,44.0,True,True,False,False,False,False,hold,recheck_before_action
uncertainty_weighted_fusion,2026-09-08 01:00,waterlogging,waterlogging,61.0,35.0,True,True,True,True,False,False,hold,recheck_before_action
uncertainty_weighted_fusion,2026-09-08 02:00,waterlogging,waterlogging,59.6,35.0,True,True,True,True,False,False,hold,resample_before_action
uncertainty_weighted_fusion,2026-09-08 03:00,waterlogging,waterlogging,59.2,35.0,True,True,True,True,False,False,hold,resample_before_action
uncertainty_weighted_fusion,2026-09-08 04:00,waterlogging,waterlogging,58.7,35.0,True,True,True,True,False,False,hold,resample_before_action
uncertainty_weighted_fusion,2026-09-08 05:00,waterlogging,waterlogging,58.1,35.0,True,True,True,True,False,False,hold,resample_before_action
uncertainty_weighted_fusion,2026-09-08 06:00,waterlogging,waterlogging,58.1,35.0,True,True,True,True,False,False,hold,resample_before_action
uncertainty_weighted_fusion,2026-09-08 07:00,waterlogging,waterlogging,57.8,35.0,True,True,True,True,False,False,hold,resample_before_action
uncertainty_weighted_fusion,2026-09-08 08:00,waterlogging,waterlogging,58.0,35.0,True,True,True,True,False,False,hold,resample_before_action
uncertainty_weighted_fusion,2026-09-08 09:00,waterlogging,waterlogging,63.3,44.0,True,True,False,False,False,False,hold,recheck_before_action
uncertainty_weighted_fusion,2026-09-08 10:00,healthy,waterlogging,50.5,0.0,False,False,False,False,False,False,hold,monitor_more_context
uncertainty_weighted_fusion,2026-09-08 11:00,healthy,healthy,39.3,0.0,False,False,False,False,False,False,observe,routine_patrol
uncertainty_weighted_fusion,2026-09-08 12:00,healthy,healthy,32.9,0.0,False,False,False,False,False,False,observe,routine_patrol
uncertainty_weighted_fusion,2026-09-08 13:00,healthy,healthy,29.2,0.0,False,False,False,False,False,False,observe,routine_patrol
uncertainty_weighted_fusion,2026-09-08 14:00,healthy,healthy,27.1,0.0,False,False,False,False,False,False,observe,routine_patrol
uncertainty_weighted_fusion,2026-09-08 15:00,healthy,healthy,25.8,0.0,False,False,False,False,False,False,observe,routine_patrol
uncertainty_weighted_fusion,2026-09-08 16:00,healthy,healthy,23.1,0.0,False,False,False,False,False,False,observe,routine_patrol
uncertainty_weighted_fusion,2026-09-08 17:00,healthy,healthy,21.3,0.0,False,False,False,False,False,False,observe,routine_patrol
uncertainty_weighted_fusion,2026-09-08 18:00,waterlogging,waterlogging,41.4,12.0,False,False,False,False,False,False,hold,monitor_more_context
uncertainty_weighted_fusion,2026-09-08 19:00,waterlogging,waterlogging,55.8,0.0,False,False,False,False,False,False,hold,monitor_more_context
uncertainty_weighted_fusion,2026-09-08 20:00,waterlogging,waterlogging,55.1,35.0,True,True,True,True,False,False,hold,resample_before_action
uncertainty_weighted_fusion,2026-09-08 21:00,waterlogging,waterlogging,57.0,35.0,True,True,True,True,False,False,hold,resample_before_action
uncertainty_weighted_fusion,2026-09-08 22:00,waterlogging,waterlogging,57.6,35.0,True,True,True,True,False,False,hold,resample_before_action
uncertainty_weighted_fusion,2026-09-08 23:00,waterlogging,waterlogging,59.5,35.0,True,True,True,True,False,False,hold,resample_before_action
uncertainty_weighted_fusion,2026-09-09 00:00,waterlogging,waterlogging,66.5,0.0,False,False,False,False,False,False,execute,execute_recommended_action
uncertainty_weighted_fusion,2026-09-09 01:00,waterlogging,waterlogging,62.5,35.0,True,True,True,True,False,False,hold,recheck_before_action
uncertainty_weighted_fusion,2026-09-09 02:00,waterlogging,waterlogging,60.2,35.0,True,True,True,True,False,False,hold,recheck_before_action
uncertainty_weighted_fusion,2026-09-09 03:00,waterlogging,waterlogging,59.2,35.0,True,True,True,True,False,False,hold,resample_before_action
uncertainty_weighted_fusion,2026-09-09 04:00,waterlogging,waterlogging,58.8,35.0,True,True,True,True,False,False,hold,resample_before_action
uncertainty_weighted_fusion,2026-09-09 05:00,waterlogging,waterlogging,58.8,35.0,True,True,True,True,False,False,hold,resample_before_action
uncertainty_weighted_fusion,2026-09-09 06:00,waterlogging,waterlogging,58.3,35.0,True,True,True,True,False,False,hold,resample_before_action
uncertainty_weighted_fusion,2026-09-09 07:00,waterlogging,waterlogging,58.6,35.0,True,True,True,True,False,False,hold,resample_before_action
uncertainty_weighted_fusion,2026-09-09 08:00,waterlogging,waterlogging,58.2,35.0,True,True,True,True,False,False,hold,resample_before_action
uncertainty_weighted_fusion,2026-09-09 09:00,waterlogging,waterlogging,58.4,35.0,True,True,True,True,False,False,hold,resample_before_action
uncertainty_weighted_fusion,2026-09-09 10:00,waterlogging,waterlogging,58.3,35.0,True,True,True,True,False,False,hold,resample_before_action
uncertainty_weighted_fusion,2026-09-09 11:00,waterlogging,waterlogging,66.1,0.0,False,False,False,False,False,False,execute,execute_recommended_action
uncertainty_weighted_fusion,2026-09-09 12:00,waterlogging,waterlogging,62.1,35.0,True,True,True,True,False,False,hold,recheck_before_action
uncertainty_weighted_fusion,2026-09-09 13:00,waterlogging,waterlogging,60.6,35.0,True,True,True,True,False,False,hold,recheck_before_action
uncertainty_weighted_fusion,2026-09-09 14:00,waterlogging,waterlogging,59.2,35.0,True,True,True,True,False,False,hold,resample_before_action
uncertainty_weighted_fusion,2026-09-09 15:00,waterlogging,waterlogging,59.8,35.0,True,True,True,True,False,False,hold,resample_before_action
uncertainty_weighted_fusion,2026-09-09 16:00,healthy,waterlogging,48.9,0.0,False,False,False,False,False,False,hold,monitor_more_context
uncertainty_weighted_fusion,2026-09-09 17:00,healthy,healthy,38.4,0.0,False,False,False,False,False,False,observe,routine_patrol
uncertainty_weighted_fusion,2026-09-09 18:00,healthy,healthy,32.2,0.0,False,False,False,False,False,False,observe,routine_patrol
uncertainty_weighted_fusion,2026-09-09 19:00,healthy,healthy,28.7,0.0,False,False,False,False,False,False,observe,routine_patrol
uncertainty_weighted_fusion,2026-09-09 20:00,healthy,healthy,24.1,0.0,False,False,False,False,False,False,observe,routine_patrol
uncertainty_weighted_fusion,2026-09-09 21:00,healthy,healthy,21.4,0.0,False,False,False,False,False,False,observe,routine_patrol
uncertainty_weighted_fusion,2026-09-09 22:00,healthy,healthy,24.7,0.0,False,False,False,False,False,False,observe,routine_patrol
uncertainty_weighted_fusion,2026-09-09 23:00,healthy,healthy,21.7,0.0,False,False,False,False,False,False,observe,routine_patrol
uncertainty_weighted_fusion,2026-09-10 00:00,healthy,healthy,19.9,0.0,False,False,False,False,False,False,observe,routine_patrol
uncertainty_weighted_fusion,2026-09-10 01:00,healthy,healthy,18.9,0.0,False,False,False,False,False,False,observe,routine_patrol
uncertainty_weighted_fusion,2026-09-10 02:00,healthy,healthy,18.5,0.0,False,False,False,False,False,False,observe,routine_patrol
uncertainty_weighted_fusion,2026-09-10 03:00,healthy,healthy,18.1,0.0,False,False,False,False,False,False,observe,routine_patrol
uncertainty_weighted_fusion,2026-09-10 04:00,healthy,healthy,17.9,0.0,False,False,False,False,False,False,observe,routine_patrol
uncertainty_weighted_fusion,2026-09-10 05:00,waterlogging,waterlogging,45.0,47.0,True,True,True,True,False,False,hold,resample_before_action
uncertainty_weighted_fusion,2026-09-10 06:00,waterlogging,waterlogging,51.8,0.0,False,False,False,False,False,False,hold,monitor_more_context
uncertainty_weighted_fusion,2026-09-10 07:00,waterlogging,waterlogging,55.1,35.0,True,True,True,True,False,False,hold,resample_before_action
uncertainty_weighted_fusion,2026-09-10 08:00,waterlogging,waterlogging,56.4,35.0,True,True,True,True,False,False,hold,resample_before_action
uncertainty_weighted_fusion,2026-09-10 09:00,waterlogging,waterlogging,57.0,35.0,True,True,True,True,False,False,hold,resample_before_action
uncertainty_weighted_fusion,2026-09-10 10:00,waterlogging,waterlogging,57.3,35.0,True,True,True,True,False,False,hold,resample_before_action
uncertainty_weighted_fusion,2026-09-10 11:00,waterlogging,waterlogging,63.5,0.0,False,False,False,False,False,False,execute,execute_recommended_action
uncertainty_weighted_fusion,2026-09-10 12:00,waterlogging,waterlogging,62.0,35.0,True,True,True,True,False,False,hold,recheck_before_action
uncertainty_weighted_fusion,2026-09-10 13:00,healthy,waterlogging,49.8,0.0,False,False,False,False,False,False,hold,monitor_more_context
uncertainty_weighted_fusion,2026-09-10 14:00,healthy,waterlogging,45.4,2.0,False,False,False,False,False,False,hold,monitor_more_context
uncertainty_weighted_fusion,2026-09-10 15:00,healthy,healthy,36.4,0.0,False,False,False,False,False,False,observe,routine_patrol
uncertainty_weighted_fusion,2026-09-10 16:00,healthy,healthy,31.1,0.0,False,False,False,False,False,False,observe,routine_patrol
uncertainty_weighted_fusion,2026-09-10 17:00,healthy,healthy,28.2,0.0,False,False,False,False,False,False,observe,routine_patrol
uncertainty_weighted_fusion,2026-09-10 18:00,healthy,healthy,26.4,0.0,False,False,False,False,False,False,observe,routine_patrol
uncertainty_weighted_fusion,2026-09-10 19:00,healthy,healthy,22.6,0.0,False,False,False,False,False,False,observe,routine_patrol
uncertainty_weighted_fusion,2026-09-10 20:00,healthy,healthy,20.6,0.0,False,False,False,False,False,False,observe,routine_patrol
uncertainty_weighted_fusion,2026-09-10 21:00,healthy,healthy,19.4,0.0,False,False,False,False,False,False,observe,routine_patrol
uncertainty_weighted_fusion,2026-09-10 22:00,healthy,healthy,18.6,0.0,False,False,False,False,False,False,observe,routine_patrol
uncertainty_weighted_fusion,2026-09-10 23:00,healthy,healthy,15.7,0.0,False,False,False,False,False,False,observe,routine_patrol
uncertainty_weighted_fusion,2026-09-11 00:00,pest,healthy,21.7,0.0,False,False,False,False,False,False,observe,routine_patrol
uncertainty_weighted_fusion,2026-09-11 01:00,waterlogging,waterlogging,42.9,12.0,False,False,False,False,False,False,hold,monitor_more_context
uncertainty_weighted_fusion,2026-09-11 02:00,waterlogging,waterlogging,50.3,35.0,True,True,True,True,False,False,hold,resample_before_action
uncertainty_weighted_fusion,2026-09-11 03:00,waterlogging,waterlogging,54.3,35.0,True,True,True,True,False,False,hold,resample_before_action
uncertainty_weighted_fusion,2026-09-11 04:00,waterlogging,waterlogging,56.0,35.0,True,True,True,True,False,False,hold,resample_before_action
uncertainty_weighted_fusion,2026-09-11 05:00,waterlogging,waterlogging,57.0,35.0,True,True,True,True,False,False,hold,resample_before_action
uncertainty_weighted_fusion,2026-09-11 06:00,waterlogging,waterlogging,57.2,35.0,True,True,True,True,False,False,hold,resample_before_action
uncertainty_weighted_fusion,2026-09-11 07:00,waterlogging,waterlogging,57.5,35.0,True,True,True,True,False,False,hold,resample_before_action
uncertainty_weighted_fusion,2026-09-11 08:00,waterlogging,waterlogging,65.4,0.0,False,False,False,False,False,False,execute,execute_recommended_action
uncertainty_weighted_fusion,2026-09-11 09:00,waterlogging,waterlogging,61.9,35.0,True,True,True,True,False,False,hold,recheck_before_action
uncertainty_weighted_fusion,2026-09-11 10:00,waterlogging,waterlogging,59.9,35.0,True,True,True,True,False,False,hold,resample_before_action
uncertainty_weighted_fusion,2026-09-11 11:00,waterlogging,waterlogging,59.1,35.0,True,True,True,True,False,False,hold,resample_before_action
uncertainty_weighted_fusion,2026-09-11 12:00,waterlogging,waterlogging,64.3,0.0,False,False,False,False,False,False,execute,execute_recommended_action
uncertainty_weighted_fusion,2026-09-11 13:00,waterlogging,waterlogging,62.6,35.0,True,True,True,True,False,False,hold,recheck_before_action
uncertainty_weighted_fusion,2026-09-11 14:00,waterlogging,waterlogging,61.8,35.0,True,True,True,True,False,False,hold,recheck_before_action
uncertainty_weighted_fusion,2026-09-11 15:00,pest,waterlogging,54.6,0.0,False,False,False,False,False,False,hold,monitor_more_context
uncertainty_weighted_fusion,2026-09-11 16:00,healthy,waterlogging,43.7,2.0,False,False,False,False,False,False,hold,monitor_more_context
uncertainty_weighted_fusion,2026-09-11 17:00,healthy,healthy,35.3,0.0,False,False,False,False,False,False,observe,routine_patrol
uncertainty_weighted_fusion,2026-09-11 18:00,healthy,healthy,29.5,44.0,True,True,False,False,False,False,hold,monitor_more_context
uncertainty_weighted_fusion,2026-09-11 19:00,healthy,healthy,24.4,0.0,False,False,False,False,False,False,observe,routine_patrol
uncertainty_weighted_fusion,2026-09-11 20:00,healthy,healthy,21.6,0.0,False,False,False,False,False,False,observe,routine_patrol
uncertainty_weighted_fusion,2026-09-11 21:00,healthy,healthy,19.9,0.0,False,False,False,False,False,False,observe,routine_patrol
uncertainty_weighted_fusion,2026-09-11 22:00,healthy,healthy,18.9,0.0,False,False,False,False,False,False,observe,routine_patrol
uncertainty_weighted_fusion,2026-09-11 23:00,healthy,healthy,18.4,0.0,False,False,False,False,False,False,observe,routine_patrol
uncertainty_weighted_fusion,2026-09-12 00:00,waterlogging,waterlogging,45.0,47.0,True,True,True,True,False,False,hold,resample_before_action
uncertainty_weighted_fusion,2026-09-12 01:00,waterlogging,waterlogging,51.7,0.0,False,False,False,False,False,False,hold,monitor_more_context
uncertainty_weighted_fusion,2026-09-12 02:00,waterlogging,waterlogging,62.7,0.0,False,False,False,False,False,False,execute,execute_recommended_action
uncertainty_weighted_fusion,2026-09-12 03:00,waterlogging,waterlogging,60.4,35.0,True,True,True,True,False,False,hold,recheck_before_action
uncertainty_weighted_fusion,2026-09-12 04:00,waterlogging,waterlogging,63.9,44.0,True,True,False,False,False,False,hold,recheck_before_action
uncertainty_weighted_fusion,2026-09-12 05:00,waterlogging,waterlogging,61.3,35.0,True,True,True,True,False,False,hold,recheck_before_action
uncertainty_weighted_fusion,2026-09-12 06:00,waterlogging,waterlogging,60.0,35.0,True,True,True,True,False,False,hold,resample_before_action
uncertainty_weighted_fusion,2026-09-12 07:00,waterlogging,waterlogging,59.0,35.0,True,True,True,True,False,False,hold,resample_before_action
uncertainty_weighted_fusion,2026-09-12 08:00,waterlogging,waterlogging,58.5,35.0,True,True,True,True,False,False,hold,resample_before_action
uncertainty_weighted_fusion,2026-09-12 09:00,waterlogging,waterlogging,59.2,35.0,True,True,True,True,False,False,hold,resample_before_action
uncertainty_weighted_fusion,2026-09-12 10:00,waterlogging,waterlogging,60.2,35.0,True,True,True,True,False,False,hold,recheck_before_action
uncertainty_weighted_fusion,2026-09-12 11:00,healthy,waterlogging,49.0,0.0,False,False,False,False,False,False,hold,monitor_more_context
uncertainty_weighted_fusion,2026-09-12 12:00,waterlogging,waterlogging,54.9,35.0,True,True,True,True,False,False,hold,resample_before_action
uncertainty_weighted_fusion,2026-09-12 13:00,waterlogging,waterlogging,57.0,35.0,True,True,True,True,False,False,hold,resample_before_action
uncertainty_weighted_fusion,2026-09-12 14:00,waterlogging,waterlogging,64.9,0.0,False,False,False,False,False,False,execute,execute_recommended_action
uncertainty_weighted_fusion,2026-09-12 15:00,waterlogging,waterlogging,69.4,0.0,False,False,False,False,False,False,execute,execute_recommended_action
uncertainty_weighted_fusion,2026-09-12 16:00,waterlogging,waterlogging,63.8,35.0,True,True,True,True,False,False,hold,recheck_before_action
uncertainty_weighted_fusion,2026-09-12 17:00,waterlogging,waterlogging,61.5,35.0,True,True,True,True,False,False,hold,recheck_before_action
uncertainty_weighted_fusion,2026-09-12 18:00,waterlogging,waterlogging,59.8,35.0,True,True,True,True,False,False,hold,resample_before_action
uncertainty_weighted_fusion,2026-09-12 19:00,waterlogging,waterlogging,64.0,0.0,False,False,False,False,False,False,execute,execute_recommended_action
uncertainty_weighted_fusion,2026-09-12 20:00,waterlogging,waterlogging,61.0,35.0,True,True,True,True,False,False,hold,recheck_before_action
uncertainty_weighted_fusion,2026-09-12 21:00,waterlogging,waterlogging,59.3,35.0,True,True,True,True,False,False,hold,resample_before_action
uncertainty_weighted_fusion,2026-09-12 22:00,waterlogging,waterlogging,58.5,35.0,True,True,True,True,False,False,hold,resample_before_action
uncertainty_weighted_fusion,2026-09-12 23:00,waterlogging,waterlogging,59.6,35.0,True,True,True,True,False,False,hold,resample_before_action
uncertainty_weighted_fusion,2026-09-13 00:00,waterlogging,waterlogging,59.0,35.0,True,True,True,True,False,False,hold,resample_before_action
uncertainty_weighted_fusion,2026-09-13 01:00,waterlogging,waterlogging,65.3,0.0,False,False,False,False,False,False,execute,execute_recommended_action
uncertainty_weighted_fusion,2026-09-13 02:00,waterlogging,waterlogging,61.4,35.0,True,True,True,True,False,False,hold,recheck_before_action
uncertainty_weighted_fusion,2026-09-13 03:00,waterlogging,waterlogging,59.9,35.0,True,True,True,True,False,False,hold,resample_before_action
uncertainty_weighted_fusion,2026-09-13 04:00,waterlogging,waterlogging,59.1,35.0,True,True,True,True,False,False,hold,resample_before_action
uncertainty_weighted_fusion,2026-09-13 05:00,waterlogging,waterlogging,63.2,44.0,True,True,False,False,False,False,hold,recheck_before_action
uncertainty_weighted_fusion,2026-09-13 06:00,waterlogging,waterlogging,61.0,35.0,True,True,True,True,False,False,hold,recheck_before_action
uncertainty_weighted_fusion,2026-09-13 07:00,waterlogging,waterlogging,60.0,35.0,True,True,True,True,False,False,hold,recheck_before_action
uncertainty_weighted_fusion,2026-09-13 08:00,waterlogging,waterlogging,60.2,35.0,True,True,True,True,False,False,hold,recheck_before_action
uncertainty_weighted_fusion,2026-09-13 09:00,waterlogging,waterlogging,60.5,35.0,True,True,True,True,False,False,hold,recheck_before_action
uncertainty_weighted_fusion,2026-09-13 10:00,healthy,waterlogging,50.2,44.0,True,True,False,False,False,False,hold,resample_before_action
uncertainty_weighted_fusion,2026-09-13 11:00,healthy,healthy,39.2,0.0,False,False,False,False,False,False,observe,routine_patrol
uncertainty_weighted_fusion,2026-09-13 12:00,healthy,healthy,32.9,0.0,False,False,False,False,False,False,observe,routine_patrol
uncertainty_weighted_fusion,2026-09-13 13:00,pest,healthy,35.6,0.0,False,False,False,False,False,False,observe,routine_patrol
uncertainty_weighted_fusion,2026-09-13 14:00,healthy,healthy,32.4,44.0,True,True,False,False,False,False,hold,monitor_more_context
uncertainty_weighted_fusion,2026-09-13 15:00,healthy,healthy,28.9,0.0,False,False,False,False,False,False,observe,routine_patrol
