timestamp,risk_score,risk_level,state_confidence,p_healthy,p_drought,p_heat,p_pest,p_waterlogging,p_low_light,p_sensor_anomaly,uncertainty_score,uncertainty_level,dominant_risk,sensor_score,vision_score,sensor_reliability,vision_reliability,dynamic_sensor_weight,dynamic_vision_weight,reliability_adjustments,sensor_probabilities,vision_probabilities,fused_probabilities,smoothed_probabilities,trend_flags,consistency_flags,conflict_flags,action_permission,safety_action,safety_policy,reasons,recommendation,uncertainty_case
2026-08-03 00:00,11.3,很低,0.95,0.946,0.009,0.009,0.009,0.009,0.009,0.008,0.0,低,healthy,10.5,12.6,1.00,0.95,0.63,0.37,,P(healthy)=0.96；P(drought)=0.01；P(heat)=0.01；P(pest)=0.01；P(waterlogging)=0.01；P(low_light)=0.01；P(sensor_anomaly)=0.01,P(healthy)=0.92；P(drought)=0.01；P(heat)=0.01；P(pest)=0.01；P(waterlogging)=0.01；P(low_light)=0.01；P(sensor_anomaly)=0.01,P(healthy)=0.95；P(drought)=0.01；P(heat)=0.01；P(pest)=0.01；P(waterlogging)=0.01；P(low_light)=0.01；P(sensor_anomaly)=0.01,P(healthy)=0.95；P(drought)=0.01；P(heat)=0.01；P(pest)=0.01；P(waterlogging)=0.01；P(low_light)=0.01；P(sensor_anomaly)=0.01,,,,observe,routine_patrol,低风险 + 低不确定性 → 常规巡检,环境传感器指标处于正常范围；图像标签显示作物状态健康,继续常规巡检,normal
2026-08-03 01:00,11.3,很低,0.95,0.946,0.009,0.009,0.009,0.009,0.009,0.008,0.0,低,healthy,10.5,12.6,1.00,0.95,0.63,0.37,,P(healthy)=0.96；P(drought)=0.01；P(heat)=0.01；P(pest)=0.01；P(waterlogging)=0.01；P(low_light)=0.01；P(sensor_anomaly)=0.01,P(healthy)=0.92；P(drought)=0.01；P(heat)=0.01；P(pest)=0.01；P(waterlogging)=0.01；P(low_light)=0.01；P(sensor_anomaly)=0.01,P(healthy)=0.95；P(drought)=0.01；P(heat)=0.01；P(pest)=0.01；P(waterlogging)=0.01；P(low_light)=0.01；P(sensor_anomaly)=0.01,P(healthy)=0.95；P(drought)=0.01；P(heat)=0.01；P(pest)=0.01；P(waterlogging)=0.01；P(low_light)=0.01；P(sensor_anomaly)=0.01,,,,observe,routine_patrol,低风险 + 低不确定性 → 常规巡检,环境传感器指标处于正常范围；图像标签显示作物状态健康,继续常规巡检,normal
2026-08-03 02:00,11.3,很低,0.95,0.945,0.009,0.009,0.009,0.009,0.009,0.008,0.0,低,healthy,10.5,13.0,1.00,0.93,0.64,0.36,,P(healthy)=0.96；P(drought)=0.01；P(heat)=0.01；P(pest)=0.01；P(waterlogging)=0.01；P(low_light)=0.01；P(sensor_anomaly)=0.01,P(healthy)=0.92；P(drought)=0.01；P(heat)=0.01；P(pest)=0.01；P(waterlogging)=0.01；P(low_light)=0.01；P(sensor_anomaly)=0.01,P(healthy)=0.94；P(drought)=0.01；P(heat)=0.01；P(pest)=0.01；P(waterlogging)=0.01；P(low_light)=0.01；P(sensor_anomaly)=0.01,P(healthy)=0.95；P(drought)=0.01；P(heat)=0.01；P(pest)=0.01；P(waterlogging)=0.01；P(low_light)=0.01；P(sensor_anomaly)=0.01,,,,observe,routine_patrol,低风险 + 低不确定性 → 常规巡检,环境传感器指标处于正常范围；图像标签显示作物状态健康,继续常规巡检,normal
2026-08-03 03:00,11.4,很低,0.94,0.945,0.009,0.009,0.009,0.009,0.009,0.008,0.0,低,healthy,10.5,13.1,1.00,0.92,0.64,0.36,,P(healthy)=0.96；P(drought)=0.01；P(heat)=0.01；P(pest)=0.01；P(waterlogging)=0.01；P(low_light)=0.01；P(sensor_anomaly)=0.01,P(healthy)=0.92；P(drought)=0.01；P(heat)=0.01；P(pest)=0.01；P(waterlogging)=0.01；P(low_light)=0.01；P(sensor_anomaly)=0.01,P(healthy)=0.94；P(drought)=0.01；P(heat)=0.01；P(pest)=0.01；P(waterlogging)=0.01；P(low_light)=0.01；P(sensor_anomaly)=0.01,P(healthy)=0.94；P(drought)=0.01；P(heat)=0.01；P(pest)=0.01；P(waterlogging)=0.01；P(low_light)=0.01；P(sensor_anomaly)=0.01,,,,observe,routine_patrol,低风险 + 低不确定性 → 常规巡检,环境传感器指标处于正常范围；图像标签显示作物状态健康,继续常规巡检,normal
2026-08-03 04:00,11.6,很低,0.94,0.941,0.010,0.010,0.010,0.010,0.010,0.008,0.0,低,healthy,10.5,14.7,1.00,0.83,0.66,0.34,,P(healthy)=0.96；P(drought)=0.01；P(heat)=0.01；P(pest)=0.01；P(waterlogging)=0.01；P(low_light)=0.01；P(sensor_anomaly)=0.01,P(healthy)=0.89；P(drought)=0.02；P(heat)=0.02；P(pest)=0.02；P(waterlogging)=0.02；P(low_light)=0.02；P(sensor_anomaly)=0.01,P(healthy)=0.94；P(drought)=0.01；P(heat)=0.01；P(pest)=0.01；P(waterlogging)=0.01；P(low_light)=0.01；P(sensor_anomaly)=0.01,P(healthy)=0.94；P(drought)=0.01；P(heat)=0.01；P(pest)=0.01；P(waterlogging)=0.01；P(low_light)=0.01；P(sensor_anomaly)=0.01,,,,observe,routine_patrol,低风险 + 低不确定性 → 常规巡检,环境传感器指标处于正常范围；图像标签显示作物状态健康,继续常规巡检,normal
2026-08-03 05:00,11.5,很低,0.94,0.943,0.010,0.010,0.010,0.010,0.010,0.008,0.0,低,healthy,10.5,12.6,1.00,0.95,0.63,0.37,,P(healthy)=0.96；P(drought)=0.01；P(heat)=0.01；P(pest)=0.01；P(waterlogging)=0.01；P(low_light)=0.01；P(sensor_anomaly)=0.01,P(healthy)=0.92；P(drought)=0.01；P(heat)=0.01；P(pest)=0.01；P(waterlogging)=0.01；P(low_light)=0.01；P(sensor_anomaly)=0.01,P(healthy)=0.95；P(drought)=0.01；P(heat)=0.01；P(pest)=0.01；P(waterlogging)=0.01；P(low_light)=0.01；P(sensor_anomaly)=0.01,P(healthy)=0.94；P(drought)=0.01；P(heat)=0.01；P(pest)=0.01；P(waterlogging)=0.01；P(low_light)=0.01；P(sensor_anomaly)=0.01,,,,observe,routine_patrol,低风险 + 低不确定性 → 常规巡检,环境传感器指标处于正常范围；图像标签显示作物状态健康,继续常规巡检,normal
2026-08-03 06:00,16.5,很低,0.87,0.865,0.013,0.009,0.082,0.013,0.009,0.008,0.0,低,healthy,10.5,65.9,1.00,0.64,0.77,0.23,视觉置信度中等，轻微降低视觉模态权重,P(healthy)=0.96；P(drought)=0.01；P(heat)=0.01；P(pest)=0.01；P(waterlogging)=0.01；P(low_light)=0.01；P(sensor_anomaly)=0.01,P(healthy)=0.10；P(drought)=0.05；P(heat)=0.01；P(pest)=0.75；P(waterlogging)=0.05；P(low_light)=0.01；P(sensor_anomaly)=0.01,P(healthy)=0.76；P(drought)=0.02；P(heat)=0.01；P(pest)=0.18；P(waterlogging)=0.02；P(low_light)=0.01；P(sensor_anomaly)=0.01,P(healthy)=0.87；P(drought)=0.01；P(heat)=0.01；P(pest)=0.08；P(waterlogging)=0.01；P(low_light)=0.01；P(sensor_anomaly)=0.01,,,,observe,routine_patrol,低风险 + 低不确定性 → 常规巡检,环境传感器指标处于正常范围；图像标签疑似病虫害；视觉置信度中等，轻微降低视觉模态权重,继续常规巡检,normal
2026-08-03 07:00,14.5,很低,0.90,0.897,0.012,0.010,0.052,0.012,0.010,0.008,0.0,低,healthy,10.5,13.8,1.00,0.88,0.65,0.35,,P(healthy)=0.96；P(drought)=0.01；P(heat)=0.01；P(pest)=0.01；P(waterlogging)=0.01；P(low_light)=0.01；P(sensor_anomaly)=0.01,P(healthy)=0.91；P(drought)=0.02；P(heat)=0.02；P(pest)=0.02；P(waterlogging)=0.02；P(low_light)=0.02；P(sensor_anomaly)=0.01,P(healthy)=0.94；P(drought)=0.01；P(heat)=0.01；P(pest)=0.01；P(waterlogging)=0.01；P(low_light)=0.01；P(sensor_anomaly)=0.01,P(healthy)=0.90；P(drought)=0.01；P(heat)=0.01；P(pest)=0.05；P(waterlogging)=0.01；P(low_light)=0.01；P(sensor_anomaly)=0.01,,,,observe,routine_patrol,低风险 + 低不确定性 → 常规巡检,环境传感器指标处于正常范围；图像标签显示作物状态健康,继续常规巡检,normal
2026-08-03 08:00,13.1,很低,0.92,0.918,0.011,0.009,0.034,0.011,0.009,0.008,0.0,低,healthy,10.5,12.6,1.00,0.95,0.63,0.37,,P(healthy)=0.96；P(drought)=0.01；P(heat)=0.01；P(pest)=0.01；P(waterlogging)=0.01；P(low_light)=0.01；P(sensor_anomaly)=0.01,P(healthy)=0.92；P(drought)=0.01；P(heat)=0.01；P(pest)=0.01；P(waterlogging)=0.01；P(low_light)=0.01；P(sensor_anomaly)=0.01,P(healthy)=0.95；P(drought)=0.01；P(heat)=0.01；P(pest)=0.01；P(waterlogging)=0.01；P(low_light)=0.01；P(sensor_anomaly)=0.01,P(healthy)=0.92；P(drought)=0.01；P(heat)=0.01；P(pest)=0.03；P(waterlogging)=0.01；P(low_light)=0.01；P(sensor_anomaly)=0.01,,,,observe,routine_patrol,低风险 + 低不确定性 → 常规巡检,环境传感器指标处于正常范围；图像标签显示作物状态健康,继续常规巡检,normal
2026-08-03 09:00,15.6,很低,0.89,0.886,0.055,0.009,0.023,0.010,0.009,0.008,0.0,低,healthy,10.5,13.3,1.00,0.91,0.64,0.36,,P(healthy)=0.96；P(drought)=0.01；P(heat)=0.01；P(pest)=0.01；P(waterlogging)=0.01；P(low_light)=0.01；P(sensor_anomaly)=0.01,P(healthy)=0.91；P(drought)=0.01；P(heat)=0.01；P(pest)=0.01；P(waterlogging)=0.01；P(low_light)=0.01；P(sensor_anomaly)=0.01,P(healthy)=0.94；P(drought)=0.01；P(heat)=0.01；P(pest)=0.01；P(waterlogging)=0.01；P(low_light)=0.01；P(sensor_anomaly)=0.01,P(healthy)=0.89；P(drought)=0.05；P(heat)=0.01；P(pest)=0.02；P(waterlogging)=0.01；P(low_light)=0.01；P(sensor_anomaly)=0.01,soil_moisture_decreasing_6h,,,observe,routine_patrol,低风险 + 低不确定性 → 常规巡检,环境传感器指标处于正常范围；图像标签显示作物状态健康；最近 6 小时土壤湿度持续下降，干旱状态概率上升,继续常规巡检,normal
2026-08-03 10:00,17.1,很低,0.87,0.867,0.081,0.009,0.017,0.010,0.009,0.008,0.0,低,healthy,10.5,13.6,1.00,0.89,0.65,0.35,,P(healthy)=0.96；P(drought)=0.01；P(heat)=0.01；P(pest)=0.01；P(waterlogging)=0.01；P(low_light)=0.01；P(sensor_anomaly)=0.01,P(healthy)=0.91；P(drought)=0.02；P(heat)=0.02；P(pest)=0.02；P(waterlogging)=0.02；P(low_light)=0.02；P(sensor_anomaly)=0.01,P(healthy)=0.94；P(drought)=0.01；P(heat)=0.01；P(pest)=0.01；P(waterlogging)=0.01；P(low_light)=0.01；P(sensor_anomaly)=0.01,P(healthy)=0.87；P(drought)=0.08；P(heat)=0.01；P(pest)=0.02；P(waterlogging)=0.01；P(low_light)=0.01；P(sensor_anomaly)=0.01,soil_moisture_decreasing_6h,,,observe,routine_patrol,低风险 + 低不确定性 → 常规巡检,环境传感器指标处于正常范围；图像标签显示作物状态健康；最近 6 小时土壤湿度持续下降，干旱状态概率上升,继续常规巡检,normal
2026-08-03 11:00,18.1,很低,0.85,0.854,0.096,0.009,0.014,0.010,0.009,0.008,0.0,低,healthy,10.5,14.5,1.00,0.84,0.66,0.34,,P(healthy)=0.96；P(drought)=0.01；P(heat)=0.01；P(pest)=0.01；P(waterlogging)=0.01；P(low_light)=0.01；P(sensor_anomaly)=0.01,P(healthy)=0.89；P(drought)=0.02；P(heat)=0.02；P(pest)=0.02；P(waterlogging)=0.02；P(low_light)=0.02；P(sensor_anomaly)=0.01,P(healthy)=0.94；P(drought)=0.01；P(heat)=0.01；P(pest)=0.01；P(waterlogging)=0.01；P(low_light)=0.01；P(sensor_anomaly)=0.01,P(healthy)=0.85；P(drought)=0.10；P(heat)=0.01；P(pest)=0.01；P(waterlogging)=0.01；P(low_light)=0.01；P(sensor_anomaly)=0.01,soil_moisture_decreasing_6h,,,observe,routine_patrol,低风险 + 低不确定性 → 常规巡检,环境传感器指标处于正常范围；图像标签显示作物状态健康；最近 6 小时土壤湿度持续下降，干旱状态概率上升,继续常规巡检,normal
2026-08-03 12:00,45.0,中,0.20,0.653,0.106,0.197,0.013,0.011,0.011,0.009,47.0,中,heat,58.9,14.5,1.00,0.84,0.73,0.27,环境和视觉存在冲突，降低直接执行可靠性,P(healthy)=0.24；P(drought)=0.01；P(heat)=0.70；P(pest)=0.01；P(waterlogging)=0.01；P(low_light)=0.01；P(sensor_anomaly)=0.01,P(healthy)=0.89；P(drought)=0.02；P(heat)=0.02；P(pest)=0.02；P(waterlogging)=0.02；P(low_light)=0.02；P(sensor_anomaly)=0.01,P(healthy)=0.42；P(drought)=0.01；P(heat)=0.51；P(pest)=0.01；P(waterlogging)=0.01；P(low_light)=0.01；P(sensor_anomaly)=0.01,P(healthy)=0.65；P(drought)=0.11；P(heat)=0.20；P(pest)=0.01；P(waterlogging)=0.01；P(low_light)=0.01；P(sensor_anomaly)=0.01,soil_moisture_decreasing_6h,,图像显示健康，但环境传感器提示较高风险,hold,resample_before_action,中风险 + 高不确定性 → 重新采样后再决策,温度偏高；图像标签显示作物状态健康；环境和视觉存在冲突，降低直接执行可靠性；数据冲突：图像显示健康，但环境传感器提示较高风险；最近 6 小时土壤湿度持续下降，干旱状态概率上升,优先让机器人复查该区域并重新采样；增加高温巡检频率并检查遮阴或降温条件,normal
2026-08-03 13:00,45.0,中,0.27,0.489,0.269,0.206,0.010,0.009,0.009,0.008,47.0,中,drought,69.0,12.5,1.00,0.96,0.70,0.30,环境和视觉存在冲突，降低直接执行可靠性,P(healthy)=0.14；P(drought)=0.45；P(heat)=0.39；P(pest)=0.01；P(waterlogging)=0.01；P(low_light)=0.01；P(sensor_anomaly)=0.01,P(healthy)=0.93；P(drought)=0.01；P(heat)=0.01；P(pest)=0.01；P(waterlogging)=0.01；P(low_light)=0.01；P(sensor_anomaly)=0.01,P(healthy)=0.37；P(drought)=0.32；P(heat)=0.28；P(pest)=0.01；P(waterlogging)=0.01；P(low_light)=0.01；P(sensor_anomaly)=0.01,P(healthy)=0.49；P(drought)=0.27；P(heat)=0.21；P(pest)=0.01；P(waterlogging)=0.01；P(low_light)=0.01；P(sensor_anomaly)=0.01,soil_moisture_decreasing_6h,temporal_trend_supports_dominant_state,图像显示健康，但环境传感器提示较高风险,hold,resample_before_action,中风险 + 高不确定性 → 重新采样后再决策,土壤湿度偏低；图像标签显示作物状态健康；环境和视觉存在冲突，降低直接执行可靠性；数据冲突：图像显示健康，但环境传感器提示较高风险；最近 6 小时土壤湿度持续下降，干旱状态概率上升；时间趋势支持当前主风险，系统置信度上升,优先让机器人复查该区域并重新采样；若低湿状态连续出现，触发灌溉提醒,normal
2026-08-03 14:00,49.6,中,0.43,0.420,0.427,0.117,0.010,0.009,0.009,0.008,47.0,中,drought,64.7,12.6,1.00,0.95,0.70,0.30,环境和视觉存在冲突，降低直接执行可靠性,P(healthy)=0.22；P(drought)=0.72；P(heat)=0.01；P(pest)=0.01；P(waterlogging)=0.01；P(low_light)=0.01；P(sensor_anomaly)=0.01,P(healthy)=0.92；P(drought)=0.01；P(heat)=0.01；P(pest)=0.01；P(waterlogging)=0.01；P(low_light)=0.01；P(sensor_anomaly)=0.01,P(healthy)=0.43；P(drought)=0.51；P(heat)=0.01；P(pest)=0.01；P(waterlogging)=0.01；P(low_light)=0.01；P(sensor_anomaly)=0.01,P(healthy)=0.42；P(drought)=0.43；P(heat)=0.12；P(pest)=0.01；P(waterlogging)=0.01；P(low_light)=0.01；P(sensor_anomaly)=0.01,soil_moisture_decreasing_6h,temporal_trend_supports_dominant_state,图像显示健康，但环境传感器提示较高风险,hold,resample_before_action,中风险 + 高不确定性 → 重新采样后再决策,土壤湿度偏低；图像标签显示作物状态健康；环境和视觉存在冲突，降低直接执行可靠性；数据冲突：图像显示健康，但环境传感器提示较高风险；最近 6 小时土壤湿度持续下降，干旱状态概率上升；时间趋势支持当前主风险，系统置信度上升,优先让机器人复查该区域并重新采样；若低湿状态连续出现，触发灌溉提醒,normal
2026-08-03 15:00,55.4,中,0.56,0.346,0.555,0.064,0.009,0.009,0.009,0.008,35.0,中,drought,64.7,14.7,1.00,0.83,0.73,0.27,环境和视觉存在冲突，降低直接执行可靠性,P(healthy)=0.22；P(drought)=0.72；P(heat)=0.01；P(pest)=0.01；P(waterlogging)=0.01；P(low_light)=0.01；P(sensor_anomaly)=0.01,P(healthy)=0.89；P(drought)=0.02；P(heat)=0.02；P(pest)=0.02；P(waterlogging)=0.02；P(low_light)=0.02；P(sensor_anomaly)=0.01,P(healthy)=0.40；P(drought)=0.53；P(heat)=0.01；P(pest)=0.01；P(waterlogging)=0.01；P(low_light)=0.01；P(sensor_anomaly)=0.01,P(healthy)=0.35；P(drought)=0.56；P(heat)=0.06；P(pest)=0.01；P(waterlogging)=0.01；P(low_light)=0.01；P(sensor_anomaly)=0.01,soil_moisture_decreasing_6h,same_risk_state_consistent_with_previous_belief；temporal_trend_supports_dominant_state,图像显示健康，但环境传感器提示较高风险,hold,resample_before_action,中风险 + 高不确定性 → 重新采样后再决策,土壤湿度偏低；图像标签显示作物状态健康；环境和视觉存在冲突，降低直接执行可靠性；数据冲突：图像显示健康，但环境传感器提示较高风险；最近 6 小时土壤湿度持续下降，干旱状态概率上升；当前主风险与上一时刻状态信念一致，系统置信度上升；时间趋势支持当前主风险，系统置信度上升,优先让机器人复查该区域并重新采样；若低湿状态连续出现，触发灌溉提醒,normal
2026-08-03 16:00,64.2,中高,0.69,0.229,0.695,0.036,0.013,0.012,0.008,0.008,0.0,低,drought,64.7,77.5,1.00,0.86,0.65,0.35,,P(healthy)=0.22；P(drought)=0.72；P(heat)=0.01；P(pest)=0.01；P(waterlogging)=0.01；P(low_light)=0.01；P(sensor_anomaly)=0.01,P(healthy)=0.04；P(drought)=0.83；P(heat)=0.01；P(pest)=0.05；P(waterlogging)=0.05；P(low_light)=0.01；P(sensor_anomaly)=0.01,P(healthy)=0.16；P(drought)=0.76；P(heat)=0.01；P(pest)=0.02；P(waterlogging)=0.02；P(low_light)=0.01；P(sensor_anomaly)=0.01,P(healthy)=0.23；P(drought)=0.69；P(heat)=0.04；P(pest)=0.01；P(waterlogging)=0.01；P(low_light)=0.01；P(sensor_anomaly)=0.01,soil_moisture_decreasing_6h,same_risk_state_consistent_with_previous_belief；temporal_trend_supports_dominant_state,,execute,execute_recommended_action,高风险 + 低不确定性 → 允许执行建议动作,土壤湿度偏低；图像标签疑似干旱；最近 6 小时土壤湿度持续下降，干旱状态概率上升；当前主风险与上一时刻状态信念一致，系统置信度上升；时间趋势支持当前主风险，系统置信度上升,若低湿状态连续出现，触发灌溉提醒,normal
2026-08-03 17:00,68.9,中高,0.77,0.167,0.767,0.022,0.014,0.014,0.008,0.008,0.0,低,drought,64.7,78.3,1.00,0.90,0.64,0.36,,P(healthy)=0.22；P(drought)=0.72；P(heat)=0.01；P(pest)=0.01；P(waterlogging)=0.01；P(low_light)=0.01；P(sensor_anomaly)=0.01,P(healthy)=0.03；P(drought)=0.84；P(heat)=0.01；P(pest)=0.05；P(waterlogging)=0.05；P(low_light)=0.01；P(sensor_anomaly)=0.01,P(healthy)=0.15；P(drought)=0.76；P(heat)=0.01；P(pest)=0.02；P(waterlogging)=0.02；P(low_light)=0.01；P(sensor_anomaly)=0.01,P(healthy)=0.17；P(drought)=0.77；P(heat)=0.02；P(pest)=0.01；P(waterlogging)=0.01；P(low_light)=0.01；P(sensor_anomaly)=0.01,soil_moisture_decreasing_6h,same_risk_state_consistent_with_previous_belief；temporal_trend_supports_dominant_state,,execute,execute_recommended_action,高风险 + 低不确定性 → 允许执行建议动作,土壤湿度偏低；图像标签疑似干旱；最近 6 小时土壤湿度持续下降，干旱状态概率上升；当前主风险与上一时刻状态信念一致，系统置信度上升；时间趋势支持当前主风险，系统置信度上升,若低湿状态连续出现，触发灌溉提醒,normal
2026-08-03 18:00,64.7,中高,0.72,0.225,0.722,0.015,0.011,0.011,0.008,0.008,35.0,中,drought,64.7,13.0,1.00,0.93,0.71,0.29,环境和视觉存在冲突，降低直接执行可靠性,P(healthy)=0.22；P(drought)=0.72；P(heat)=0.01；P(pest)=0.01；P(waterlogging)=0.01；P(low_light)=0.01；P(sensor_anomaly)=0.01,P(healthy)=0.92；P(drought)=0.01；P(heat)=0.01；P(pest)=0.01；P(waterlogging)=0.01；P(low_light)=0.01；P(sensor_anomaly)=0.01,P(healthy)=0.43；P(drought)=0.52；P(heat)=0.01；P(pest)=0.01；P(waterlogging)=0.01；P(low_light)=0.01；P(sensor_anomaly)=0.01,P(healthy)=0.22；P(drought)=0.72；P(heat)=0.02；P(pest)=0.01；P(waterlogging)=0.01；P(low_light)=0.01；P(sensor_anomaly)=0.01,soil_moisture_decreasing_6h,same_risk_state_consistent_with_previous_belief；temporal_trend_supports_dominant_state,图像显示健康，但环境传感器提示较高风险,hold,recheck_before_action,高风险 + 高不确定性 → 先复查，不直接执行动作,土壤湿度偏低；图像标签显示作物状态健康；环境和视觉存在冲突，降低直接执行可靠性；数据冲突：图像显示健康，但环境传感器提示较高风险；最近 6 小时土壤湿度持续下降，干旱状态概率上升；当前主风险与上一时刻状态信念一致，系统置信度上升；时间趋势支持当前主风险，系统置信度上升,优先让机器人复查该区域并重新采样；若低湿状态连续出现，触发灌溉提醒,normal
2026-08-03 19:00,63.0,中高,0.70,0.248,0.705,0.012,0.010,0.010,0.008,0.008,35.0,中,drought,64.7,14.5,1.00,0.84,0.73,0.27,环境和视觉存在冲突，降低直接执行可靠性,P(healthy)=0.22；P(drought)=0.72；P(heat)=0.01；P(pest)=0.01；P(waterlogging)=0.01；P(low_light)=0.01；P(sensor_anomaly)=0.01,P(healthy)=0.89；P(drought)=0.02；P(heat)=0.02；P(pest)=0.02；P(waterlogging)=0.02；P(low_light)=0.02；P(sensor_anomaly)=0.01,P(healthy)=0.40；P(drought)=0.53；P(heat)=0.01；P(pest)=0.01；P(waterlogging)=0.01；P(low_light)=0.01；P(sensor_anomaly)=0.01,P(healthy)=0.25；P(drought)=0.70；P(heat)=0.01；P(pest)=0.01；P(waterlogging)=0.01；P(low_light)=0.01；P(sensor_anomaly)=0.01,soil_moisture_decreasing_6h,same_risk_state_consistent_with_previous_belief；temporal_trend_supports_dominant_state,图像显示健康，但环境传感器提示较高风险,hold,recheck_before_action,高风险 + 高不确定性 → 先复查，不直接执行动作,土壤湿度偏低；图像标签显示作物状态健康；环境和视觉存在冲突，降低直接执行可靠性；数据冲突：图像显示健康，但环境传感器提示较高风险；最近 6 小时土壤湿度持续下降，干旱状态概率上升；当前主风险与上一时刻状态信念一致，系统置信度上升；时间趋势支持当前主风险，系统置信度上升,优先让机器人复查该区域并重新采样；若低湿状态连续出现，触发灌溉提醒,normal
2026-08-03 20:00,63.2,中高,0.71,0.246,0.714,0.009,0.008,0.008,0.007,0.007,35.0,中,drought,70.4,13.4,1.00,0.90,0.72,0.28,环境和视觉存在冲突，降低直接执行可靠性,P(healthy)=0.15；P(drought)=0.81；P(heat)=0.01；P(pest)=0.01；P(waterlogging)=0.01；P(low_light)=0.01；P(sensor_anomaly)=0.01,P(healthy)=0.91；P(drought)=0.02；P(heat)=0.02；P(pest)=0.02；P(waterlogging)=0.02；P(low_light)=0.02；P(sensor_anomaly)=0.01,P(healthy)=0.37；P(drought)=0.59；P(heat)=0.01；P(pest)=0.01；P(waterlogging)=0.01；P(low_light)=0.01；P(sensor_anomaly)=0.01,P(healthy)=0.25；P(drought)=0.71；P(heat)=0.01；P(pest)=0.01；P(waterlogging)=0.01；P(low_light)=0.01；P(sensor_anomaly)=0.01,soil_moisture_decreasing_6h,same_risk_state_consistent_with_previous_belief；temporal_trend_supports_dominant_state,图像显示健康，但环境传感器提示较高风险,hold,recheck_before_action,高风险 + 高不确定性 → 先复查，不直接执行动作,土壤湿度严重偏低；图像标签显示作物状态健康；环境和视觉存在冲突，降低直接执行可靠性；数据冲突：图像显示健康，但环境传感器提示较高风险；最近 6 小时土壤湿度持续下降，干旱状态概率上升；当前主风险与上一时刻状态信念一致，系统置信度上升；时间趋势支持当前主风险，系统置信度上升,优先让机器人复查该区域并重新采样；若低湿状态连续出现，触发灌溉提醒,normal
2026-08-03 21:00,59.9,中,0.66,0.290,0.664,0.010,0.010,0.010,0.009,0.008,35.0,中,drought,64.7,14.5,1.00,0.84,0.73,0.27,环境和视觉存在冲突，降低直接执行可靠性,P(healthy)=0.22；P(drought)=0.72；P(heat)=0.01；P(pest)=0.01；P(waterlogging)=0.01；P(low_light)=0.01；P(sensor_anomaly)=0.01,P(healthy)=0.89；P(drought)=0.02；P(heat)=0.02；P(pest)=0.02；P(waterlogging)=0.02；P(low_light)=0.02；P(sensor_anomaly)=0.01,P(healthy)=0.40；P(drought)=0.53；P(heat)=0.01；P(pest)=0.01；P(waterlogging)=0.01；P(low_light)=0.01；P(sensor_anomaly)=0.01,P(healthy)=0.29；P(drought)=0.66；P(heat)=0.01；P(pest)=0.01；P(waterlogging)=0.01；P(low_light)=0.01；P(sensor_anomaly)=0.01,,same_risk_state_consistent_with_previous_belief,图像显示健康，但环境传感器提示较高风险,hold,resample_before_action,中风险 + 高不确定性 → 重新采样后再决策,土壤湿度偏低；图像标签显示作物状态健康；环境和视觉存在冲突，降低直接执行可靠性；数据冲突：图像显示健康，但环境传感器提示较高风险；当前主风险与上一时刻状态信念一致，系统置信度上升,优先让机器人复查该区域并重新采样；若低湿状态连续出现，触发灌溉提醒,normal
2026-08-03 22:00,58.8,中,0.65,0.305,0.653,0.009,0.009,0.009,0.008,0.008,35.0,中,drought,70.4,12.3,1.00,0.97,0.70,0.30,环境和视觉存在冲突，降低直接执行可靠性,P(healthy)=0.15；P(drought)=0.81；P(heat)=0.01；P(pest)=0.01；P(waterlogging)=0.01；P(low_light)=0.01；P(sensor_anomaly)=0.01,P(healthy)=0.93；P(drought)=0.01；P(heat)=0.01；P(pest)=0.01；P(waterlogging)=0.01；P(low_light)=0.01；P(sensor_anomaly)=0.01,P(healthy)=0.38；P(drought)=0.57；P(heat)=0.01；P(pest)=0.01；P(waterlogging)=0.01；P(low_light)=0.01；P(sensor_anomaly)=0.01,P(healthy)=0.30；P(drought)=0.65；P(heat)=0.01；P(pest)=0.01；P(waterlogging)=0.01；P(low_light)=0.01；P(sensor_anomaly)=0.01,,same_risk_state_consistent_with_previous_belief,图像显示健康，但环境传感器提示较高风险,hold,resample_before_action,中风险 + 高不确定性 → 重新采样后再决策,土壤湿度严重偏低；图像标签显示作物状态健康；环境和视觉存在冲突，降低直接执行可靠性；数据冲突：图像显示健康，但环境传感器提示较高风险；当前主风险与上一时刻状态信念一致，系统置信度上升,优先让机器人复查该区域并重新采样；若低湿状态连续出现，触发灌溉提醒,normal
2026-08-03 23:00,59.1,中,0.66,0.300,0.658,0.009,0.009,0.009,0.009,0.007,35.0,中,drought,70.4,14.5,1.00,0.84,0.73,0.27,环境和视觉存在冲突，降低直接执行可靠性,P(healthy)=0.15；P(drought)=0.81；P(heat)=0.01；P(pest)=0.01；P(waterlogging)=0.01；P(low_light)=0.01；P(sensor_anomaly)=0.01,P(healthy)=0.89；P(drought)=0.02；P(heat)=0.02；P(pest)=0.02；P(waterlogging)=0.02；P(low_light)=0.02；P(sensor_anomaly)=0.01,P(healthy)=0.35；P(drought)=0.60；P(heat)=0.01；P(pest)=0.01；P(waterlogging)=0.01；P(low_light)=0.01；P(sensor_anomaly)=0.01,P(healthy)=0.30；P(drought)=0.66；P(heat)=0.01；P(pest)=0.01；P(waterlogging)=0.01；P(low_light)=0.01；P(sensor_anomaly)=0.01,,same_risk_state_consistent_with_previous_belief,图像显示健康，但环境传感器提示较高风险,hold,resample_before_action,中风险 + 高不确定性 → 重新采样后再决策,土壤湿度严重偏低；图像标签显示作物状态健康；环境和视觉存在冲突，降低直接执行可靠性；数据冲突：图像显示健康，但环境传感器提示较高风险；当前主风险与上一时刻状态信念一致，系统置信度上升,优先让机器人复查该区域并重新采样；若低湿状态连续出现，触发灌溉提醒,normal
2026-08-04 00:00,58.9,中,0.66,0.304,0.655,0.009,0.008,0.008,0.008,0.007,35.0,中,drought,70.4,13.4,1.00,0.90,0.72,0.28,环境和视觉存在冲突，降低直接执行可靠性,P(healthy)=0.15；P(drought)=0.81；P(heat)=0.01；P(pest)=0.01；P(waterlogging)=0.01；P(low_light)=0.01；P(sensor_anomaly)=0.01,P(healthy)=0.91；P(drought)=0.02；P(heat)=0.02；P(pest)=0.02；P(waterlogging)=0.02；P(low_light)=0.02；P(sensor_anomaly)=0.01,P(healthy)=0.37；P(drought)=0.59；P(heat)=0.01；P(pest)=0.01；P(waterlogging)=0.01；P(low_light)=0.01；P(sensor_anomaly)=0.01,P(healthy)=0.30；P(drought)=0.66；P(heat)=0.01；P(pest)=0.01；P(waterlogging)=0.01；P(low_light)=0.01；P(sensor_anomaly)=0.01,,same_risk_state_consistent_with_previous_belief,图像显示健康，但环境传感器提示较高风险,hold,resample_before_action,中风险 + 高不确定性 → 重新采样后再决策,土壤湿度严重偏低；图像标签显示作物状态健康；环境和视觉存在冲突，降低直接执行可靠性；数据冲突：图像显示健康，但环境传感器提示较高风险；当前主风险与上一时刻状态信念一致，系统置信度上升,优先让机器人复查该区域并重新采样；若低湿状态连续出现，触发灌溉提醒,normal
2026-08-04 01:00,58.8,中,0.65,0.305,0.655,0.008,0.008,0.008,0.008,0.007,35.0,中,drought,70.4,13.6,1.00,0.89,0.72,0.28,环境和视觉存在冲突，降低直接执行可靠性,P(healthy)=0.15；P(drought)=0.81；P(heat)=0.01；P(pest)=0.01；P(waterlogging)=0.01；P(low_light)=0.01；P(sensor_anomaly)=0.01,P(healthy)=0.91；P(drought)=0.02；P(heat)=0.02；P(pest)=0.02；P(waterlogging)=0.02；P(low_light)=0.02；P(sensor_anomaly)=0.01,P(healthy)=0.36；P(drought)=0.59；P(heat)=0.01；P(pest)=0.01；P(waterlogging)=0.01；P(low_light)=0.01；P(sensor_anomaly)=0.01,P(healthy)=0.30；P(drought)=0.65；P(heat)=0.01；P(pest)=0.01；P(waterlogging)=0.01；P(low_light)=0.01；P(sensor_anomaly)=0.01,,same_risk_state_consistent_with_previous_belief,图像显示健康，但环境传感器提示较高风险,hold,resample_before_action,中风险 + 高不确定性 → 重新采样后再决策,土壤湿度严重偏低；图像标签显示作物状态健康；环境和视觉存在冲突，降低直接执行可靠性；数据冲突：图像显示健康，但环境传感器提示较高风险；当前主风险与上一时刻状态信念一致，系统置信度上升,优先让机器人复查该区域并重新采样；若低湿状态连续出现，触发灌溉提醒,normal
2026-08-04 02:00,58.8,中,0.65,0.305,0.654,0.008,0.008,0.008,0.008,0.007,35.0,中,drought,70.4,13.6,1.00,0.89,0.72,0.28,环境和视觉存在冲突，降低直接执行可靠性,P(healthy)=0.15；P(drought)=0.81；P(heat)=0.01；P(pest)=0.01；P(waterlogging)=0.01；P(low_light)=0.01；P(sensor_anomaly)=0.01,P(healthy)=0.91；P(drought)=0.02；P(heat)=0.02；P(pest)=0.02；P(waterlogging)=0.02；P(low_light)=0.02；P(sensor_anomaly)=0.01,P(healthy)=0.36；P(drought)=0.59；P(heat)=0.01；P(pest)=0.01；P(waterlogging)=0.01；P(low_light)=0.01；P(sensor_anomaly)=0.01,P(healthy)=0.31；P(drought)=0.65；P(heat)=0.01；P(pest)=0.01；P(waterlogging)=0.01；P(low_light)=0.01；P(sensor_anomaly)=0.01,,same_risk_state_consistent_with_previous_belief,图像显示健康，但环境传感器提示较高风险,hold,resample_before_action,中风险 + 高不确定性 → 重新采样后再决策,土壤湿度严重偏低；图像标签显示作物状态健康；环境和视觉存在冲突，降低直接执行可靠性；数据冲突：图像显示健康，但环境传感器提示较高风险；当前主风险与上一时刻状态信念一致，系统置信度上升,优先让机器人复查该区域并重新采样；若低湿状态连续出现，触发灌溉提醒,normal
2026-08-04 03:00,58.6,中,0.65,0.307,0.653,0.008,0.008,0.008,0.008,0.007,35.0,中,drought,70.4,13.3,1.00,0.91,0.71,0.29,环境和视觉存在冲突，降低直接执行可靠性,P(healthy)=0.15；P(drought)=0.81；P(heat)=0.01；P(pest)=0.01；P(waterlogging)=0.01；P(low_light)=0.01；P(sensor_anomaly)=0.01,P(healthy)=0.91；P(drought)=0.01；P(heat)=0.01；P(pest)=0.01；P(waterlogging)=0.01；P(low_light)=0.01；P(sensor_anomaly)=0.01,P(healthy)=0.37；P(drought)=0.58；P(heat)=0.01；P(pest)=0.01；P(waterlogging)=0.01；P(low_light)=0.01；P(sensor_anomaly)=0.01,P(healthy)=0.31；P(drought)=0.65；P(heat)=0.01；P(pest)=0.01；P(waterlogging)=0.01；P(low_light)=0.01；P(sensor_anomaly)=0.01,,same_risk_state_consistent_with_previous_belief,图像显示健康，但环境传感器提示较高风险,hold,resample_before_action,中风险 + 高不确定性 → 重新采样后再决策,土壤湿度严重偏低；图像标签显示作物状态健康；环境和视觉存在冲突，降低直接执行可靠性；数据冲突：图像显示健康，但环境传感器提示较高风险；当前主风险与上一时刻状态信念一致，系统置信度上升,优先让机器人复查该区域并重新采样；若低湿状态连续出现，触发灌溉提醒,normal
2026-08-04 04:00,59.2,中,0.66,0.300,0.659,0.009,0.009,0.009,0.009,0.007,35.0,中,drought,70.4,14.8,1.00,0.82,0.73,0.27,环境和视觉存在冲突，降低直接执行可靠性,P(healthy)=0.15；P(drought)=0.81；P(heat)=0.01；P(pest)=0.01；P(waterlogging)=0.01；P(low_light)=0.01；P(sensor_anomaly)=0.01,P(healthy)=0.89；P(drought)=0.02；P(heat)=0.02；P(pest)=0.02；P(waterlogging)=0.02；P(low_light)=0.02；P(sensor_anomaly)=0.01,P(healthy)=0.35；P(drought)=0.60；P(heat)=0.01；P(pest)=0.01；P(waterlogging)=0.01；P(low_light)=0.01；P(sensor_anomaly)=0.01,P(healthy)=0.30；P(drought)=0.66；P(heat)=0.01；P(pest)=0.01；P(waterlogging)=0.01；P(low_light)=0.01；P(sensor_anomaly)=0.01,,same_risk_state_consistent_with_previous_belief,图像显示健康，但环境传感器提示较高风险,hold,resample_before_action,中风险 + 高不确定性 → 重新采样后再决策,土壤湿度严重偏低；图像标签显示作物状态健康；环境和视觉存在冲突，降低直接执行可靠性；数据冲突：图像显示健康，但环境传感器提示较高风险；当前主风险与上一时刻状态信念一致，系统置信度上升,优先让机器人复查该区域并重新采样；若低湿状态连续出现，触发灌溉提醒,normal
2026-08-04 05:00,59.4,中,0.66,0.297,0.661,0.009,0.009,0.009,0.009,0.007,35.0,中,drought,70.4,14.7,1.00,0.83,0.73,0.27,环境和视觉存在冲突，降低直接执行可靠性,P(healthy)=0.15；P(drought)=0.81；P(heat)=0.01；P(pest)=0.01；P(waterlogging)=0.01；P(low_light)=0.01；P(sensor_anomaly)=0.01,P(healthy)=0.89；P(drought)=0.02；P(heat)=0.02；P(pest)=0.02；P(waterlogging)=0.02；P(low_light)=0.02；P(sensor_anomaly)=0.01,P(healthy)=0.35；P(drought)=0.60；P(heat)=0.01；P(pest)=0.01；P(waterlogging)=0.01；P(low_light)=0.01；P(sensor_anomaly)=0.01,P(healthy)=0.30；P(drought)=0.66；P(heat)=0.01；P(pest)=0.01；P(waterlogging)=0.01；P(low_light)=0.01；P(sensor_anomaly)=0.01,,same_risk_state_consistent_with_previous_belief,图像显示健康，但环境传感器提示较高风险,hold,resample_before_action,中风险 + 高不确定性 → 重新采样后再决策,土壤湿度严重偏低；图像标签显示作物状态健康；环境和视觉存在冲突，降低直接执行可靠性；数据冲突：图像显示健康，但环境传感器提示较高风险；当前主风险与上一时刻状态信念一致，系统置信度上升,优先让机器人复查该区域并重新采样；若低湿状态连续出现，触发灌溉提醒,normal
2026-08-04 06:00,59.3,中,0.66,0.298,0.660,0.009,0.009,0.009,0.009,0.007,35.0,中,drought,70.4,14.1,1.00,0.86,0.72,0.28,环境和视觉存在冲突，降低直接执行可靠性,P(healthy)=0.15；P(drought)=0.81；P(heat)=0.01；P(pest)=0.01；P(waterlogging)=0.01；P(low_light)=0.01；P(sensor_anomaly)=0.01,P(healthy)=0.90；P(drought)=0.02；P(heat)=0.02；P(pest)=0.02；P(waterlogging)=0.02；P(low_light)=0.02；P(sensor_anomaly)=0.01,P(healthy)=0.36；P(drought)=0.59；P(heat)=0.01；P(pest)=0.01；P(waterlogging)=0.01；P(low_light)=0.01；P(sensor_anomaly)=0.01,P(healthy)=0.30；P(drought)=0.66；P(heat)=0.01；P(pest)=0.01；P(waterlogging)=0.01；P(low_light)=0.01；P(sensor_anomaly)=0.01,,same_risk_state_consistent_with_previous_belief,图像显示健康，但环境传感器提示较高风险,hold,resample_before_action,中风险 + 高不确定性 → 重新采样后再决策,土壤湿度严重偏低；图像标签显示作物状态健康；环境和视觉存在冲突，降低直接执行可靠性；数据冲突：图像显示健康，但环境传感器提示较高风险；当前主风险与上一时刻状态信念一致，系统置信度上升,优先让机器人复查该区域并重新采样；若低湿状态连续出现，触发灌溉提醒,normal
2026-08-04 07:00,59.1,中,0.66,0.301,0.658,0.009,0.009,0.009,0.009,0.007,35.0,中,drought,70.4,13.8,1.00,0.88,0.72,0.28,环境和视觉存在冲突，降低直接执行可靠性,P(healthy)=0.15；P(drought)=0.81；P(heat)=0.01；P(pest)=0.01；P(waterlogging)=0.01；P(low_light)=0.01；P(sensor_anomaly)=0.01,P(healthy)=0.91；P(drought)=0.02；P(heat)=0.02；P(pest)=0.02；P(waterlogging)=0.02；P(low_light)=0.02；P(sensor_anomaly)=0.01,P(healthy)=0.36；P(drought)=0.59；P(heat)=0.01；P(pest)=0.01；P(waterlogging)=0.01；P(low_light)=0.01；P(sensor_anomaly)=0.01,P(healthy)=0.30；P(drought)=0.66；P(heat)=0.01；P(pest)=0.01；P(waterlogging)=0.01；P(low_light)=0.01；P(sensor_anomaly)=0.01,,same_risk_state_consistent_with_previous_belief,图像显示健康，但环境传感器提示较高风险,hold,resample_before_action,中风险 + 高不确定性 → 重新采样后再决策,土壤湿度严重偏低；图像标签显示作物状态健康；环境和视觉存在冲突，降低直接执行可靠性；数据冲突：图像显示健康，但环境传感器提示较高风险；当前主风险与上一时刻状态信念一致，系统置信度上升,优先让机器人复查该区域并重新采样；若低湿状态连续出现，触发灌溉提醒,normal
2026-08-04 08:00,66.2,中高,0.75,0.204,0.747,0.008,0.013,0.013,0.008,0.007,0.0,低,drought,70.4,77.9,1.00,0.88,0.65,0.35,,P(healthy)=0.15；P(drought)=0.81；P(heat)=0.01；P(pest)=0.01；P(waterlogging)=0.01；P(low_light)=0.01；P(sensor_anomaly)=0.01,P(healthy)=0.04；P(drought)=0.84；P(heat)=0.01；P(pest)=0.05；P(waterlogging)=0.05；P(low_light)=0.01；P(sensor_anomaly)=0.01,P(healthy)=0.11；P(drought)=0.82；P(heat)=0.01；P(pest)=0.02；P(waterlogging)=0.02；P(low_light)=0.01；P(sensor_anomaly)=0.01,P(healthy)=0.20；P(drought)=0.75；P(heat)=0.01；P(pest)=0.01；P(waterlogging)=0.01；P(low_light)=0.01；P(sensor_anomaly)=0.01,,same_risk_state_consistent_with_previous_belief,,execute,execute_recommended_action,高风险 + 低不确定性 → 允许执行建议动作,土壤湿度严重偏低；图像标签疑似干旱；当前主风险与上一时刻状态信念一致，系统置信度上升,若低湿状态连续出现，触发灌溉提醒,normal
2026-08-04 09:00,70.7,中高,0.81,0.145,0.808,0.007,0.013,0.013,0.007,0.007,0.0,低,drought,70.4,75.4,1.00,0.75,0.69,0.31,,P(healthy)=0.15；P(drought)=0.81；P(heat)=0.01；P(pest)=0.01；P(waterlogging)=0.01；P(low_light)=0.01；P(sensor_anomaly)=0.01,P(healthy)=0.07；P(drought)=0.79；P(heat)=0.01；P(pest)=0.05；P(waterlogging)=0.05；P(low_light)=0.01；P(sensor_anomaly)=0.01,P(healthy)=0.12；P(drought)=0.81；P(heat)=0.01；P(pest)=0.02；P(waterlogging)=0.02；P(low_light)=0.01；P(sensor_anomaly)=0.01,P(healthy)=0.14；P(drought)=0.81；P(heat)=0.01；P(pest)=0.01；P(waterlogging)=0.01；P(low_light)=0.01；P(sensor_anomaly)=0.01,soil_moisture_decreasing_6h,same_risk_state_consistent_with_previous_belief；temporal_trend_supports_dominant_state,,execute,execute_recommended_action,高风险 + 低不确定性 → 允许执行建议动作,土壤湿度严重偏低；图像标签疑似干旱；最近 6 小时土壤湿度持续下降，干旱状态概率上升；当前主风险与上一时刻状态信念一致，系统置信度上升；时间趋势支持当前主风险，系统置信度上升,若低湿状态连续出现，触发灌溉提醒,normal
2026-08-04 10:00,73.0,中高,0.84,0.113,0.840,0.007,0.014,0.014,0.007,0.006,0.0,低,drought,70.4,76.2,1.00,0.79,0.67,0.33,,P(healthy)=0.15；P(drought)=0.81；P(heat)=0.01；P(pest)=0.01；P(waterlogging)=0.01；P(low_light)=0.01；P(sensor_anomaly)=0.01,P(healthy)=0.06；P(drought)=0.81；P(heat)=0.01；P(pest)=0.05；P(waterlogging)=0.05；P(low_light)=0.01；P(sensor_anomaly)=0.01,P(healthy)=0.12；P(drought)=0.81；P(heat)=0.01；P(pest)=0.02；P(waterlogging)=0.02；P(low_light)=0.01；P(sensor_anomaly)=0.01,P(healthy)=0.11；P(drought)=0.84；P(heat)=0.01；P(pest)=0.01；P(waterlogging)=0.01；P(low_light)=0.01；P(sensor_anomaly)=0.01,soil_moisture_decreasing_6h,same_risk_state_consistent_with_previous_belief；temporal_trend_supports_dominant_state,,execute,execute_recommended_action,高风险 + 低不确定性 → 允许执行建议动作,土壤湿度严重偏低；图像标签疑似干旱；最近 6 小时土壤湿度持续下降，干旱状态概率上升；当前主风险与上一时刻状态信念一致，系统置信度上升；时间趋势支持当前主风险，系统置信度上升,若低湿状态连续出现，触发灌溉提醒,normal
2026-08-04 11:00,74.2,中高,0.86,0.097,0.857,0.006,0.014,0.014,0.006,0.006,0.0,低,drought,70.4,76.2,1.00,0.79,0.67,0.33,,P(healthy)=0.15；P(drought)=0.81；P(heat)=0.01；P(pest)=0.01；P(waterlogging)=0.01；P(low_light)=0.01；P(sensor_anomaly)=0.01,P(healthy)=0.06；P(drought)=0.81；P(heat)=0.01；P(pest)=0.05；P(waterlogging)=0.05；P(low_light)=0.01；P(sensor_anomaly)=0.01,P(healthy)=0.12；P(drought)=0.81；P(heat)=0.01；P(pest)=0.02；P(waterlogging)=0.02；P(low_light)=0.01；P(sensor_anomaly)=0.01,P(healthy)=0.10；P(drought)=0.86；P(heat)=0.01；P(pest)=0.01；P(waterlogging)=0.01；P(low_light)=0.01；P(sensor_anomaly)=0.01,soil_moisture_decreasing_6h,same_risk_state_consistent_with_previous_belief；temporal_trend_supports_dominant_state,,execute,execute_recommended_action,高风险 + 低不确定性 → 允许执行建议动作,土壤湿度严重偏低；图像标签疑似干旱；最近 6 小时土壤湿度持续下降，干旱状态概率上升；当前主风险与上一时刻状态信念一致，系统置信度上升；时间趋势支持当前主风险，系统置信度上升,若低湿状态连续出现，触发灌溉提醒,normal
2026-08-04 12:00,75.2,中高,0.87,0.084,0.869,0.006,0.014,0.014,0.006,0.006,0.0,低,drought,70.4,78.4,1.00,0.91,0.64,0.36,,P(healthy)=0.15；P(drought)=0.81；P(heat)=0.01；P(pest)=0.01；P(waterlogging)=0.01；P(low_light)=0.01；P(sensor_anomaly)=0.01,P(healthy)=0.03；P(drought)=0.85；P(heat)=0.01；P(pest)=0.05；P(waterlogging)=0.05；P(low_light)=0.01；P(sensor_anomaly)=0.01,P(healthy)=0.11；P(drought)=0.82；P(heat)=0.01；P(pest)=0.02；P(waterlogging)=0.02；P(low_light)=0.01；P(sensor_anomaly)=0.01,P(healthy)=0.08；P(drought)=0.87；P(heat)=0.01；P(pest)=0.01；P(waterlogging)=0.01；P(low_light)=0.01；P(sensor_anomaly)=0.01,soil_moisture_decreasing_6h,same_risk_state_consistent_with_previous_belief；temporal_trend_supports_dominant_state,,execute,execute_recommended_action,高风险 + 低不确定性 → 允许执行建议动作,土壤湿度严重偏低；图像标签疑似干旱；最近 6 小时土壤湿度持续下降，干旱状态概率上升；当前主风险与上一时刻状态信念一致，系统置信度上升；时间趋势支持当前主风险，系统置信度上升,若低湿状态连续出现，触发灌溉提醒,normal
2026-08-04 13:00,75.5,中高,0.87,0.080,0.874,0.006,0.014,0.014,0.006,0.006,0.0,低,drought,70.4,77.5,1.00,0.86,0.65,0.35,,P(healthy)=0.15；P(drought)=0.81；P(heat)=0.01；P(pest)=0.01；P(waterlogging)=0.01；P(low_light)=0.01；P(sensor_anomaly)=0.01,P(healthy)=0.04；P(drought)=0.83；P(heat)=0.01；P(pest)=0.05；P(waterlogging)=0.05；P(low_light)=0.01；P(sensor_anomaly)=0.01,P(healthy)=0.11；P(drought)=0.82；P(heat)=0.01；P(pest)=0.02；P(waterlogging)=0.02；P(low_light)=0.01；P(sensor_anomaly)=0.01,P(healthy)=0.08；P(drought)=0.87；P(heat)=0.01；P(pest)=0.01；P(waterlogging)=0.01；P(low_light)=0.01；P(sensor_anomaly)=0.01,soil_moisture_decreasing_6h,same_risk_state_consistent_with_previous_belief；temporal_trend_supports_dominant_state,,execute,execute_recommended_action,高风险 + 低不确定性 → 允许执行建议动作,土壤湿度严重偏低；图像标签疑似干旱；最近 6 小时土壤湿度持续下降，干旱状态概率上升；当前主风险与上一时刻状态信念一致，系统置信度上升；时间趋势支持当前主风险，系统置信度上升,若低湿状态连续出现，触发灌溉提醒,normal
2026-08-04 14:00,75.5,中高,0.80,0.074,0.803,0.080,0.015,0.015,0.006,0.006,0.0,低,drought,72.0,78.1,1.00,0.89,0.65,0.35,,P(healthy)=0.11；P(drought)=0.57；P(heat)=0.30；P(pest)=0.01；P(waterlogging)=0.01；P(low_light)=0.01；P(sensor_anomaly)=0.01,P(healthy)=0.03；P(drought)=0.84；P(heat)=0.01；P(pest)=0.05；P(waterlogging)=0.05；P(low_light)=0.01；P(sensor_anomaly)=0.01,P(healthy)=0.08；P(drought)=0.67；P(heat)=0.20；P(pest)=0.02；P(waterlogging)=0.02；P(low_light)=0.01；P(sensor_anomaly)=0.01,P(healthy)=0.07；P(drought)=0.80；P(heat)=0.08；P(pest)=0.02；P(waterlogging)=0.02；P(low_light)=0.01；P(sensor_anomaly)=0.01,,same_risk_state_consistent_with_previous_belief,,execute,execute_recommended_action,高风险 + 低不确定性 → 允许执行建议动作,土壤湿度严重偏低；图像标签疑似干旱；当前主风险与上一时刻状态信念一致，系统置信度上升,若低湿状态连续出现，触发灌溉提醒,normal
2026-08-04 15:00,74.9,中高,0.82,0.083,0.824,0.047,0.016,0.016,0.007,0.007,0.0,低,drought,70.4,77.5,1.00,0.86,0.65,0.35,,P(healthy)=0.15；P(drought)=0.81；P(heat)=0.01；P(pest)=0.01；P(waterlogging)=0.01；P(low_light)=0.01；P(sensor_anomaly)=0.01,P(healthy)=0.04；P(drought)=0.83；P(heat)=0.01；P(pest)=0.05；P(waterlogging)=0.05；P(low_light)=0.01；P(sensor_anomaly)=0.01,P(healthy)=0.11；P(drought)=0.82；P(heat)=0.01；P(pest)=0.02；P(waterlogging)=0.02；P(low_light)=0.01；P(sensor_anomaly)=0.01,P(healthy)=0.08；P(drought)=0.82；P(heat)=0.05；P(pest)=0.02；P(waterlogging)=0.02；P(low_light)=0.01；P(sensor_anomaly)=0.01,,same_risk_state_consistent_with_previous_belief,,execute,execute_recommended_action,高风险 + 低不确定性 → 允许执行建议动作,土壤湿度严重偏低；图像标签疑似干旱；当前主风险与上一时刻状态信念一致，系统置信度上升,若低湿状态连续出现，触发灌溉提醒,normal
2026-08-04 16:00,72.9,中高,0.81,0.110,0.808,0.029,0.018,0.018,0.008,0.008,0.0,低,drought,64.7,76.2,1.00,0.79,0.67,0.33,,P(healthy)=0.22；P(drought)=0.72；P(heat)=0.01；P(pest)=0.01；P(waterlogging)=0.01；P(low_light)=0.01；P(sensor_anomaly)=0.01,P(healthy)=0.06；P(drought)=0.81；P(heat)=0.01；P(pest)=0.05；P(waterlogging)=0.05；P(low_light)=0.01；P(sensor_anomaly)=0.01,P(healthy)=0.17；P(drought)=0.75；P(heat)=0.01；P(pest)=0.02；P(waterlogging)=0.02；P(low_light)=0.01；P(sensor_anomaly)=0.01,P(healthy)=0.11；P(drought)=0.81；P(heat)=0.03；P(pest)=0.02；P(waterlogging)=0.02；P(low_light)=0.01；P(sensor_anomaly)=0.01,,same_risk_state_consistent_with_previous_belief,,execute,execute_recommended_action,高风险 + 低不确定性 → 允许执行建议动作,土壤湿度偏低；图像标签疑似干旱；当前主风险与上一时刻状态信念一致，系统置信度上升,若低湿状态连续出现，触发灌溉提醒,normal
2026-08-04 17:00,62.8,中高,0.51,0.192,0.512,0.020,0.014,0.143,0.112,0.008,35.0,中,drought,52.0,14.5,1.00,0.84,0.73,0.27,环境和视觉存在冲突，降低直接执行可靠性,P(healthy)=0.18；P(drought)=0.01；P(heat)=0.01；P(pest)=0.01；P(waterlogging)=0.37；P(low_light)=0.41；P(sensor_anomaly)=0.01,P(healthy)=0.89；P(drought)=0.02；P(heat)=0.02；P(pest)=0.02；P(waterlogging)=0.02；P(low_light)=0.02；P(sensor_anomaly)=0.01,P(healthy)=0.38；P(drought)=0.01；P(heat)=0.01；P(pest)=0.01；P(waterlogging)=0.28；P(low_light)=0.30；P(sensor_anomaly)=0.01,P(healthy)=0.19；P(drought)=0.51；P(heat)=0.02；P(pest)=0.01；P(waterlogging)=0.14；P(low_light)=0.11；P(sensor_anomaly)=0.01,persistent_wet_condition_6h,same_risk_state_consistent_with_previous_belief,图像显示健康，但环境传感器提示较高风险,hold,recheck_before_action,高风险 + 高不确定性 → 先复查，不直接执行动作,短时降雨量较高；图像标签显示作物状态健康；环境和视觉存在冲突，降低直接执行可靠性；数据冲突：图像显示健康，但环境传感器提示较高风险；最近 6 小时存在持续湿润或降雨，积水状态概率上升；当前主风险与上一时刻状态信念一致，系统置信度上升,优先让机器人复查该区域并重新采样；若低湿状态连续出现，触发灌溉提醒,normal
2026-08-04 18:00,43.8,中,0.30,0.472,0.301,0.015,0.012,0.125,0.068,0.008,12.0,低,drought,10.5,13.1,1.00,0.92,0.64,0.36,,P(healthy)=0.96；P(drought)=0.01；P(heat)=0.01；P(pest)=0.01；P(waterlogging)=0.01；P(low_light)=0.01；P(sensor_anomaly)=0.01,P(healthy)=0.92；P(drought)=0.01；P(heat)=0.01；P(pest)=0.01；P(waterlogging)=0.01；P(low_light)=0.01；P(sensor_anomaly)=0.01,P(healthy)=0.94；P(drought)=0.01；P(heat)=0.01；P(pest)=0.01；P(waterlogging)=0.01；P(low_light)=0.01；P(sensor_anomaly)=0.01,P(healthy)=0.47；P(drought)=0.30；P(heat)=0.02；P(pest)=0.01；P(waterlogging)=0.12；P(low_light)=0.07；P(sensor_anomaly)=0.01,persistent_wet_condition_6h,,,hold,monitor_more_context,风险或不确定性处于中间状态 → 继续观察并收集更多上下文,环境传感器指标处于正常范围；图像标签显示作物状态健康；最近 6 小时存在持续湿润或降雨，积水状态概率上升,若低湿状态连续出现，触发灌溉提醒,normal
2026-08-04 19:00,32.9,低,0.63,0.631,0.179,0.013,0.011,0.115,0.044,0.008,0.0,低,healthy,10.5,14.5,1.00,0.84,0.66,0.34,,P(healthy)=0.96；P(drought)=0.01；P(heat)=0.01；P(pest)=0.01；P(waterlogging)=0.01；P(low_light)=0.01；P(sensor_anomaly)=0.01,P(healthy)=0.89；P(drought)=0.02；P(heat)=0.02；P(pest)=0.02；P(waterlogging)=0.02；P(low_light)=0.02；P(sensor_anomaly)=0.01,P(healthy)=0.94；P(drought)=0.01；P(heat)=0.01；P(pest)=0.01；P(waterlogging)=0.01；P(low_light)=0.01；P(sensor_anomaly)=0.01,P(healthy)=0.63；P(drought)=0.18；P(heat)=0.01；P(pest)=0.01；P(waterlogging)=0.11；P(low_light)=0.04；P(sensor_anomaly)=0.01,persistent_wet_condition_6h,,,observe,routine_patrol,低风险 + 低不确定性 → 常规巡检,环境传感器指标处于正常范围；图像标签显示作物状态健康；最近 6 小时存在持续湿润或降雨，积水状态概率上升,继续常规巡检,normal
2026-08-04 20:00,33.2,低,0.62,0.621,0.111,0.011,0.107,0.113,0.029,0.008,0.0,低,healthy,10.5,68.5,1.00,0.78,0.68,0.32,,P(healthy)=0.96；P(drought)=0.01；P(heat)=0.01；P(pest)=0.01；P(waterlogging)=0.01；P(low_light)=0.01；P(sensor_anomaly)=0.01,P(healthy)=0.06；P(drought)=0.05；P(heat)=0.01；P(pest)=0.80；P(waterlogging)=0.05；P(low_light)=0.01；P(sensor_anomaly)=0.01,P(healthy)=0.67；P(drought)=0.02；P(heat)=0.01；P(pest)=0.26；P(waterlogging)=0.02；P(low_light)=0.01；P(sensor_anomaly)=0.01,P(healthy)=0.62；P(drought)=0.11；P(heat)=0.01；P(pest)=0.11；P(waterlogging)=0.11；P(low_light)=0.03；P(sensor_anomaly)=0.01,persistent_wet_condition_6h,,,observe,routine_patrol,低风险 + 低不确定性 → 常规巡检,环境传感器指标处于正常范围；图像标签疑似病虫害；最近 6 小时存在持续湿润或降雨，积水状态概率上升,继续常规巡检,normal
2026-08-04 21:00,24.2,低,0.75,0.755,0.069,0.011,0.067,0.070,0.021,0.008,0.0,低,healthy,10.5,14.1,1.00,0.86,0.65,0.35,,P(healthy)=0.96；P(drought)=0.01；P(heat)=0.01；P(pest)=0.01；P(waterlogging)=0.01；P(low_light)=0.01；P(sensor_anomaly)=0.01,P(healthy)=0.90；P(drought)=0.02；P(heat)=0.02；P(pest)=0.02；P(waterlogging)=0.02；P(low_light)=0.02；P(sensor_anomaly)=0.01,P(healthy)=0.94；P(drought)=0.01；P(heat)=0.01；P(pest)=0.01；P(waterlogging)=0.01；P(low_light)=0.01；P(sensor_anomaly)=0.01,P(healthy)=0.75；P(drought)=0.07；P(heat)=0.01；P(pest)=0.07；P(waterlogging)=0.07；P(low_light)=0.02；P(sensor_anomaly)=0.01,,,,observe,routine_patrol,低风险 + 低不确定性 → 常规巡检,环境传感器指标处于正常范围；图像标签显示作物状态健康,继续常规巡检,normal
2026-08-04 22:00,19.0,很低,0.83,0.832,0.045,0.011,0.043,0.045,0.017,0.008,0.0,低,healthy,10.5,14.1,1.00,0.86,0.65,0.35,,P(healthy)=0.96；P(drought)=0.01；P(heat)=0.01；P(pest)=0.01；P(waterlogging)=0.01；P(low_light)=0.01；P(sensor_anomaly)=0.01,P(healthy)=0.90；P(drought)=0.02；P(heat)=0.02；P(pest)=0.02；P(waterlogging)=0.02；P(low_light)=0.02；P(sensor_anomaly)=0.01,P(healthy)=0.94；P(drought)=0.01；P(heat)=0.01；P(pest)=0.01；P(waterlogging)=0.01；P(low_light)=0.01；P(sensor_anomaly)=0.01,P(healthy)=0.83；P(drought)=0.04；P(heat)=0.01；P(pest)=0.04；P(waterlogging)=0.04；P(low_light)=0.02；P(sensor_anomaly)=0.01,,,,observe,routine_patrol,低风险 + 低不确定性 → 常规巡检,环境传感器指标处于正常范围；图像标签显示作物状态健康,继续常规巡检,normal
2026-08-04 23:00,16.0,很低,0.88,0.876,0.030,0.011,0.030,0.031,0.014,0.008,0.0,低,healthy,10.5,14.7,1.00,0.83,0.66,0.34,,P(healthy)=0.96；P(drought)=0.01；P(heat)=0.01；P(pest)=0.01；P(waterlogging)=0.01；P(low_light)=0.01；P(sensor_anomaly)=0.01,P(healthy)=0.89；P(drought)=0.02；P(heat)=0.02；P(pest)=0.02；P(waterlogging)=0.02；P(low_light)=0.02；P(sensor_anomaly)=0.01,P(healthy)=0.94；P(drought)=0.01；P(heat)=0.01；P(pest)=0.01；P(waterlogging)=0.01；P(low_light)=0.01；P(sensor_anomaly)=0.01,P(healthy)=0.88；P(drought)=0.03；P(heat)=0.01；P(pest)=0.03；P(waterlogging)=0.03；P(low_light)=0.01；P(sensor_anomaly)=0.01,,,,observe,routine_patrol,低风险 + 低不确定性 → 常规巡检,环境传感器指标处于正常范围；图像标签显示作物状态健康,继续常规巡检,normal
2026-08-05 00:00,14.1,很低,0.90,0.904,0.022,0.010,0.021,0.022,0.012,0.008,0.0,低,healthy,10.5,13.1,1.00,0.92,0.64,0.36,,P(healthy)=0.96；P(drought)=0.01；P(heat)=0.01；P(pest)=0.01；P(waterlogging)=0.01；P(low_light)=0.01；P(sensor_anomaly)=0.01,P(healthy)=0.92；P(drought)=0.01；P(heat)=0.01；P(pest)=0.01；P(waterlogging)=0.01；P(low_light)=0.01；P(sensor_anomaly)=0.01,P(healthy)=0.94；P(drought)=0.01；P(heat)=0.01；P(pest)=0.01；P(waterlogging)=0.01；P(low_light)=0.01；P(sensor_anomaly)=0.01,P(healthy)=0.90；P(drought)=0.02；P(heat)=0.01；P(pest)=0.02；P(waterlogging)=0.02；P(low_light)=0.01；P(sensor_anomaly)=0.01,,,,observe,routine_patrol,低风险 + 低不确定性 → 常规巡检,环境传感器指标处于正常范围；图像标签显示作物状态健康,继续常规巡检,normal
2026-08-05 01:00,13.2,很低,0.92,0.918,0.017,0.011,0.017,0.017,0.012,0.008,0.0,低,healthy,10.5,14.7,1.00,0.83,0.66,0.34,,P(healthy)=0.96；P(drought)=0.01；P(heat)=0.01；P(pest)=0.01；P(waterlogging)=0.01；P(low_light)=0.01；P(sensor_anomaly)=0.01,P(healthy)=0.89；P(drought)=0.02；P(heat)=0.02；P(pest)=0.02；P(waterlogging)=0.02；P(low_light)=0.02；P(sensor_anomaly)=0.01,P(healthy)=0.94；P(drought)=0.01；P(heat)=0.01；P(pest)=0.01；P(waterlogging)=0.01；P(low_light)=0.01；P(sensor_anomaly)=0.01,P(healthy)=0.92；P(drought)=0.02；P(heat)=0.01；P(pest)=0.02；P(waterlogging)=0.02；P(low_light)=0.01；P(sensor_anomaly)=0.01,,,,observe,routine_patrol,低风险 + 低不确定性 → 常规巡检,环境传感器指标处于正常范围；图像标签显示作物状态健康,继续常规巡检,normal
2026-08-05 02:00,12.5,很低,0.93,0.928,0.014,0.010,0.014,0.014,0.011,0.008,0.0,低,healthy,10.5,13.4,1.00,0.90,0.64,0.36,,P(healthy)=0.96；P(drought)=0.01；P(heat)=0.01；P(pest)=0.01；P(waterlogging)=0.01；P(low_light)=0.01；P(sensor_anomaly)=0.01,P(healthy)=0.91；P(drought)=0.02；P(heat)=0.02；P(pest)=0.02；P(waterlogging)=0.02；P(low_light)=0.02；P(sensor_anomaly)=0.01,P(healthy)=0.94；P(drought)=0.01；P(heat)=0.01；P(pest)=0.01；P(waterlogging)=0.01；P(low_light)=0.01；P(sensor_anomaly)=0.01,P(healthy)=0.93；P(drought)=0.01；P(heat)=0.01；P(pest)=0.01；P(waterlogging)=0.01；P(low_light)=0.01；P(sensor_anomaly)=0.01,,,,observe,routine_patrol,低风险 + 低不确定性 → 常规巡检,环境传感器指标处于正常范围；图像标签显示作物状态健康,继续常规巡检,normal
2026-08-05 03:00,12.1,很低,0.93,0.934,0.012,0.010,0.012,0.012,0.011,0.008,0.0,低,healthy,10.5,13.4,1.00,0.90,0.64,0.36,,P(healthy)=0.96；P(drought)=0.01；P(heat)=0.01；P(pest)=0.01；P(waterlogging)=0.01；P(low_light)=0.01；P(sensor_anomaly)=0.01,P(healthy)=0.91；P(drought)=0.02；P(heat)=0.02；P(pest)=0.02；P(waterlogging)=0.02；P(low_light)=0.02；P(sensor_anomaly)=0.01,P(healthy)=0.94；P(drought)=0.01；P(heat)=0.01；P(pest)=0.01；P(waterlogging)=0.01；P(low_light)=0.01；P(sensor_anomaly)=0.01,P(healthy)=0.93；P(drought)=0.01；P(heat)=0.01；P(pest)=0.01；P(waterlogging)=0.01；P(low_light)=0.01；P(sensor_anomaly)=0.01,,,,observe,routine_patrol,低风险 + 低不确定性 → 常规巡检,环境传感器指标处于正常范围；图像标签显示作物状态健康,继续常规巡检,normal
2026-08-05 04:00,19.5,很低,0.82,0.820,0.016,0.009,0.121,0.016,0.010,0.008,0.0,低,healthy,10.5,68.8,1.00,0.80,0.67,0.33,,P(healthy)=0.96；P(drought)=0.01；P(heat)=0.01；P(pest)=0.01；P(waterlogging)=0.01；P(low_light)=0.01；P(sensor_anomaly)=0.01,P(healthy)=0.06；P(drought)=0.05；P(heat)=0.01；P(pest)=0.81；P(waterlogging)=0.05；P(low_light)=0.01；P(sensor_anomaly)=0.01,P(healthy)=0.66；P(drought)=0.02；P(heat)=0.01；P(pest)=0.27；P(waterlogging)=0.02；P(low_light)=0.01；P(sensor_anomaly)=0.01,P(healthy)=0.82；P(drought)=0.02；P(heat)=0.01；P(pest)=0.12；P(waterlogging)=0.02；P(low_light)=0.01；P(sensor_anomaly)=0.01,,,,observe,routine_patrol,低风险 + 低不确定性 → 常规巡检,环境传感器指标处于正常范围；图像标签疑似病虫害,继续常规巡检,normal
2026-08-05 05:00,16.2,很低,0.87,0.871,0.013,0.010,0.074,0.013,0.010,0.008,0.0,低,healthy,10.5,13.6,1.00,0.89,0.65,0.35,,P(healthy)=0.96；P(drought)=0.01；P(heat)=0.01；P(pest)=0.01；P(waterlogging)=0.01；P(low_light)=0.01；P(sensor_anomaly)=0.01,P(healthy)=0.91；P(drought)=0.02；P(heat)=0.02；P(pest)=0.02；P(waterlogging)=0.02；P(low_light)=0.02；P(sensor_anomaly)=0.01,P(healthy)=0.94；P(drought)=0.01；P(heat)=0.01；P(pest)=0.01；P(waterlogging)=0.01；P(low_light)=0.01；P(sensor_anomaly)=0.01,P(healthy)=0.87；P(drought)=0.01；P(heat)=0.01；P(pest)=0.07；P(waterlogging)=0.01；P(low_light)=0.01；P(sensor_anomaly)=0.01,,,,observe,routine_patrol,低风险 + 低不确定性 → 常规巡检,环境传感器指标处于正常范围；图像标签显示作物状态健康,继续常规巡检,normal
2026-08-05 06:00,14.4,很低,0.90,0.899,0.012,0.010,0.048,0.012,0.010,0.008,0.0,低,healthy,10.5,14.5,1.00,0.84,0.66,0.34,,P(healthy)=0.96；P(drought)=0.01；P(heat)=0.01；P(pest)=0.01；P(waterlogging)=0.01；P(low_light)=0.01；P(sensor_anomaly)=0.01,P(healthy)=0.89；P(drought)=0.02；P(heat)=0.02；P(pest)=0.02；P(waterlogging)=0.02；P(low_light)=0.02；P(sensor_anomaly)=0.01,P(healthy)=0.94；P(drought)=0.01；P(heat)=0.01；P(pest)=0.01；P(waterlogging)=0.01；P(low_light)=0.01；P(sensor_anomaly)=0.01,P(healthy)=0.90；P(drought)=0.01；P(heat)=0.01；P(pest)=0.05；P(waterlogging)=0.01；P(low_light)=0.01；P(sensor_anomaly)=0.01,,,,observe,routine_patrol,低风险 + 低不确定性 → 常规巡检,环境传感器指标处于正常范围；图像标签显示作物状态健康,继续常规巡检,normal
2026-08-05 07:00,13.1,很低,0.92,0.918,0.011,0.010,0.032,0.011,0.010,0.008,0.0,低,healthy,10.5,13.1,1.00,0.92,0.64,0.36,,P(healthy)=0.96；P(drought)=0.01；P(heat)=0.01；P(pest)=0.01；P(waterlogging)=0.01；P(low_light)=0.01；P(sensor_anomaly)=0.01,P(healthy)=0.92；P(drought)=0.01；P(heat)=0.01；P(pest)=0.01；P(waterlogging)=0.01；P(low_light)=0.01；P(sensor_anomaly)=0.01,P(healthy)=0.94；P(drought)=0.01；P(heat)=0.01；P(pest)=0.01；P(waterlogging)=0.01；P(low_light)=0.01；P(sensor_anomaly)=0.01,P(healthy)=0.92；P(drought)=0.01；P(heat)=0.01；P(pest)=0.03；P(waterlogging)=0.01；P(low_light)=0.01；P(sensor_anomaly)=0.01,,,,observe,routine_patrol,低风险 + 低不确定性 → 常规巡检,环境传感器指标处于正常范围；图像标签显示作物状态健康,继续常规巡检,normal
2026-08-05 08:00,15.7,很低,0.88,0.884,0.055,0.010,0.022,0.010,0.010,0.008,0.0,低,healthy,10.5,14.0,1.00,0.87,0.65,0.35,,P(healthy)=0.96；P(drought)=0.01；P(heat)=0.01；P(pest)=0.01；P(waterlogging)=0.01；P(low_light)=0.01；P(sensor_anomaly)=0.01,P(healthy)=0.90；P(drought)=0.02；P(heat)=0.02；P(pest)=0.02；P(waterlogging)=0.02；P(low_light)=0.02；P(sensor_anomaly)=0.01,P(healthy)=0.94；P(drought)=0.01；P(heat)=0.01；P(pest)=0.01；P(waterlogging)=0.01；P(low_light)=0.01；P(sensor_anomaly)=0.01,P(healthy)=0.88；P(drought)=0.06；P(heat)=0.01；P(pest)=0.02；P(waterlogging)=0.01；P(low_light)=0.01；P(sensor_anomaly)=0.01,soil_moisture_decreasing_6h,,,observe,routine_patrol,低风险 + 低不确定性 → 常规巡检,环境传感器指标处于正常范围；图像标签显示作物状态健康；最近 6 小时土壤湿度持续下降，干旱状态概率上升,继续常规巡检,normal
2026-08-05 09:00,45.0,中,0.28,0.666,0.275,0.010,0.018,0.011,0.010,0.009,47.0,中,drought,64.7,14.1,1.00,0.86,0.72,0.28,环境和视觉存在冲突，降低直接执行可靠性,P(healthy)=0.22；P(drought)=0.72；P(heat)=0.01；P(pest)=0.01；P(waterlogging)=0.01；P(low_light)=0.01；P(sensor_anomaly)=0.01,P(healthy)=0.90；P(drought)=0.02；P(heat)=0.02；P(pest)=0.02；P(waterlogging)=0.02；P(low_light)=0.02；P(sensor_anomaly)=0.01,P(healthy)=0.41；P(drought)=0.53；P(heat)=0.01；P(pest)=0.01；P(waterlogging)=0.01；P(low_light)=0.01；P(sensor_anomaly)=0.01,P(healthy)=0.67；P(drought)=0.28；P(heat)=0.01；P(pest)=0.02；P(waterlogging)=0.01；P(low_light)=0.01；P(sensor_anomaly)=0.01,soil_moisture_decreasing_6h,,图像显示健康，但环境传感器提示较高风险,hold,resample_before_action,中风险 + 高不确定性 → 重新采样后再决策,土壤湿度偏低；图像标签显示作物状态健康；环境和视觉存在冲突，降低直接执行可靠性；数据冲突：图像显示健康，但环境传感器提示较高风险；最近 6 小时土壤湿度持续下降，干旱状态概率上升,优先让机器人复查该区域并重新采样；若低湿状态连续出现，触发灌溉提醒,normal
2026-08-05 10:00,45.0,中,0.43,0.512,0.434,0.010,0.014,0.010,0.010,0.009,47.0,中,drought,64.7,13.6,1.00,0.89,0.72,0.28,环境和视觉存在冲突，降低直接执行可靠性,P(healthy)=0.22；P(drought)=0.72；P(heat)=0.01；P(pest)=0.01；P(waterlogging)=0.01；P(low_light)=0.01；P(sensor_anomaly)=0.01,P(healthy)=0.91；P(drought)=0.02；P(heat)=0.02；P(pest)=0.02；P(waterlogging)=0.02；P(low_light)=0.02；P(sensor_anomaly)=0.01,P(healthy)=0.42；P(drought)=0.52；P(heat)=0.01；P(pest)=0.01；P(waterlogging)=0.01；P(low_light)=0.01；P(sensor_anomaly)=0.01,P(healthy)=0.51；P(drought)=0.43；P(heat)=0.01；P(pest)=0.01；P(waterlogging)=0.01；P(low_light)=0.01；P(sensor_anomaly)=0.01,soil_moisture_decreasing_6h,temporal_trend_supports_dominant_state,图像显示健康，但环境传感器提示较高风险,hold,resample_before_action,中风险 + 高不确定性 → 重新采样后再决策,土壤湿度偏低；图像标签显示作物状态健康；环境和视觉存在冲突，降低直接执行可靠性；数据冲突：图像显示健康，但环境传感器提示较高风险；最近 6 小时土壤湿度持续下降，干旱状态概率上升；时间趋势支持当前主风险，系统置信度上升,优先让机器人复查该区域并重新采样；若低湿状态连续出现，触发灌溉提醒,normal
2026-08-05 11:00,53.0,中,0.49,0.376,0.491,0.099,0.010,0.008,0.008,0.007,35.0,中,drought,69.0,14.0,1.00,0.87,0.72,0.28,环境和视觉存在冲突，降低直接执行可靠性,P(healthy)=0.14；P(drought)=0.45；P(heat)=0.39；P(pest)=0.01；P(waterlogging)=0.01；P(low_light)=0.01；P(sensor_anomaly)=0.01,P(healthy)=0.90；P(drought)=0.02；P(heat)=0.02；P(pest)=0.02；P(waterlogging)=0.02；P(low_light)=0.02；P(sensor_anomaly)=0.01,P(healthy)=0.35；P(drought)=0.33；P(heat)=0.29；P(pest)=0.01；P(waterlogging)=0.01；P(low_light)=0.01；P(sensor_anomaly)=0.01,P(healthy)=0.38；P(drought)=0.49；P(heat)=0.10；P(pest)=0.01；P(waterlogging)=0.01；P(low_light)=0.01；P(sensor_anomaly)=0.01,soil_moisture_decreasing_6h,same_risk_state_consistent_with_previous_belief；temporal_trend_supports_dominant_state,图像显示健康，但环境传感器提示较高风险,hold,resample_before_action,中风险 + 高不确定性 → 重新采样后再决策,土壤湿度偏低；图像标签显示作物状态健康；环境和视觉存在冲突，降低直接执行可靠性；数据冲突：图像显示健康，但环境传感器提示较高风险；最近 6 小时土壤湿度持续下降，干旱状态概率上升；当前主风险与上一时刻状态信念一致，系统置信度上升；时间趋势支持当前主风险，系统置信度上升,优先让机器人复查该区域并重新采样；若低湿状态连续出现，触发灌溉提醒,normal
2026-08-05 12:00,58.1,中,0.52,0.305,0.520,0.146,0.009,0.008,0.008,0.006,35.0,中,drought,69.0,14.3,1.00,0.85,0.73,0.27,环境和视觉存在冲突，降低直接执行可靠性,P(healthy)=0.14；P(drought)=0.45；P(heat)=0.39；P(pest)=0.01；P(waterlogging)=0.01；P(low_light)=0.01；P(sensor_anomaly)=0.01,P(healthy)=0.90；P(drought)=0.02；P(heat)=0.02；P(pest)=0.02；P(waterlogging)=0.02；P(low_light)=0.02；P(sensor_anomaly)=0.01,P(healthy)=0.34；P(drought)=0.33；P(heat)=0.29；P(pest)=0.01；P(waterlogging)=0.01；P(low_light)=0.01；P(sensor_anomaly)=0.01,P(healthy)=0.30；P(drought)=0.52；P(heat)=0.15；P(pest)=0.01；P(waterlogging)=0.01；P(low_light)=0.01；P(sensor_anomaly)=0.01,soil_moisture_decreasing_6h,same_risk_state_consistent_with_previous_belief；temporal_trend_supports_dominant_state,图像显示健康，但环境传感器提示较高风险,hold,resample_before_action,中风险 + 高不确定性 → 重新采样后再决策,土壤湿度偏低；图像标签显示作物状态健康；环境和视觉存在冲突，降低直接执行可靠性；数据冲突：图像显示健康，但环境传感器提示较高风险；最近 6 小时土壤湿度持续下降，干旱状态概率上升；当前主风险与上一时刻状态信念一致，系统置信度上升；时间趋势支持当前主风险，系统置信度上升,优先让机器人复查该区域并重新采样；若低湿状态连续出现，触发灌溉提醒,normal
2026-08-05 13:00,66.5,中高,0.62,0.189,0.618,0.159,0.011,0.011,0.007,0.006,0.0,低,drought,69.0,77.7,1.00,0.87,0.65,0.35,,P(healthy)=0.14；P(drought)=0.45；P(heat)=0.39；P(pest)=0.01；P(waterlogging)=0.01；P(low_light)=0.01；P(sensor_anomaly)=0.01,P(healthy)=0.04；P(drought)=0.83；P(heat)=0.01；P(pest)=0.05；P(waterlogging)=0.05；P(low_light)=0.01；P(sensor_anomaly)=0.01,P(healthy)=0.10；P(drought)=0.58；P(heat)=0.26；P(pest)=0.02；P(waterlogging)=0.02；P(low_light)=0.01；P(sensor_anomaly)=0.01,P(healthy)=0.19；P(drought)=0.62；P(heat)=0.16；P(pest)=0.01；P(waterlogging)=0.01；P(low_light)=0.01；P(sensor_anomaly)=0.01,soil_moisture_decreasing_6h,same_risk_state_consistent_with_previous_belief；temporal_trend_supports_dominant_state,,execute,execute_recommended_action,高风险 + 低不确定性 → 允许执行建议动作,土壤湿度偏低；图像标签疑似干旱；最近 6 小时土壤湿度持续下降，干旱状态概率上升；当前主风险与上一时刻状态信念一致，系统置信度上升；时间趋势支持当前主风险，系统置信度上升,若低湿状态连续出现，触发灌溉提醒,normal
2026-08-05 14:00,70.0,中高,0.70,0.145,0.702,0.115,0.013,0.013,0.007,0.006,0.0,低,drought,64.7,77.2,1.00,0.84,0.66,0.34,,P(healthy)=0.22；P(drought)=0.72；P(heat)=0.01；P(pest)=0.01；P(waterlogging)=0.01；P(low_light)=0.01；P(sensor_anomaly)=0.01,P(healthy)=0.05；P(drought)=0.82；P(heat)=0.01；P(pest)=0.05；P(waterlogging)=0.05；P(low_light)=0.01；P(sensor_anomaly)=0.01,P(healthy)=0.16；P(drought)=0.76；P(heat)=0.01；P(pest)=0.02；P(waterlogging)=0.02；P(low_light)=0.01；P(sensor_anomaly)=0.01,P(healthy)=0.15；P(drought)=0.70；P(heat)=0.11；P(pest)=0.01；P(waterlogging)=0.01；P(low_light)=0.01；P(sensor_anomaly)=0.01,soil_moisture_decreasing_6h；sustained_high_temperature_6h,same_risk_state_consistent_with_previous_belief；temporal_trend_supports_dominant_state,,execute,execute_recommended_action,高风险 + 低不确定性 → 允许执行建议动作,土壤湿度偏低；图像标签疑似干旱；最近 6 小时土壤湿度持续下降，干旱状态概率上升；最近 6 小时持续高温，热胁迫状态概率上升；当前主风险与上一时刻状态信念一致，系统置信度上升；时间趋势支持当前主风险，系统置信度上升,若低湿状态连续出现，触发灌溉提醒,normal
2026-08-05 15:00,72.5,中高,0.69,0.107,0.686,0.169,0.013,0.013,0.006,0.006,0.0,低,drought,69.0,76.2,1.00,0.79,0.67,0.33,,P(healthy)=0.14；P(drought)=0.45；P(heat)=0.39；P(pest)=0.01；P(waterlogging)=0.01；P(low_light)=0.01；P(sensor_anomaly)=0.01,P(healthy)=0.06；P(drought)=0.81；P(heat)=0.01；P(pest)=0.05；P(waterlogging)=0.05；P(low_light)=0.01；P(sensor_anomaly)=0.01,P(healthy)=0.11；P(drought)=0.56；P(heat)=0.27；P(pest)=0.02；P(waterlogging)=0.02；P(low_light)=0.01；P(sensor_anomaly)=0.01,P(healthy)=0.11；P(drought)=0.69；P(heat)=0.17；P(pest)=0.01；P(waterlogging)=0.01；P(low_light)=0.01；P(sensor_anomaly)=0.01,soil_moisture_decreasing_6h；sustained_high_temperature_6h,same_risk_state_consistent_with_previous_belief；temporal_trend_supports_dominant_state,,execute,execute_recommended_action,高风险 + 低不确定性 → 允许执行建议动作,土壤湿度偏低；图像标签疑似干旱；最近 6 小时土壤湿度持续下降，干旱状态概率上升；最近 6 小时持续高温，热胁迫状态概率上升；当前主风险与上一时刻状态信念一致，系统置信度上升；时间趋势支持当前主风险，系统置信度上升,若低湿状态连续出现，触发灌溉提醒,normal
2026-08-05 16:00,74.3,中高,0.76,0.088,0.757,0.119,0.013,0.013,0.006,0.006,0.0,低,drought,70.4,78.1,1.00,0.89,0.65,0.35,,P(healthy)=0.15；P(drought)=0.81；P(heat)=0.01；P(pest)=0.01；P(waterlogging)=0.01；P(low_light)=0.01；P(sensor_anomaly)=0.01,P(healthy)=0.03；P(drought)=0.84；P(heat)=0.01；P(pest)=0.05；P(waterlogging)=0.05；P(low_light)=0.01；P(sensor_anomaly)=0.01,P(healthy)=0.11；P(drought)=0.82；P(heat)=0.01；P(pest)=0.02；P(waterlogging)=0.02；P(low_light)=0.01；P(sensor_anomaly)=0.01,P(healthy)=0.09；P(drought)=0.76；P(heat)=0.12；P(pest)=0.01；P(waterlogging)=0.01；P(low_light)=0.01；P(sensor_anomaly)=0.01,soil_moisture_decreasing_6h；sustained_high_temperature_6h,same_risk_state_consistent_with_previous_belief；temporal_trend_supports_dominant_state,,execute,execute_recommended_action,高风险 + 低不确定性 → 允许执行建议动作,土壤湿度严重偏低；图像标签疑似干旱；最近 6 小时土壤湿度持续下降，干旱状态概率上升；最近 6 小时持续高温，热胁迫状态概率上升；当前主风险与上一时刻状态信念一致，系统置信度上升；时间趋势支持当前主风险，系统置信度上升,若低湿状态连续出现，触发灌溉提醒,normal
2026-08-05 17:00,74.9,中高,0.81,0.084,0.814,0.063,0.013,0.013,0.006,0.006,0.0,低,drought,70.4,76.4,1.00,0.80,0.67,0.33,,P(healthy)=0.15；P(drought)=0.81；P(heat)=0.01；P(pest)=0.01；P(waterlogging)=0.01；P(low_light)=0.01；P(sensor_anomaly)=0.01,P(healthy)=0.06；P(drought)=0.81；P(heat)=0.01；P(pest)=0.05；P(waterlogging)=0.05；P(low_light)=0.01；P(sensor_anomaly)=0.01,P(healthy)=0.12；P(drought)=0.81；P(heat)=0.01；P(pest)=0.02；P(waterlogging)=0.02；P(low_light)=0.01；P(sensor_anomaly)=0.01,P(healthy)=0.08；P(drought)=0.81；P(heat)=0.06；P(pest)=0.01；P(waterlogging)=0.01；P(low_light)=0.01；P(sensor_anomaly)=0.01,soil_moisture_decreasing_6h,same_risk_state_consistent_with_previous_belief；temporal_trend_supports_dominant_state,,execute,execute_recommended_action,高风险 + 低不确定性 → 允许执行建议动作,土壤湿度严重偏低；图像标签疑似干旱；最近 6 小时土壤湿度持续下降，干旱状态概率上升；当前主风险与上一时刻状态信念一致，系统置信度上升；时间趋势支持当前主风险，系统置信度上升,若低湿状态连续出现，触发灌溉提醒,normal
2026-08-05 18:00,69.0,中高,0.77,0.166,0.767,0.035,0.010,0.010,0.006,0.006,35.0,中,drought,70.4,12.8,1.00,0.94,0.71,0.29,环境和视觉存在冲突，降低直接执行可靠性,P(healthy)=0.15；P(drought)=0.81；P(heat)=0.01；P(pest)=0.01；P(waterlogging)=0.01；P(low_light)=0.01；P(sensor_anomaly)=0.01,P(healthy)=0.92；P(drought)=0.01；P(heat)=0.01；P(pest)=0.01；P(waterlogging)=0.01；P(low_light)=0.01；P(sensor_anomaly)=0.01,P(healthy)=0.38；P(drought)=0.58；P(heat)=0.01；P(pest)=0.01；P(waterlogging)=0.01；P(low_light)=0.01；P(sensor_anomaly)=0.01,P(healthy)=0.17；P(drought)=0.77；P(heat)=0.04；P(pest)=0.01；P(waterlogging)=0.01；P(low_light)=0.01；P(sensor_anomaly)=0.01,soil_moisture_decreasing_6h,same_risk_state_consistent_with_previous_belief；temporal_trend_supports_dominant_state,图像显示健康，但环境传感器提示较高风险,hold,recheck_before_action,高风险 + 高不确定性 → 先复查，不直接执行动作,土壤湿度严重偏低；图像标签显示作物状态健康；环境和视觉存在冲突，降低直接执行可靠性；数据冲突：图像显示健康，但环境传感器提示较高风险；最近 6 小时土壤湿度持续下降，干旱状态概率上升；当前主风险与上一时刻状态信念一致，系统置信度上升；时间趋势支持当前主风险，系统置信度上升,优先让机器人复查该区域并重新采样；若低湿状态连续出现，触发灌溉提醒,normal
2026-08-05 19:00,71.4,中高,0.74,0.123,0.736,0.021,0.097,0.012,0.006,0.006,0.0,低,drought,70.4,69.1,1.00,0.82,0.67,0.33,,P(healthy)=0.15；P(drought)=0.81；P(heat)=0.01；P(pest)=0.01；P(waterlogging)=0.01；P(low_light)=0.01；P(sensor_anomaly)=0.01,P(healthy)=0.05；P(drought)=0.05；P(heat)=0.01；P(pest)=0.82；P(waterlogging)=0.05；P(low_light)=0.01；P(sensor_anomaly)=0.01,P(healthy)=0.12；P(drought)=0.56；P(heat)=0.01；P(pest)=0.28；P(waterlogging)=0.02；P(low_light)=0.01；P(sensor_anomaly)=0.01,P(healthy)=0.12；P(drought)=0.74；P(heat)=0.02；P(pest)=0.10；P(waterlogging)=0.01；P(low_light)=0.01；P(sensor_anomaly)=0.01,soil_moisture_decreasing_6h,same_risk_state_consistent_with_previous_belief；temporal_trend_supports_dominant_state,,execute,execute_recommended_action,高风险 + 低不确定性 → 允许执行建议动作,土壤湿度严重偏低；图像标签疑似病虫害；最近 6 小时土壤湿度持续下降，干旱状态概率上升；当前主风险与上一时刻状态信念一致，系统置信度上升；时间趋势支持当前主风险，系统置信度上升,若低湿状态连续出现，触发灌溉提醒,normal
2026-08-05 20:00,67.6,中高,0.73,0.181,0.731,0.014,0.052,0.009,0.006,0.006,35.0,中,drought,70.4,14.0,1.00,0.87,0.72,0.28,环境和视觉存在冲突，降低直接执行可靠性,P(healthy)=0.15；P(drought)=0.81；P(heat)=0.01；P(pest)=0.01；P(waterlogging)=0.01；P(low_light)=0.01；P(sensor_anomaly)=0.01,P(healthy)=0.90；P(drought)=0.02；P(heat)=0.02；P(pest)=0.02；P(waterlogging)=0.02；P(low_light)=0.02；P(sensor_anomaly)=0.01,P(healthy)=0.36；P(drought)=0.59；P(heat)=0.01；P(pest)=0.01；P(waterlogging)=0.01；P(low_light)=0.01；P(sensor_anomaly)=0.01,P(healthy)=0.18；P(drought)=0.73；P(heat)=0.01；P(pest)=0.05；P(waterlogging)=0.01；P(low_light)=0.01；P(sensor_anomaly)=0.01,soil_moisture_decreasing_6h,same_risk_state_consistent_with_previous_belief；temporal_trend_supports_dominant_state,图像显示健康，但环境传感器提示较高风险,hold,recheck_before_action,高风险 + 高不确定性 → 先复查，不直接执行动作,土壤湿度严重偏低；图像标签显示作物状态健康；环境和视觉存在冲突，降低直接执行可靠性；数据冲突：图像显示健康，但环境传感器提示较高风险；最近 6 小时土壤湿度持续下降，干旱状态概率上升；当前主风险与上一时刻状态信念一致，系统置信度上升；时间趋势支持当前主风险，系统置信度上升,优先让机器人复查该区域并重新采样；若低湿状态连续出现，触发灌溉提醒,normal
2026-08-05 21:00,63.8,中高,0.70,0.235,0.699,0.012,0.032,0.009,0.007,0.006,35.0,中,drought,70.4,14.3,1.00,0.85,0.73,0.27,环境和视觉存在冲突，降低直接执行可靠性,P(healthy)=0.15；P(drought)=0.81；P(heat)=0.01；P(pest)=0.01；P(waterlogging)=0.01；P(low_light)=0.01；P(sensor_anomaly)=0.01,P(healthy)=0.90；P(drought)=0.02；P(heat)=0.02；P(pest)=0.02；P(waterlogging)=0.02；P(low_light)=0.02；P(sensor_anomaly)=0.01,P(healthy)=0.35；P(drought)=0.60；P(heat)=0.01；P(pest)=0.01；P(waterlogging)=0.01；P(low_light)=0.01；P(sensor_anomaly)=0.01,P(healthy)=0.23；P(drought)=0.70；P(heat)=0.01；P(pest)=0.03；P(waterlogging)=0.01；P(low_light)=0.01；P(sensor_anomaly)=0.01,,same_risk_state_consistent_with_previous_belief,图像显示健康，但环境传感器提示较高风险,hold,recheck_before_action,高风险 + 高不确定性 → 先复查，不直接执行动作,土壤湿度严重偏低；图像标签显示作物状态健康；环境和视觉存在冲突，降低直接执行可靠性；数据冲突：图像显示健康，但环境传感器提示较高风险；当前主风险与上一时刻状态信念一致，系统置信度上升,优先让机器人复查该区域并重新采样；若低湿状态连续出现，触发灌溉提醒,normal
2026-08-05 22:00,61.4,中高,0.68,0.268,0.677,0.010,0.021,0.009,0.008,0.007,35.0,中,drought,70.4,13.4,1.00,0.90,0.72,0.28,环境和视觉存在冲突，降低直接执行可靠性,P(healthy)=0.15；P(drought)=0.81；P(heat)=0.01；P(pest)=0.01；P(waterlogging)=0.01；P(low_light)=0.01；P(sensor_anomaly)=0.01,P(healthy)=0.91；P(drought)=0.02；P(heat)=0.02；P(pest)=0.02；P(waterlogging)=0.02；P(low_light)=0.02；P(sensor_anomaly)=0.01,P(healthy)=0.37；P(drought)=0.59；P(heat)=0.01；P(pest)=0.01；P(waterlogging)=0.01；P(low_light)=0.01；P(sensor_anomaly)=0.01,P(healthy)=0.27；P(drought)=0.68；P(heat)=0.01；P(pest)=0.02；P(waterlogging)=0.01；P(low_light)=0.01；P(sensor_anomaly)=0.01,,same_risk_state_consistent_with_previous_belief,图像显示健康，但环境传感器提示较高风险,hold,recheck_before_action,高风险 + 高不确定性 → 先复查，不直接执行动作,土壤湿度严重偏低；图像标签显示作物状态健康；环境和视觉存在冲突，降低直接执行可靠性；数据冲突：图像显示健康，但环境传感器提示较高风险；当前主风险与上一时刻状态信念一致，系统置信度上升,优先让机器人复查该区域并重新采样；若低湿状态连续出现，触发灌溉提醒,normal
2026-08-05 23:00,60.0,中高,0.66,0.288,0.665,0.009,0.015,0.008,0.008,0.007,35.0,中,drought,70.4,13.3,1.00,0.91,0.71,0.29,环境和视觉存在冲突，降低直接执行可靠性,P(healthy)=0.15；P(drought)=0.81；P(heat)=0.01；P(pest)=0.01；P(waterlogging)=0.01；P(low_light)=0.01；P(sensor_anomaly)=0.01,P(healthy)=0.91；P(drought)=0.01；P(heat)=0.01；P(pest)=0.01；P(waterlogging)=0.01；P(low_light)=0.01；P(sensor_anomaly)=0.01,P(healthy)=0.37；P(drought)=0.58；P(heat)=0.01；P(pest)=0.01；P(waterlogging)=0.01；P(low_light)=0.01；P(sensor_anomaly)=0.01,P(healthy)=0.29；P(drought)=0.66；P(heat)=0.01；P(pest)=0.02；P(waterlogging)=0.01；P(low_light)=0.01；P(sensor_anomaly)=0.01,,same_risk_state_consistent_with_previous_belief,图像显示健康，但环境传感器提示较高风险,hold,recheck_before_action,高风险 + 高不确定性 → 先复查，不直接执行动作,土壤湿度严重偏低；图像标签显示作物状态健康；环境和视觉存在冲突，降低直接执行可靠性；数据冲突：图像显示健康，但环境传感器提示较高风险；当前主风险与上一时刻状态信念一致，系统置信度上升,优先让机器人复查该区域并重新采样；若低湿状态连续出现，触发灌溉提醒,normal
2026-08-06 00:00,59.2,中,0.57,0.294,0.574,0.009,0.012,0.095,0.008,0.007,35.0,中,drought,68.8,14.1,1.00,0.86,0.72,0.28,环境和视觉存在冲突，降低直接执行可靠性,P(healthy)=0.15；P(drought)=0.50；P(heat)=0.01；P(pest)=0.01；P(waterlogging)=0.32；P(low_light)=0.01；P(sensor_anomaly)=0.01,P(healthy)=0.90；P(drought)=0.02；P(heat)=0.02；P(pest)=0.02；P(waterlogging)=0.02；P(low_light)=0.02；P(sensor_anomaly)=0.01,P(healthy)=0.36；P(drought)=0.37；P(heat)=0.01；P(pest)=0.01；P(waterlogging)=0.23；P(low_light)=0.01；P(sensor_anomaly)=0.01,P(healthy)=0.29；P(drought)=0.57；P(heat)=0.01；P(pest)=0.01；P(waterlogging)=0.10；P(low_light)=0.01；P(sensor_anomaly)=0.01,,same_risk_state_consistent_with_previous_belief,图像显示健康，但环境传感器提示较高风险,hold,resample_before_action,中风险 + 高不确定性 → 重新采样后再决策,土壤湿度偏低；图像标签显示作物状态健康；环境和视觉存在冲突，降低直接执行可靠性；数据冲突：图像显示健康，但环境传感器提示较高风险；当前主风险与上一时刻状态信念一致，系统置信度上升,优先让机器人复查该区域并重新采样；若低湿状态连续出现，触发灌溉提醒,normal
2026-08-06 01:00,57.5,中,0.59,0.319,0.586,0.010,0.011,0.056,0.009,0.008,35.0,中,drought,64.7,13.8,1.00,0.88,0.72,0.28,环境和视觉存在冲突，降低直接执行可靠性,P(healthy)=0.22；P(drought)=0.72；P(heat)=0.01；P(pest)=0.01；P(waterlogging)=0.01；P(low_light)=0.01；P(sensor_anomaly)=0.01,P(healthy)=0.91；P(drought)=0.02；P(heat)=0.02；P(pest)=0.02；P(waterlogging)=0.02；P(low_light)=0.02；P(sensor_anomaly)=0.01,P(healthy)=0.41；P(drought)=0.52；P(heat)=0.01；P(pest)=0.01；P(waterlogging)=0.01；P(low_light)=0.01；P(sensor_anomaly)=0.01,P(healthy)=0.32；P(drought)=0.59；P(heat)=0.01；P(pest)=0.01；P(waterlogging)=0.06；P(low_light)=0.01；P(sensor_anomaly)=0.01,,same_risk_state_consistent_with_previous_belief,图像显示健康，但环境传感器提示较高风险,hold,resample_before_action,中风险 + 高不确定性 → 重新采样后再决策,土壤湿度偏低；图像标签显示作物状态健康；环境和视觉存在冲突，降低直接执行可靠性；数据冲突：图像显示健康，但环境传感器提示较高风险；当前主风险与上一时刻状态信念一致，系统置信度上升,优先让机器人复查该区域并重新采样；若低湿状态连续出现，触发灌溉提醒,normal
2026-08-06 02:00,38.3,低,0.58,0.579,0.344,0.010,0.011,0.037,0.010,0.008,0.0,低,healthy,10.5,14.3,1.00,0.85,0.66,0.34,,P(healthy)=0.96；P(drought)=0.01；P(heat)=0.01；P(pest)=0.01；P(waterlogging)=0.01；P(low_light)=0.01；P(sensor_anomaly)=0.01,P(healthy)=0.90；P(drought)=0.02；P(heat)=0.02；P(pest)=0.02；P(waterlogging)=0.02；P(low_light)=0.02；P(sensor_anomaly)=0.01,P(healthy)=0.94；P(drought)=0.01；P(heat)=0.01；P(pest)=0.01；P(waterlogging)=0.01；P(low_light)=0.01；P(sensor_anomaly)=0.01,P(healthy)=0.58；P(drought)=0.34；P(heat)=0.01；P(pest)=0.01；P(waterlogging)=0.04；P(low_light)=0.01；P(sensor_anomaly)=0.01,,,,observe,routine_patrol,低风险 + 低不确定性 → 常规巡检,环境传感器指标处于正常范围；图像标签显示作物状态健康,继续常规巡检,normal
2026-08-06 03:00,27.0,低,0.73,0.733,0.204,0.010,0.010,0.025,0.010,0.008,0.0,低,healthy,10.5,12.6,1.00,0.95,0.63,0.37,,P(healthy)=0.96；P(drought)=0.01；P(heat)=0.01；P(pest)=0.01；P(waterlogging)=0.01；P(low_light)=0.01；P(sensor_anomaly)=0.01,P(healthy)=0.92；P(drought)=0.01；P(heat)=0.01；P(pest)=0.01；P(waterlogging)=0.01；P(low_light)=0.01；P(sensor_anomaly)=0.01,P(healthy)=0.95；P(drought)=0.01；P(heat)=0.01；P(pest)=0.01；P(waterlogging)=0.01；P(low_light)=0.01；P(sensor_anomaly)=0.01,P(healthy)=0.73；P(drought)=0.20；P(heat)=0.01；P(pest)=0.01；P(waterlogging)=0.03；P(low_light)=0.01；P(sensor_anomaly)=0.01,,,,observe,routine_patrol,低风险 + 低不确定性 → 常规巡检,环境传感器指标处于正常范围；图像标签显示作物状态健康,继续常规巡检,normal
2026-08-06 04:00,20.7,低,0.82,0.818,0.123,0.010,0.011,0.019,0.010,0.008,0.0,低,healthy,10.5,14.8,1.00,0.82,0.67,0.33,,P(healthy)=0.96；P(drought)=0.01；P(heat)=0.01；P(pest)=0.01；P(waterlogging)=0.01；P(low_light)=0.01；P(sensor_anomaly)=0.01,P(healthy)=0.89；P(drought)=0.02；P(heat)=0.02；P(pest)=0.02；P(waterlogging)=0.02；P(low_light)=0.02；P(sensor_anomaly)=0.01,P(healthy)=0.94；P(drought)=0.01；P(heat)=0.01；P(pest)=0.01；P(waterlogging)=0.01；P(low_light)=0.01；P(sensor_anomaly)=0.01,P(healthy)=0.82；P(drought)=0.12；P(heat)=0.01；P(pest)=0.01；P(waterlogging)=0.02；P(low_light)=0.01；P(sensor_anomaly)=0.01,,,,observe,routine_patrol,低风险 + 低不确定性 → 常规巡检,环境传感器指标处于正常范围；图像标签显示作物状态健康,继续常规巡检,normal
2026-08-06 05:00,16.7,很低,0.87,0.873,0.075,0.010,0.010,0.015,0.010,0.008,0.0,低,healthy,10.5,12.3,1.00,0.97,0.63,0.37,,P(healthy)=0.96；P(drought)=0.01；P(heat)=0.01；P(pest)=0.01；P(waterlogging)=0.01；P(low_light)=0.01；P(sensor_anomaly)=0.01,P(healthy)=0.93；P(drought)=0.01；P(heat)=0.01；P(pest)=0.01；P(waterlogging)=0.01；P(low_light)=0.01；P(sensor_anomaly)=0.01,P(healthy)=0.95；P(drought)=0.01；P(heat)=0.01；P(pest)=0.01；P(waterlogging)=0.01；P(low_light)=0.01；P(sensor_anomaly)=0.01,P(healthy)=0.87；P(drought)=0.07；P(heat)=0.01；P(pest)=0.01；P(waterlogging)=0.01；P(low_light)=0.01；P(sensor_anomaly)=0.01,,,,observe,routine_patrol,低风险 + 低不确定性 → 常规巡检,环境传感器指标处于正常范围；图像标签显示作物状态健康,继续常规巡检,normal
2026-08-06 06:00,14.5,很低,0.90,0.903,0.047,0.010,0.010,0.013,0.010,0.008,0.0,低,healthy,10.5,13.0,1.00,0.93,0.64,0.36,,P(healthy)=0.96；P(drought)=0.01；P(heat)=0.01；P(pest)=0.01；P(waterlogging)=0.01；P(low_light)=0.01；P(sensor_anomaly)=0.01,P(healthy)=0.92；P(drought)=0.01；P(heat)=0.01；P(pest)=0.01；P(waterlogging)=0.01；P(low_light)=0.01；P(sensor_anomaly)=0.01,P(healthy)=0.94；P(drought)=0.01；P(heat)=0.01；P(pest)=0.01；P(waterlogging)=0.01；P(low_light)=0.01；P(sensor_anomaly)=0.01,P(healthy)=0.90；P(drought)=0.05；P(heat)=0.01；P(pest)=0.01；P(waterlogging)=0.01；P(low_light)=0.01；P(sensor_anomaly)=0.01,,,,observe,routine_patrol,低风险 + 低不确定性 → 常规巡检,环境传感器指标处于正常范围；图像标签显示作物状态健康,继续常规巡检,normal
2026-08-06 07:00,45.0,中,0.27,0.683,0.266,0.010,0.010,0.012,0.010,0.009,47.0,中,drought,64.7,13.0,1.00,0.93,0.71,0.29,环境和视觉存在冲突，降低直接执行可靠性,P(healthy)=0.22；P(drought)=0.72；P(heat)=0.01；P(pest)=0.01；P(waterlogging)=0.01；P(low_light)=0.01；P(sensor_anomaly)=0.01,P(healthy)=0.92；P(drought)=0.01；P(heat)=0.01；P(pest)=0.01；P(waterlogging)=0.01；P(low_light)=0.01；P(sensor_anomaly)=0.01,P(healthy)=0.43；P(drought)=0.52；P(heat)=0.01；P(pest)=0.01；P(waterlogging)=0.01；P(low_light)=0.01；P(sensor_anomaly)=0.01,P(healthy)=0.68；P(drought)=0.27；P(heat)=0.01；P(pest)=0.01；P(waterlogging)=0.01；P(low_light)=0.01；P(sensor_anomaly)=0.01,soil_moisture_decreasing_6h,,图像显示健康，但环境传感器提示较高风险,hold,resample_before_action,中风险 + 高不确定性 → 重新采样后再决策,土壤湿度偏低；图像标签显示作物状态健康；环境和视觉存在冲突，降低直接执行可靠性；数据冲突：图像显示健康，但环境传感器提示较高风险；最近 6 小时土壤湿度持续下降，干旱状态概率上升,优先让机器人复查该区域并重新采样；若低湿状态连续出现，触发灌溉提醒,normal
2026-08-06 08:00,48.1,中,0.43,0.437,0.427,0.010,0.093,0.015,0.010,0.009,2.0,低,drought,64.7,67.4,1.00,0.72,0.69,0.31,,P(healthy)=0.22；P(drought)=0.72；P(heat)=0.01；P(pest)=0.01；P(waterlogging)=0.01；P(low_light)=0.01；P(sensor_anomaly)=0.01,P(healthy)=0.08；P(drought)=0.05；P(heat)=0.01；P(pest)=0.78；P(waterlogging)=0.05；P(low_light)=0.01；P(sensor_anomaly)=0.01,P(healthy)=0.18；P(drought)=0.52；P(heat)=0.01；P(pest)=0.25；P(waterlogging)=0.02；P(low_light)=0.01；P(sensor_anomaly)=0.01,P(healthy)=0.44；P(drought)=0.43；P(heat)=0.01；P(pest)=0.09；P(waterlogging)=0.01；P(low_light)=0.01；P(sensor_anomaly)=0.01,soil_moisture_decreasing_6h,temporal_trend_supports_dominant_state,,hold,monitor_more_context,风险或不确定性处于中间状态 → 继续观察并收集更多上下文,土壤湿度偏低；图像标签疑似病虫害；最近 6 小时土壤湿度持续下降，干旱状态概率上升；时间趋势支持当前主风险，系统置信度上升,若低湿状态连续出现，触发灌溉提醒,normal
2026-08-06 09:00,54.0,中,0.55,0.363,0.549,0.009,0.051,0.011,0.009,0.008,35.0,中,drought,64.7,12.8,1.00,0.94,0.71,0.29,环境和视觉存在冲突，降低直接执行可靠性,P(healthy)=0.22；P(drought)=0.72；P(heat)=0.01；P(pest)=0.01；P(waterlogging)=0.01；P(low_light)=0.01；P(sensor_anomaly)=0.01,P(healthy)=0.92；P(drought)=0.01；P(heat)=0.01；P(pest)=0.01；P(waterlogging)=0.01；P(low_light)=0.01；P(sensor_anomaly)=0.01,P(healthy)=0.43；P(drought)=0.51；P(heat)=0.01；P(pest)=0.01；P(waterlogging)=0.01；P(low_light)=0.01；P(sensor_anomaly)=0.01,P(healthy)=0.36；P(drought)=0.55；P(heat)=0.01；P(pest)=0.05；P(waterlogging)=0.01；P(low_light)=0.01；P(sensor_anomaly)=0.01,soil_moisture_decreasing_6h,same_risk_state_consistent_with_previous_belief；temporal_trend_supports_dominant_state,图像显示健康，但环境传感器提示较高风险,hold,resample_before_action,中风险 + 高不确定性 → 重新采样后再决策,土壤湿度偏低；图像标签显示作物状态健康；环境和视觉存在冲突，降低直接执行可靠性；数据冲突：图像显示健康，但环境传感器提示较高风险；最近 6 小时土壤湿度持续下降，干旱状态概率上升；当前主风险与上一时刻状态信念一致，系统置信度上升；时间趋势支持当前主风险，系统置信度上升,优先让机器人复查该区域并重新采样；若低湿状态连续出现，触发灌溉提醒,normal
2026-08-06 10:00,58.4,中,0.55,0.301,0.548,0.098,0.029,0.009,0.008,0.007,35.0,中,drought,69.0,13.8,1.00,0.88,0.72,0.28,环境和视觉存在冲突，降低直接执行可靠性,P(healthy)=0.14；P(drought)=0.45；P(heat)=0.39；P(pest)=0.01；P(waterlogging)=0.01；P(low_light)=0.01；P(sensor_anomaly)=0.01,P(healthy)=0.91；P(drought)=0.02；P(heat)=0.02；P(pest)=0.02；P(waterlogging)=0.02；P(low_light)=0.02；P(sensor_anomaly)=0.01,P(healthy)=0.35；P(drought)=0.33；P(heat)=0.29；P(pest)=0.01；P(waterlogging)=0.01；P(low_light)=0.01；P(sensor_anomaly)=0.01,P(healthy)=0.30；P(drought)=0.55；P(heat)=0.10；P(pest)=0.03；P(waterlogging)=0.01；P(low_light)=0.01；P(sensor_anomaly)=0.01,soil_moisture_decreasing_6h,same_risk_state_consistent_with_previous_belief；temporal_trend_supports_dominant_state,图像显示健康，但环境传感器提示较高风险,hold,resample_before_action,中风险 + 高不确定性 → 重新采样后再决策,土壤湿度偏低；图像标签显示作物状态健康；环境和视觉存在冲突，降低直接执行可靠性；数据冲突：图像显示健康，但环境传感器提示较高风险；最近 6 小时土壤湿度持续下降，干旱状态概率上升；当前主风险与上一时刻状态信念一致，系统置信度上升；时间趋势支持当前主风险，系统置信度上升,优先让机器人复查该区域并重新采样；若低湿状态连续出现，触发灌溉提醒,normal
2026-08-06 11:00,66.4,中高,0.62,0.191,0.625,0.139,0.022,0.011,0.007,0.006,0.0,低,drought,69.0,75.6,1.00,0.76,0.68,0.32,,P(healthy)=0.14；P(drought)=0.45；P(heat)=0.39；P(pest)=0.01；P(waterlogging)=0.01；P(low_light)=0.01；P(sensor_anomaly)=0.01,P(healthy)=0.07；P(drought)=0.80；P(heat)=0.01；P(pest)=0.05；P(waterlogging)=0.05；P(low_light)=0.01；P(sensor_anomaly)=0.01,P(healthy)=0.11；P(drought)=0.56；P(heat)=0.27；P(pest)=0.02；P(waterlogging)=0.02；P(low_light)=0.01；P(sensor_anomaly)=0.01,P(healthy)=0.19；P(drought)=0.62；P(heat)=0.14；P(pest)=0.02；P(waterlogging)=0.01；P(low_light)=0.01；P(sensor_anomaly)=0.01,soil_moisture_decreasing_6h,same_risk_state_consistent_with_previous_belief；temporal_trend_supports_dominant_state,,execute,execute_recommended_action,高风险 + 低不确定性 → 允许执行建议动作,土壤湿度偏低；图像标签疑似干旱；最近 6 小时土壤湿度持续下降，干旱状态概率上升；当前主风险与上一时刻状态信念一致，系统置信度上升；时间趋势支持当前主风险，系统置信度上升,若低湿状态连续出现，触发灌溉提醒,normal
2026-08-06 12:00,70.7,中高,0.67,0.133,0.667,0.157,0.018,0.013,0.006,0.006,0.0,低,drought,69.0,76.8,1.00,0.82,0.67,0.33,,P(healthy)=0.14；P(drought)=0.45；P(heat)=0.39；P(pest)=0.01；P(waterlogging)=0.01；P(low_light)=0.01；P(sensor_anomaly)=0.01,P(healthy)=0.05；P(drought)=0.82；P(heat)=0.01；P(pest)=0.05；P(waterlogging)=0.05；P(low_light)=0.01；P(sensor_anomaly)=0.01,P(healthy)=0.11；P(drought)=0.57；P(heat)=0.26；P(pest)=0.02；P(waterlogging)=0.02；P(low_light)=0.01；P(sensor_anomaly)=0.01,P(healthy)=0.13；P(drought)=0.67；P(heat)=0.16；P(pest)=0.02；P(waterlogging)=0.01；P(low_light)=0.01；P(sensor_anomaly)=0.01,soil_moisture_decreasing_6h,same_risk_state_consistent_with_previous_belief；temporal_trend_supports_dominant_state,,execute,execute_recommended_action,高风险 + 低不确定性 → 允许执行建议动作,土壤湿度偏低；图像标签疑似干旱；最近 6 小时土壤湿度持续下降，干旱状态概率上升；当前主风险与上一时刻状态信念一致，系统置信度上升；时间趋势支持当前主风险，系统置信度上升,若低湿状态连续出现，触发灌溉提醒,normal
2026-08-06 13:00,73.5,中高,0.70,0.094,0.697,0.172,0.015,0.012,0.005,0.005,0.0,低,drought,72.0,77.0,1.00,0.83,0.66,0.34,,P(healthy)=0.11；P(drought)=0.57；P(heat)=0.30；P(pest)=0.01；P(waterlogging)=0.01；P(low_light)=0.01；P(sensor_anomaly)=0.01,P(healthy)=0.05；P(drought)=0.82；P(heat)=0.01；P(pest)=0.05；P(waterlogging)=0.05；P(low_light)=0.01；P(sensor_anomaly)=0.01,P(healthy)=0.09；P(drought)=0.66；P(heat)=0.20；P(pest)=0.02；P(waterlogging)=0.02；P(low_light)=0.01；P(sensor_anomaly)=0.01,P(healthy)=0.09；P(drought)=0.70；P(heat)=0.17；P(pest)=0.01；P(waterlogging)=0.01；P(low_light)=0.01；P(sensor_anomaly)=0.01,soil_moisture_decreasing_6h；sustained_high_temperature_6h,same_risk_state_consistent_with_previous_belief；temporal_trend_supports_dominant_state,,execute,execute_recommended_action,高风险 + 低不确定性 → 允许执行建议动作,土壤湿度严重偏低；图像标签疑似干旱；最近 6 小时土壤湿度持续下降，干旱状态概率上升；最近 6 小时持续高温，热胁迫状态概率上升；当前主风险与上一时刻状态信念一致，系统置信度上升；时间趋势支持当前主风险，系统置信度上升,若低湿状态连续出现，触发灌溉提醒,normal
2026-08-06 14:00,74.8,中高,0.71,0.076,0.708,0.180,0.014,0.012,0.005,0.005,0.0,低,drought,72.0,75.6,1.00,0.76,0.68,0.32,,P(healthy)=0.11；P(drought)=0.57；P(heat)=0.30；P(pest)=0.01；P(waterlogging)=0.01；P(low_light)=0.01；P(sensor_anomaly)=0.01,P(healthy)=0.07；P(drought)=0.80；P(heat)=0.01；P(pest)=0.05；P(waterlogging)=0.05；P(low_light)=0.01；P(sensor_anomaly)=0.01,P(healthy)=0.09；P(drought)=0.64；P(heat)=0.21；P(pest)=0.02；P(waterlogging)=0.02；P(low_light)=0.01；P(sensor_anomaly)=0.01,P(healthy)=0.08；P(drought)=0.71；P(heat)=0.18；P(pest)=0.01；P(waterlogging)=0.01；P(low_light)=0.00；P(sensor_anomaly)=0.00,soil_moisture_decreasing_6h；sustained_high_temperature_6h,same_risk_state_consistent_with_previous_belief；temporal_trend_supports_dominant_state,,execute,execute_recommended_action,高风险 + 低不确定性 → 允许执行建议动作,土壤湿度严重偏低；图像标签疑似干旱；最近 6 小时土壤湿度持续下降，干旱状态概率上升；最近 6 小时持续高温，热胁迫状态概率上升；当前主风险与上一时刻状态信念一致，系统置信度上升；时间趋势支持当前主风险，系统置信度上升,若低湿状态连续出现，触发灌溉提醒,normal
2026-08-06 15:00,75.2,中高,0.76,0.075,0.764,0.125,0.013,0.013,0.005,0.005,0.0,低,drought,70.4,76.2,1.00,0.79,0.67,0.33,,P(healthy)=0.15；P(drought)=0.81；P(heat)=0.01；P(pest)=0.01；P(waterlogging)=0.01；P(low_light)=0.01；P(sensor_anomaly)=0.01,P(healthy)=0.06；P(drought)=0.81；P(heat)=0.01；P(pest)=0.05；P(waterlogging)=0.05；P(low_light)=0.01；P(sensor_anomaly)=0.01,P(healthy)=0.12；P(drought)=0.81；P(heat)=0.01；P(pest)=0.02；P(waterlogging)=0.02；P(low_light)=0.01；P(sensor_anomaly)=0.01,P(healthy)=0.07；P(drought)=0.76；P(heat)=0.12；P(pest)=0.01；P(waterlogging)=0.01；P(low_light)=0.01；P(sensor_anomaly)=0.01,soil_moisture_decreasing_6h；sustained_high_temperature_6h,same_risk_state_consistent_with_previous_belief；temporal_trend_supports_dominant_state,,execute,execute_recommended_action,高风险 + 低不确定性 → 允许执行建议动作,土壤湿度严重偏低；图像标签疑似干旱；最近 6 小时土壤湿度持续下降，干旱状态概率上升；最近 6 小时持续高温，热胁迫状态概率上升；当前主风险与上一时刻状态信念一致，系统置信度上升；时间趋势支持当前主风险，系统置信度上升,若低湿状态连续出现，触发灌溉提醒,normal
2026-08-06 16:00,69.8,中高,0.75,0.154,0.748,0.067,0.010,0.010,0.006,0.005,35.0,中,drought,70.4,14.5,1.00,0.84,0.73,0.27,环境和视觉存在冲突，降低直接执行可靠性,P(healthy)=0.15；P(drought)=0.81；P(heat)=0.01；P(pest)=0.01；P(waterlogging)=0.01；P(low_light)=0.01；P(sensor_anomaly)=0.01,P(healthy)=0.89；P(drought)=0.02；P(heat)=0.02；P(pest)=0.02；P(waterlogging)=0.02；P(low_light)=0.02；P(sensor_anomaly)=0.01,P(healthy)=0.35；P(drought)=0.60；P(heat)=0.01；P(pest)=0.01；P(waterlogging)=0.01；P(low_light)=0.01；P(sensor_anomaly)=0.01,P(healthy)=0.15；P(drought)=0.75；P(heat)=0.07；P(pest)=0.01；P(waterlogging)=0.01；P(low_light)=0.01；P(sensor_anomaly)=0.01,soil_moisture_decreasing_6h,same_risk_state_consistent_with_previous_belief；temporal_trend_supports_dominant_state,图像显示健康，但环境传感器提示较高风险,hold,recheck_before_action,高风险 + 高不确定性 → 先复查，不直接执行动作,土壤湿度严重偏低；图像标签显示作物状态健康；环境和视觉存在冲突，降低直接执行可靠性；数据冲突：图像显示健康，但环境传感器提示较高风险；最近 6 小时土壤湿度持续下降，干旱状态概率上升；当前主风险与上一时刻状态信念一致，系统置信度上升；时间趋势支持当前主风险，系统置信度上升,优先让机器人复查该区域并重新采样；若低湿状态连续出现，触发灌溉提醒,normal
2026-08-06 17:00,72.8,中高,0.81,0.115,0.812,0.037,0.012,0.012,0.006,0.006,0.0,低,drought,70.4,77.5,1.00,0.86,0.65,0.35,,P(healthy)=0.15；P(drought)=0.81；P(heat)=0.01；P(pest)=0.01；P(waterlogging)=0.01；P(low_light)=0.01；P(sensor_anomaly)=0.01,P(healthy)=0.04；P(drought)=0.83；P(heat)=0.01；P(pest)=0.05；P(waterlogging)=0.05；P(low_light)=0.01；P(sensor_anomaly)=0.01,P(healthy)=0.11；P(drought)=0.82；P(heat)=0.01；P(pest)=0.02；P(waterlogging)=0.02；P(low_light)=0.01；P(sensor_anomaly)=0.01,P(healthy)=0.11；P(drought)=0.81；P(heat)=0.04；P(pest)=0.01；P(waterlogging)=0.01；P(low_light)=0.01；P(sensor_anomaly)=0.01,soil_moisture_decreasing_6h,same_risk_state_consistent_with_previous_belief；temporal_trend_supports_dominant_state,,execute,execute_recommended_action,高风险 + 低不确定性 → 允许执行建议动作,土壤湿度严重偏低；图像标签疑似干旱；最近 6 小时土壤湿度持续下降，干旱状态概率上升；当前主风险与上一时刻状态信念一致，系统置信度上升；时间趋势支持当前主风险，系统置信度上升,若低湿状态连续出现，触发灌溉提醒,normal
2026-08-06 18:00,68.4,中高,0.77,0.176,0.771,0.022,0.010,0.009,0.006,0.006,35.0,中,drought,70.4,14.1,1.00,0.86,0.72,0.28,环境和视觉存在冲突，降低直接执行可靠性,P(healthy)=0.15；P(drought)=0.81；P(heat)=0.01；P(pest)=0.01；P(waterlogging)=0.01；P(low_light)=0.01；P(sensor_anomaly)=0.01,P(healthy)=0.90；P(drought)=0.02；P(heat)=0.02；P(pest)=0.02；P(waterlogging)=0.02；P(low_light)=0.02；P(sensor_anomaly)=0.01,P(healthy)=0.36；P(drought)=0.59；P(heat)=0.01；P(pest)=0.01；P(waterlogging)=0.01；P(low_light)=0.01；P(sensor_anomaly)=0.01,P(healthy)=0.18；P(drought)=0.77；P(heat)=0.02；P(pest)=0.01；P(waterlogging)=0.01；P(low_light)=0.01；P(sensor_anomaly)=0.01,soil_moisture_decreasing_6h,same_risk_state_consistent_with_previous_belief；temporal_trend_supports_dominant_state,图像显示健康，但环境传感器提示较高风险,hold,recheck_before_action,高风险 + 高不确定性 → 先复查，不直接执行动作,土壤湿度严重偏低；图像标签显示作物状态健康；环境和视觉存在冲突，降低直接执行可靠性；数据冲突：图像显示健康，但环境传感器提示较高风险；最近 6 小时土壤湿度持续下降，干旱状态概率上升；当前主风险与上一时刻状态信念一致，系统置信度上升；时间趋势支持当前主风险，系统置信度上升,优先让机器人复查该区域并重新采样；若低湿状态连续出现，触发灌溉提醒,normal
2026-08-06 19:00,65.6,中高,0.74,0.215,0.744,0.014,0.008,0.008,0.006,0.006,35.0,中,drought,70.4,12.5,1.00,0.96,0.70,0.30,环境和视觉存在冲突，降低直接执行可靠性,P(healthy)=0.15；P(drought)=0.81；P(heat)=0.01；P(pest)=0.01；P(waterlogging)=0.01；P(low_light)=0.01；P(sensor_anomaly)=0.01,P(healthy)=0.93；P(drought)=0.01；P(heat)=0.01；P(pest)=0.01；P(waterlogging)=0.01；P(low_light)=0.01；P(sensor_anomaly)=0.01,P(healthy)=0.38；P(drought)=0.57；P(heat)=0.01；P(pest)=0.01；P(waterlogging)=0.01；P(low_light)=0.01；P(sensor_anomaly)=0.01,P(healthy)=0.21；P(drought)=0.74；P(heat)=0.01；P(pest)=0.01；P(waterlogging)=0.01；P(low_light)=0.01；P(sensor_anomaly)=0.01,soil_moisture_decreasing_6h,same_risk_state_consistent_with_previous_belief；temporal_trend_supports_dominant_state,图像显示健康，但环境传感器提示较高风险,hold,recheck_before_action,高风险 + 高不确定性 → 先复查，不直接执行动作,土壤湿度严重偏低；图像标签显示作物状态健康；环境和视觉存在冲突，降低直接执行可靠性；数据冲突：图像显示健康，但环境传感器提示较高风险；最近 6 小时土壤湿度持续下降，干旱状态概率上升；当前主风险与上一时刻状态信念一致，系统置信度上升；时间趋势支持当前主风险，系统置信度上升,优先让机器人复查该区域并重新采样；若低湿状态连续出现，触发灌溉提醒,normal
2026-08-06 20:00,64.3,中高,0.73,0.232,0.731,0.010,0.007,0.007,0.006,0.006,35.0,中,drought,70.4,13.0,1.00,0.93,0.71,0.29,环境和视觉存在冲突，降低直接执行可靠性,P(healthy)=0.15；P(drought)=0.81；P(heat)=0.01；P(pest)=0.01；P(waterlogging)=0.01；P(low_light)=0.01；P(sensor_anomaly)=0.01,P(healthy)=0.92；P(drought)=0.01；P(heat)=0.01；P(pest)=0.01；P(waterlogging)=0.01；P(low_light)=0.01；P(sensor_anomaly)=0.01,P(healthy)=0.37；P(drought)=0.58；P(heat)=0.01；P(pest)=0.01；P(waterlogging)=0.01；P(low_light)=0.01；P(sensor_anomaly)=0.01,P(healthy)=0.23；P(drought)=0.73；P(heat)=0.01；P(pest)=0.01；P(waterlogging)=0.01；P(low_light)=0.01；P(sensor_anomaly)=0.01,soil_moisture_decreasing_6h,same_risk_state_consistent_with_previous_belief；temporal_trend_supports_dominant_state,图像显示健康，但环境传感器提示较高风险,hold,recheck_before_action,高风险 + 高不确定性 → 先复查，不直接执行动作,土壤湿度严重偏低；图像标签显示作物状态健康；环境和视觉存在冲突，降低直接执行可靠性；数据冲突：图像显示健康，但环境传感器提示较高风险；最近 6 小时土壤湿度持续下降，干旱状态概率上升；当前主风险与上一时刻状态信念一致，系统置信度上升；时间趋势支持当前主风险，系统置信度上升,优先让机器人复查该区域并重新采样；若低湿状态连续出现，触发灌溉提醒,normal
2026-08-06 21:00,61.7,中高,0.69,0.267,0.695,0.009,0.008,0.008,0.007,0.006,35.0,中,drought,70.4,13.4,1.00,0.90,0.72,0.28,环境和视觉存在冲突，降低直接执行可靠性,P(healthy)=0.15；P(drought)=0.81；P(heat)=0.01；P(pest)=0.01；P(waterlogging)=0.01；P(low_light)=0.01；P(sensor_anomaly)=0.01,P(healthy)=0.91；P(drought)=0.02；P(heat)=0.02；P(pest)=0.02；P(waterlogging)=0.02；P(low_light)=0.02；P(sensor_anomaly)=0.01,P(healthy)=0.37；P(drought)=0.59；P(heat)=0.01；P(pest)=0.01；P(waterlogging)=0.01；P(low_light)=0.01；P(sensor_anomaly)=0.01,P(healthy)=0.27；P(drought)=0.69；P(heat)=0.01；P(pest)=0.01；P(waterlogging)=0.01；P(low_light)=0.01；P(sensor_anomaly)=0.01,,same_risk_state_consistent_with_previous_belief,图像显示健康，但环境传感器提示较高风险,hold,recheck_before_action,高风险 + 高不确定性 → 先复查，不直接执行动作,土壤湿度严重偏低；图像标签显示作物状态健康；环境和视觉存在冲突，降低直接执行可靠性；数据冲突：图像显示健康，但环境传感器提示较高风险；当前主风险与上一时刻状态信念一致，系统置信度上升,优先让机器人复查该区域并重新采样；若低湿状态连续出现，触发灌溉提醒,normal
2026-08-06 22:00,60.6,中高,0.68,0.281,0.679,0.009,0.008,0.008,0.008,0.007,35.0,中,drought,70.4,14.3,1.00,0.85,0.73,0.27,环境和视觉存在冲突，降低直接执行可靠性,P(healthy)=0.15；P(drought)=0.81；P(heat)=0.01；P(pest)=0.01；P(waterlogging)=0.01；P(low_light)=0.01；P(sensor_anomaly)=0.01,P(healthy)=0.90；P(drought)=0.02；P(heat)=0.02；P(pest)=0.02；P(waterlogging)=0.02；P(low_light)=0.02；P(sensor_anomaly)=0.01,P(healthy)=0.35；P(drought)=0.60；P(heat)=0.01；P(pest)=0.01；P(waterlogging)=0.01；P(low_light)=0.01；P(sensor_anomaly)=0.01,P(healthy)=0.28；P(drought)=0.68；P(heat)=0.01；P(pest)=0.01；P(waterlogging)=0.01；P(low_light)=0.01；P(sensor_anomaly)=0.01,,same_risk_state_consistent_with_previous_belief,图像显示健康，但环境传感器提示较高风险,hold,recheck_before_action,高风险 + 高不确定性 → 先复查，不直接执行动作,土壤湿度严重偏低；图像标签显示作物状态健康；环境和视觉存在冲突，降低直接执行可靠性；数据冲突：图像显示健康，但环境传感器提示较高风险；当前主风险与上一时刻状态信念一致，系统置信度上升,优先让机器人复查该区域并重新采样；若低湿状态连续出现，触发灌溉提醒,normal
2026-08-06 23:00,60.1,中高,0.67,0.288,0.671,0.009,0.008,0.008,0.008,0.007,35.0,中,drought,70.4,14.5,1.00,0.84,0.73,0.27,环境和视觉存在冲突，降低直接执行可靠性,P(healthy)=0.15；P(drought)=0.81；P(heat)=0.01；P(pest)=0.01；P(waterlogging)=0.01；P(low_light)=0.01；P(sensor_anomaly)=0.01,P(healthy)=0.89；P(drought)=0.02；P(heat)=0.02；P(pest)=0.02；P(waterlogging)=0.02；P(low_light)=0.02；P(sensor_anomaly)=0.01,P(healthy)=0.35；P(drought)=0.60；P(heat)=0.01；P(pest)=0.01；P(waterlogging)=0.01；P(low_light)=0.01；P(sensor_anomaly)=0.01,P(healthy)=0.29；P(drought)=0.67；P(heat)=0.01；P(pest)=0.01；P(waterlogging)=0.01；P(low_light)=0.01；P(sensor_anomaly)=0.01,,same_risk_state_consistent_with_previous_belief,图像显示健康，但环境传感器提示较高风险,hold,recheck_before_action,高风险 + 高不确定性 → 先复查，不直接执行动作,土壤湿度严重偏低；图像标签显示作物状态健康；环境和视觉存在冲突，降低直接执行可靠性；数据冲突：图像显示健康，但环境传感器提示较高风险；当前主风险与上一时刻状态信念一致，系统置信度上升,优先让机器人复查该区域并重新采样；若低湿状态连续出现，触发灌溉提醒,normal
2026-08-07 00:00,59.3,中,0.66,0.298,0.662,0.009,0.008,0.008,0.008,0.007,35.0,中,drought,70.4,13.3,1.00,0.91,0.71,0.29,环境和视觉存在冲突，降低直接执行可靠性,P(healthy)=0.15；P(drought)=0.81；P(heat)=0.01；P(pest)=0.01；P(waterlogging)=0.01；P(low_light)=0.01；P(sensor_anomaly)=0.01,P(healthy)=0.91；P(drought)=0.01；P(heat)=0.01；P(pest)=0.01；P(waterlogging)=0.01；P(low_light)=0.01；P(sensor_anomaly)=0.01,P(healthy)=0.37；P(drought)=0.58；P(heat)=0.01；P(pest)=0.01；P(waterlogging)=0.01；P(low_light)=0.01；P(sensor_anomaly)=0.01,P(healthy)=0.30；P(drought)=0.66；P(heat)=0.01；P(pest)=0.01；P(waterlogging)=0.01；P(low_light)=0.01；P(sensor_anomaly)=0.01,,same_risk_state_consistent_with_previous_belief,图像显示健康，但环境传感器提示较高风险,hold,resample_before_action,中风险 + 高不确定性 → 重新采样后再决策,土壤湿度严重偏低；图像标签显示作物状态健康；环境和视觉存在冲突，降低直接执行可靠性；数据冲突：图像显示健康，但环境传感器提示较高风险；当前主风险与上一时刻状态信念一致，系统置信度上升,优先让机器人复查该区域并重新采样；若低湿状态连续出现，触发灌溉提醒,normal
2026-08-07 01:00,58.9,中,0.66,0.303,0.657,0.008,0.008,0.008,0.008,0.007,35.0,中,drought,70.4,13.3,1.00,0.91,0.71,0.29,环境和视觉存在冲突，降低直接执行可靠性,P(healthy)=0.15；P(drought)=0.81；P(heat)=0.01；P(pest)=0.01；P(waterlogging)=0.01；P(low_light)=0.01；P(sensor_anomaly)=0.01,P(healthy)=0.91；P(drought)=0.01；P(heat)=0.01；P(pest)=0.01；P(waterlogging)=0.01；P(low_light)=0.01；P(sensor_anomaly)=0.01,P(healthy)=0.37；P(drought)=0.58；P(heat)=0.01；P(pest)=0.01；P(waterlogging)=0.01；P(low_light)=0.01；P(sensor_anomaly)=0.01,P(healthy)=0.30；P(drought)=0.66；P(heat)=0.01；P(pest)=0.01；P(waterlogging)=0.01；P(low_light)=0.01；P(sensor_anomaly)=0.01,,same_risk_state_consistent_with_previous_belief,图像显示健康，但环境传感器提示较高风险,hold,resample_before_action,中风险 + 高不确定性 → 重新采样后再决策,土壤湿度严重偏低；图像标签显示作物状态健康；环境和视觉存在冲突，降低直接执行可靠性；数据冲突：图像显示健康，但环境传感器提示较高风险；当前主风险与上一时刻状态信念一致，系统置信度上升,优先让机器人复查该区域并重新采样；若低湿状态连续出现，触发灌溉提醒,normal
2026-08-07 02:00,58.5,中,0.65,0.309,0.652,0.008,0.008,0.008,0.008,0.007,35.0,中,drought,70.4,12.8,1.00,0.94,0.71,0.29,环境和视觉存在冲突，降低直接执行可靠性,P(healthy)=0.15；P(drought)=0.81；P(heat)=0.01；P(pest)=0.01；P(waterlogging)=0.01；P(low_light)=0.01；P(sensor_anomaly)=0.01,P(healthy)=0.92；P(drought)=0.01；P(heat)=0.01；P(pest)=0.01；P(waterlogging)=0.01；P(low_light)=0.01；P(sensor_anomaly)=0.01,P(healthy)=0.38；P(drought)=0.58；P(heat)=0.01；P(pest)=0.01；P(waterlogging)=0.01；P(low_light)=0.01；P(sensor_anomaly)=0.01,P(healthy)=0.31；P(drought)=0.65；P(heat)=0.01；P(pest)=0.01；P(waterlogging)=0.01；P(low_light)=0.01；P(sensor_anomaly)=0.01,,same_risk_state_consistent_with_previous_belief,图像显示健康，但环境传感器提示较高风险,hold,resample_before_action,中风险 + 高不确定性 → 重新采样后再决策,土壤湿度严重偏低；图像标签显示作物状态健康；环境和视觉存在冲突，降低直接执行可靠性；数据冲突：图像显示健康，但环境传感器提示较高风险；当前主风险与上一时刻状态信念一致，系统置信度上升,优先让机器人复查该区域并重新采样；若低湿状态连续出现，触发灌溉提醒,normal
2026-08-07 03:00,59.1,中,0.66,0.301,0.658,0.009,0.008,0.008,0.008,0.007,35.0,中,drought,70.4,14.8,1.00,0.82,0.73,0.27,环境和视觉存在冲突，降低直接执行可靠性,P(healthy)=0.15；P(drought)=0.81；P(heat)=0.01；P(pest)=0.01；P(waterlogging)=0.01；P(low_light)=0.01；P(sensor_anomaly)=0.01,P(healthy)=0.89；P(drought)=0.02；P(heat)=0.02；P(pest)=0.02；P(waterlogging)=0.02；P(low_light)=0.02；P(sensor_anomaly)=0.01,P(healthy)=0.35；P(drought)=0.60；P(heat)=0.01；P(pest)=0.01；P(waterlogging)=0.01；P(low_light)=0.01；P(sensor_anomaly)=0.01,P(healthy)=0.30；P(drought)=0.66；P(heat)=0.01；P(pest)=0.01；P(waterlogging)=0.01；P(low_light)=0.01；P(sensor_anomaly)=0.01,,same_risk_state_consistent_with_previous_belief,图像显示健康，但环境传感器提示较高风险,hold,resample_before_action,中风险 + 高不确定性 → 重新采样后再决策,土壤湿度严重偏低；图像标签显示作物状态健康；环境和视觉存在冲突，降低直接执行可靠性；数据冲突：图像显示健康，但环境传感器提示较高风险；当前主风险与上一时刻状态信念一致，系统置信度上升,优先让机器人复查该区域并重新采样；若低湿状态连续出现，触发灌溉提醒,normal
2026-08-07 04:00,64.8,中高,0.65,0.211,0.653,0.008,0.100,0.013,0.008,0.007,0.0,低,drought,70.4,67.4,1.00,0.72,0.69,0.31,,P(healthy)=0.15；P(drought)=0.81；P(heat)=0.01；P(pest)=0.01；P(waterlogging)=0.01；P(low_light)=0.01；P(sensor_anomaly)=0.01,P(healthy)=0.08；P(drought)=0.05；P(heat)=0.01；P(pest)=0.78；P(waterlogging)=0.05；P(low_light)=0.01；P(sensor_anomaly)=0.01,P(healthy)=0.13；P(drought)=0.58；P(heat)=0.01；P(pest)=0.24；P(waterlogging)=0.02；P(low_light)=0.01；P(sensor_anomaly)=0.01,P(healthy)=0.21；P(drought)=0.65；P(heat)=0.01；P(pest)=0.10；P(waterlogging)=0.01；P(low_light)=0.01；P(sensor_anomaly)=0.01,,same_risk_state_consistent_with_previous_belief,,execute,execute_recommended_action,高风险 + 低不确定性 → 允许执行建议动作,土壤湿度严重偏低；图像标签疑似病虫害；当前主风险与上一时刻状态信念一致，系统置信度上升,若低湿状态连续出现，触发灌溉提醒,normal
2026-08-07 05:00,62.5,中高,0.66,0.248,0.659,0.009,0.058,0.011,0.009,0.007,35.0,中,drought,70.4,14.8,1.00,0.82,0.73,0.27,环境和视觉存在冲突，降低直接执行可靠性,P(healthy)=0.15；P(drought)=0.81；P(heat)=0.01；P(pest)=0.01；P(waterlogging)=0.01；P(low_light)=0.01；P(sensor_anomaly)=0.01,P(healthy)=0.89；P(drought)=0.02；P(heat)=0.02；P(pest)=0.02；P(waterlogging)=0.02；P(low_light)=0.02；P(sensor_anomaly)=0.01,P(healthy)=0.35；P(drought)=0.60；P(heat)=0.01；P(pest)=0.01；P(waterlogging)=0.01；P(low_light)=0.01；P(sensor_anomaly)=0.01,P(healthy)=0.25；P(drought)=0.66；P(heat)=0.01；P(pest)=0.06；P(waterlogging)=0.01；P(low_light)=0.01；P(sensor_anomaly)=0.01,,same_risk_state_consistent_with_previous_belief,图像显示健康，但环境传感器提示较高风险,hold,recheck_before_action,高风险 + 高不确定性 → 先复查，不直接执行动作,土壤湿度严重偏低；图像标签显示作物状态健康；环境和视觉存在冲突，降低直接执行可靠性；数据冲突：图像显示健康，但环境传感器提示较高风险；当前主风险与上一时刻状态信念一致，系统置信度上升,优先让机器人复查该区域并重新采样；若低湿状态连续出现，触发灌溉提醒,normal
2026-08-07 06:00,60.4,中高,0.65,0.280,0.652,0.008,0.035,0.009,0.008,0.007,35.0,中,drought,70.4,12.6,1.00,0.95,0.70,0.30,环境和视觉存在冲突，降低直接执行可靠性,P(healthy)=0.15；P(drought)=0.81；P(heat)=0.01；P(pest)=0.01；P(waterlogging)=0.01；P(low_light)=0.01；P(sensor_anomaly)=0.01,P(healthy)=0.92；P(drought)=0.01；P(heat)=0.01；P(pest)=0.01；P(waterlogging)=0.01；P(low_light)=0.01；P(sensor_anomaly)=0.01,P(healthy)=0.38；P(drought)=0.58；P(heat)=0.01；P(pest)=0.01；P(waterlogging)=0.01；P(low_light)=0.01；P(sensor_anomaly)=0.01,P(healthy)=0.28；P(drought)=0.65；P(heat)=0.01；P(pest)=0.03；P(waterlogging)=0.01；P(low_light)=0.01；P(sensor_anomaly)=0.01,,same_risk_state_consistent_with_previous_belief,图像显示健康，但环境传感器提示较高风险,hold,recheck_before_action,高风险 + 高不确定性 → 先复查，不直接执行动作,土壤湿度严重偏低；图像标签显示作物状态健康；环境和视觉存在冲突，降低直接执行可靠性；数据冲突：图像显示健康，但环境传感器提示较高风险；当前主风险与上一时刻状态信念一致，系统置信度上升,优先让机器人复查该区域并重新采样；若低湿状态连续出现，触发灌溉提醒,normal
2026-08-07 07:00,66.5,中高,0.74,0.198,0.739,0.008,0.027,0.013,0.008,0.007,0.0,低,drought,70.4,75.8,1.00,0.77,0.68,0.32,,P(healthy)=0.15；P(drought)=0.81；P(heat)=0.01；P(pest)=0.01；P(waterlogging)=0.01；P(low_light)=0.01；P(sensor_anomaly)=0.01,P(healthy)=0.06；P(drought)=0.80；P(heat)=0.01；P(pest)=0.05；P(waterlogging)=0.05；P(low_light)=0.01；P(sensor_anomaly)=0.01,P(healthy)=0.12；P(drought)=0.81；P(heat)=0.01；P(pest)=0.02；P(waterlogging)=0.02；P(low_light)=0.01；P(sensor_anomaly)=0.01,P(healthy)=0.20；P(drought)=0.74；P(heat)=0.01；P(pest)=0.03；P(waterlogging)=0.01；P(low_light)=0.01；P(sensor_anomaly)=0.01,,same_risk_state_consistent_with_previous_belief,,execute,execute_recommended_action,高风险 + 低不确定性 → 允许执行建议动作,土壤湿度严重偏低；图像标签疑似干旱；当前主风险与上一时刻状态信念一致，系统置信度上升,若低湿状态连续出现，触发灌溉提醒,normal
2026-08-07 08:00,70.3,中高,0.79,0.148,0.791,0.008,0.023,0.015,0.008,0.007,0.0,低,drought,70.4,78.3,1.00,0.90,0.64,0.36,,P(healthy)=0.15；P(drought)=0.81；P(heat)=0.01；P(pest)=0.01；P(waterlogging)=0.01；P(low_light)=0.01；P(sensor_anomaly)=0.01,P(healthy)=0.03；P(drought)=0.84；P(heat)=0.01；P(pest)=0.05；P(waterlogging)=0.05；P(low_light)=0.01；P(sensor_anomaly)=0.01,P(healthy)=0.11；P(drought)=0.82；P(heat)=0.01；P(pest)=0.02；P(waterlogging)=0.02；P(low_light)=0.01；P(sensor_anomaly)=0.01,P(healthy)=0.15；P(drought)=0.79；P(heat)=0.01；P(pest)=0.02；P(waterlogging)=0.02；P(low_light)=0.01；P(sensor_anomaly)=0.01,,same_risk_state_consistent_with_previous_belief,,execute,execute_recommended_action,高风险 + 低不确定性 → 允许执行建议动作,土壤湿度严重偏低；图像标签疑似干旱；当前主风险与上一时刻状态信念一致，系统置信度上升,若低湿状态连续出现，触发灌溉提醒,normal
2026-08-07 09:00,72.2,中高,0.75,0.116,0.749,0.086,0.020,0.016,0.007,0.007,0.0,低,drought,72.0,75.4,1.00,0.75,0.69,0.31,,P(healthy)=0.11；P(drought)=0.57；P(heat)=0.30；P(pest)=0.01；P(waterlogging)=0.01；P(low_light)=0.01；P(sensor_anomaly)=0.01,P(healthy)=0.07；P(drought)=0.79；P(heat)=0.01；P(pest)=0.05；P(waterlogging)=0.05；P(low_light)=0.01；P(sensor_anomaly)=0.01,P(healthy)=0.09；P(drought)=0.64；P(heat)=0.21；P(pest)=0.02；P(waterlogging)=0.02；P(low_light)=0.01；P(sensor_anomaly)=0.01,P(healthy)=0.12；P(drought)=0.75；P(heat)=0.09；P(pest)=0.02；P(waterlogging)=0.02；P(low_light)=0.01；P(sensor_anomaly)=0.01,,same_risk_state_consistent_with_previous_belief,,execute,execute_recommended_action,高风险 + 低不确定性 → 允许执行建议动作,土壤湿度严重偏低；图像标签疑似干旱；当前主风险与上一时刻状态信念一致，系统置信度上升,若低湿状态连续出现，触发灌溉提醒,normal
2026-08-07 10:00,73.4,中高,0.80,0.104,0.797,0.049,0.019,0.017,0.007,0.007,0.0,低,drought,70.4,78.4,1.00,0.91,0.64,0.36,,P(healthy)=0.15；P(drought)=0.81；P(heat)=0.01；P(pest)=0.01；P(waterlogging)=0.01；P(low_light)=0.01；P(sensor_anomaly)=0.01,P(healthy)=0.03；P(drought)=0.85；P(heat)=0.01；P(pest)=0.05；P(waterlogging)=0.05；P(low_light)=0.01；P(sensor_anomaly)=0.01,P(healthy)=0.11；P(drought)=0.82；P(heat)=0.01；P(pest)=0.02；P(waterlogging)=0.02；P(low_light)=0.01；P(sensor_anomaly)=0.01,P(healthy)=0.10；P(drought)=0.80；P(heat)=0.05；P(pest)=0.02；P(waterlogging)=0.02；P(low_light)=0.01；P(sensor_anomaly)=0.01,,same_risk_state_consistent_with_previous_belief,,execute,execute_recommended_action,高风险 + 低不确定性 → 允许执行建议动作,土壤湿度严重偏低；图像标签疑似干旱；当前主风险与上一时刻状态信念一致，系统置信度上升,若低湿状态连续出现，触发灌溉提醒,normal
2026-08-07 11:00,74.3,中高,0.76,0.087,0.762,0.104,0.018,0.017,0.007,0.007,0.0,低,drought,72.0,78.1,1.00,0.89,0.65,0.35,,P(healthy)=0.11；P(drought)=0.57；P(heat)=0.30；P(pest)=0.01；P(waterlogging)=0.01；P(low_light)=0.01；P(sensor_anomaly)=0.01,P(healthy)=0.03；P(drought)=0.84；P(heat)=0.01；P(pest)=0.05；P(waterlogging)=0.05；P(low_light)=0.01；P(sensor_anomaly)=0.01,P(healthy)=0.08；P(drought)=0.67；P(heat)=0.20；P(pest)=0.02；P(waterlogging)=0.02；P(low_light)=0.01；P(sensor_anomaly)=0.01,P(healthy)=0.09；P(drought)=0.76；P(heat)=0.10；P(pest)=0.02；P(waterlogging)=0.02；P(low_light)=0.01；P(sensor_anomaly)=0.01,,same_risk_state_consistent_with_previous_belief,,execute,execute_recommended_action,高风险 + 低不确定性 → 允许执行建议动作,土壤湿度严重偏低；图像标签疑似干旱；当前主风险与上一时刻状态信念一致，系统置信度上升,若低湿状态连续出现，触发灌溉提醒,normal
2026-08-07 12:00,74.6,中高,0.74,0.081,0.737,0.135,0.017,0.017,0.006,0.006,0.0,低,drought,72.0,76.4,1.00,0.80,0.67,0.33,,P(healthy)=0.11；P(drought)=0.57；P(heat)=0.30；P(pest)=0.01；P(waterlogging)=0.01；P(low_light)=0.01；P(sensor_anomaly)=0.01,P(healthy)=0.06；P(drought)=0.81；P(heat)=0.01；P(pest)=0.05；P(waterlogging)=0.05；P(low_light)=0.01；P(sensor_anomaly)=0.01,P(healthy)=0.09；P(drought)=0.65；P(heat)=0.21；P(pest)=0.02；P(waterlogging)=0.02；P(low_light)=0.01；P(sensor_anomaly)=0.01,P(healthy)=0.08；P(drought)=0.74；P(heat)=0.14；P(pest)=0.02；P(waterlogging)=0.02；P(low_light)=0.01；P(sensor_anomaly)=0.01,,same_risk_state_consistent_with_previous_belief,,execute,execute_recommended_action,高风险 + 低不确定性 → 允许执行建议动作,土壤湿度严重偏低；图像标签疑似干旱；当前主风险与上一时刻状态信念一致，系统置信度上升,若低湿状态连续出现，触发灌溉提醒,normal
2026-08-07 13:00,74.5,中高,0.72,0.080,0.720,0.154,0.017,0.016,0.006,0.006,0.0,低,drought,72.0,75.4,1.00,0.75,0.69,0.31,,P(healthy)=0.11；P(drought)=0.57；P(heat)=0.30；P(pest)=0.01；P(waterlogging)=0.01；P(low_light)=0.01；P(sensor_anomaly)=0.01,P(healthy)=0.07；P(drought)=0.79；P(heat)=0.01；P(pest)=0.05；P(waterlogging)=0.05；P(low_light)=0.01；P(sensor_anomaly)=0.01,P(healthy)=0.09；P(drought)=0.64；P(heat)=0.21；P(pest)=0.02；P(waterlogging)=0.02；P(low_light)=0.01；P(sensor_anomaly)=0.01,P(healthy)=0.08；P(drought)=0.72；P(heat)=0.15；P(pest)=0.02；P(waterlogging)=0.02；P(low_light)=0.01；P(sensor_anomaly)=0.01,,same_risk_state_consistent_with_previous_belief,,execute,execute_recommended_action,高风险 + 低不确定性 → 允许执行建议动作,土壤湿度严重偏低；图像标签疑似干旱；当前主风险与上一时刻状态信念一致，系统置信度上升,若低湿状态连续出现，触发灌溉提醒,normal
2026-08-07 14:00,74.5,中高,0.78,0.086,0.780,0.086,0.017,0.017,0.007,0.007,0.0,低,drought,70.4,77.7,1.00,0.87,0.65,0.35,,P(healthy)=0.15；P(drought)=0.81；P(heat)=0.01；P(pest)=0.01；P(waterlogging)=0.01；P(low_light)=0.01；P(sensor_anomaly)=0.01,P(healthy)=0.04；P(drought)=0.83；P(heat)=0.01；P(pest)=0.05；P(waterlogging)=0.05；P(low_light)=0.01；P(sensor_anomaly)=0.01,P(healthy)=0.11；P(drought)=0.82；P(heat)=0.01；P(pest)=0.02；P(waterlogging)=0.02；P(low_light)=0.01；P(sensor_anomaly)=0.01,P(healthy)=0.09；P(drought)=0.78；P(heat)=0.09；P(pest)=0.02；P(waterlogging)=0.02；P(low_light)=0.01；P(sensor_anomaly)=0.01,,same_risk_state_consistent_with_previous_belief,,execute,execute_recommended_action,高风险 + 低不确定性 → 允许执行建议动作,土壤湿度严重偏低；图像标签疑似干旱；当前主风险与上一时刻状态信念一致，系统置信度上升,若低湿状态连续出现，触发灌溉提醒,normal
2026-08-07 15:00,74.5,中高,0.81,0.088,0.813,0.050,0.018,0.017,0.007,0.007,0.0,低,drought,70.4,78.3,1.00,0.90,0.64,0.36,,P(healthy)=0.15；P(drought)=0.81；P(heat)=0.01；P(pest)=0.01；P(waterlogging)=0.01；P(low_light)=0.01；P(sensor_anomaly)=0.01,P(healthy)=0.03；P(drought)=0.84；P(heat)=0.01；P(pest)=0.05；P(waterlogging)=0.05；P(low_light)=0.01；P(sensor_anomaly)=0.01,P(healthy)=0.11；P(drought)=0.82；P(heat)=0.01；P(pest)=0.02；P(waterlogging)=0.02；P(low_light)=0.01；P(sensor_anomaly)=0.01,P(healthy)=0.09；P(drought)=0.81；P(heat)=0.05；P(pest)=0.02；P(waterlogging)=0.02；P(low_light)=0.01；P(sensor_anomaly)=0.01,,same_risk_state_consistent_with_previous_belief,,execute,execute_recommended_action,高风险 + 低不确定性 → 允许执行建议动作,土壤湿度严重偏低；图像标签疑似干旱；当前主风险与上一时刻状态信念一致，系统置信度上升,若低湿状态连续出现，触发灌溉提醒,normal
2026-08-07 16:00,74.1,中高,0.82,0.096,0.825,0.030,0.018,0.017,0.007,0.007,0.0,低,drought,70.4,75.4,1.00,0.75,0.69,0.31,,P(healthy)=0.15；P(drought)=0.81；P(heat)=0.01；P(pest)=0.01；P(waterlogging)=0.01；P(low_light)=0.01；P(sensor_anomaly)=0.01,P(healthy)=0.07；P(drought)=0.79；P(heat)=0.01；P(pest)=0.05；P(waterlogging)=0.05；P(low_light)=0.01；P(sensor_anomaly)=0.01,P(healthy)=0.12；P(drought)=0.81；P(heat)=0.01；P(pest)=0.02；P(waterlogging)=0.02；P(low_light)=0.01；P(sensor_anomaly)=0.01,P(healthy)=0.10；P(drought)=0.82；P(heat)=0.03；P(pest)=0.02；P(waterlogging)=0.02；P(low_light)=0.01；P(sensor_anomaly)=0.01,,same_risk_state_consistent_with_previous_belief,,execute,execute_recommended_action,高风险 + 低不确定性 → 允许执行建议动作,土壤湿度严重偏低；图像标签疑似干旱；当前主风险与上一时刻状态信念一致，系统置信度上升,若低湿状态连续出现，触发灌溉提醒,normal
2026-08-07 17:00,73.9,中高,0.83,0.099,0.832,0.020,0.018,0.018,0.007,0.007,0.0,低,drought,70.4,75.8,1.00,0.77,0.68,0.32,,P(healthy)=0.15；P(drought)=0.81；P(heat)=0.01；P(pest)=0.01；P(waterlogging)=0.01；P(low_light)=0.01；P(sensor_anomaly)=0.01,P(healthy)=0.06；P(drought)=0.80；P(heat)=0.01；P(pest)=0.05；P(waterlogging)=0.05；P(low_light)=0.01；P(sensor_anomaly)=0.01,P(healthy)=0.12；P(drought)=0.81；P(heat)=0.01；P(pest)=0.02；P(waterlogging)=0.02；P(low_light)=0.01；P(sensor_anomaly)=0.01,P(healthy)=0.10；P(drought)=0.83；P(heat)=0.02；P(pest)=0.02；P(waterlogging)=0.02；P(low_light)=0.01；P(sensor_anomaly)=0.01,,same_risk_state_consistent_with_previous_belief,,execute,execute_recommended_action,高风险 + 低不确定性 → 允许执行建议动作,土壤湿度严重偏低；图像标签疑似干旱；当前主风险与上一时刻状态信念一致，系统置信度上升,若低湿状态连续出现，触发灌溉提醒,normal
2026-08-07 18:00,66.5,中高,0.74,0.200,0.745,0.014,0.013,0.013,0.008,0.007,35.0,中,drought,70.4,12.6,1.00,0.95,0.70,0.30,环境和视觉存在冲突，降低直接执行可靠性,P(healthy)=0.15；P(drought)=0.81；P(heat)=0.01；P(pest)=0.01；P(waterlogging)=0.01；P(low_light)=0.01；P(sensor_anomaly)=0.01,P(healthy)=0.92；P(drought)=0.01；P(heat)=0.01；P(pest)=0.01；P(waterlogging)=0.01；P(low_light)=0.01；P(sensor_anomaly)=0.01,P(healthy)=0.38；P(drought)=0.58；P(heat)=0.01；P(pest)=0.01；P(waterlogging)=0.01；P(low_light)=0.01；P(sensor_anomaly)=0.01,P(healthy)=0.20；P(drought)=0.74；P(heat)=0.01；P(pest)=0.01；P(waterlogging)=0.01；P(low_light)=0.01；P(sensor_anomaly)=0.01,,same_risk_state_consistent_with_previous_belief,图像显示健康，但环境传感器提示较高风险,hold,recheck_before_action,高风险 + 高不确定性 → 先复查，不直接执行动作,土壤湿度严重偏低；图像标签显示作物状态健康；环境和视觉存在冲突，降低直接执行可靠性；数据冲突：图像显示健康，但环境传感器提示较高风险；当前主风险与上一时刻状态信念一致，系统置信度上升,优先让机器人复查该区域并重新采样；若低湿状态连续出现，触发灌溉提醒,normal
2026-08-07 19:00,63.3,中高,0.71,0.243,0.707,0.012,0.011,0.011,0.008,0.007,35.0,中,drought,70.4,14.7,1.00,0.83,0.73,0.27,环境和视觉存在冲突，降低直接执行可靠性,P(healthy)=0.15；P(drought)=0.81；P(heat)=0.01；P(pest)=0.01；P(waterlogging)=0.01；P(low_light)=0.01；P(sensor_anomaly)=0.01,P(healthy)=0.89；P(drought)=0.02；P(heat)=0.02；P(pest)=0.02；P(waterlogging)=0.02；P(low_light)=0.02；P(sensor_anomaly)=0.01,P(healthy)=0.35；P(drought)=0.60；P(heat)=0.01；P(pest)=0.01；P(waterlogging)=0.01；P(low_light)=0.01；P(sensor_anomaly)=0.01,P(healthy)=0.24；P(drought)=0.71；P(heat)=0.01；P(pest)=0.01；P(waterlogging)=0.01；P(low_light)=0.01；P(sensor_anomaly)=0.01,,same_risk_state_consistent_with_previous_belief,图像显示健康，但环境传感器提示较高风险,hold,recheck_before_action,高风险 + 高不确定性 → 先复查，不直接执行动作,土壤湿度严重偏低；图像标签显示作物状态健康；环境和视觉存在冲突，降低直接执行可靠性；数据冲突：图像显示健康，但环境传感器提示较高风险；当前主风险与上一时刻状态信念一致，系统置信度上升,优先让机器人复查该区域并重新采样；若低湿状态连续出现，触发灌溉提醒,normal
2026-08-07 20:00,60.7,中高,0.68,0.280,0.677,0.010,0.009,0.009,0.008,0.007,35.0,中,drought,70.4,12.3,1.00,0.97,0.70,0.30,环境和视觉存在冲突，降低直接执行可靠性,P(healthy)=0.15；P(drought)=0.81；P(heat)=0.01；P(pest)=0.01；P(waterlogging)=0.01；P(low_light)=0.01；P(sensor_anomaly)=0.01,P(healthy)=0.93；P(drought)=0.01；P(heat)=0.01；P(pest)=0.01；P(waterlogging)=0.01；P(low_light)=0.01；P(sensor_anomaly)=0.01,P(healthy)=0.38；P(drought)=0.57；P(heat)=0.01；P(pest)=0.01；P(waterlogging)=0.01；P(low_light)=0.01；P(sensor_anomaly)=0.01,P(healthy)=0.28；P(drought)=0.68；P(heat)=0.01；P(pest)=0.01；P(waterlogging)=0.01；P(low_light)=0.01；P(sensor_anomaly)=0.01,,same_risk_state_consistent_with_previous_belief,图像显示健康，但环境传感器提示较高风险,hold,recheck_before_action,高风险 + 高不确定性 → 先复查，不直接执行动作,土壤湿度严重偏低；图像标签显示作物状态健康；环境和视觉存在冲突，降低直接执行可靠性；数据冲突：图像显示健康，但环境传感器提示较高风险；当前主风险与上一时刻状态信念一致，系统置信度上升,优先让机器人复查该区域并重新采样；若低湿状态连续出现，触发灌溉提醒,normal
2026-08-07 21:00,59.8,中,0.67,0.292,0.666,0.009,0.009,0.009,0.008,0.007,35.0,中,drought,70.4,13.6,1.00,0.89,0.72,0.28,环境和视觉存在冲突，降低直接执行可靠性,P(healthy)=0.15；P(drought)=0.81；P(heat)=0.01；P(pest)=0.01；P(waterlogging)=0.01；P(low_light)=0.01；P(sensor_anomaly)=0.01,P(healthy)=0.91；P(drought)=0.02；P(heat)=0.02；P(pest)=0.02；P(waterlogging)=0.02；P(low_light)=0.02；P(sensor_anomaly)=0.01,P(healthy)=0.36；P(drought)=0.59；P(heat)=0.01；P(pest)=0.01；P(waterlogging)=0.01；P(low_light)=0.01；P(sensor_anomaly)=0.01,P(healthy)=0.29；P(drought)=0.67；P(heat)=0.01；P(pest)=0.01；P(waterlogging)=0.01；P(low_light)=0.01；P(sensor_anomaly)=0.01,,same_risk_state_consistent_with_previous_belief,图像显示健康，但环境传感器提示较高风险,hold,resample_before_action,中风险 + 高不确定性 → 重新采样后再决策,土壤湿度严重偏低；图像标签显示作物状态健康；环境和视觉存在冲突，降低直接执行可靠性；数据冲突：图像显示健康，但环境传感器提示较高风险；当前主风险与上一时刻状态信念一致，系统置信度上升,优先让机器人复查该区域并重新采样；若低湿状态连续出现，触发灌溉提醒,normal
2026-08-07 22:00,59.7,中,0.66,0.293,0.664,0.009,0.009,0.009,0.008,0.007,35.0,中,drought,70.4,14.5,1.00,0.84,0.73,0.27,环境和视觉存在冲突，降低直接执行可靠性,P(healthy)=0.15；P(drought)=0.81；P(heat)=0.01；P(pest)=0.01；P(waterlogging)=0.01；P(low_light)=0.01；P(sensor_anomaly)=0.01,P(healthy)=0.89；P(drought)=0.02；P(heat)=0.02；P(pest)=0.02；P(waterlogging)=0.02；P(low_light)=0.02；P(sensor_anomaly)=0.01,P(healthy)=0.35；P(drought)=0.60；P(heat)=0.01；P(pest)=0.01；P(waterlogging)=0.01；P(low_light)=0.01；P(sensor_anomaly)=0.01,P(healthy)=0.29；P(drought)=0.66；P(heat)=0.01；P(pest)=0.01；P(waterlogging)=0.01；P(low_light)=0.01；P(sensor_anomaly)=0.01,,same_risk_state_consistent_with_previous_belief,图像显示健康，但环境传感器提示较高风险,hold,resample_before_action,中风险 + 高不确定性 → 重新采样后再决策,土壤湿度严重偏低；图像标签显示作物状态健康；环境和视觉存在冲突，降低直接执行可靠性；数据冲突：图像显示健康，但环境传感器提示较高风险；当前主风险与上一时刻状态信念一致，系统置信度上升,优先让机器人复查该区域并重新采样；若低湿状态连续出现，触发灌溉提醒,normal
2026-08-07 23:00,57.9,中,0.64,0.316,0.637,0.010,0.010,0.010,0.010,0.008,35.0,中,drought,64.7,14.3,1.00,0.85,0.73,0.27,环境和视觉存在冲突，降低直接执行可靠性,P(healthy)=0.22；P(drought)=0.72；P(heat)=0.01；P(pest)=0.01；P(waterlogging)=0.01；P(low_light)=0.01；P(sensor_anomaly)=0.01,P(healthy)=0.90；P(drought)=0.02；P(heat)=0.02；P(pest)=0.02；P(waterlogging)=0.02；P(low_light)=0.02；P(sensor_anomaly)=0.01,P(healthy)=0.41；P(drought)=0.53；P(heat)=0.01；P(pest)=0.01；P(waterlogging)=0.01；P(low_light)=0.01；P(sensor_anomaly)=0.01,P(healthy)=0.32；P(drought)=0.64；P(heat)=0.01；P(pest)=0.01；P(waterlogging)=0.01；P(low_light)=0.01；P(sensor_anomaly)=0.01,,same_risk_state_consistent_with_previous_belief,图像显示健康，但环境传感器提示较高风险,hold,resample_before_action,中风险 + 高不确定性 → 重新采样后再决策,土壤湿度偏低；图像标签显示作物状态健康；环境和视觉存在冲突，降低直接执行可靠性；数据冲突：图像显示健康，但环境传感器提示较高风险；当前主风险与上一时刻状态信念一致，系统置信度上升,优先让机器人复查该区域并重新采样；若低湿状态连续出现，触发灌溉提醒,normal
2026-08-08 00:00,38.7,低,0.57,0.574,0.375,0.011,0.011,0.011,0.011,0.009,32.0,中,healthy,10.5,14.3,0.82,0.85,0.53,0.47,传感器存在缺失值，降低环境模态权重,P(healthy)=0.96；P(drought)=0.01；P(heat)=0.01；P(pest)=0.01；P(waterlogging)=0.01；P(low_light)=0.01；P(sensor_anomaly)=0.01,P(healthy)=0.90；P(drought)=0.02；P(heat)=0.02；P(pest)=0.02；P(waterlogging)=0.02；P(low_light)=0.02；P(sensor_anomaly)=0.01,P(healthy)=0.93；P(drought)=0.01；P(heat)=0.01；P(pest)=0.01；P(waterlogging)=0.01；P(low_light)=0.01；P(sensor_anomaly)=0.01,P(healthy)=0.57；P(drought)=0.37；P(heat)=0.01；P(pest)=0.01；P(waterlogging)=0.01；P(low_light)=0.01；P(sensor_anomaly)=0.01,,,,hold,monitor_more_context,风险或不确定性处于中间状态 → 继续观察并收集更多上下文,环境传感器指标处于正常范围；土壤湿度缺失，无法直接判断根区缺水程度；图像标签显示作物状态健康；传感器存在缺失值，降低环境模态权重,优先让机器人复查该区域并重新采样；补采土壤湿度数据,sensor_missing_soil_moisture
2026-08-08 01:00,45.0,中,0.43,0.512,0.434,0.011,0.011,0.011,0.011,0.010,47.0,中,drought,64.7,13.0,1.00,0.93,0.71,0.29,环境和视觉存在冲突，降低直接执行可靠性,P(healthy)=0.22；P(drought)=0.72；P(heat)=0.01；P(pest)=0.01；P(waterlogging)=0.01；P(low_light)=0.01；P(sensor_anomaly)=0.01,P(healthy)=0.92；P(drought)=0.01；P(heat)=0.01；P(pest)=0.01；P(waterlogging)=0.01；P(low_light)=0.01；P(sensor_anomaly)=0.01,P(healthy)=0.43；P(drought)=0.52；P(heat)=0.01；P(pest)=0.01；P(waterlogging)=0.01；P(low_light)=0.01；P(sensor_anomaly)=0.01,P(healthy)=0.51；P(drought)=0.43；P(heat)=0.01；P(pest)=0.01；P(waterlogging)=0.01；P(low_light)=0.01；P(sensor_anomaly)=0.01,,,图像显示健康，但环境传感器提示较高风险,hold,resample_before_action,中风险 + 高不确定性 → 重新采样后再决策,土壤湿度偏低；图像标签显示作物状态健康；环境和视觉存在冲突，降低直接执行可靠性；数据冲突：图像显示健康，但环境传感器提示较高风险,优先让机器人复查该区域并重新采样；若低湿状态连续出现，触发灌溉提醒,normal
2026-08-08 02:00,49.0,中,0.51,0.435,0.512,0.011,0.011,0.011,0.011,0.010,35.0,中,drought,64.7,14.0,1.00,0.87,0.72,0.28,环境和视觉存在冲突，降低直接执行可靠性,P(healthy)=0.22；P(drought)=0.72；P(heat)=0.01；P(pest)=0.01；P(waterlogging)=0.01；P(low_light)=0.01；P(sensor_anomaly)=0.01,P(healthy)=0.90；P(drought)=0.02；P(heat)=0.02；P(pest)=0.02；P(waterlogging)=0.02；P(low_light)=0.02；P(sensor_anomaly)=0.01,P(healthy)=0.41；P(drought)=0.53；P(heat)=0.01；P(pest)=0.01；P(waterlogging)=0.01；P(low_light)=0.01；P(sensor_anomaly)=0.01,P(healthy)=0.43；P(drought)=0.51；P(heat)=0.01；P(pest)=0.01；P(waterlogging)=0.01；P(low_light)=0.01；P(sensor_anomaly)=0.01,,same_risk_state_consistent_with_previous_belief,图像显示健康，但环境传感器提示较高风险,hold,resample_before_action,中风险 + 高不确定性 → 重新采样后再决策,土壤湿度偏低；图像标签显示作物状态健康；环境和视觉存在冲突，降低直接执行可靠性；数据冲突：图像显示健康，但环境传感器提示较高风险；当前主风险与上一时刻状态信念一致，系统置信度上升,优先让机器人复查该区域并重新采样；若低湿状态连续出现，触发灌溉提醒,normal
2026-08-08 03:00,52.1,中,0.55,0.393,0.554,0.011,0.011,0.011,0.011,0.009,35.0,中,drought,64.7,14.1,1.00,0.86,0.72,0.28,环境和视觉存在冲突，降低直接执行可靠性,P(healthy)=0.22；P(drought)=0.72；P(heat)=0.01；P(pest)=0.01；P(waterlogging)=0.01；P(low_light)=0.01；P(sensor_anomaly)=0.01,P(healthy)=0.90；P(drought)=0.02；P(heat)=0.02；P(pest)=0.02；P(waterlogging)=0.02；P(low_light)=0.02；P(sensor_anomaly)=0.01,P(healthy)=0.41；P(drought)=0.53；P(heat)=0.01；P(pest)=0.01；P(waterlogging)=0.01；P(low_light)=0.01；P(sensor_anomaly)=0.01,P(healthy)=0.39；P(drought)=0.55；P(heat)=0.01；P(pest)=0.01；P(waterlogging)=0.01；P(low_light)=0.01；P(sensor_anomaly)=0.01,,same_risk_state_consistent_with_previous_belief,图像显示健康，但环境传感器提示较高风险,hold,resample_before_action,中风险 + 高不确定性 → 重新采样后再决策,土壤湿度偏低；图像标签显示作物状态健康；环境和视觉存在冲突，降低直接执行可靠性；数据冲突：图像显示健康，但环境传感器提示较高风险；当前主风险与上一时刻状态信念一致，系统置信度上升,优先让机器人复查该区域并重新采样；若低湿状态连续出现，触发灌溉提醒,normal
2026-08-08 04:00,53.4,中,0.57,0.375,0.573,0.011,0.011,0.011,0.011,0.009,35.0,中,drought,64.7,13.1,1.00,0.92,0.71,0.29,环境和视觉存在冲突，降低直接执行可靠性,P(healthy)=0.22；P(drought)=0.72；P(heat)=0.01；P(pest)=0.01；P(waterlogging)=0.01；P(low_light)=0.01；P(sensor_anomaly)=0.01,P(healthy)=0.92；P(drought)=0.01；P(heat)=0.01；P(pest)=0.01；P(waterlogging)=0.01；P(low_light)=0.01；P(sensor_anomaly)=0.01,P(healthy)=0.42；P(drought)=0.52；P(heat)=0.01；P(pest)=0.01；P(waterlogging)=0.01；P(low_light)=0.01；P(sensor_anomaly)=0.01,P(healthy)=0.38；P(drought)=0.57；P(heat)=0.01；P(pest)=0.01；P(waterlogging)=0.01；P(low_light)=0.01；P(sensor_anomaly)=0.01,,same_risk_state_consistent_with_previous_belief,图像显示健康，但环境传感器提示较高风险,hold,resample_before_action,中风险 + 高不确定性 → 重新采样后再决策,土壤湿度偏低；图像标签显示作物状态健康；环境和视觉存在冲突，降低直接执行可靠性；数据冲突：图像显示健康，但环境传感器提示较高风险；当前主风险与上一时刻状态信念一致，系统置信度上升,优先让机器人复查该区域并重新采样；若低湿状态连续出现，触发灌溉提醒,normal
2026-08-08 05:00,53.8,中,0.58,0.371,0.580,0.010,0.010,0.010,0.010,0.009,35.0,中,drought,64.7,12.3,1.00,0.97,0.70,0.30,环境和视觉存在冲突，降低直接执行可靠性,P(healthy)=0.22；P(drought)=0.72；P(heat)=0.01；P(pest)=0.01；P(waterlogging)=0.01；P(low_light)=0.01；P(sensor_anomaly)=0.01,P(healthy)=0.93；P(drought)=0.01；P(heat)=0.01；P(pest)=0.01；P(waterlogging)=0.01；P(low_light)=0.01；P(sensor_anomaly)=0.01,P(healthy)=0.43；P(drought)=0.51；P(heat)=0.01；P(pest)=0.01；P(waterlogging)=0.01；P(low_light)=0.01；P(sensor_anomaly)=0.01,P(healthy)=0.37；P(drought)=0.58；P(heat)=0.01；P(pest)=0.01；P(waterlogging)=0.01；P(low_light)=0.01；P(sensor_anomaly)=0.01,,same_risk_state_consistent_with_previous_belief,图像显示健康，但环境传感器提示较高风险,hold,resample_before_action,中风险 + 高不确定性 → 重新采样后再决策,土壤湿度偏低；图像标签显示作物状态健康；环境和视觉存在冲突，降低直接执行可靠性；数据冲突：图像显示健康，但环境传感器提示较高风险；当前主风险与上一时刻状态信念一致，系统置信度上升,优先让机器人复查该区域并重新采样；若低湿状态连续出现，触发灌溉提醒,normal
2026-08-08 06:00,60.7,中高,0.58,0.263,0.579,0.010,0.115,0.015,0.010,0.009,0.0,低,drought,64.7,69.1,1.00,0.82,0.67,0.33,,P(healthy)=0.22；P(drought)=0.72；P(heat)=0.01；P(pest)=0.01；P(waterlogging)=0.01；P(low_light)=0.01；P(sensor_anomaly)=0.01,P(healthy)=0.05；P(drought)=0.05；P(heat)=0.01；P(pest)=0.82；P(waterlogging)=0.05；P(low_light)=0.01；P(sensor_anomaly)=0.01,P(healthy)=0.17；P(drought)=0.50；P(heat)=0.01；P(pest)=0.28；P(waterlogging)=0.02；P(low_light)=0.01；P(sensor_anomaly)=0.01,P(healthy)=0.26；P(drought)=0.58；P(heat)=0.01；P(pest)=0.11；P(waterlogging)=0.01；P(low_light)=0.01；P(sensor_anomaly)=0.01,,same_risk_state_consistent_with_previous_belief,,execute,execute_recommended_action,高风险 + 低不确定性 → 允许执行建议动作,土壤湿度偏低；图像标签疑似病虫害；当前主风险与上一时刻状态信念一致，系统置信度上升,若低湿状态连续出现，触发灌溉提醒,normal
2026-08-08 07:00,58.5,中,0.59,0.300,0.591,0.010,0.067,0.013,0.010,0.009,35.0,中,drought,64.7,14.3,1.00,0.85,0.73,0.27,环境和视觉存在冲突，降低直接执行可靠性,P(healthy)=0.22；P(drought)=0.72；P(heat)=0.01；P(pest)=0.01；P(waterlogging)=0.01；P(low_light)=0.01；P(sensor_anomaly)=0.01,P(healthy)=0.90；P(drought)=0.02；P(heat)=0.02；P(pest)=0.02；P(waterlogging)=0.02；P(low_light)=0.02；P(sensor_anomaly)=0.01,P(healthy)=0.41；P(drought)=0.53；P(heat)=0.01；P(pest)=0.01；P(waterlogging)=0.01；P(low_light)=0.01；P(sensor_anomaly)=0.01,P(healthy)=0.30；P(drought)=0.59；P(heat)=0.01；P(pest)=0.07；P(waterlogging)=0.01；P(low_light)=0.01；P(sensor_anomaly)=0.01,,same_risk_state_consistent_with_previous_belief,图像显示健康，但环境传感器提示较高风险,hold,resample_before_action,中风险 + 高不确定性 → 重新采样后再决策,土壤湿度偏低；图像标签显示作物状态健康；环境和视觉存在冲突，降低直接执行可靠性；数据冲突：图像显示健康，但环境传感器提示较高风险；当前主风险与上一时刻状态信念一致，系统置信度上升,优先让机器人复查该区域并重新采样；若低湿状态连续出现，触发灌溉提醒,normal
2026-08-08 08:00,64.2,中高,0.68,0.225,0.685,0.010,0.045,0.016,0.010,0.009,0.0,低,drought,64.7,76.8,1.00,0.82,0.67,0.33,,P(healthy)=0.22；P(drought)=0.72；P(heat)=0.01；P(pest)=0.01；P(waterlogging)=0.01；P(low_light)=0.01；P(sensor_anomaly)=0.01,P(healthy)=0.05；P(drought)=0.82；P(heat)=0.01；P(pest)=0.05；P(waterlogging)=0.05；P(low_light)=0.01；P(sensor_anomaly)=0.01,P(healthy)=0.17；P(drought)=0.75；P(heat)=0.01；P(pest)=0.02；P(waterlogging)=0.02；P(low_light)=0.01；P(sensor_anomaly)=0.01,P(healthy)=0.23；P(drought)=0.68；P(heat)=0.01；P(pest)=0.04；P(waterlogging)=0.02；P(low_light)=0.01；P(sensor_anomaly)=0.01,,same_risk_state_consistent_with_previous_belief,,execute,execute_recommended_action,高风险 + 低不确定性 → 允许执行建议动作,土壤湿度偏低；图像标签疑似干旱；当前主风险与上一时刻状态信念一致，系统置信度上升,若低湿状态连续出现，触发灌溉提醒,normal
2026-08-08 09:00,68.8,中高,0.76,0.165,0.762,0.009,0.031,0.016,0.009,0.008,0.0,低,drought,64.7,78.3,1.00,0.90,0.64,0.36,,P(healthy)=0.22；P(drought)=0.72；P(heat)=0.01；P(pest)=0.01；P(waterlogging)=0.01；P(low_light)=0.01；P(sensor_anomaly)=0.01,P(healthy)=0.03；P(drought)=0.84；P(heat)=0.01；P(pest)=0.05；P(waterlogging)=0.05；P(low_light)=0.01；P(sensor_anomaly)=0.01,P(healthy)=0.15；P(drought)=0.76；P(heat)=0.01；P(pest)=0.02；P(waterlogging)=0.02；P(low_light)=0.01；P(sensor_anomaly)=0.01,P(healthy)=0.17；P(drought)=0.76；P(heat)=0.01；P(pest)=0.03；P(waterlogging)=0.02；P(low_light)=0.01；P(sensor_anomaly)=0.01,soil_moisture_decreasing_6h,same_risk_state_consistent_with_previous_belief；temporal_trend_supports_dominant_state,,execute,execute_recommended_action,高风险 + 低不确定性 → 允许执行建议动作,土壤湿度偏低；图像标签疑似干旱；最近 6 小时土壤湿度持续下降，干旱状态概率上升；当前主风险与上一时刻状态信念一致，系统置信度上升；时间趋势支持当前主风险，系统置信度上升,若低湿状态连续出现，触发灌溉提醒,normal
2026-08-08 10:00,72.4,中高,0.82,0.120,0.821,0.007,0.023,0.015,0.007,0.007,0.0,低,drought,70.4,78.1,1.00,0.89,0.65,0.35,,P(healthy)=0.15；P(drought)=0.81；P(heat)=0.01；P(pest)=0.01；P(waterlogging)=0.01；P(low_light)=0.01；P(sensor_anomaly)=0.01,P(healthy)=0.03；P(drought)=0.84；P(heat)=0.01；P(pest)=0.05；P(waterlogging)=0.05；P(low_light)=0.01；P(sensor_anomaly)=0.01,P(healthy)=0.11；P(drought)=0.82；P(heat)=0.01；P(pest)=0.02；P(waterlogging)=0.02；P(low_light)=0.01；P(sensor_anomaly)=0.01,P(healthy)=0.12；P(drought)=0.82；P(heat)=0.01；P(pest)=0.02；P(waterlogging)=0.02；P(low_light)=0.01；P(sensor_anomaly)=0.01,soil_moisture_decreasing_6h,same_risk_state_consistent_with_previous_belief；temporal_trend_supports_dominant_state,,execute,execute_recommended_action,高风险 + 低不确定性 → 允许执行建议动作,土壤湿度严重偏低；图像标签疑似干旱；最近 6 小时土壤湿度持续下降，干旱状态概率上升；当前主风险与上一时刻状态信念一致，系统置信度上升；时间趋势支持当前主风险，系统置信度上升,若低湿状态连续出现，触发灌溉提醒,normal
2026-08-08 11:00,74.3,中高,0.79,0.090,0.794,0.071,0.018,0.014,0.006,0.006,0.0,低,drought,72.0,76.4,1.00,0.80,0.67,0.33,,P(healthy)=0.11；P(drought)=0.57；P(heat)=0.30；P(pest)=0.01；P(waterlogging)=0.01；P(low_light)=0.01；P(sensor_anomaly)=0.01,P(healthy)=0.06；P(drought)=0.81；P(heat)=0.01；P(pest)=0.05；P(waterlogging)=0.05；P(low_light)=0.01；P(sensor_anomaly)=0.01,P(healthy)=0.09；P(drought)=0.65；P(heat)=0.21；P(pest)=0.02；P(waterlogging)=0.02；P(low_light)=0.01；P(sensor_anomaly)=0.01,P(healthy)=0.09；P(drought)=0.79；P(heat)=0.07；P(pest)=0.02；P(waterlogging)=0.01；P(low_light)=0.01；P(sensor_anomaly)=0.01,soil_moisture_decreasing_6h,same_risk_state_consistent_with_previous_belief；temporal_trend_supports_dominant_state,,execute,execute_recommended_action,高风险 + 低不确定性 → 允许执行建议动作,土壤湿度严重偏低；图像标签疑似干旱；最近 6 小时土壤湿度持续下降，干旱状态概率上升；当前主风险与上一时刻状态信念一致，系统置信度上升；时间趋势支持当前主风险，系统置信度上升,若低湿状态连续出现，触发灌溉提醒,normal
2026-08-08 12:00,74.8,中高,0.83,0.086,0.832,0.039,0.016,0.014,0.006,0.006,0.0,低,drought,70.4,75.6,1.00,0.76,0.68,0.32,,P(healthy)=0.15；P(drought)=0.81；P(heat)=0.01；P(pest)=0.01；P(waterlogging)=0.01；P(low_light)=0.01；P(sensor_anomaly)=0.01,P(healthy)=0.07；P(drought)=0.80；P(heat)=0.01；P(pest)=0.05；P(waterlogging)=0.05；P(low_light)=0.01；P(sensor_anomaly)=0.01,P(healthy)=0.12；P(drought)=0.81；P(heat)=0.01；P(pest)=0.02；P(waterlogging)=0.02；P(low_light)=0.01；P(sensor_anomaly)=0.01,P(healthy)=0.09；P(drought)=0.83；P(heat)=0.04；P(pest)=0.02；P(waterlogging)=0.01；P(low_light)=0.01；P(sensor_anomaly)=0.01,soil_moisture_decreasing_6h,same_risk_state_consistent_with_previous_belief；temporal_trend_supports_dominant_state,,execute,execute_recommended_action,高风险 + 低不确定性 → 允许执行建议动作,土壤湿度严重偏低；图像标签疑似干旱；最近 6 小时土壤湿度持续下降，干旱状态概率上升；当前主风险与上一时刻状态信念一致，系统置信度上升；时间趋势支持当前主风险，系统置信度上升,若低湿状态连续出现，触发灌溉提醒,normal
2026-08-08 13:00,75.4,中高,0.86,0.080,0.855,0.023,0.015,0.014,0.006,0.006,0.0,低,drought,70.4,77.7,1.00,0.87,0.65,0.35,,P(healthy)=0.15；P(drought)=0.81；P(heat)=0.01；P(pest)=0.01；P(waterlogging)=0.01；P(low_light)=0.01；P(sensor_anomaly)=0.01,P(healthy)=0.04；P(drought)=0.83；P(heat)=0.01；P(pest)=0.05；P(waterlogging)=0.05；P(low_light)=0.01；P(sensor_anomaly)=0.01,P(healthy)=0.11；P(drought)=0.82；P(heat)=0.01；P(pest)=0.02；P(waterlogging)=0.02；P(low_light)=0.01；P(sensor_anomaly)=0.01,P(healthy)=0.08；P(drought)=0.86；P(heat)=0.02；P(pest)=0.02；P(waterlogging)=0.01；P(low_light)=0.01；P(sensor_anomaly)=0.01,soil_moisture_decreasing_6h,same_risk_state_consistent_with_previous_belief；temporal_trend_supports_dominant_state,,execute,execute_recommended_action,高风险 + 低不确定性 → 允许执行建议动作,土壤湿度严重偏低；图像标签疑似干旱；最近 6 小时土壤湿度持续下降，干旱状态概率上升；当前主风险与上一时刻状态信念一致，系统置信度上升；时间趋势支持当前主风险，系统置信度上升,若低湿状态连续出现，触发灌溉提醒,normal
2026-08-08 14:00,76.0,中高,0.82,0.068,0.815,0.078,0.014,0.014,0.005,0.005,0.0,低,drought,72.0,77.5,1.00,0.86,0.65,0.35,,P(healthy)=0.11；P(drought)=0.57；P(heat)=0.30；P(pest)=0.01；P(waterlogging)=0.01；P(low_light)=0.01；P(sensor_anomaly)=0.01,P(healthy)=0.04；P(drought)=0.83；P(heat)=0.01；P(pest)=0.05；P(waterlogging)=0.05；P(low_light)=0.01；P(sensor_anomaly)=0.01,P(healthy)=0.08；P(drought)=0.66；P(heat)=0.20；P(pest)=0.02；P(waterlogging)=0.02；P(low_light)=0.01；P(sensor_anomaly)=0.01,P(healthy)=0.07；P(drought)=0.82；P(heat)=0.08；P(pest)=0.01；P(waterlogging)=0.01；P(low_light)=0.01；P(sensor_anomaly)=0.01,soil_moisture_decreasing_6h,same_risk_state_consistent_with_previous_belief；temporal_trend_supports_dominant_state,,execute,execute_recommended_action,高风险 + 低不确定性 → 允许执行建议动作,土壤湿度严重偏低；图像标签疑似干旱；最近 6 小时土壤湿度持续下降，干旱状态概率上升；当前主风险与上一时刻状态信念一致，系统置信度上升；时间趋势支持当前主风险，系统置信度上升,若低湿状态连续出现，触发灌溉提醒,normal
2026-08-08 15:00,75.6,中高,0.84,0.076,0.843,0.042,0.014,0.014,0.006,0.006,0.0,低,drought,70.4,75.4,1.00,0.75,0.69,0.31,,P(healthy)=0.15；P(drought)=0.81；P(heat)=0.01；P(pest)=0.01；P(waterlogging)=0.01；P(low_light)=0.01；P(sensor_anomaly)=0.01,P(healthy)=0.07；P(drought)=0.79；P(heat)=0.01；P(pest)=0.05；P(waterlogging)=0.05；P(low_light)=0.01；P(sensor_anomaly)=0.01,P(healthy)=0.12；P(drought)=0.81；P(heat)=0.01；P(pest)=0.02；P(waterlogging)=0.02；P(low_light)=0.01；P(sensor_anomaly)=0.01,P(healthy)=0.08；P(drought)=0.84；P(heat)=0.04；P(pest)=0.01；P(waterlogging)=0.01；P(low_light)=0.01；P(sensor_anomaly)=0.01,soil_moisture_decreasing_6h,same_risk_state_consistent_with_previous_belief；temporal_trend_supports_dominant_state,,execute,execute_recommended_action,高风险 + 低不确定性 → 允许执行建议动作,土壤湿度严重偏低；图像标签疑似干旱；最近 6 小时土壤湿度持续下降，干旱状态概率上升；当前主风险与上一时刻状态信念一致，系统置信度上升；时间趋势支持当前主风险，系统置信度上升,若低湿状态连续出现，触发灌溉提醒,normal
2026-08-08 16:00,69.9,中高,0.79,0.155,0.787,0.025,0.011,0.010,0.006,0.006,35.0,中,drought,70.4,14.3,1.00,0.85,0.73,0.27,环境和视觉存在冲突，降低直接执行可靠性,P(healthy)=0.15；P(drought)=0.81；P(heat)=0.01；P(pest)=0.01；P(waterlogging)=0.01；P(low_light)=0.01；P(sensor_anomaly)=0.01,P(healthy)=0.90；P(drought)=0.02；P(heat)=0.02；P(pest)=0.02；P(waterlogging)=0.02；P(low_light)=0.02；P(sensor_anomaly)=0.01,P(healthy)=0.35；P(drought)=0.60；P(heat)=0.01；P(pest)=0.01；P(waterlogging)=0.01；P(low_light)=0.01；P(sensor_anomaly)=0.01,P(healthy)=0.15；P(drought)=0.79；P(heat)=0.02；P(pest)=0.01；P(waterlogging)=0.01；P(low_light)=0.01；P(sensor_anomaly)=0.01,soil_moisture_decreasing_6h,same_risk_state_consistent_with_previous_belief；temporal_trend_supports_dominant_state,图像显示健康，但环境传感器提示较高风险,hold,recheck_before_action,高风险 + 高不确定性 → 先复查，不直接执行动作,土壤湿度严重偏低；图像标签显示作物状态健康；环境和视觉存在冲突，降低直接执行可靠性；数据冲突：图像显示健康，但环境传感器提示较高风险；最近 6 小时土壤湿度持续下降，干旱状态概率上升；当前主风险与上一时刻状态信念一致，系统置信度上升；时间趋势支持当前主风险，系统置信度上升,优先让机器人复查该区域并重新采样；若低湿状态连续出现，触发灌溉提醒,normal
2026-08-08 17:00,72.7,中高,0.83,0.117,0.830,0.016,0.012,0.012,0.006,0.006,0.0,低,drought,70.4,76.6,1.00,0.81,0.67,0.33,,P(healthy)=0.15；P(drought)=0.81；P(heat)=0.01；P(pest)=0.01；P(waterlogging)=0.01；P(low_light)=0.01；P(sensor_anomaly)=0.01,P(healthy)=0.05；P(drought)=0.81；P(heat)=0.01；P(pest)=0.05；P(waterlogging)=0.05；P(low_light)=0.01；P(sensor_anomaly)=0.01,P(healthy)=0.12；P(drought)=0.81；P(heat)=0.01；P(pest)=0.02；P(waterlogging)=0.02；P(low_light)=0.01；P(sensor_anomaly)=0.01,P(healthy)=0.12；P(drought)=0.83；P(heat)=0.02；P(pest)=0.01；P(waterlogging)=0.01；P(low_light)=0.01；P(sensor_anomaly)=0.01,soil_moisture_decreasing_6h,same_risk_state_consistent_with_previous_belief；temporal_trend_supports_dominant_state,,execute,execute_recommended_action,高风险 + 低不确定性 → 允许执行建议动作,土壤湿度严重偏低；图像标签疑似干旱；最近 6 小时土壤湿度持续下降，干旱状态概率上升；当前主风险与上一时刻状态信念一致，系统置信度上升；时间趋势支持当前主风险，系统置信度上升,若低湿状态连续出现，触发灌溉提醒,normal
2026-08-08 18:00,67.8,中高,0.77,0.184,0.774,0.011,0.009,0.009,0.006,0.006,35.0,中,drought,70.4,12.6,1.00,0.95,0.70,0.30,环境和视觉存在冲突，降低直接执行可靠性,P(healthy)=0.15；P(drought)=0.81；P(heat)=0.01；P(pest)=0.01；P(waterlogging)=0.01；P(low_light)=0.01；P(sensor_anomaly)=0.01,P(healthy)=0.92；P(drought)=0.01；P(heat)=0.01；P(pest)=0.01；P(waterlogging)=0.01；P(low_light)=0.01；P(sensor_anomaly)=0.01,P(healthy)=0.38；P(drought)=0.58；P(heat)=0.01；P(pest)=0.01；P(waterlogging)=0.01；P(low_light)=0.01；P(sensor_anomaly)=0.01,P(healthy)=0.18；P(drought)=0.77；P(heat)=0.01；P(pest)=0.01；P(waterlogging)=0.01；P(low_light)=0.01；P(sensor_anomaly)=0.01,soil_moisture_decreasing_6h,same_risk_state_consistent_with_previous_belief；temporal_trend_supports_dominant_state,图像显示健康，但环境传感器提示较高风险,hold,recheck_before_action,高风险 + 高不确定性 → 先复查，不直接执行动作,土壤湿度严重偏低；图像标签显示作物状态健康；环境和视觉存在冲突，降低直接执行可靠性；数据冲突：图像显示健康，但环境传感器提示较高风险；最近 6 小时土壤湿度持续下降，干旱状态概率上升；当前主风险与上一时刻状态信念一致，系统置信度上升；时间趋势支持当前主风险，系统置信度上升,优先让机器人复查该区域并重新采样；若低湿状态连续出现，触发灌溉提醒,normal
2026-08-08 19:00,69.6,中高,0.71,0.147,0.713,0.009,0.104,0.013,0.007,0.007,0.0,低,drought,70.4,68.0,1.00,0.75,0.69,0.31,,P(healthy)=0.15；P(drought)=0.81；P(heat)=0.01；P(pest)=0.01；P(waterlogging)=0.01；P(low_light)=0.01；P(sensor_anomaly)=0.01,P(healthy)=0.07；P(drought)=0.05；P(heat)=0.01；P(pest)=0.79；P(waterlogging)=0.05；P(low_light)=0.01；P(sensor_anomaly)=0.01,P(healthy)=0.12；P(drought)=0.57；P(heat)=0.01；P(pest)=0.25；P(waterlogging)=0.02；P(low_light)=0.01；P(sensor_anomaly)=0.01,P(healthy)=0.15；P(drought)=0.71；P(heat)=0.01；P(pest)=0.10；P(waterlogging)=0.01；P(low_light)=0.01；P(sensor_anomaly)=0.01,,same_risk_state_consistent_with_previous_belief,,execute,execute_recommended_action,高风险 + 低不确定性 → 允许执行建议动作,土壤湿度严重偏低；图像标签疑似病虫害；当前主风险与上一时刻状态信念一致，系统置信度上升,若低湿状态连续出现，触发灌溉提醒,normal
2026-08-08 20:00,64.2,中高,0.68,0.226,0.681,0.009,0.059,0.011,0.007,0.007,35.0,中,drought,70.4,12.6,1.00,0.95,0.70,0.30,环境和视觉存在冲突，降低直接执行可靠性,P(healthy)=0.15；P(drought)=0.81；P(heat)=0.01；P(pest)=0.01；P(waterlogging)=0.01；P(low_light)=0.01；P(sensor_anomaly)=0.01,P(healthy)=0.92；P(drought)=0.01；P(heat)=0.01；P(pest)=0.01；P(waterlogging)=0.01；P(low_light)=0.01；P(sensor_anomaly)=0.01,P(healthy)=0.38；P(drought)=0.58；P(heat)=0.01；P(pest)=0.01；P(waterlogging)=0.01；P(low_light)=0.01；P(sensor_anomaly)=0.01,P(healthy)=0.23；P(drought)=0.68；P(heat)=0.01；P(pest)=0.06；P(waterlogging)=0.01；P(low_light)=0.01；P(sensor_anomaly)=0.01,,same_risk_state_consistent_with_previous_belief,图像显示健康，但环境传感器提示较高风险,hold,recheck_before_action,高风险 + 高不确定性 → 先复查，不直接执行动作,土壤湿度严重偏低；图像标签显示作物状态健康；环境和视觉存在冲突，降低直接执行可靠性；数据冲突：图像显示健康，但环境传感器提示较高风险；当前主风险与上一时刻状态信念一致，系统置信度上升,优先让机器人复查该区域并重新采样；若低湿状态连续出现，触发灌溉提醒,normal
2026-08-08 21:00,61.2,中高,0.66,0.270,0.663,0.008,0.035,0.009,0.007,0.007,35.0,中,drought,70.4,12.5,1.00,0.96,0.70,0.30,环境和视觉存在冲突，降低直接执行可靠性,P(healthy)=0.15；P(drought)=0.81；P(heat)=0.01；P(pest)=0.01；P(waterlogging)=0.01；P(low_light)=0.01；P(sensor_anomaly)=0.01,P(healthy)=0.93；P(drought)=0.01；P(heat)=0.01；P(pest)=0.01；P(waterlogging)=0.01；P(low_light)=0.01；P(sensor_anomaly)=0.01,P(healthy)=0.38；P(drought)=0.57；P(heat)=0.01；P(pest)=0.01；P(waterlogging)=0.01；P(low_light)=0.01；P(sensor_anomaly)=0.01,P(healthy)=0.27；P(drought)=0.66；P(heat)=0.01；P(pest)=0.04；P(waterlogging)=0.01；P(low_light)=0.01；P(sensor_anomaly)=0.01,,same_risk_state_consistent_with_previous_belief,图像显示健康，但环境传感器提示较高风险,hold,recheck_before_action,高风险 + 高不确定性 → 先复查，不直接执行动作,土壤湿度严重偏低；图像标签显示作物状态健康；环境和视觉存在冲突，降低直接执行可靠性；数据冲突：图像显示健康，但环境传感器提示较高风险；当前主风险与上一时刻状态信念一致，系统置信度上升,优先让机器人复查该区域并重新采样；若低湿状态连续出现，触发灌溉提醒,normal
2026-08-08 22:00,59.7,中,0.65,0.292,0.654,0.008,0.023,0.008,0.007,0.007,35.0,中,drought,70.4,12.6,1.00,0.95,0.70,0.30,环境和视觉存在冲突，降低直接执行可靠性,P(healthy)=0.15；P(drought)=0.81；P(heat)=0.01；P(pest)=0.01；P(waterlogging)=0.01；P(low_light)=0.01；P(sensor_anomaly)=0.01,P(healthy)=0.92；P(drought)=0.01；P(heat)=0.01；P(pest)=0.01；P(waterlogging)=0.01；P(low_light)=0.01；P(sensor_anomaly)=0.01,P(healthy)=0.38；P(drought)=0.58；P(heat)=0.01；P(pest)=0.01；P(waterlogging)=0.01；P(low_light)=0.01；P(sensor_anomaly)=0.01,P(healthy)=0.29；P(drought)=0.65；P(heat)=0.01；P(pest)=0.02；P(waterlogging)=0.01；P(low_light)=0.01；P(sensor_anomaly)=0.01,,same_risk_state_consistent_with_previous_belief,图像显示健康，但环境传感器提示较高风险,hold,resample_before_action,中风险 + 高不确定性 → 重新采样后再决策,土壤湿度严重偏低；图像标签显示作物状态健康；环境和视觉存在冲突，降低直接执行可靠性；数据冲突：图像显示健康，但环境传感器提示较高风险；当前主风险与上一时刻状态信念一致，系统置信度上升,优先让机器人复查该区域并重新采样；若低湿状态连续出现，触发灌溉提醒,normal
2026-08-08 23:00,65.1,中高,0.67,0.211,0.674,0.008,0.082,0.012,0.007,0.007,0.0,低,drought,70.4,65.7,1.00,0.63,0.77,0.23,视觉置信度中等，轻微降低视觉模态权重,P(healthy)=0.15；P(drought)=0.81；P(heat)=0.01；P(pest)=0.01；P(waterlogging)=0.01；P(low_light)=0.01；P(sensor_anomaly)=0.01,P(healthy)=0.10；P(drought)=0.05；P(heat)=0.01；P(pest)=0.75；P(waterlogging)=0.05；P(low_light)=0.01；P(sensor_anomaly)=0.01,P(healthy)=0.14；P(drought)=0.64；P(heat)=0.01；P(pest)=0.18；P(waterlogging)=0.02；P(low_light)=0.01；P(sensor_anomaly)=0.01,P(healthy)=0.21；P(drought)=0.67；P(heat)=0.01；P(pest)=0.08；P(waterlogging)=0.01；P(low_light)=0.01；P(sensor_anomaly)=0.01,,same_risk_state_consistent_with_previous_belief,,execute,execute_recommended_action,高风险 + 低不确定性 → 允许执行建议动作,土壤湿度严重偏低；图像标签疑似病虫害；视觉置信度中等，轻微降低视觉模态权重；当前主风险与上一时刻状态信念一致，系统置信度上升,若低湿状态连续出现，触发灌溉提醒,normal
2026-08-09 00:00,62.3,中高,0.67,0.252,0.667,0.008,0.048,0.010,0.008,0.007,35.0,中,drought,70.4,14.1,1.00,0.86,0.72,0.28,环境和视觉存在冲突，降低直接执行可靠性,P(healthy)=0.15；P(drought)=0.81；P(heat)=0.01；P(pest)=0.01；P(waterlogging)=0.01；P(low_light)=0.01；P(sensor_anomaly)=0.01,P(healthy)=0.90；P(drought)=0.02；P(heat)=0.02；P(pest)=0.02；P(waterlogging)=0.02；P(low_light)=0.02；P(sensor_anomaly)=0.01,P(healthy)=0.36；P(drought)=0.59；P(heat)=0.01；P(pest)=0.01；P(waterlogging)=0.01；P(low_light)=0.01；P(sensor_anomaly)=0.01,P(healthy)=0.25；P(drought)=0.67；P(heat)=0.01；P(pest)=0.05；P(waterlogging)=0.01；P(low_light)=0.01；P(sensor_anomaly)=0.01,,same_risk_state_consistent_with_previous_belief,图像显示健康，但环境传感器提示较高风险,hold,recheck_before_action,高风险 + 高不确定性 → 先复查，不直接执行动作,土壤湿度严重偏低；图像标签显示作物状态健康；环境和视觉存在冲突，降低直接执行可靠性；数据冲突：图像显示健康，但环境传感器提示较高风险；当前主风险与上一时刻状态信念一致，系统置信度上升,优先让机器人复查该区域并重新采样；若低湿状态连续出现，触发灌溉提醒,normal
2026-08-09 01:00,60.6,中高,0.66,0.278,0.660,0.008,0.029,0.009,0.008,0.007,35.0,中,drought,70.4,13.4,1.00,0.90,0.72,0.28,环境和视觉存在冲突，降低直接执行可靠性,P(healthy)=0.15；P(drought)=0.81；P(heat)=0.01；P(pest)=0.01；P(waterlogging)=0.01；P(low_light)=0.01；P(sensor_anomaly)=0.01,P(healthy)=0.91；P(drought)=0.02；P(heat)=0.02；P(pest)=0.02；P(waterlogging)=0.02；P(low_light)=0.02；P(sensor_anomaly)=0.01,P(healthy)=0.37；P(drought)=0.59；P(heat)=0.01；P(pest)=0.01；P(waterlogging)=0.01；P(low_light)=0.01；P(sensor_anomaly)=0.01,P(healthy)=0.28；P(drought)=0.66；P(heat)=0.01；P(pest)=0.03；P(waterlogging)=0.01；P(low_light)=0.01；P(sensor_anomaly)=0.01,,same_risk_state_consistent_with_previous_belief,图像显示健康，但环境传感器提示较高风险,hold,recheck_before_action,高风险 + 高不确定性 → 先复查，不直接执行动作,土壤湿度严重偏低；图像标签显示作物状态健康；环境和视觉存在冲突，降低直接执行可靠性；数据冲突：图像显示健康，但环境传感器提示较高风险；当前主风险与上一时刻状态信念一致，系统置信度上升,优先让机器人复查该区域并重新采样；若低湿状态连续出现，触发灌溉提醒,normal
2026-08-09 02:00,60.0,中高,0.66,0.287,0.660,0.008,0.020,0.009,0.008,0.007,35.0,中,drought,70.4,14.3,1.00,0.85,0.73,0.27,环境和视觉存在冲突，降低直接执行可靠性,P(healthy)=0.15；P(drought)=0.81；P(heat)=0.01；P(pest)=0.01；P(waterlogging)=0.01；P(low_light)=0.01；P(sensor_anomaly)=0.01,P(healthy)=0.90；P(drought)=0.02；P(heat)=0.02；P(pest)=0.02；P(waterlogging)=0.02；P(low_light)=0.02；P(sensor_anomaly)=0.01,P(healthy)=0.35；P(drought)=0.60；P(heat)=0.01；P(pest)=0.01；P(waterlogging)=0.01；P(low_light)=0.01；P(sensor_anomaly)=0.01,P(healthy)=0.29；P(drought)=0.66；P(heat)=0.01；P(pest)=0.02；P(waterlogging)=0.01；P(low_light)=0.01；P(sensor_anomaly)=0.01,,same_risk_state_consistent_with_previous_belief,图像显示健康，但环境传感器提示较高风险,hold,recheck_before_action,高风险 + 高不确定性 → 先复查，不直接执行动作,土壤湿度严重偏低；图像标签显示作物状态健康；环境和视觉存在冲突，降低直接执行可靠性；数据冲突：图像显示健康，但环境传感器提示较高风险；当前主风险与上一时刻状态信念一致，系统置信度上升,优先让机器人复查该区域并重新采样；若低湿状态连续出现，触发灌溉提醒,normal
2026-08-09 03:00,59.4,中,0.66,0.296,0.657,0.008,0.015,0.009,0.008,0.007,35.0,中,drought,70.4,13.6,1.00,0.89,0.72,0.28,环境和视觉存在冲突，降低直接执行可靠性,P(healthy)=0.15；P(drought)=0.81；P(heat)=0.01；P(pest)=0.01；P(waterlogging)=0.01；P(low_light)=0.01；P(sensor_anomaly)=0.01,P(healthy)=0.91；P(drought)=0.02；P(heat)=0.02；P(pest)=0.02；P(waterlogging)=0.02；P(low_light)=0.02；P(sensor_anomaly)=0.01,P(healthy)=0.36；P(drought)=0.59；P(heat)=0.01；P(pest)=0.01；P(waterlogging)=0.01；P(low_light)=0.01；P(sensor_anomaly)=0.01,P(healthy)=0.30；P(drought)=0.66；P(heat)=0.01；P(pest)=0.01；P(waterlogging)=0.01；P(low_light)=0.01；P(sensor_anomaly)=0.01,,same_risk_state_consistent_with_previous_belief,图像显示健康，但环境传感器提示较高风险,hold,resample_before_action,中风险 + 高不确定性 → 重新采样后再决策,土壤湿度严重偏低；图像标签显示作物状态健康；环境和视觉存在冲突，降低直接执行可靠性；数据冲突：图像显示健康，但环境传感器提示较高风险；当前主风险与上一时刻状态信念一致，系统置信度上升,优先让机器人复查该区域并重新采样；若低湿状态连续出现，触发灌溉提醒,normal
2026-08-09 04:00,59.1,中,0.66,0.301,0.655,0.008,0.012,0.008,0.008,0.007,35.0,中,drought,70.4,13.4,1.00,0.90,0.72,0.28,环境和视觉存在冲突，降低直接执行可靠性,P(healthy)=0.15；P(drought)=0.81；P(heat)=0.01；P(pest)=0.01；P(waterlogging)=0.01；P(low_light)=0.01；P(sensor_anomaly)=0.01,P(healthy)=0.91；P(drought)=0.02；P(heat)=0.02；P(pest)=0.02；P(waterlogging)=0.02；P(low_light)=0.02；P(sensor_anomaly)=0.01,P(healthy)=0.37；P(drought)=0.59；P(heat)=0.01；P(pest)=0.01；P(waterlogging)=0.01；P(low_light)=0.01；P(sensor_anomaly)=0.01,P(healthy)=0.30；P(drought)=0.66；P(heat)=0.01；P(pest)=0.01；P(waterlogging)=0.01；P(low_light)=0.01；P(sensor_anomaly)=0.01,,same_risk_state_consistent_with_previous_belief,图像显示健康，但环境传感器提示较高风险,hold,resample_before_action,中风险 + 高不确定性 → 重新采样后再决策,土壤湿度严重偏低；图像标签显示作物状态健康；环境和视觉存在冲突，降低直接执行可靠性；数据冲突：图像显示健康，但环境传感器提示较高风险；当前主风险与上一时刻状态信念一致，系统置信度上升,优先让机器人复查该区域并重新采样；若低湿状态连续出现，触发灌溉提醒,normal
2026-08-09 05:00,59.0,中,0.66,0.302,0.655,0.008,0.010,0.008,0.008,0.007,35.0,中,drought,70.4,13.8,1.00,0.88,0.72,0.28,环境和视觉存在冲突，降低直接执行可靠性,P(healthy)=0.15；P(drought)=0.81；P(heat)=0.01；P(pest)=0.01；P(waterlogging)=0.01；P(low_light)=0.01；P(sensor_anomaly)=0.01,P(healthy)=0.91；P(drought)=0.02；P(heat)=0.02；P(pest)=0.02；P(waterlogging)=0.02；P(low_light)=0.02；P(sensor_anomaly)=0.01,P(healthy)=0.36；P(drought)=0.59；P(heat)=0.01；P(pest)=0.01；P(waterlogging)=0.01；P(low_light)=0.01；P(sensor_anomaly)=0.01,P(healthy)=0.30；P(drought)=0.66；P(heat)=0.01；P(pest)=0.01；P(waterlogging)=0.01；P(low_light)=0.01；P(sensor_anomaly)=0.01,,same_risk_state_consistent_with_previous_belief,图像显示健康，但环境传感器提示较高风险,hold,resample_before_action,中风险 + 高不确定性 → 重新采样后再决策,土壤湿度严重偏低；图像标签显示作物状态健康；环境和视觉存在冲突，降低直接执行可靠性；数据冲突：图像显示健康，但环境传感器提示较高风险；当前主风险与上一时刻状态信念一致，系统置信度上升,优先让机器人复查该区域并重新采样；若低湿状态连续出现，触发灌溉提醒,normal
2026-08-09 06:00,59.3,中,0.66,0.298,0.659,0.009,0.010,0.009,0.009,0.007,35.0,中,drought,70.4,14.7,1.00,0.83,0.73,0.27,环境和视觉存在冲突，降低直接执行可靠性,P(healthy)=0.15；P(drought)=0.81；P(heat)=0.01；P(pest)=0.01；P(waterlogging)=0.01；P(low_light)=0.01；P(sensor_anomaly)=0.01,P(healthy)=0.89；P(drought)=0.02；P(heat)=0.02；P(pest)=0.02；P(waterlogging)=0.02；P(low_light)=0.02；P(sensor_anomaly)=0.01,P(healthy)=0.35；P(drought)=0.60；P(heat)=0.01；P(pest)=0.01；P(waterlogging)=0.01；P(low_light)=0.01；P(sensor_anomaly)=0.01,P(healthy)=0.30；P(drought)=0.66；P(heat)=0.01；P(pest)=0.01；P(waterlogging)=0.01；P(low_light)=0.01；P(sensor_anomaly)=0.01,,same_risk_state_consistent_with_previous_belief,图像显示健康，但环境传感器提示较高风险,hold,resample_before_action,中风险 + 高不确定性 → 重新采样后再决策,土壤湿度严重偏低；图像标签显示作物状态健康；环境和视觉存在冲突，降低直接执行可靠性；数据冲突：图像显示健康，但环境传感器提示较高风险；当前主风险与上一时刻状态信念一致，系统置信度上升,优先让机器人复查该区域并重新采样；若低湿状态连续出现，触发灌溉提醒,normal
2026-08-09 07:00,66.1,中高,0.74,0.206,0.745,0.008,0.013,0.013,0.008,0.007,0.0,低,drought,70.4,76.6,1.00,0.81,0.67,0.33,,P(healthy)=0.15；P(drought)=0.81；P(heat)=0.01；P(pest)=0.01；P(waterlogging)=0.01；P(low_light)=0.01；P(sensor_anomaly)=0.01,P(healthy)=0.05；P(drought)=0.81；P(heat)=0.01；P(pest)=0.05；P(waterlogging)=0.05；P(low_light)=0.01；P(sensor_anomaly)=0.01,P(healthy)=0.12；P(drought)=0.81；P(heat)=0.01；P(pest)=0.02；P(waterlogging)=0.02；P(low_light)=0.01；P(sensor_anomaly)=0.01,P(healthy)=0.21；P(drought)=0.74；P(heat)=0.01；P(pest)=0.01；P(waterlogging)=0.01；P(low_light)=0.01；P(sensor_anomaly)=0.01,,same_risk_state_consistent_with_previous_belief,,execute,execute_recommended_action,高风险 + 低不确定性 → 允许执行建议动作,土壤湿度严重偏低；图像标签疑似干旱；当前主风险与上一时刻状态信念一致，系统置信度上升,若低湿状态连续出现，触发灌溉提醒,normal
2026-08-09 08:00,63.0,中高,0.71,0.247,0.707,0.008,0.011,0.011,0.008,0.007,35.0,中,drought,70.4,14.5,1.00,0.84,0.73,0.27,环境和视觉存在冲突，降低直接执行可靠性,P(healthy)=0.15；P(drought)=0.81；P(heat)=0.01；P(pest)=0.01；P(waterlogging)=0.01；P(low_light)=0.01；P(sensor_anomaly)=0.01,P(healthy)=0.89；P(drought)=0.02；P(heat)=0.02；P(pest)=0.02；P(waterlogging)=0.02；P(low_light)=0.02；P(sensor_anomaly)=0.01,P(healthy)=0.35；P(drought)=0.60；P(heat)=0.01；P(pest)=0.01；P(waterlogging)=0.01；P(low_light)=0.01；P(sensor_anomaly)=0.01,P(healthy)=0.25；P(drought)=0.71；P(heat)=0.01；P(pest)=0.01；P(waterlogging)=0.01；P(low_light)=0.01；P(sensor_anomaly)=0.01,,same_risk_state_consistent_with_previous_belief,图像显示健康，但环境传感器提示较高风险,hold,recheck_before_action,高风险 + 高不确定性 → 先复查，不直接执行动作,土壤湿度严重偏低；图像标签显示作物状态健康；环境和视觉存在冲突，降低直接执行可靠性；数据冲突：图像显示健康，但环境传感器提示较高风险；当前主风险与上一时刻状态信念一致，系统置信度上升,优先让机器人复查该区域并重新采样；若低湿状态连续出现，触发灌溉提醒,normal
2026-08-09 09:00,68.2,中高,0.77,0.177,0.771,0.008,0.014,0.014,0.008,0.007,0.0,低,drought,70.4,77.2,1.00,0.84,0.66,0.34,,P(healthy)=0.15；P(drought)=0.81；P(heat)=0.01；P(pest)=0.01；P(waterlogging)=0.01；P(low_light)=0.01；P(sensor_anomaly)=0.01,P(healthy)=0.05；P(drought)=0.82；P(heat)=0.01；P(pest)=0.05；P(waterlogging)=0.05；P(low_light)=0.01；P(sensor_anomaly)=0.01,P(healthy)=0.11；P(drought)=0.82；P(heat)=0.01；P(pest)=0.02；P(waterlogging)=0.02；P(low_light)=0.01；P(sensor_anomaly)=0.01,P(healthy)=0.18；P(drought)=0.77；P(heat)=0.01；P(pest)=0.01；P(waterlogging)=0.01；P(low_light)=0.01；P(sensor_anomaly)=0.01,,same_risk_state_consistent_with_previous_belief,,execute,execute_recommended_action,高风险 + 低不确定性 → 允许执行建议动作,土壤湿度严重偏低；图像标签疑似干旱；当前主风险与上一时刻状态信念一致，系统置信度上升,若低湿状态连续出现，触发灌溉提醒,normal
2026-08-09 10:00,70.7,中高,0.80,0.143,0.803,0.008,0.016,0.016,0.008,0.007,0.0,低,drought,70.4,75.8,1.00,0.77,0.68,0.32,,P(healthy)=0.15；P(drought)=0.81；P(heat)=0.01；P(pest)=0.01；P(waterlogging)=0.01；P(low_light)=0.01；P(sensor_anomaly)=0.01,P(healthy)=0.06；P(drought)=0.80；P(heat)=0.01；P(pest)=0.05；P(waterlogging)=0.05；P(low_light)=0.01；P(sensor_anomaly)=0.01,P(healthy)=0.12；P(drought)=0.81；P(heat)=0.01；P(pest)=0.02；P(waterlogging)=0.02；P(low_light)=0.01；P(sensor_anomaly)=0.01,P(healthy)=0.14；P(drought)=0.80；P(heat)=0.01；P(pest)=0.02；P(waterlogging)=0.02；P(low_light)=0.01；P(sensor_anomaly)=0.01,,same_risk_state_consistent_with_previous_belief,,execute,execute_recommended_action,高风险 + 低不确定性 → 允许执行建议动作,土壤湿度严重偏低；图像标签疑似干旱；当前主风险与上一时刻状态信念一致，系统置信度上升,若低湿状态连续出现，触发灌溉提醒,normal
2026-08-09 11:00,72.1,中高,0.82,0.124,0.820,0.008,0.017,0.017,0.008,0.007,0.0,低,drought,70.4,76.0,1.00,0.78,0.68,0.32,,P(healthy)=0.15；P(drought)=0.81；P(heat)=0.01；P(pest)=0.01；P(waterlogging)=0.01；P(low_light)=0.01；P(sensor_anomaly)=0.01,P(healthy)=0.06；P(drought)=0.80；P(heat)=0.01；P(pest)=0.05；P(waterlogging)=0.05；P(low_light)=0.01；P(sensor_anomaly)=0.01,P(healthy)=0.12；P(drought)=0.81；P(heat)=0.01；P(pest)=0.02；P(waterlogging)=0.02；P(low_light)=0.01；P(sensor_anomaly)=0.01,P(healthy)=0.12；P(drought)=0.82；P(heat)=0.01；P(pest)=0.02；P(waterlogging)=0.02；P(low_light)=0.01；P(sensor_anomaly)=0.01,,same_risk_state_consistent_with_previous_belief,,execute,execute_recommended_action,高风险 + 低不确定性 → 允许执行建议动作,土壤湿度严重偏低；图像标签疑似干旱；当前主风险与上一时刻状态信念一致，系统置信度上升,若低湿状态连续出现，触发灌溉提醒,normal
2026-08-09 12:00,73.1,中高,0.83,0.111,0.832,0.008,0.017,0.017,0.008,0.007,0.0,低,drought,70.4,77.2,1.00,0.84,0.66,0.34,,P(healthy)=0.15；P(drought)=0.81；P(heat)=0.01；P(pest)=0.01；P(waterlogging)=0.01；P(low_light)=0.01；P(sensor_anomaly)=0.01,P(healthy)=0.05；P(drought)=0.82；P(heat)=0.01；P(pest)=0.05；P(waterlogging)=0.05；P(low_light)=0.01；P(sensor_anomaly)=0.01,P(healthy)=0.11；P(drought)=0.82；P(heat)=0.01；P(pest)=0.02；P(waterlogging)=0.02；P(low_light)=0.01；P(sensor_anomaly)=0.01,P(healthy)=0.11；P(drought)=0.83；P(heat)=0.01；P(pest)=0.02；P(waterlogging)=0.02；P(low_light)=0.01；P(sensor_anomaly)=0.01,,same_risk_state_consistent_with_previous_belief,,execute,execute_recommended_action,高风险 + 低不确定性 → 允许执行建议动作,土壤湿度严重偏低；图像标签疑似干旱；当前主风险与上一时刻状态信念一致，系统置信度上升,若低湿状态连续出现，触发灌溉提醒,normal
2026-08-09 13:00,73.6,中高,0.84,0.104,0.839,0.007,0.017,0.017,0.007,0.007,0.0,低,drought,70.4,77.2,1.00,0.84,0.66,0.34,,P(healthy)=0.15；P(drought)=0.81；P(heat)=0.01；P(pest)=0.01；P(waterlogging)=0.01；P(low_light)=0.01；P(sensor_anomaly)=0.01,P(healthy)=0.05；P(drought)=0.82；P(heat)=0.01；P(pest)=0.05；P(waterlogging)=0.05；P(low_light)=0.01；P(sensor_anomaly)=0.01,P(healthy)=0.11；P(drought)=0.82；P(heat)=0.01；P(pest)=0.02；P(waterlogging)=0.02；P(low_light)=0.01；P(sensor_anomaly)=0.01,P(healthy)=0.10；P(drought)=0.84；P(heat)=0.01；P(pest)=0.02；P(waterlogging)=0.02；P(low_light)=0.01；P(sensor_anomaly)=0.01,,same_risk_state_consistent_with_previous_belief,,execute,execute_recommended_action,高风险 + 低不确定性 → 允许执行建议动作,土壤湿度严重偏低；图像标签疑似干旱；当前主风险与上一时刻状态信念一致，系统置信度上升,若低湿状态连续出现，触发灌溉提醒,normal
2026-08-09 14:00,73.9,中高,0.84,0.099,0.843,0.007,0.018,0.018,0.007,0.007,0.0,低,drought,70.4,77.5,1.00,0.86,0.65,0.35,,P(healthy)=0.15；P(drought)=0.81；P(heat)=0.01；P(pest)=0.01；P(waterlogging)=0.01；P(low_light)=0.01；P(sensor_anomaly)=0.01,P(healthy)=0.04；P(drought)=0.83；P(heat)=0.01；P(pest)=0.05；P(waterlogging)=0.05；P(low_light)=0.01；P(sensor_anomaly)=0.01,P(healthy)=0.11；P(drought)=0.82；P(heat)=0.01；P(pest)=0.02；P(waterlogging)=0.02；P(low_light)=0.01；P(sensor_anomaly)=0.01,P(healthy)=0.10；P(drought)=0.84；P(heat)=0.01；P(pest)=0.02；P(waterlogging)=0.02；P(low_light)=0.01；P(sensor_anomaly)=0.01,,same_risk_state_consistent_with_previous_belief,,execute,execute_recommended_action,高风险 + 低不确定性 → 允许执行建议动作,土壤湿度严重偏低；图像标签疑似干旱；当前主风险与上一时刻状态信念一致，系统置信度上升,若低湿状态连续出现，触发灌溉提醒,normal
2026-08-09 15:00,74.2,中高,0.85,0.096,0.847,0.007,0.018,0.018,0.007,0.007,0.0,低,drought,70.4,78.1,1.00,0.89,0.65,0.35,,P(healthy)=0.15；P(drought)=0.81；P(heat)=0.01；P(pest)=0.01；P(waterlogging)=0.01；P(low_light)=0.01；P(sensor_anomaly)=0.01,P(healthy)=0.03；P(drought)=0.84；P(heat)=0.01；P(pest)=0.05；P(waterlogging)=0.05；P(low_light)=0.01；P(sensor_anomaly)=0.01,P(healthy)=0.11；P(drought)=0.82；P(heat)=0.01；P(pest)=0.02；P(waterlogging)=0.02；P(low_light)=0.01；P(sensor_anomaly)=0.01,P(healthy)=0.10；P(drought)=0.85；P(heat)=0.01；P(pest)=0.02；P(waterlogging)=0.02；P(low_light)=0.01；P(sensor_anomaly)=0.01,,same_risk_state_consistent_with_previous_belief,,execute,execute_recommended_action,高风险 + 低不确定性 → 允许执行建议动作,土壤湿度严重偏低；图像标签疑似干旱；当前主风险与上一时刻状态信念一致，系统置信度上升,若低湿状态连续出现，触发灌溉提醒,normal
2026-08-09 16:00,67.4,中高,0.76,0.188,0.761,0.008,0.014,0.014,0.008,0.007,35.0,中,drought,70.4,14.5,1.00,0.84,0.73,0.27,环境和视觉存在冲突，降低直接执行可靠性,P(healthy)=0.15；P(drought)=0.81；P(heat)=0.01；P(pest)=0.01；P(waterlogging)=0.01；P(low_light)=0.01；P(sensor_anomaly)=0.01,P(healthy)=0.89；P(drought)=0.02；P(heat)=0.02；P(pest)=0.02；P(waterlogging)=0.02；P(low_light)=0.02；P(sensor_anomaly)=0.01,P(healthy)=0.35；P(drought)=0.60；P(heat)=0.01；P(pest)=0.01；P(waterlogging)=0.01；P(low_light)=0.01；P(sensor_anomaly)=0.01,P(healthy)=0.19；P(drought)=0.76；P(heat)=0.01；P(pest)=0.01；P(waterlogging)=0.01；P(low_light)=0.01；P(sensor_anomaly)=0.01,,same_risk_state_consistent_with_previous_belief,图像显示健康，但环境传感器提示较高风险,hold,recheck_before_action,高风险 + 高不确定性 → 先复查，不直接执行动作,土壤湿度严重偏低；图像标签显示作物状态健康；环境和视觉存在冲突，降低直接执行可靠性；数据冲突：图像显示健康，但环境传感器提示较高风险；当前主风险与上一时刻状态信念一致，系统置信度上升,优先让机器人复查该区域并重新采样；若低湿状态连续出现，触发灌溉提醒,normal
2026-08-09 17:00,63.8,中高,0.72,0.237,0.716,0.008,0.011,0.011,0.008,0.007,35.0,中,drought,70.4,14.7,1.00,0.83,0.73,0.27,环境和视觉存在冲突，降低直接执行可靠性,P(healthy)=0.15；P(drought)=0.81；P(heat)=0.01；P(pest)=0.01；P(waterlogging)=0.01；P(low_light)=0.01；P(sensor_anomaly)=0.01,P(healthy)=0.89；P(drought)=0.02；P(heat)=0.02；P(pest)=0.02；P(waterlogging)=0.02；P(low_light)=0.02；P(sensor_anomaly)=0.01,P(healthy)=0.35；P(drought)=0.60；P(heat)=0.01；P(pest)=0.01；P(waterlogging)=0.01；P(low_light)=0.01；P(sensor_anomaly)=0.01,P(healthy)=0.24；P(drought)=0.72；P(heat)=0.01；P(pest)=0.01；P(waterlogging)=0.01；P(low_light)=0.01；P(sensor_anomaly)=0.01,,same_risk_state_consistent_with_previous_belief,图像显示健康，但环境传感器提示较高风险,hold,recheck_before_action,高风险 + 高不确定性 → 先复查，不直接执行动作,土壤湿度严重偏低；图像标签显示作物状态健康；环境和视觉存在冲突，降低直接执行可靠性；数据冲突：图像显示健康，但环境传感器提示较高风险；当前主风险与上一时刻状态信念一致，系统置信度上升,优先让机器人复查该区域并重新采样；若低湿状态连续出现，触发灌溉提醒,normal
2026-08-09 18:00,61.3,中高,0.69,0.271,0.686,0.008,0.010,0.010,0.008,0.007,35.0,中,drought,70.4,13.3,1.00,0.91,0.71,0.29,环境和视觉存在冲突，降低直接执行可靠性,P(healthy)=0.15；P(drought)=0.81；P(heat)=0.01；P(pest)=0.01；P(waterlogging)=0.01；P(low_light)=0.01；P(sensor_anomaly)=0.01,P(healthy)=0.91；P(drought)=0.01；P(heat)=0.01；P(pest)=0.01；P(waterlogging)=0.01；P(low_light)=0.01；P(sensor_anomaly)=0.01,P(healthy)=0.37；P(drought)=0.58；P(heat)=0.01；P(pest)=0.01；P(waterlogging)=0.01；P(low_light)=0.01；P(sensor_anomaly)=0.01,P(healthy)=0.27；P(drought)=0.69；P(heat)=0.01；P(pest)=0.01；P(waterlogging)=0.01；P(low_light)=0.01；P(sensor_anomaly)=0.01,,same_risk_state_consistent_with_previous_belief,图像显示健康，但环境传感器提示较高风险,hold,recheck_before_action,高风险 + 高不确定性 → 先复查，不直接执行动作,土壤湿度严重偏低；图像标签显示作物状态健康；环境和视觉存在冲突，降低直接执行可靠性；数据冲突：图像显示健康，但环境传感器提示较高风险；当前主风险与上一时刻状态信念一致，系统置信度上升,优先让机器人复查该区域并重新采样；若低湿状态连续出现，触发灌溉提醒,normal
2026-08-09 19:00,59.7,中,0.67,0.293,0.666,0.008,0.009,0.009,0.008,0.007,35.0,中,drought,70.4,12.5,1.00,0.96,0.70,0.30,环境和视觉存在冲突，降低直接执行可靠性,P(healthy)=0.15；P(drought)=0.81；P(heat)=0.01；P(pest)=0.01；P(waterlogging)=0.01；P(low_light)=0.01；P(sensor_anomaly)=0.01,P(healthy)=0.93；P(drought)=0.01；P(heat)=0.01；P(pest)=0.01；P(waterlogging)=0.01；P(low_light)=0.01；P(sensor_anomaly)=0.01,P(healthy)=0.38；P(drought)=0.57；P(heat)=0.01；P(pest)=0.01；P(waterlogging)=0.01；P(low_light)=0.01；P(sensor_anomaly)=0.01,P(healthy)=0.29；P(drought)=0.67；P(heat)=0.01；P(pest)=0.01；P(waterlogging)=0.01；P(low_light)=0.01；P(sensor_anomaly)=0.01,,same_risk_state_consistent_with_previous_belief,图像显示健康，但环境传感器提示较高风险,hold,resample_before_action,中风险 + 高不确定性 → 重新采样后再决策,土壤湿度严重偏低；图像标签显示作物状态健康；环境和视觉存在冲突，降低直接执行可靠性；数据冲突：图像显示健康，但环境传感器提示较高风险；当前主风险与上一时刻状态信念一致，系统置信度上升,优先让机器人复查该区域并重新采样；若低湿状态连续出现，触发灌溉提醒,normal
2026-08-09 20:00,59.4,中,0.66,0.297,0.662,0.008,0.009,0.009,0.008,0.007,35.0,中,drought,70.4,14.0,1.00,0.87,0.72,0.28,环境和视觉存在冲突，降低直接执行可靠性,P(healthy)=0.15；P(drought)=0.81；P(heat)=0.01；P(pest)=0.01；P(waterlogging)=0.01；P(low_light)=0.01；P(sensor_anomaly)=0.01,P(healthy)=0.90；P(drought)=0.02；P(heat)=0.02；P(pest)=0.02；P(waterlogging)=0.02；P(low_light)=0.02；P(sensor_anomaly)=0.01,P(healthy)=0.36；P(drought)=0.59；P(heat)=0.01；P(pest)=0.01；P(waterlogging)=0.01；P(low_light)=0.01；P(sensor_anomaly)=0.01,P(healthy)=0.30；P(drought)=0.66；P(heat)=0.01；P(pest)=0.01；P(waterlogging)=0.01；P(low_light)=0.01；P(sensor_anomaly)=0.01,,same_risk_state_consistent_with_previous_belief,图像显示健康，但环境传感器提示较高风险,hold,resample_before_action,中风险 + 高不确定性 → 重新采样后再决策,土壤湿度严重偏低；图像标签显示作物状态健康；环境和视觉存在冲突，降低直接执行可靠性；数据冲突：图像显示健康，但环境传感器提示较高风险；当前主风险与上一时刻状态信念一致，系统置信度上升,优先让机器人复查该区域并重新采样；若低湿状态连续出现，触发灌溉提醒,normal
2026-08-09 21:00,59.2,中,0.66,0.300,0.659,0.008,0.009,0.009,0.008,0.007,35.0,中,drought,70.4,13.8,1.00,0.88,0.72,0.28,环境和视觉存在冲突，降低直接执行可靠性,P(healthy)=0.15；P(drought)=0.81；P(heat)=0.01；P(pest)=0.01；P(waterlogging)=0.01；P(low_light)=0.01；P(sensor_anomaly)=0.01,P(healthy)=0.91；P(drought)=0.02；P(heat)=0.02；P(pest)=0.02；P(waterlogging)=0.02；P(low_light)=0.02；P(sensor_anomaly)=0.01,P(healthy)=0.36；P(drought)=0.59；P(heat)=0.01；P(pest)=0.01；P(waterlogging)=0.01；P(low_light)=0.01；P(sensor_anomaly)=0.01,P(healthy)=0.30；P(drought)=0.66；P(heat)=0.01；P(pest)=0.01；P(waterlogging)=0.01；P(low_light)=0.01；P(sensor_anomaly)=0.01,,same_risk_state_consistent_with_previous_belief,图像显示健康，但环境传感器提示较高风险,hold,resample_before_action,中风险 + 高不确定性 → 重新采样后再决策,土壤湿度严重偏低；图像标签显示作物状态健康；环境和视觉存在冲突，降低直接执行可靠性；数据冲突：图像显示健康，但环境传感器提示较高风险；当前主风险与上一时刻状态信念一致，系统置信度上升,优先让机器人复查该区域并重新采样；若低湿状态连续出现，触发灌溉提醒,normal
2026-08-09 22:00,58.4,中,0.65,0.310,0.651,0.008,0.008,0.008,0.008,0.007,35.0,中,drought,70.4,12.3,1.00,0.97,0.70,0.30,环境和视觉存在冲突，降低直接执行可靠性,P(healthy)=0.15；P(drought)=0.81；P(heat)=0.01；P(pest)=0.01；P(waterlogging)=0.01；P(low_light)=0.01；P(sensor_anomaly)=0.01,P(healthy)=0.93；P(drought)=0.01；P(heat)=0.01；P(pest)=0.01；P(waterlogging)=0.01；P(low_light)=0.01；P(sensor_anomaly)=0.01,P(healthy)=0.38；P(drought)=0.57；P(heat)=0.01；P(pest)=0.01；P(waterlogging)=0.01；P(low_light)=0.01；P(sensor_anomaly)=0.01,P(healthy)=0.31；P(drought)=0.65；P(heat)=0.01；P(pest)=0.01；P(waterlogging)=0.01；P(low_light)=0.01；P(sensor_anomaly)=0.01,,same_risk_state_consistent_with_previous_belief,图像显示健康，但环境传感器提示较高风险,hold,resample_before_action,中风险 + 高不确定性 → 重新采样后再决策,土壤湿度严重偏低；图像标签显示作物状态健康；环境和视觉存在冲突，降低直接执行可靠性；数据冲突：图像显示健康，但环境传感器提示较高风险；当前主风险与上一时刻状态信念一致，系统置信度上升,优先让机器人复查该区域并重新采样；若低湿状态连续出现，触发灌溉提醒,normal
2026-08-09 23:00,58.9,中,0.66,0.304,0.655,0.008,0.008,0.008,0.008,0.007,35.0,中,drought,70.4,14.3,1.00,0.85,0.73,0.27,环境和视觉存在冲突，降低直接执行可靠性,P(healthy)=0.15；P(drought)=0.81；P(heat)=0.01；P(pest)=0.01；P(waterlogging)=0.01；P(low_light)=0.01；P(sensor_anomaly)=0.01,P(healthy)=0.90；P(drought)=0.02；P(heat)=0.02；P(pest)=0.02；P(waterlogging)=0.02；P(low_light)=0.02；P(sensor_anomaly)=0.01,P(healthy)=0.35；P(drought)=0.60；P(heat)=0.01；P(pest)=0.01；P(waterlogging)=0.01；P(low_light)=0.01；P(sensor_anomaly)=0.01,P(healthy)=0.30；P(drought)=0.66；P(heat)=0.01；P(pest)=0.01；P(waterlogging)=0.01；P(low_light)=0.01；P(sensor_anomaly)=0.01,,same_risk_state_consistent_with_previous_belief,图像显示健康，但环境传感器提示较高风险,hold,resample_before_action,中风险 + 高不确定性 → 重新采样后再决策,土壤湿度严重偏低；图像标签显示作物状态健康；环境和视觉存在冲突，降低直接执行可靠性；数据冲突：图像显示健康，但环境传感器提示较高风险；当前主风险与上一时刻状态信念一致，系统置信度上升,优先让机器人复查该区域并重新采样；若低湿状态连续出现，触发灌溉提醒,normal
2026-08-10 00:00,59.2,中,0.66,0.300,0.659,0.009,0.009,0.009,0.009,0.007,35.0,中,drought,70.4,14.5,1.00,0.84,0.73,0.27,环境和视觉存在冲突，降低直接执行可靠性,P(healthy)=0.15；P(drought)=0.81；P(heat)=0.01；P(pest)=0.01；P(waterlogging)=0.01；P(low_light)=0.01；P(sensor_anomaly)=0.01,P(healthy)=0.89；P(drought)=0.02；P(heat)=0.02；P(pest)=0.02；P(waterlogging)=0.02；P(low_light)=0.02；P(sensor_anomaly)=0.01,P(healthy)=0.35；P(drought)=0.60；P(heat)=0.01；P(pest)=0.01；P(waterlogging)=0.01；P(low_light)=0.01；P(sensor_anomaly)=0.01,P(healthy)=0.30；P(drought)=0.66；P(heat)=0.01；P(pest)=0.01；P(waterlogging)=0.01；P(low_light)=0.01；P(sensor_anomaly)=0.01,,same_risk_state_consistent_with_previous_belief,图像显示健康，但环境传感器提示较高风险,hold,resample_before_action,中风险 + 高不确定性 → 重新采样后再决策,土壤湿度严重偏低；图像标签显示作物状态健康；环境和视觉存在冲突，降低直接执行可靠性；数据冲突：图像显示健康，但环境传感器提示较高风险；当前主风险与上一时刻状态信念一致，系统置信度上升,优先让机器人复查该区域并重新采样；若低湿状态连续出现，触发灌溉提醒,normal
2026-08-10 01:00,65.0,中高,0.65,0.208,0.648,0.008,0.108,0.013,0.008,0.007,0.0,低,drought,70.4,68.5,1.00,0.78,0.68,0.32,,P(healthy)=0.15；P(drought)=0.81；P(heat)=0.01；P(pest)=0.01；P(waterlogging)=0.01；P(low_light)=0.01；P(sensor_anomaly)=0.01,P(healthy)=0.06；P(drought)=0.05；P(heat)=0.01；P(pest)=0.80；P(waterlogging)=0.05；P(low_light)=0.01；P(sensor_anomaly)=0.01,P(healthy)=0.12；P(drought)=0.57；P(heat)=0.01；P(pest)=0.27；P(waterlogging)=0.02；P(low_light)=0.01；P(sensor_anomaly)=0.01,P(healthy)=0.21；P(drought)=0.65；P(heat)=0.01；P(pest)=0.11；P(waterlogging)=0.01；P(low_light)=0.01；P(sensor_anomaly)=0.01,,same_risk_state_consistent_with_previous_belief,,execute,execute_recommended_action,高风险 + 低不确定性 → 允许执行建议动作,土壤湿度严重偏低；图像标签疑似病虫害；当前主风险与上一时刻状态信念一致，系统置信度上升,若低湿状态连续出现，触发灌溉提醒,normal
2026-08-10 02:00,62.2,中高,0.65,0.251,0.652,0.008,0.062,0.011,0.008,0.007,35.0,中,drought,70.4,14.0,1.00,0.87,0.72,0.28,环境和视觉存在冲突，降低直接执行可靠性,P(healthy)=0.15；P(drought)=0.81；P(heat)=0.01；P(pest)=0.01；P(waterlogging)=0.01；P(low_light)=0.01；P(sensor_anomaly)=0.01,P(healthy)=0.90；P(drought)=0.02；P(heat)=0.02；P(pest)=0.02；P(waterlogging)=0.02；P(low_light)=0.02；P(sensor_anomaly)=0.01,P(healthy)=0.36；P(drought)=0.59；P(heat)=0.01；P(pest)=0.01；P(waterlogging)=0.01；P(low_light)=0.01；P(sensor_anomaly)=0.01,P(healthy)=0.25；P(drought)=0.65；P(heat)=0.01；P(pest)=0.06；P(waterlogging)=0.01；P(low_light)=0.01；P(sensor_anomaly)=0.01,,same_risk_state_consistent_with_previous_belief,图像显示健康，但环境传感器提示较高风险,hold,recheck_before_action,高风险 + 高不确定性 → 先复查，不直接执行动作,土壤湿度严重偏低；图像标签显示作物状态健康；环境和视觉存在冲突，降低直接执行可靠性；数据冲突：图像显示健康，但环境传感器提示较高风险；当前主风险与上一时刻状态信念一致，系统置信度上升,优先让机器人复查该区域并重新采样；若低湿状态连续出现，触发灌溉提醒,normal
2026-08-10 03:00,60.8,中高,0.65,0.275,0.655,0.008,0.037,0.010,0.008,0.007,35.0,中,drought,70.4,14.0,1.00,0.87,0.72,0.28,环境和视觉存在冲突，降低直接执行可靠性,P(healthy)=0.15；P(drought)=0.81；P(heat)=0.01；P(pest)=0.01；P(waterlogging)=0.01；P(low_light)=0.01；P(sensor_anomaly)=0.01,P(healthy)=0.90；P(drought)=0.02；P(heat)=0.02；P(pest)=0.02；P(waterlogging)=0.02；P(low_light)=0.02；P(sensor_anomaly)=0.01,P(healthy)=0.36；P(drought)=0.59；P(heat)=0.01；P(pest)=0.01；P(waterlogging)=0.01；P(low_light)=0.01；P(sensor_anomaly)=0.01,P(healthy)=0.27；P(drought)=0.65；P(heat)=0.01；P(pest)=0.04；P(waterlogging)=0.01；P(low_light)=0.01；P(sensor_anomaly)=0.01,,same_risk_state_consistent_with_previous_belief,图像显示健康，但环境传感器提示较高风险,hold,recheck_before_action,高风险 + 高不确定性 → 先复查，不直接执行动作,土壤湿度严重偏低；图像标签显示作物状态健康；环境和视觉存在冲突，降低直接执行可靠性；数据冲突：图像显示健康，但环境传感器提示较高风险；当前主风险与上一时刻状态信念一致，系统置信度上升,优先让机器人复查该区域并重新采样；若低湿状态连续出现，触发灌溉提醒,normal
2026-08-10 04:00,58.2,中,0.63,0.309,0.629,0.009,0.025,0.010,0.009,0.008,35.0,中,drought,64.7,13.6,1.00,0.89,0.72,0.28,环境和视觉存在冲突，降低直接执行可靠性,P(healthy)=0.22；P(drought)=0.72；P(heat)=0.01；P(pest)=0.01；P(waterlogging)=0.01；P(low_light)=0.01；P(sensor_anomaly)=0.01,P(healthy)=0.91；P(drought)=0.02；P(heat)=0.02；P(pest)=0.02；P(waterlogging)=0.02；P(low_light)=0.02；P(sensor_anomaly)=0.01,P(healthy)=0.42；P(drought)=0.52；P(heat)=0.01；P(pest)=0.01；P(waterlogging)=0.01；P(low_light)=0.01；P(sensor_anomaly)=0.01,P(healthy)=0.31；P(drought)=0.63；P(heat)=0.01；P(pest)=0.02；P(waterlogging)=0.01；P(low_light)=0.01；P(sensor_anomaly)=0.01,,same_risk_state_consistent_with_previous_belief,图像显示健康，但环境传感器提示较高风险,hold,resample_before_action,中风险 + 高不确定性 → 重新采样后再决策,土壤湿度偏低；图像标签显示作物状态健康；环境和视觉存在冲突，降低直接执行可靠性；数据冲突：图像显示健康，但环境传感器提示较高风险；当前主风险与上一时刻状态信念一致，系统置信度上升,优先让机器人复查该区域并重新采样；若低湿状态连续出现，触发灌溉提醒,normal
2026-08-10 05:00,56.5,中,0.61,0.334,0.610,0.010,0.018,0.010,0.010,0.009,35.0,中,drought,64.7,12.5,1.00,0.96,0.70,0.30,环境和视觉存在冲突，降低直接执行可靠性,P(healthy)=0.22；P(drought)=0.72；P(heat)=0.01；P(pest)=0.01；P(waterlogging)=0.01；P(low_light)=0.01；P(sensor_anomaly)=0.01,P(healthy)=0.93；P(drought)=0.01；P(heat)=0.01；P(pest)=0.01；P(waterlogging)=0.01；P(low_light)=0.01；P(sensor_anomaly)=0.01,P(healthy)=0.43；P(drought)=0.51；P(heat)=0.01；P(pest)=0.01；P(waterlogging)=0.01；P(low_light)=0.01；P(sensor_anomaly)=0.01,P(healthy)=0.33；P(drought)=0.61；P(heat)=0.01；P(pest)=0.02；P(waterlogging)=0.01；P(low_light)=0.01；P(sensor_anomaly)=0.01,,same_risk_state_consistent_with_previous_belief,图像显示健康，但环境传感器提示较高风险,hold,resample_before_action,中风险 + 高不确定性 → 重新采样后再决策,土壤湿度偏低；图像标签显示作物状态健康；环境和视觉存在冲突，降低直接执行可靠性；数据冲突：图像显示健康，但环境传感器提示较高风险；当前主风险与上一时刻状态信念一致，系统置信度上升,优先让机器人复查该区域并重新采样；若低湿状态连续出现，触发灌溉提醒,normal
2026-08-10 06:00,57.6,中,0.63,0.320,0.631,0.009,0.013,0.009,0.009,0.008,35.0,中,drought,70.4,13.8,1.00,0.88,0.72,0.28,环境和视觉存在冲突，降低直接执行可靠性,P(healthy)=0.15；P(drought)=0.81；P(heat)=0.01；P(pest)=0.01；P(waterlogging)=0.01；P(low_light)=0.01；P(sensor_anomaly)=0.01,P(healthy)=0.91；P(drought)=0.02；P(heat)=0.02；P(pest)=0.02；P(waterlogging)=0.02；P(low_light)=0.02；P(sensor_anomaly)=0.01,P(healthy)=0.36；P(drought)=0.59；P(heat)=0.01；P(pest)=0.01；P(waterlogging)=0.01；P(low_light)=0.01；P(sensor_anomaly)=0.01,P(healthy)=0.32；P(drought)=0.63；P(heat)=0.01；P(pest)=0.01；P(waterlogging)=0.01；P(low_light)=0.01；P(sensor_anomaly)=0.01,,same_risk_state_consistent_with_previous_belief,图像显示健康，但环境传感器提示较高风险,hold,resample_before_action,中风险 + 高不确定性 → 重新采样后再决策,土壤湿度严重偏低；图像标签显示作物状态健康；环境和视觉存在冲突，降低直接执行可靠性；数据冲突：图像显示健康，但环境传感器提示较高风险；当前主风险与上一时刻状态信念一致，系统置信度上升,优先让机器人复查该区域并重新采样；若低湿状态连续出现，触发灌溉提醒,normal
2026-08-10 07:00,64.0,中高,0.66,0.225,0.659,0.008,0.080,0.012,0.008,0.008,0.0,低,drought,70.4,66.3,1.00,0.66,0.76,0.24,视觉置信度中等，轻微降低视觉模态权重,P(healthy)=0.15；P(drought)=0.81；P(heat)=0.01；P(pest)=0.01；P(waterlogging)=0.01；P(low_light)=0.01；P(sensor_anomaly)=0.01,P(healthy)=0.10；P(drought)=0.05；P(heat)=0.01；P(pest)=0.76；P(waterlogging)=0.05；P(low_light)=0.01；P(sensor_anomaly)=0.01,P(healthy)=0.14；P(drought)=0.63；P(heat)=0.01；P(pest)=0.19；P(waterlogging)=0.02；P(low_light)=0.01；P(sensor_anomaly)=0.01,P(healthy)=0.22；P(drought)=0.66；P(heat)=0.01；P(pest)=0.08；P(waterlogging)=0.01；P(low_light)=0.01；P(sensor_anomaly)=0.01,,same_risk_state_consistent_with_previous_belief,,execute,execute_recommended_action,高风险 + 低不确定性 → 允许执行建议动作,土壤湿度严重偏低；图像标签疑似病虫害；视觉置信度中等，轻微降低视觉模态权重；当前主风险与上一时刻状态信念一致，系统置信度上升,若低湿状态连续出现，触发灌溉提醒,normal
2026-08-10 08:00,61.8,中高,0.66,0.258,0.660,0.008,0.047,0.011,0.008,0.007,35.0,中,drought,70.4,14.3,1.00,0.85,0.73,0.27,环境和视觉存在冲突，降低直接执行可靠性,P(healthy)=0.15；P(drought)=0.81；P(heat)=0.01；P(pest)=0.01；P(waterlogging)=0.01；P(low_light)=0.01；P(sensor_anomaly)=0.01,P(healthy)=0.90；P(drought)=0.02；P(heat)=0.02；P(pest)=0.02；P(waterlogging)=0.02；P(low_light)=0.02；P(sensor_anomaly)=0.01,P(healthy)=0.35；P(drought)=0.60；P(heat)=0.01；P(pest)=0.01；P(waterlogging)=0.01；P(low_light)=0.01；P(sensor_anomaly)=0.01,P(healthy)=0.26；P(drought)=0.66；P(heat)=0.01；P(pest)=0.05；P(waterlogging)=0.01；P(low_light)=0.01；P(sensor_anomaly)=0.01,,same_risk_state_consistent_with_previous_belief,图像显示健康，但环境传感器提示较高风险,hold,recheck_before_action,高风险 + 高不确定性 → 先复查，不直接执行动作,土壤湿度严重偏低；图像标签显示作物状态健康；环境和视觉存在冲突，降低直接执行可靠性；数据冲突：图像显示健康，但环境传感器提示较高风险；当前主风险与上一时刻状态信念一致，系统置信度上升,优先让机器人复查该区域并重新采样；若低湿状态连续出现，触发灌溉提醒,normal
2026-08-10 09:00,67.3,中高,0.74,0.187,0.743,0.008,0.033,0.014,0.008,0.007,0.0,低,drought,70.4,75.6,1.00,0.76,0.68,0.32,,P(healthy)=0.15；P(drought)=0.81；P(heat)=0.01；P(pest)=0.01；P(waterlogging)=0.01；P(low_light)=0.01；P(sensor_anomaly)=0.01,P(healthy)=0.07；P(drought)=0.80；P(heat)=0.01；P(pest)=0.05；P(waterlogging)=0.05；P(low_light)=0.01；P(sensor_anomaly)=0.01,P(healthy)=0.12；P(drought)=0.81；P(heat)=0.01；P(pest)=0.02；P(waterlogging)=0.02；P(low_light)=0.01；P(sensor_anomaly)=0.01,P(healthy)=0.19；P(drought)=0.74；P(heat)=0.01；P(pest)=0.03；P(waterlogging)=0.01；P(low_light)=0.01；P(sensor_anomaly)=0.01,,same_risk_state_consistent_with_previous_belief,,execute,execute_recommended_action,高风险 + 低不确定性 → 允许执行建议动作,土壤湿度严重偏低；图像标签疑似干旱；当前主风险与上一时刻状态信念一致，系统置信度上升,若低湿状态连续出现，触发灌溉提醒,normal
2026-08-10 10:00,70.4,中高,0.79,0.146,0.789,0.008,0.026,0.016,0.008,0.007,0.0,低,drought,70.4,76.6,1.00,0.81,0.67,0.33,,P(healthy)=0.15；P(drought)=0.81；P(heat)=0.01；P(pest)=0.01；P(waterlogging)=0.01；P(low_light)=0.01；P(sensor_anomaly)=0.01,P(healthy)=0.05；P(drought)=0.81；P(heat)=0.01；P(pest)=0.05；P(waterlogging)=0.05；P(low_light)=0.01；P(sensor_anomaly)=0.01,P(healthy)=0.12；P(drought)=0.81；P(heat)=0.01；P(pest)=0.02；P(waterlogging)=0.02；P(low_light)=0.01；P(sensor_anomaly)=0.01,P(healthy)=0.15；P(drought)=0.79；P(heat)=0.01；P(pest)=0.03；P(waterlogging)=0.02；P(low_light)=0.01；P(sensor_anomaly)=0.01,,same_risk_state_consistent_with_previous_belief,,execute,execute_recommended_action,高风险 + 低不确定性 → 允许执行建议动作,土壤湿度严重偏低；图像标签疑似干旱；当前主风险与上一时刻状态信念一致，系统置信度上升,若低湿状态连续出现，触发灌溉提醒,normal
2026-08-10 11:00,72.2,中高,0.82,0.122,0.816,0.008,0.022,0.017,0.008,0.007,0.0,低,drought,70.4,77.4,1.00,0.85,0.66,0.34,,P(healthy)=0.15；P(drought)=0.81；P(heat)=0.01；P(pest)=0.01；P(waterlogging)=0.01；P(low_light)=0.01；P(sensor_anomaly)=0.01,P(healthy)=0.04；P(drought)=0.83；P(heat)=0.01；P(pest)=0.05；P(waterlogging)=0.05；P(low_light)=0.01；P(sensor_anomaly)=0.01,P(healthy)=0.11；P(drought)=0.82；P(heat)=0.01；P(pest)=0.02；P(waterlogging)=0.02；P(low_light)=0.01；P(sensor_anomaly)=0.01,P(healthy)=0.12；P(drought)=0.82；P(heat)=0.01；P(pest)=0.02；P(waterlogging)=0.02；P(low_light)=0.01；P(sensor_anomaly)=0.01,,same_risk_state_consistent_with_previous_belief,,execute,execute_recommended_action,高风险 + 低不确定性 → 允许执行建议动作,土壤湿度严重偏低；图像标签疑似干旱；当前主风险与上一时刻状态信念一致，系统置信度上升,若低湿状态连续出现，触发灌溉提醒,normal
2026-08-10 12:00,71.8,中高,0.81,0.127,0.809,0.008,0.021,0.018,0.008,0.008,0.0,低,drought,64.7,77.9,1.00,0.88,0.65,0.35,,P(healthy)=0.22；P(drought)=0.72；P(heat)=0.01；P(pest)=0.01；P(waterlogging)=0.01；P(low_light)=0.01；P(sensor_anomaly)=0.01,P(healthy)=0.04；P(drought)=0.84；P(heat)=0.01；P(pest)=0.05；P(waterlogging)=0.05；P(low_light)=0.01；P(sensor_anomaly)=0.01,P(healthy)=0.16；P(drought)=0.76；P(heat)=0.01；P(pest)=0.02；P(waterlogging)=0.02；P(low_light)=0.01；P(sensor_anomaly)=0.01,P(healthy)=0.13；P(drought)=0.81；P(heat)=0.01；P(pest)=0.02；P(waterlogging)=0.02；P(low_light)=0.01；P(sensor_anomaly)=0.01,,same_risk_state_consistent_with_previous_belief,,execute,execute_recommended_action,高风险 + 低不确定性 → 允许执行建议动作,土壤湿度偏低；图像标签疑似干旱；当前主风险与上一时刻状态信念一致，系统置信度上升,若低湿状态连续出现，触发灌溉提醒,normal
2026-08-10 13:00,64.0,中高,0.71,0.233,0.710,0.009,0.016,0.014,0.009,0.009,35.0,中,drought,64.7,13.1,1.00,0.92,0.71,0.29,环境和视觉存在冲突，降低直接执行可靠性,P(healthy)=0.22；P(drought)=0.72；P(heat)=0.01；P(pest)=0.01；P(waterlogging)=0.01；P(low_light)=0.01；P(sensor_anomaly)=0.01,P(healthy)=0.92；P(drought)=0.01；P(heat)=0.01；P(pest)=0.01；P(waterlogging)=0.01；P(low_light)=0.01；P(sensor_anomaly)=0.01,P(healthy)=0.42；P(drought)=0.52；P(heat)=0.01；P(pest)=0.01；P(waterlogging)=0.01；P(low_light)=0.01；P(sensor_anomaly)=0.01,P(healthy)=0.23；P(drought)=0.71；P(heat)=0.01；P(pest)=0.02；P(waterlogging)=0.01；P(low_light)=0.01；P(sensor_anomaly)=0.01,,same_risk_state_consistent_with_previous_belief,图像显示健康，但环境传感器提示较高风险,hold,recheck_before_action,高风险 + 高不确定性 → 先复查，不直接执行动作,土壤湿度偏低；图像标签显示作物状态健康；环境和视觉存在冲突，降低直接执行可靠性；数据冲突：图像显示健康，但环境传感器提示较高风险；当前主风险与上一时刻状态信念一致，系统置信度上升,优先让机器人复查该区域并重新采样；若低湿状态连续出现，触发灌溉提醒,normal
2026-08-10 14:00,60.3,中高,0.66,0.282,0.662,0.010,0.014,0.013,0.010,0.009,35.0,中,drought,64.7,14.5,1.00,0.84,0.73,0.27,环境和视觉存在冲突，降低直接执行可靠性,P(healthy)=0.22；P(drought)=0.72；P(heat)=0.01；P(pest)=0.01；P(waterlogging)=0.01；P(low_light)=0.01；P(sensor_anomaly)=0.01,P(healthy)=0.89；P(drought)=0.02；P(heat)=0.02；P(pest)=0.02；P(waterlogging)=0.02；P(low_light)=0.02；P(sensor_anomaly)=0.01,P(healthy)=0.40；P(drought)=0.53；P(heat)=0.01；P(pest)=0.01；P(waterlogging)=0.01；P(low_light)=0.01；P(sensor_anomaly)=0.01,P(healthy)=0.28；P(drought)=0.66；P(heat)=0.01；P(pest)=0.01；P(waterlogging)=0.01；P(low_light)=0.01；P(sensor_anomaly)=0.01,,same_risk_state_consistent_with_previous_belief,图像显示健康，但环境传感器提示较高风险,hold,recheck_before_action,高风险 + 高不确定性 → 先复查，不直接执行动作,土壤湿度偏低；图像标签显示作物状态健康；环境和视觉存在冲突，降低直接执行可靠性；数据冲突：图像显示健康，但环境传感器提示较高风险；当前主风险与上一时刻状态信念一致，系统置信度上升,优先让机器人复查该区域并重新采样；若低湿状态连续出现，触发灌溉提醒,normal
2026-08-10 15:00,57.5,中,0.63,0.321,0.627,0.010,0.012,0.011,0.010,0.009,35.0,中,drought,64.7,12.3,1.00,0.97,0.70,0.30,环境和视觉存在冲突，降低直接执行可靠性,P(healthy)=0.22；P(drought)=0.72；P(heat)=0.01；P(pest)=0.01；P(waterlogging)=0.01；P(low_light)=0.01；P(sensor_anomaly)=0.01,P(healthy)=0.93；P(drought)=0.01；P(heat)=0.01；P(pest)=0.01；P(waterlogging)=0.01；P(low_light)=0.01；P(sensor_anomaly)=0.01,P(healthy)=0.43；P(drought)=0.51；P(heat)=0.01；P(pest)=0.01；P(waterlogging)=0.01；P(low_light)=0.01；P(sensor_anomaly)=0.01,P(healthy)=0.32；P(drought)=0.63；P(heat)=0.01；P(pest)=0.01；P(waterlogging)=0.01；P(low_light)=0.01；P(sensor_anomaly)=0.01,,same_risk_state_consistent_with_previous_belief,图像显示健康，但环境传感器提示较高风险,hold,resample_before_action,中风险 + 高不确定性 → 重新采样后再决策,土壤湿度偏低；图像标签显示作物状态健康；环境和视觉存在冲突，降低直接执行可靠性；数据冲突：图像显示健康，但环境传感器提示较高风险；当前主风险与上一时刻状态信念一致，系统置信度上升,优先让机器人复查该区域并重新采样；若低湿状态连续出现，触发灌溉提醒,normal
2026-08-10 16:00,56.4,中,0.61,0.335,0.614,0.010,0.011,0.011,0.010,0.009,35.0,中,drought,64.7,13.4,1.00,0.90,0.72,0.28,环境和视觉存在冲突，降低直接执行可靠性,P(healthy)=0.22；P(drought)=0.72；P(heat)=0.01；P(pest)=0.01；P(waterlogging)=0.01；P(low_light)=0.01；P(sensor_anomaly)=0.01,P(healthy)=0.91；P(drought)=0.02；P(heat)=0.02；P(pest)=0.02；P(waterlogging)=0.02；P(low_light)=0.02；P(sensor_anomaly)=0.01,P(healthy)=0.42；P(drought)=0.52；P(heat)=0.01；P(pest)=0.01；P(waterlogging)=0.01；P(low_light)=0.01；P(sensor_anomaly)=0.01,P(healthy)=0.33；P(drought)=0.61；P(heat)=0.01；P(pest)=0.01；P(waterlogging)=0.01；P(low_light)=0.01；P(sensor_anomaly)=0.01,,same_risk_state_consistent_with_previous_belief,图像显示健康，但环境传感器提示较高风险,hold,resample_before_action,中风险 + 高不确定性 → 重新采样后再决策,土壤湿度偏低；图像标签显示作物状态健康；环境和视觉存在冲突，降低直接执行可靠性；数据冲突：图像显示健康，但环境传感器提示较高风险；当前主风险与上一时刻状态信念一致，系统置信度上升,优先让机器人复查该区域并重新采样；若低湿状态连续出现，触发灌溉提醒,normal
2026-08-10 17:00,58.0,中,0.41,0.241,0.411,0.009,0.083,0.120,0.126,0.009,2.0,低,drought,52.0,66.9,1.00,0.69,0.75,0.25,视觉置信度中等，轻微降低视觉模态权重,P(healthy)=0.18；P(drought)=0.01；P(heat)=0.01；P(pest)=0.01；P(waterlogging)=0.37；P(low_light)=0.41；P(sensor_anomaly)=0.01,P(healthy)=0.09；P(drought)=0.05；P(heat)=0.01；P(pest)=0.77；P(waterlogging)=0.05；P(low_light)=0.01；P(sensor_anomaly)=0.01,P(healthy)=0.16；P(drought)=0.02；P(heat)=0.01；P(pest)=0.20；P(waterlogging)=0.29；P(low_light)=0.31；P(sensor_anomaly)=0.01,P(healthy)=0.24；P(drought)=0.41；P(heat)=0.01；P(pest)=0.08；P(waterlogging)=0.12；P(low_light)=0.13；P(sensor_anomaly)=0.01,,same_risk_state_consistent_with_previous_belief,,hold,monitor_more_context,风险或不确定性处于中间状态 → 继续观察并收集更多上下文,短时降雨量较高；图像标签疑似病虫害；视觉置信度中等，轻微降低视觉模态权重；当前主风险与上一时刻状态信念一致，系统置信度上升,若低湿状态连续出现，触发灌溉提醒,normal
2026-08-10 18:00,38.6,低,0.53,0.535,0.243,0.010,0.053,0.074,0.078,0.009,0.0,低,healthy,10.5,14.0,1.00,0.87,0.65,0.35,,P(healthy)=0.96；P(drought)=0.01；P(heat)=0.01；P(pest)=0.01；P(waterlogging)=0.01；P(low_light)=0.01；P(sensor_anomaly)=0.01,P(healthy)=0.90；P(drought)=0.02；P(heat)=0.02；P(pest)=0.02；P(waterlogging)=0.02；P(low_light)=0.02；P(sensor_anomaly)=0.01,P(healthy)=0.94；P(drought)=0.01；P(heat)=0.01；P(pest)=0.01；P(waterlogging)=0.01；P(low_light)=0.01；P(sensor_anomaly)=0.01,P(healthy)=0.53；P(drought)=0.24；P(heat)=0.01；P(pest)=0.05；P(waterlogging)=0.07；P(low_light)=0.08；P(sensor_anomaly)=0.01,,,,observe,routine_patrol,低风险 + 低不确定性 → 常规巡检,环境传感器指标处于正常范围；图像标签显示作物状态健康,继续常规巡检,normal
2026-08-10 19:00,27.2,低,0.71,0.706,0.145,0.010,0.035,0.047,0.049,0.009,0.0,低,healthy,10.5,13.3,1.00,0.91,0.64,0.36,,P(healthy)=0.96；P(drought)=0.01；P(heat)=0.01；P(pest)=0.01；P(waterlogging)=0.01；P(low_light)=0.01；P(sensor_anomaly)=0.01,P(healthy)=0.91；P(drought)=0.01；P(heat)=0.01；P(pest)=0.01；P(waterlogging)=0.01；P(low_light)=0.01；P(sensor_anomaly)=0.01,P(healthy)=0.94；P(drought)=0.01；P(heat)=0.01；P(pest)=0.01；P(waterlogging)=0.01；P(low_light)=0.01；P(sensor_anomaly)=0.01,P(healthy)=0.71；P(drought)=0.14；P(heat)=0.01；P(pest)=0.03；P(waterlogging)=0.05；P(low_light)=0.05；P(sensor_anomaly)=0.01,,,,observe,routine_patrol,低风险 + 低不确定性 → 常规巡检,环境传感器指标处于正常范围；图像标签显示作物状态健康,继续常规巡检,normal
2026-08-10 20:00,20.8,低,0.80,0.803,0.089,0.010,0.025,0.032,0.033,0.009,0.0,低,healthy,10.5,14.7,1.00,0.83,0.66,0.34,,P(healthy)=0.96；P(drought)=0.01；P(heat)=0.01；P(pest)=0.01；P(waterlogging)=0.01；P(low_light)=0.01；P(sensor_anomaly)=0.01,P(healthy)=0.89；P(drought)=0.02；P(heat)=0.02；P(pest)=0.02；P(waterlogging)=0.02；P(low_light)=0.02；P(sensor_anomaly)=0.01,P(healthy)=0.94；P(drought)=0.01；P(heat)=0.01；P(pest)=0.01；P(waterlogging)=0.01；P(low_light)=0.01；P(sensor_anomaly)=0.01,P(healthy)=0.80；P(drought)=0.09；P(heat)=0.01；P(pest)=0.02；P(waterlogging)=0.03；P(low_light)=0.03；P(sensor_anomaly)=0.01,,,,observe,routine_patrol,低风险 + 低不确定性 → 常规巡检,环境传感器指标处于正常范围；图像标签显示作物状态健康,继续常规巡检,normal
2026-08-10 21:00,17.0,很低,0.86,0.860,0.056,0.010,0.019,0.023,0.024,0.009,0.0,低,healthy,10.5,14.0,1.00,0.87,0.65,0.35,,P(healthy)=0.96；P(drought)=0.01；P(heat)=0.01；P(pest)=0.01；P(waterlogging)=0.01；P(low_light)=0.01；P(sensor_anomaly)=0.01,P(healthy)=0.90；P(drought)=0.02；P(heat)=0.02；P(pest)=0.02；P(waterlogging)=0.02；P(low_light)=0.02；P(sensor_anomaly)=0.01,P(healthy)=0.94；P(drought)=0.01；P(heat)=0.01；P(pest)=0.01；P(waterlogging)=0.01；P(low_light)=0.01；P(sensor_anomaly)=0.01,P(healthy)=0.86；P(drought)=0.06；P(heat)=0.01；P(pest)=0.02；P(waterlogging)=0.02；P(low_light)=0.02；P(sensor_anomaly)=0.01,,,,observe,routine_patrol,低风险 + 低不确定性 → 常规巡检,环境传感器指标处于正常范围；图像标签显示作物状态健康,继续常规巡检,normal
2026-08-10 22:00,14.8,很低,0.89,0.893,0.037,0.011,0.015,0.018,0.018,0.008,0.0,低,healthy,10.5,14.3,1.00,0.85,0.66,0.34,,P(healthy)=0.96；P(drought)=0.01；P(heat)=0.01；P(pest)=0.01；P(waterlogging)=0.01；P(low_light)=0.01；P(sensor_anomaly)=0.01,P(healthy)=0.90；P(drought)=0.02；P(heat)=0.02；P(pest)=0.02；P(waterlogging)=0.02；P(low_light)=0.02；P(sensor_anomaly)=0.01,P(healthy)=0.94；P(drought)=0.01；P(heat)=0.01；P(pest)=0.01；P(waterlogging)=0.01；P(low_light)=0.01；P(sensor_anomaly)=0.01,P(healthy)=0.89；P(drought)=0.04；P(heat)=0.01；P(pest)=0.02；P(waterlogging)=0.02；P(low_light)=0.02；P(sensor_anomaly)=0.01,,,,observe,routine_patrol,低风险 + 低不确定性 → 常规巡检,环境传感器指标处于正常范围；图像标签显示作物状态健康,继续常规巡检,normal
2026-08-10 23:00,20.2,低,0.81,0.809,0.030,0.010,0.110,0.019,0.014,0.009,0.0,低,healthy,10.5,67.2,1.00,0.71,0.70,0.30,,P(healthy)=0.96；P(drought)=0.01；P(heat)=0.01；P(pest)=0.01；P(waterlogging)=0.01；P(low_light)=0.01；P(sensor_anomaly)=0.01,P(healthy)=0.08；P(drought)=0.05；P(heat)=0.01；P(pest)=0.78；P(waterlogging)=0.05；P(low_light)=0.01；P(sensor_anomaly)=0.01,P(healthy)=0.69；P(drought)=0.02；P(heat)=0.01；P(pest)=0.24；P(waterlogging)=0.02；P(low_light)=0.01；P(sensor_anomaly)=0.01,P(healthy)=0.81；P(drought)=0.03；P(heat)=0.01；P(pest)=0.11；P(waterlogging)=0.02；P(low_light)=0.01；P(sensor_anomaly)=0.01,,,,observe,routine_patrol,低风险 + 低不确定性 → 常规巡检,环境传感器指标处于正常范围；图像标签疑似病虫害,继续常规巡检,normal
2026-08-11 00:00,16.6,很低,0.86,0.864,0.022,0.010,0.068,0.015,0.013,0.008,0.0,低,healthy,10.5,13.8,1.00,0.88,0.65,0.35,,P(healthy)=0.96；P(drought)=0.01；P(heat)=0.01；P(pest)=0.01；P(waterlogging)=0.01；P(low_light)=0.01；P(sensor_anomaly)=0.01,P(healthy)=0.91；P(drought)=0.02；P(heat)=0.02；P(pest)=0.02；P(waterlogging)=0.02；P(low_light)=0.02；P(sensor_anomaly)=0.01,P(healthy)=0.94；P(drought)=0.01；P(heat)=0.01；P(pest)=0.01；P(waterlogging)=0.01；P(low_light)=0.01；P(sensor_anomaly)=0.01,P(healthy)=0.86；P(drought)=0.02；P(heat)=0.01；P(pest)=0.07；P(waterlogging)=0.02；P(low_light)=0.01；P(sensor_anomaly)=0.01,,,,observe,routine_patrol,低风险 + 低不确定性 → 常规巡检,环境传感器指标处于正常范围；图像标签显示作物状态健康,继续常规巡检,normal
2026-08-11 01:00,14.6,很低,0.90,0.895,0.017,0.010,0.044,0.013,0.012,0.008,0.0,低,healthy,10.5,14.1,1.00,0.86,0.65,0.35,,P(healthy)=0.96；P(drought)=0.01；P(heat)=0.01；P(pest)=0.01；P(waterlogging)=0.01；P(low_light)=0.01；P(sensor_anomaly)=0.01,P(healthy)=0.90；P(drought)=0.02；P(heat)=0.02；P(pest)=0.02；P(waterlogging)=0.02；P(low_light)=0.02；P(sensor_anomaly)=0.01,P(healthy)=0.94；P(drought)=0.01；P(heat)=0.01；P(pest)=0.01；P(waterlogging)=0.01；P(low_light)=0.01；P(sensor_anomaly)=0.01,P(healthy)=0.90；P(drought)=0.02；P(heat)=0.01；P(pest)=0.04；P(waterlogging)=0.01；P(low_light)=0.01；P(sensor_anomaly)=0.01,,,,observe,routine_patrol,低风险 + 低不确定性 → 常规巡检,环境传感器指标处于正常范围；图像标签显示作物状态健康,继续常规巡检,normal
2026-08-11 02:00,13.2,很低,0.92,0.916,0.014,0.010,0.029,0.012,0.011,0.008,0.0,低,healthy,10.5,12.8,1.00,0.94,0.63,0.37,,P(healthy)=0.96；P(drought)=0.01；P(heat)=0.01；P(pest)=0.01；P(waterlogging)=0.01；P(low_light)=0.01；P(sensor_anomaly)=0.01,P(healthy)=0.92；P(drought)=0.01；P(heat)=0.01；P(pest)=0.01；P(waterlogging)=0.01；P(low_light)=0.01；P(sensor_anomaly)=0.01,P(healthy)=0.95；P(drought)=0.01；P(heat)=0.01；P(pest)=0.01；P(waterlogging)=0.01；P(low_light)=0.01；P(sensor_anomaly)=0.01,P(healthy)=0.92；P(drought)=0.01；P(heat)=0.01；P(pest)=0.03；P(waterlogging)=0.01；P(low_light)=0.01；P(sensor_anomaly)=0.01,,,,observe,routine_patrol,低风险 + 低不确定性 → 常规巡检,环境传感器指标处于正常范围；图像标签显示作物状态健康,继续常规巡检,normal
2026-08-11 03:00,12.6,很低,0.93,0.926,0.012,0.010,0.021,0.011,0.010,0.008,0.0,低,healthy,10.5,13.8,1.00,0.88,0.65,0.35,,P(healthy)=0.96；P(drought)=0.01；P(heat)=0.01；P(pest)=0.01；P(waterlogging)=0.01；P(low_light)=0.01；P(sensor_anomaly)=0.01,P(healthy)=0.91；P(drought)=0.02；P(heat)=0.02；P(pest)=0.02；P(waterlogging)=0.02；P(low_light)=0.02；P(sensor_anomaly)=0.01,P(healthy)=0.94；P(drought)=0.01；P(heat)=0.01；P(pest)=0.01；P(waterlogging)=0.01；P(low_light)=0.01；P(sensor_anomaly)=0.01,P(healthy)=0.93；P(drought)=0.01；P(heat)=0.01；P(pest)=0.02；P(waterlogging)=0.01；P(low_light)=0.01；P(sensor_anomaly)=0.01,,,,observe,routine_patrol,低风险 + 低不确定性 → 常规巡检,环境传感器指标处于正常范围；图像标签显示作物状态健康,继续常规巡检,normal
2026-08-11 04:00,12.0,很低,0.93,0.935,0.011,0.010,0.016,0.010,0.010,0.008,0.0,低,healthy,10.5,12.6,1.00,0.95,0.63,0.37,,P(healthy)=0.96；P(drought)=0.01；P(heat)=0.01；P(pest)=0.01；P(waterlogging)=0.01；P(low_light)=0.01；P(sensor_anomaly)=0.01,P(healthy)=0.92；P(drought)=0.01；P(heat)=0.01；P(pest)=0.01；P(waterlogging)=0.01；P(low_light)=0.01；P(sensor_anomaly)=0.01,P(healthy)=0.95；P(drought)=0.01；P(heat)=0.01；P(pest)=0.01；P(waterlogging)=0.01；P(low_light)=0.01；P(sensor_anomaly)=0.01,P(healthy)=0.93；P(drought)=0.01；P(heat)=0.01；P(pest)=0.02；P(waterlogging)=0.01；P(low_light)=0.01；P(sensor_anomaly)=0.01,,,,observe,routine_patrol,低风险 + 低不确定性 → 常规巡检,环境传感器指标处于正常范围；图像标签显示作物状态健康,继续常规巡检,normal
2026-08-11 05:00,11.7,很低,0.94,0.940,0.010,0.009,0.013,0.010,0.009,0.008,0.0,低,healthy,10.5,12.5,1.00,0.96,0.63,0.37,,P(healthy)=0.96；P(drought)=0.01；P(heat)=0.01；P(pest)=0.01；P(waterlogging)=0.01；P(low_light)=0.01；P(sensor_anomaly)=0.01,P(healthy)=0.93；P(drought)=0.01；P(heat)=0.01；P(pest)=0.01；P(waterlogging)=0.01；P(low_light)=0.01；P(sensor_anomaly)=0.01,P(healthy)=0.95；P(drought)=0.01；P(heat)=0.01；P(pest)=0.01；P(waterlogging)=0.01；P(low_light)=0.01；P(sensor_anomaly)=0.01,P(healthy)=0.94；P(drought)=0.01；P(heat)=0.01；P(pest)=0.01；P(waterlogging)=0.01；P(low_light)=0.01；P(sensor_anomaly)=0.01,,,,observe,routine_patrol,低风险 + 低不确定性 → 常规巡检,环境传感器指标处于正常范围；图像标签显示作物状态健康,继续常规巡检,normal
2026-08-11 06:00,11.5,很低,0.94,0.943,0.010,0.009,0.011,0.009,0.009,0.008,0.0,低,healthy,10.5,12.5,1.00,0.96,0.63,0.37,,P(healthy)=0.96；P(drought)=0.01；P(heat)=0.01；P(pest)=0.01；P(waterlogging)=0.01；P(low_light)=0.01；P(sensor_anomaly)=0.01,P(healthy)=0.93；P(drought)=0.01；P(heat)=0.01；P(pest)=0.01；P(waterlogging)=0.01；P(low_light)=0.01；P(sensor_anomaly)=0.01,P(healthy)=0.95；P(drought)=0.01；P(heat)=0.01；P(pest)=0.01；P(waterlogging)=0.01；P(low_light)=0.01；P(sensor_anomaly)=0.01,P(healthy)=0.94；P(drought)=0.01；P(heat)=0.01；P(pest)=0.01；P(waterlogging)=0.01；P(low_light)=0.01；P(sensor_anomaly)=0.01,,,,observe,routine_patrol,低风险 + 低不确定性 → 常规巡检,环境传感器指标处于正常范围；图像标签显示作物状态健康,继续常规巡检,normal
2026-08-11 07:00,11.6,很低,0.94,0.942,0.010,0.010,0.011,0.010,0.010,0.008,0.0,低,healthy,10.5,13.8,1.00,0.88,0.65,0.35,,P(healthy)=0.96；P(drought)=0.01；P(heat)=0.01；P(pest)=0.01；P(waterlogging)=0.01；P(low_light)=0.01；P(sensor_anomaly)=0.01,P(healthy)=0.91；P(drought)=0.02；P(heat)=0.02；P(pest)=0.02；P(waterlogging)=0.02；P(low_light)=0.02；P(sensor_anomaly)=0.01,P(healthy)=0.94；P(drought)=0.01；P(heat)=0.01；P(pest)=0.01；P(waterlogging)=0.01；P(low_light)=0.01；P(sensor_anomaly)=0.01,P(healthy)=0.94；P(drought)=0.01；P(heat)=0.01；P(pest)=0.01；P(waterlogging)=0.01；P(low_light)=0.01；P(sensor_anomaly)=0.01,,,,observe,routine_patrol,低风险 + 低不确定性 → 常规巡检,环境传感器指标处于正常范围；图像标签显示作物状态健康,继续常规巡检,normal
2026-08-11 08:00,11.5,很低,0.94,0.943,0.010,0.010,0.010,0.010,0.010,0.008,0.0,低,healthy,10.5,13.1,1.00,0.92,0.64,0.36,,P(healthy)=0.96；P(drought)=0.01；P(heat)=0.01；P(pest)=0.01；P(waterlogging)=0.01；P(low_light)=0.01；P(sensor_anomaly)=0.01,P(healthy)=0.92；P(drought)=0.01；P(heat)=0.01；P(pest)=0.01；P(waterlogging)=0.01；P(low_light)=0.01；P(sensor_anomaly)=0.01,P(healthy)=0.94；P(drought)=0.01；P(heat)=0.01；P(pest)=0.01；P(waterlogging)=0.01；P(low_light)=0.01；P(sensor_anomaly)=0.01,P(healthy)=0.94；P(drought)=0.01；P(heat)=0.01；P(pest)=0.01；P(waterlogging)=0.01；P(low_light)=0.01；P(sensor_anomaly)=0.01,,,,observe,routine_patrol,低风险 + 低不确定性 → 常规巡检,环境传感器指标处于正常范围；图像标签显示作物状态健康,继续常规巡检,normal
2026-08-11 09:00,11.4,很低,0.94,0.944,0.009,0.009,0.010,0.009,0.009,0.008,0.0,低,healthy,10.5,12.6,1.00,0.95,0.63,0.37,,P(healthy)=0.96；P(drought)=0.01；P(heat)=0.01；P(pest)=0.01；P(waterlogging)=0.01；P(low_light)=0.01；P(sensor_anomaly)=0.01,P(healthy)=0.92；P(drought)=0.01；P(heat)=0.01；P(pest)=0.01；P(waterlogging)=0.01；P(low_light)=0.01；P(sensor_anomaly)=0.01,P(healthy)=0.95；P(drought)=0.01；P(heat)=0.01；P(pest)=0.01；P(waterlogging)=0.01；P(low_light)=0.01；P(sensor_anomaly)=0.01,P(healthy)=0.94；P(drought)=0.01；P(heat)=0.01；P(pest)=0.01；P(waterlogging)=0.01；P(low_light)=0.01；P(sensor_anomaly)=0.01,,,,observe,routine_patrol,低风险 + 低不确定性 → 常规巡检,环境传感器指标处于正常范围；图像标签显示作物状态健康,继续常规巡检,normal
2026-08-11 10:00,16.5,很低,0.87,0.875,0.063,0.009,0.018,0.018,0.009,0.008,44.0,中,healthy,10.5,57.4,1.00,0.43,0.87,0.13,视觉置信度低，降低视觉模态权重,P(healthy)=0.96；P(drought)=0.01；P(heat)=0.01；P(pest)=0.01；P(waterlogging)=0.01；P(low_light)=0.01；P(sensor_anomaly)=0.01,P(healthy)=0.27；P(drought)=0.22；P(heat)=0.02；P(pest)=0.22；P(waterlogging)=0.22；P(low_light)=0.02；P(sensor_anomaly)=0.02,P(healthy)=0.87；P(drought)=0.03；P(heat)=0.01；P(pest)=0.03；P(waterlogging)=0.03；P(low_light)=0.01；P(sensor_anomaly)=0.01,P(healthy)=0.87；P(drought)=0.06；P(heat)=0.01；P(pest)=0.02；P(waterlogging)=0.02；P(low_light)=0.01；P(sensor_anomaly)=0.01,soil_moisture_decreasing_6h,,,hold,monitor_more_context,风险或不确定性处于中间状态 → 继续观察并收集更多上下文,环境传感器指标处于正常范围；图像标签未知；视觉置信度不足，不能单独作为强决策依据；视觉置信度低，降低视觉模态权重；最近 6 小时土壤湿度持续下降，干旱状态概率上升,优先让机器人复查该区域并重新采样,normal
2026-08-11 11:00,17.5,很低,0.86,0.861,0.085,0.009,0.014,0.014,0.009,0.008,0.0,低,healthy,10.5,13.1,1.00,0.92,0.64,0.36,,P(healthy)=0.96；P(drought)=0.01；P(heat)=0.01；P(pest)=0.01；P(waterlogging)=0.01；P(low_light)=0.01；P(sensor_anomaly)=0.01,P(healthy)=0.92；P(drought)=0.01；P(heat)=0.01；P(pest)=0.01；P(waterlogging)=0.01；P(low_light)=0.01；P(sensor_anomaly)=0.01,P(healthy)=0.94；P(drought)=0.01；P(heat)=0.01；P(pest)=0.01；P(waterlogging)=0.01；P(low_light)=0.01；P(sensor_anomaly)=0.01,P(healthy)=0.86；P(drought)=0.09；P(heat)=0.01；P(pest)=0.01；P(waterlogging)=0.01；P(low_light)=0.01；P(sensor_anomaly)=0.01,soil_moisture_decreasing_6h,,,observe,routine_patrol,低风险 + 低不确定性 → 常规巡检,环境传感器指标处于正常范围；图像标签显示作物状态健康；最近 6 小时土壤湿度持续下降，干旱状态概率上升,继续常规巡检,normal
2026-08-11 12:00,45.0,中,0.29,0.653,0.292,0.010,0.013,0.013,0.010,0.009,47.0,中,drought,64.7,14.1,1.00,0.86,0.72,0.28,环境和视觉存在冲突，降低直接执行可靠性,P(healthy)=0.22；P(drought)=0.72；P(heat)=0.01；P(pest)=0.01；P(waterlogging)=0.01；P(low_light)=0.01；P(sensor_anomaly)=0.01,P(healthy)=0.90；P(drought)=0.02；P(heat)=0.02；P(pest)=0.02；P(waterlogging)=0.02；P(low_light)=0.02；P(sensor_anomaly)=0.01,P(healthy)=0.41；P(drought)=0.53；P(heat)=0.01；P(pest)=0.01；P(waterlogging)=0.01；P(low_light)=0.01；P(sensor_anomaly)=0.01,P(healthy)=0.65；P(drought)=0.29；P(heat)=0.01；P(pest)=0.01；P(waterlogging)=0.01；P(low_light)=0.01；P(sensor_anomaly)=0.01,soil_moisture_decreasing_6h,,图像显示健康，但环境传感器提示较高风险,hold,resample_before_action,中风险 + 高不确定性 → 重新采样后再决策,土壤湿度偏低；图像标签显示作物状态健康；环境和视觉存在冲突，降低直接执行可靠性；数据冲突：图像显示健康，但环境传感器提示较高风险；最近 6 小时土壤湿度持续下降，干旱状态概率上升,优先让机器人复查该区域并重新采样；若低湿状态连续出现，触发灌溉提醒,normal
2026-08-11 13:00,45.0,中,0.44,0.506,0.443,0.010,0.012,0.011,0.010,0.009,47.0,中,drought,64.7,13.3,1.00,0.91,0.71,0.29,环境和视觉存在冲突，降低直接执行可靠性,P(healthy)=0.22；P(drought)=0.72；P(heat)=0.01；P(pest)=0.01；P(waterlogging)=0.01；P(low_light)=0.01；P(sensor_anomaly)=0.01,P(healthy)=0.91；P(drought)=0.01；P(heat)=0.01；P(pest)=0.01；P(waterlogging)=0.01；P(low_light)=0.01；P(sensor_anomaly)=0.01,P(healthy)=0.42；P(drought)=0.52；P(heat)=0.01；P(pest)=0.01；P(waterlogging)=0.01；P(low_light)=0.01；P(sensor_anomaly)=0.01,P(healthy)=0.51；P(drought)=0.44；P(heat)=0.01；P(pest)=0.01；P(waterlogging)=0.01；P(low_light)=0.01；P(sensor_anomaly)=0.01,soil_moisture_decreasing_6h,temporal_trend_supports_dominant_state,图像显示健康，但环境传感器提示较高风险,hold,resample_before_action,中风险 + 高不确定性 → 重新采样后再决策,土壤湿度偏低；图像标签显示作物状态健康；环境和视觉存在冲突，降低直接执行可靠性；数据冲突：图像显示健康，但环境传感器提示较高风险；最近 6 小时土壤湿度持续下降，干旱状态概率上升；时间趋势支持当前主风险，系统置信度上升,优先让机器人复查该区域并重新采样；若低湿状态连续出现，触发灌溉提醒,normal
2026-08-11 14:00,51.9,中,0.56,0.397,0.557,0.009,0.010,0.010,0.009,0.008,35.0,中,drought,64.7,13.0,1.00,0.93,0.71,0.29,环境和视觉存在冲突，降低直接执行可靠性,P(healthy)=0.22；P(drought)=0.72；P(heat)=0.01；P(pest)=0.01；P(waterlogging)=0.01；P(low_light)=0.01；P(sensor_anomaly)=0.01,P(healthy)=0.92；P(drought)=0.01；P(heat)=0.01；P(pest)=0.01；P(waterlogging)=0.01；P(low_light)=0.01；P(sensor_anomaly)=0.01,P(healthy)=0.43；P(drought)=0.52；P(heat)=0.01；P(pest)=0.01；P(waterlogging)=0.01；P(low_light)=0.01；P(sensor_anomaly)=0.01,P(healthy)=0.40；P(drought)=0.56；P(heat)=0.01；P(pest)=0.01；P(waterlogging)=0.01；P(low_light)=0.01；P(sensor_anomaly)=0.01,soil_moisture_decreasing_6h,same_risk_state_consistent_with_previous_belief；temporal_trend_supports_dominant_state,图像显示健康，但环境传感器提示较高风险,hold,resample_before_action,中风险 + 高不确定性 → 重新采样后再决策,土壤湿度偏低；图像标签显示作物状态健康；环境和视觉存在冲突，降低直接执行可靠性；数据冲突：图像显示健康，但环境传感器提示较高风险；最近 6 小时土壤湿度持续下降，干旱状态概率上升；当前主风险与上一时刻状态信念一致，系统置信度上升；时间趋势支持当前主风险，系统置信度上升,优先让机器人复查该区域并重新采样；若低湿状态连续出现，触发灌溉提醒,normal
2026-08-11 15:00,56.6,中,0.62,0.335,0.621,0.009,0.009,0.009,0.009,0.008,35.0,中,drought,64.7,14.7,1.00,0.83,0.73,0.27,环境和视觉存在冲突，降低直接执行可靠性,P(healthy)=0.22；P(drought)=0.72；P(heat)=0.01；P(pest)=0.01；P(waterlogging)=0.01；P(low_light)=0.01；P(sensor_anomaly)=0.01,P(healthy)=0.89；P(drought)=0.02；P(heat)=0.02；P(pest)=0.02；P(waterlogging)=0.02；P(low_light)=0.02；P(sensor_anomaly)=0.01,P(healthy)=0.40；P(drought)=0.53；P(heat)=0.01；P(pest)=0.01；P(waterlogging)=0.01；P(low_light)=0.01；P(sensor_anomaly)=0.01,P(healthy)=0.33；P(drought)=0.62；P(heat)=0.01；P(pest)=0.01；P(waterlogging)=0.01；P(low_light)=0.01；P(sensor_anomaly)=0.01,soil_moisture_decreasing_6h,same_risk_state_consistent_with_previous_belief；temporal_trend_supports_dominant_state,图像显示健康，但环境传感器提示较高风险,hold,resample_before_action,中风险 + 高不确定性 → 重新采样后再决策,土壤湿度偏低；图像标签显示作物状态健康；环境和视觉存在冲突，降低直接执行可靠性；数据冲突：图像显示健康，但环境传感器提示较高风险；最近 6 小时土壤湿度持续下降，干旱状态概率上升；当前主风险与上一时刻状态信念一致，系统置信度上升；时间趋势支持当前主风险，系统置信度上升,优先让机器人复查该区域并重新采样；若低湿状态连续出现，触发灌溉提醒,normal
2026-08-11 16:00,53.2,中,0.41,0.370,0.413,0.010,0.011,0.176,0.010,0.010,47.0,中,drought,56.0,12.5,1.00,0.96,0.70,0.30,环境和视觉存在冲突，降低直接执行可靠性,P(healthy)=0.30；P(drought)=0.02；P(heat)=0.02；P(pest)=0.02；P(waterlogging)=0.62；P(low_light)=0.02；P(sensor_anomaly)=0.02,P(healthy)=0.93；P(drought)=0.01；P(heat)=0.01；P(pest)=0.01；P(waterlogging)=0.01；P(low_light)=0.01；P(sensor_anomaly)=0.01,P(healthy)=0.49；P(drought)=0.01；P(heat)=0.01；P(pest)=0.01；P(waterlogging)=0.44；P(low_light)=0.01；P(sensor_anomaly)=0.01,P(healthy)=0.37；P(drought)=0.41；P(heat)=0.01；P(pest)=0.01；P(waterlogging)=0.18；P(low_light)=0.01；P(sensor_anomaly)=0.01,,same_risk_state_consistent_with_previous_belief,图像显示健康，但环境传感器提示较高风险,hold,resample_before_action,中风险 + 高不确定性 → 重新采样后再决策,短时降雨量较高；图像标签显示作物状态健康；环境和视觉存在冲突，降低直接执行可靠性；数据冲突：图像显示健康，但环境传感器提示较高风险；当前主风险与上一时刻状态信念一致，系统置信度上升,优先让机器人复查该区域并重新采样；若低湿状态连续出现，触发灌溉提醒,normal
2026-08-11 17:00,42.6,中,0.25,0.433,0.245,0.012,0.012,0.108,0.179,0.011,12.0,低,drought,37.1,12.6,1.00,0.95,0.63,0.37,,P(healthy)=0.29；P(drought)=0.01；P(heat)=0.01；P(pest)=0.01；P(waterlogging)=0.01；P(low_light)=0.64；P(sensor_anomaly)=0.01,P(healthy)=0.92；P(drought)=0.01；P(heat)=0.01；P(pest)=0.01；P(waterlogging)=0.01；P(low_light)=0.01；P(sensor_anomaly)=0.01,P(healthy)=0.52；P(drought)=0.01；P(heat)=0.01；P(pest)=0.01；P(waterlogging)=0.01；P(low_light)=0.41；P(sensor_anomaly)=0.01,P(healthy)=0.43；P(drought)=0.25；P(heat)=0.01；P(pest)=0.01；P(waterlogging)=0.11；P(low_light)=0.18；P(sensor_anomaly)=0.01,,,,hold,monitor_more_context,风险或不确定性处于中间状态 → 继续观察并收集更多上下文,白天光照强度偏低；图像标签显示作物状态健康,若低湿状态连续出现，触发灌溉提醒,normal
2026-08-11 18:00,45.0,中,0.25,0.450,0.149,0.013,0.013,0.252,0.110,0.012,47.0,中,waterlogging,56.0,13.6,1.00,0.89,0.72,0.28,环境和视觉存在冲突，降低直接执行可靠性,P(healthy)=0.30；P(drought)=0.02；P(heat)=0.02；P(pest)=0.02；P(waterlogging)=0.62；P(low_light)=0.02；P(sensor_anomaly)=0.02,P(healthy)=0.91；P(drought)=0.02；P(heat)=0.02；P(pest)=0.02；P(waterlogging)=0.02；P(low_light)=0.02；P(sensor_anomaly)=0.01,P(healthy)=0.47；P(drought)=0.02；P(heat)=0.02；P(pest)=0.02；P(waterlogging)=0.45；P(low_light)=0.02；P(sensor_anomaly)=0.01,P(healthy)=0.45；P(drought)=0.15；P(heat)=0.01；P(pest)=0.01；P(waterlogging)=0.25；P(low_light)=0.11；P(sensor_anomaly)=0.01,,,图像显示健康，但环境传感器提示较高风险,hold,resample_before_action,中风险 + 高不确定性 → 重新采样后再决策,短时降雨量较高；图像标签显示作物状态健康；环境和视觉存在冲突，降低直接执行可靠性；数据冲突：图像显示健康，但环境传感器提示较高风险,优先让机器人复查该区域并重新采样；检查排水情况并降低灌溉优先级,normal
2026-08-11 19:00,29.8,低,0.66,0.658,0.090,0.012,0.012,0.150,0.068,0.011,0.0,低,healthy,10.5,12.8,1.00,0.94,0.63,0.37,,P(healthy)=0.96；P(drought)=0.01；P(heat)=0.01；P(pest)=0.01；P(waterlogging)=0.01；P(low_light)=0.01；P(sensor_anomaly)=0.01,P(healthy)=0.92；P(drought)=0.01；P(heat)=0.01；P(pest)=0.01；P(waterlogging)=0.01；P(low_light)=0.01；P(sensor_anomaly)=0.01,P(healthy)=0.95；P(drought)=0.01；P(heat)=0.01；P(pest)=0.01；P(waterlogging)=0.01；P(low_light)=0.01；P(sensor_anomaly)=0.01,P(healthy)=0.66；P(drought)=0.09；P(heat)=0.01；P(pest)=0.01；P(waterlogging)=0.15；P(low_light)=0.07；P(sensor_anomaly)=0.01,,,,observe,routine_patrol,低风险 + 低不确定性 → 常规巡检,环境传感器指标处于正常范围；图像标签显示作物状态健康,继续常规巡检,normal
2026-08-11 20:00,22.2,低,0.78,0.776,0.057,0.011,0.011,0.091,0.044,0.010,0.0,低,healthy,10.5,14.1,1.00,0.86,0.65,0.35,,P(healthy)=0.96；P(drought)=0.01；P(heat)=0.01；P(pest)=0.01；P(waterlogging)=0.01；P(low_light)=0.01；P(sensor_anomaly)=0.01,P(healthy)=0.90；P(drought)=0.02；P(heat)=0.02；P(pest)=0.02；P(waterlogging)=0.02；P(low_light)=0.02；P(sensor_anomaly)=0.01,P(healthy)=0.94；P(drought)=0.01；P(heat)=0.01；P(pest)=0.01；P(waterlogging)=0.01；P(low_light)=0.01；P(sensor_anomaly)=0.01,P(healthy)=0.78；P(drought)=0.06；P(heat)=0.01；P(pest)=0.01；P(waterlogging)=0.09；P(low_light)=0.04；P(sensor_anomaly)=0.01,,,,observe,routine_patrol,低风险 + 低不确定性 → 常规巡检,环境传感器指标处于正常范围；图像标签显示作物状态健康,继续常规巡检,normal
2026-08-11 21:00,17.8,很低,0.84,0.845,0.037,0.011,0.011,0.057,0.030,0.009,0.0,低,healthy,10.5,14.0,1.00,0.87,0.65,0.35,,P(healthy)=0.96；P(drought)=0.01；P(heat)=0.01；P(pest)=0.01；P(waterlogging)=0.01；P(low_light)=0.01；P(sensor_anomaly)=0.01,P(healthy)=0.90；P(drought)=0.02；P(heat)=0.02；P(pest)=0.02；P(waterlogging)=0.02；P(low_light)=0.02；P(sensor_anomaly)=0.01,P(healthy)=0.94；P(drought)=0.01；P(heat)=0.01；P(pest)=0.01；P(waterlogging)=0.01；P(low_light)=0.01；P(sensor_anomaly)=0.01,P(healthy)=0.84；P(drought)=0.04；P(heat)=0.01；P(pest)=0.01；P(waterlogging)=0.06；P(low_light)=0.03；P(sensor_anomaly)=0.01,,,,observe,routine_patrol,低风险 + 低不确定性 → 常规巡检,环境传感器指标处于正常范围；图像标签显示作物状态健康,继续常规巡检,normal
2026-08-11 22:00,15.2,很低,0.88,0.885,0.026,0.011,0.011,0.038,0.022,0.009,0.0,低,healthy,10.5,14.0,1.00,0.87,0.65,0.35,,P(healthy)=0.96；P(drought)=0.01；P(heat)=0.01；P(pest)=0.01；P(waterlogging)=0.01；P(low_light)=0.01；P(sensor_anomaly)=0.01,P(healthy)=0.90；P(drought)=0.02；P(heat)=0.02；P(pest)=0.02；P(waterlogging)=0.02；P(low_light)=0.02；P(sensor_anomaly)=0.01,P(healthy)=0.94；P(drought)=0.01；P(heat)=0.01；P(pest)=0.01；P(waterlogging)=0.01；P(low_light)=0.01；P(sensor_anomaly)=0.01,P(healthy)=0.88；P(drought)=0.03；P(heat)=0.01；P(pest)=0.01；P(waterlogging)=0.04；P(low_light)=0.02；P(sensor_anomaly)=0.01,,,,observe,routine_patrol,低风险 + 低不确定性 → 常规巡检,环境传感器指标处于正常范围；图像标签显示作物状态健康,继续常规巡检,normal
2026-08-11 23:00,21.5,低,0.79,0.788,0.024,0.010,0.123,0.031,0.016,0.009,0.0,低,healthy,10.5,69.1,1.00,0.82,0.67,0.33,,P(healthy)=0.96；P(drought)=0.01；P(heat)=0.01；P(pest)=0.01；P(waterlogging)=0.01；P(low_light)=0.01；P(sensor_anomaly)=0.01,P(healthy)=0.05；P(drought)=0.05；P(heat)=0.01；P(pest)=0.82；P(waterlogging)=0.05；P(low_light)=0.01；P(sensor_anomaly)=0.01,P(healthy)=0.66；P(drought)=0.02；P(heat)=0.01；P(pest)=0.28；P(waterlogging)=0.02；P(low_light)=0.01；P(sensor_anomaly)=0.01,P(healthy)=0.79；P(drought)=0.02；P(heat)=0.01；P(pest)=0.12；P(waterlogging)=0.03；P(low_light)=0.02；P(sensor_anomaly)=0.01,,,,observe,routine_patrol,低风险 + 低不确定性 → 常规巡检,环境传感器指标处于正常范围；图像标签疑似病虫害,继续常规巡检,normal
2026-08-12 00:00,17.3,很低,0.85,0.853,0.018,0.010,0.075,0.022,0.013,0.009,0.0,低,healthy,10.5,13.3,1.00,0.91,0.64,0.36,,P(healthy)=0.96；P(drought)=0.01；P(heat)=0.01；P(pest)=0.01；P(waterlogging)=0.01；P(low_light)=0.01；P(sensor_anomaly)=0.01,P(healthy)=0.91；P(drought)=0.01；P(heat)=0.01；P(pest)=0.01；P(waterlogging)=0.01；P(low_light)=0.01；P(sensor_anomaly)=0.01,P(healthy)=0.94；P(drought)=0.01；P(heat)=0.01；P(pest)=0.01；P(waterlogging)=0.01；P(low_light)=0.01；P(sensor_anomaly)=0.01,P(healthy)=0.85；P(drought)=0.02；P(heat)=0.01；P(pest)=0.08；P(waterlogging)=0.02；P(low_light)=0.01；P(sensor_anomaly)=0.01,,,,observe,routine_patrol,低风险 + 低不确定性 → 常规巡检,环境传感器指标处于正常范围；图像标签显示作物状态健康,继续常规巡检,normal
2026-08-12 01:00,15.0,很低,0.89,0.888,0.015,0.010,0.048,0.017,0.012,0.009,0.0,低,healthy,10.5,14.5,1.00,0.84,0.66,0.34,,P(healthy)=0.96；P(drought)=0.01；P(heat)=0.01；P(pest)=0.01；P(waterlogging)=0.01；P(low_light)=0.01；P(sensor_anomaly)=0.01,P(healthy)=0.89；P(drought)=0.02；P(heat)=0.02；P(pest)=0.02；P(waterlogging)=0.02；P(low_light)=0.02；P(sensor_anomaly)=0.01,P(healthy)=0.94；P(drought)=0.01；P(heat)=0.01；P(pest)=0.01；P(waterlogging)=0.01；P(low_light)=0.01；P(sensor_anomaly)=0.01,P(healthy)=0.89；P(drought)=0.01；P(heat)=0.01；P(pest)=0.05；P(waterlogging)=0.02；P(low_light)=0.01；P(sensor_anomaly)=0.01,,,,observe,routine_patrol,低风险 + 低不确定性 → 常规巡检,环境传感器指标处于正常范围；图像标签显示作物状态健康,继续常规巡检,normal
2026-08-12 02:00,13.6,很低,0.91,0.910,0.013,0.010,0.032,0.014,0.012,0.009,0.0,低,healthy,10.5,14.1,1.00,0.86,0.65,0.35,,P(healthy)=0.96；P(drought)=0.01；P(heat)=0.01；P(pest)=0.01；P(waterlogging)=0.01；P(low_light)=0.01；P(sensor_anomaly)=0.01,P(healthy)=0.90；P(drought)=0.02；P(heat)=0.02；P(pest)=0.02；P(waterlogging)=0.02；P(low_light)=0.02；P(sensor_anomaly)=0.01,P(healthy)=0.94；P(drought)=0.01；P(heat)=0.01；P(pest)=0.01；P(waterlogging)=0.01；P(low_light)=0.01；P(sensor_anomaly)=0.01,P(healthy)=0.91；P(drought)=0.01；P(heat)=0.01；P(pest)=0.03；P(waterlogging)=0.01；P(low_light)=0.01；P(sensor_anomaly)=0.01,,,,observe,routine_patrol,低风险 + 低不确定性 → 常规巡检,环境传感器指标处于正常范围；图像标签显示作物状态健康,继续常规巡检,normal
2026-08-12 03:00,12.7,很低,0.92,0.924,0.012,0.010,0.023,0.012,0.011,0.008,0.0,低,healthy,10.5,13.0,1.00,0.93,0.64,0.36,,P(healthy)=0.96；P(drought)=0.01；P(heat)=0.01；P(pest)=0.01；P(waterlogging)=0.01；P(low_light)=0.01；P(sensor_anomaly)=0.01,P(healthy)=0.92；P(drought)=0.01；P(heat)=0.01；P(pest)=0.01；P(waterlogging)=0.01；P(low_light)=0.01；P(sensor_anomaly)=0.01,P(healthy)=0.94；P(drought)=0.01；P(heat)=0.01；P(pest)=0.01；P(waterlogging)=0.01；P(low_light)=0.01；P(sensor_anomaly)=0.01,P(healthy)=0.92；P(drought)=0.01；P(heat)=0.01；P(pest)=0.02；P(waterlogging)=0.01；P(low_light)=0.01；P(sensor_anomaly)=0.01,,,,observe,routine_patrol,低风险 + 低不确定性 → 常规巡检,环境传感器指标处于正常范围；图像标签显示作物状态健康,继续常规巡检,normal
2026-08-12 04:00,12.2,很低,0.93,0.932,0.011,0.010,0.017,0.011,0.010,0.008,0.0,低,healthy,10.5,13.1,1.00,0.92,0.64,0.36,,P(healthy)=0.96；P(drought)=0.01；P(heat)=0.01；P(pest)=0.01；P(waterlogging)=0.01；P(low_light)=0.01；P(sensor_anomaly)=0.01,P(healthy)=0.92；P(drought)=0.01；P(heat)=0.01；P(pest)=0.01；P(waterlogging)=0.01；P(low_light)=0.01；P(sensor_anomaly)=0.01,P(healthy)=0.94；P(drought)=0.01；P(heat)=0.01；P(pest)=0.01；P(waterlogging)=0.01；P(low_light)=0.01；P(sensor_anomaly)=0.01,P(healthy)=0.93；P(drought)=0.01；P(heat)=0.01；P(pest)=0.02；P(waterlogging)=0.01；P(low_light)=0.01；P(sensor_anomaly)=0.01,,,,observe,routine_patrol,低风险 + 低不确定性 → 常规巡检,环境传感器指标处于正常范围；图像标签显示作物状态健康,继续常规巡检,normal
2026-08-12 05:00,12.0,很低,0.94,0.936,0.011,0.010,0.014,0.011,0.010,0.008,0.0,低,healthy,10.5,13.8,1.00,0.88,0.65,0.35,,P(healthy)=0.96；P(drought)=0.01；P(heat)=0.01；P(pest)=0.01；P(waterlogging)=0.01；P(low_light)=0.01；P(sensor_anomaly)=0.01,P(healthy)=0.91；P(drought)=0.02；P(heat)=0.02；P(pest)=0.02；P(waterlogging)=0.02；P(low_light)=0.02；P(sensor_anomaly)=0.01,P(healthy)=0.94；P(drought)=0.01；P(heat)=0.01；P(pest)=0.01；P(waterlogging)=0.01；P(low_light)=0.01；P(sensor_anomaly)=0.01,P(healthy)=0.94；P(drought)=0.01；P(heat)=0.01；P(pest)=0.01；P(waterlogging)=0.01；P(low_light)=0.01；P(sensor_anomaly)=0.01,,,,observe,routine_patrol,低风险 + 低不确定性 → 常规巡检,环境传感器指标处于正常范围；图像标签显示作物状态健康,继续常规巡检,normal
2026-08-12 06:00,11.8,很低,0.94,0.938,0.010,0.010,0.012,0.010,0.010,0.008,0.0,低,healthy,10.5,13.4,1.00,0.90,0.64,0.36,,P(healthy)=0.96；P(drought)=0.01；P(heat)=0.01；P(pest)=0.01；P(waterlogging)=0.01；P(low_light)=0.01；P(sensor_anomaly)=0.01,P(healthy)=0.91；P(drought)=0.02；P(heat)=0.02；P(pest)=0.02；P(waterlogging)=0.02；P(low_light)=0.02；P(sensor_anomaly)=0.01,P(healthy)=0.94；P(drought)=0.01；P(heat)=0.01；P(pest)=0.01；P(waterlogging)=0.01；P(low_light)=0.01；P(sensor_anomaly)=0.01,P(healthy)=0.94；P(drought)=0.01；P(heat)=0.01；P(pest)=0.01；P(waterlogging)=0.01；P(low_light)=0.01；P(sensor_anomaly)=0.01,,,,observe,routine_patrol,低风险 + 低不确定性 → 常规巡检,环境传感器指标处于正常范围；图像标签显示作物状态健康,继续常规巡检,normal
2026-08-12 07:00,11.6,很低,0.94,0.942,0.010,0.010,0.011,0.010,0.010,0.008,0.0,低,healthy,10.5,12.5,1.00,0.96,0.63,0.37,,P(healthy)=0.96；P(drought)=0.01；P(heat)=0.01；P(pest)=0.01；P(waterlogging)=0.01；P(low_light)=0.01；P(sensor_anomaly)=0.01,P(healthy)=0.93；P(drought)=0.01；P(heat)=0.01；P(pest)=0.01；P(waterlogging)=0.01；P(low_light)=0.01；P(sensor_anomaly)=0.01,P(healthy)=0.95；P(drought)=0.01；P(heat)=0.01；P(pest)=0.01；P(waterlogging)=0.01；P(low_light)=0.01；P(sensor_anomaly)=0.01,P(healthy)=0.94；P(drought)=0.01；P(heat)=0.01；P(pest)=0.01；P(waterlogging)=0.01；P(low_light)=0.01；P(sensor_anomaly)=0.01,,,,observe,routine_patrol,低风险 + 低不确定性 → 常规巡检,环境传感器指标处于正常范围；图像标签显示作物状态健康,继续常规巡检,normal
2026-08-12 08:00,11.4,很低,0.94,0.944,0.009,0.009,0.010,0.009,0.009,0.008,0.0,低,healthy,10.5,12.3,1.00,0.97,0.63,0.37,,P(healthy)=0.96；P(drought)=0.01；P(heat)=0.01；P(pest)=0.01；P(waterlogging)=0.01；P(low_light)=0.01；P(sensor_anomaly)=0.01,P(healthy)=0.93；P(drought)=0.01；P(heat)=0.01；P(pest)=0.01；P(waterlogging)=0.01；P(low_light)=0.01；P(sensor_anomaly)=0.01,P(healthy)=0.95；P(drought)=0.01；P(heat)=0.01；P(pest)=0.01；P(waterlogging)=0.01；P(low_light)=0.01；P(sensor_anomaly)=0.01,P(healthy)=0.94；P(drought)=0.01；P(heat)=0.01；P(pest)=0.01；P(waterlogging)=0.01；P(low_light)=0.01；P(sensor_anomaly)=0.01,,,,observe,routine_patrol,低风险 + 低不确定性 → 常规巡检,环境传感器指标处于正常范围；图像标签显示作物状态健康,继续常规巡检,normal
2026-08-12 09:00,11.4,很低,0.94,0.944,0.009,0.009,0.010,0.009,0.009,0.008,0.0,低,healthy,10.5,13.1,1.00,0.92,0.64,0.36,,P(healthy)=0.96；P(drought)=0.01；P(heat)=0.01；P(pest)=0.01；P(waterlogging)=0.01；P(low_light)=0.01；P(sensor_anomaly)=0.01,P(healthy)=0.92；P(drought)=0.01；P(heat)=0.01；P(pest)=0.01；P(waterlogging)=0.01；P(low_light)=0.01；P(sensor_anomaly)=0.01,P(healthy)=0.94；P(drought)=0.01；P(heat)=0.01；P(pest)=0.01；P(waterlogging)=0.01；P(low_light)=0.01；P(sensor_anomaly)=0.01,P(healthy)=0.94；P(drought)=0.01；P(heat)=0.01；P(pest)=0.01；P(waterlogging)=0.01；P(low_light)=0.01；P(sensor_anomaly)=0.01,,,,observe,routine_patrol,低风险 + 低不确定性 → 常规巡检,环境传感器指标处于正常范围；图像标签显示作物状态健康,继续常规巡检,normal
2026-08-12 10:00,19.4,很低,0.82,0.821,0.014,0.009,0.124,0.014,0.009,0.008,0.0,低,healthy,10.5,69.3,1.00,0.83,0.66,0.34,,P(healthy)=0.96；P(drought)=0.01；P(heat)=0.01；P(pest)=0.01；P(waterlogging)=0.01；P(low_light)=0.01；P(sensor_anomaly)=0.01,P(healthy)=0.05；P(drought)=0.05；P(heat)=0.01；P(pest)=0.82；P(waterlogging)=0.05；P(low_light)=0.01；P(sensor_anomaly)=0.01,P(healthy)=0.65；P(drought)=0.02；P(heat)=0.01；P(pest)=0.28；P(waterlogging)=0.02；P(low_light)=0.01；P(sensor_anomaly)=0.01,P(healthy)=0.82；P(drought)=0.01；P(heat)=0.01；P(pest)=0.12；P(waterlogging)=0.01；P(low_light)=0.01；P(sensor_anomaly)=0.01,,,,observe,routine_patrol,低风险 + 低不确定性 → 常规巡检,环境传感器指标处于正常范围；图像标签疑似病虫害,继续常规巡检,normal
2026-08-12 11:00,19.2,很低,0.83,0.830,0.057,0.009,0.075,0.012,0.009,0.008,0.0,低,healthy,10.5,13.3,1.00,0.91,0.64,0.36,,P(healthy)=0.96；P(drought)=0.01；P(heat)=0.01；P(pest)=0.01；P(waterlogging)=0.01；P(low_light)=0.01；P(sensor_anomaly)=0.01,P(healthy)=0.91；P(drought)=0.01；P(heat)=0.01；P(pest)=0.01；P(waterlogging)=0.01；P(low_light)=0.01；P(sensor_anomaly)=0.01,P(healthy)=0.94；P(drought)=0.01；P(heat)=0.01；P(pest)=0.01；P(waterlogging)=0.01；P(low_light)=0.01；P(sensor_anomaly)=0.01,P(healthy)=0.83；P(drought)=0.06；P(heat)=0.01；P(pest)=0.08；P(waterlogging)=0.01；P(low_light)=0.01；P(sensor_anomaly)=0.01,soil_moisture_decreasing_6h,,,observe,routine_patrol,低风险 + 低不确定性 → 常规巡检,环境传感器指标处于正常范围；图像标签显示作物状态健康；最近 6 小时土壤湿度持续下降，干旱状态概率上升,继续常规巡检,normal
2026-08-12 12:00,19.2,很低,0.83,0.834,0.082,0.009,0.048,0.011,0.009,0.008,0.0,低,healthy,10.5,13.6,1.00,0.89,0.65,0.35,,P(healthy)=0.96；P(drought)=0.01；P(heat)=0.01；P(pest)=0.01；P(waterlogging)=0.01；P(low_light)=0.01；P(sensor_anomaly)=0.01,P(healthy)=0.91；P(drought)=0.02；P(heat)=0.02；P(pest)=0.02；P(waterlogging)=0.02；P(low_light)=0.02；P(sensor_anomaly)=0.01,P(healthy)=0.94；P(drought)=0.01；P(heat)=0.01；P(pest)=0.01；P(waterlogging)=0.01；P(low_light)=0.01；P(sensor_anomaly)=0.01,P(healthy)=0.83；P(drought)=0.08；P(heat)=0.01；P(pest)=0.05；P(waterlogging)=0.01；P(low_light)=0.01；P(sensor_anomaly)=0.01,soil_moisture_decreasing_6h,,,observe,routine_patrol,低风险 + 低不确定性 → 常规巡检,环境传感器指标处于正常范围；图像标签显示作物状态健康；最近 6 小时土壤湿度持续下降，干旱状态概率上升,继续常规巡检,normal
2026-08-12 13:00,19.2,很低,0.84,0.836,0.096,0.009,0.031,0.010,0.009,0.008,0.0,低,healthy,10.5,14.0,1.00,0.87,0.65,0.35,,P(healthy)=0.96；P(drought)=0.01；P(heat)=0.01；P(pest)=0.01；P(waterlogging)=0.01；P(low_light)=0.01；P(sensor_anomaly)=0.01,P(healthy)=0.90；P(drought)=0.02；P(heat)=0.02；P(pest)=0.02；P(waterlogging)=0.02；P(low_light)=0.02；P(sensor_anomaly)=0.01,P(healthy)=0.94；P(drought)=0.01；P(heat)=0.01；P(pest)=0.01；P(waterlogging)=0.01；P(low_light)=0.01；P(sensor_anomaly)=0.01,P(healthy)=0.84；P(drought)=0.10；P(heat)=0.01；P(pest)=0.03；P(waterlogging)=0.01；P(low_light)=0.01；P(sensor_anomaly)=0.01,soil_moisture_decreasing_6h,,,observe,routine_patrol,低风险 + 低不确定性 → 常规巡检,环境传感器指标处于正常范围；图像标签显示作物状态健康；最近 6 小时土壤湿度持续下降，干旱状态概率上升,继续常规巡检,normal
2026-08-12 14:00,19.2,很低,0.84,0.838,0.105,0.009,0.022,0.010,0.009,0.008,0.0,低,healthy,10.5,13.8,1.00,0.88,0.65,0.35,,P(healthy)=0.96；P(drought)=0.01；P(heat)=0.01；P(pest)=0.01；P(waterlogging)=0.01；P(low_light)=0.01；P(sensor_anomaly)=0.01,P(healthy)=0.91；P(drought)=0.02；P(heat)=0.02；P(pest)=0.02；P(waterlogging)=0.02；P(low_light)=0.02；P(sensor_anomaly)=0.01,P(healthy)=0.94；P(drought)=0.01；P(heat)=0.01；P(pest)=0.01；P(waterlogging)=0.01；P(low_light)=0.01；P(sensor_anomaly)=0.01,P(healthy)=0.84；P(drought)=0.10；P(heat)=0.01；P(pest)=0.02；P(waterlogging)=0.01；P(low_light)=0.01；P(sensor_anomaly)=0.01,soil_moisture_decreasing_6h,,,observe,routine_patrol,低风险 + 低不确定性 → 常规巡检,环境传感器指标处于正常范围；图像标签显示作物状态健康；最近 6 小时土壤湿度持续下降，干旱状态概率上升,继续常规巡检,normal
2026-08-12 15:00,19.3,很低,0.84,0.837,0.110,0.009,0.017,0.010,0.009,0.008,0.0,低,healthy,10.5,14.5,1.00,0.84,0.66,0.34,,P(healthy)=0.96；P(drought)=0.01；P(heat)=0.01；P(pest)=0.01；P(waterlogging)=0.01；P(low_light)=0.01；P(sensor_anomaly)=0.01,P(healthy)=0.89；P(drought)=0.02；P(heat)=0.02；P(pest)=0.02；P(waterlogging)=0.02；P(low_light)=0.02；P(sensor_anomaly)=0.01,P(healthy)=0.94；P(drought)=0.01；P(heat)=0.01；P(pest)=0.01；P(waterlogging)=0.01；P(low_light)=0.01；P(sensor_anomaly)=0.01,P(healthy)=0.84；P(drought)=0.11；P(heat)=0.01；P(pest)=0.02；P(waterlogging)=0.01；P(low_light)=0.01；P(sensor_anomaly)=0.01,soil_moisture_decreasing_6h,,,observe,routine_patrol,低风险 + 低不确定性 → 常规巡检,环境传感器指标处于正常范围；图像标签显示作物状态健康；最近 6 小时土壤湿度持续下降，干旱状态概率上升,继续常规巡检,normal
2026-08-12 16:00,25.4,低,0.74,0.743,0.116,0.009,0.103,0.013,0.009,0.008,0.0,低,healthy,10.5,67.6,1.00,0.73,0.69,0.31,,P(healthy)=0.96；P(drought)=0.01；P(heat)=0.01；P(pest)=0.01；P(waterlogging)=0.01；P(low_light)=0.01；P(sensor_anomaly)=0.01,P(healthy)=0.07；P(drought)=0.05；P(heat)=0.01；P(pest)=0.79；P(waterlogging)=0.05；P(low_light)=0.01；P(sensor_anomaly)=0.01,P(healthy)=0.69；P(drought)=0.02；P(heat)=0.01；P(pest)=0.25；P(waterlogging)=0.02；P(low_light)=0.01；P(sensor_anomaly)=0.01,P(healthy)=0.74；P(drought)=0.12；P(heat)=0.01；P(pest)=0.10；P(waterlogging)=0.01；P(low_light)=0.01；P(sensor_anomaly)=0.01,soil_moisture_decreasing_6h,,,observe,routine_patrol,低风险 + 低不确定性 → 常规巡检,环境传感器指标处于正常范围；图像标签疑似病虫害；最近 6 小时土壤湿度持续下降，干旱状态概率上升,继续常规巡检,normal
2026-08-12 17:00,27.2,低,0.72,0.715,0.119,0.008,0.128,0.014,0.008,0.008,0.0,低,healthy,10.5,65.9,1.00,0.64,0.77,0.23,视觉置信度中等，轻微降低视觉模态权重,P(healthy)=0.96；P(drought)=0.01；P(heat)=0.01；P(pest)=0.01；P(waterlogging)=0.01；P(low_light)=0.01；P(sensor_anomaly)=0.01,P(healthy)=0.10；P(drought)=0.05；P(heat)=0.01；P(pest)=0.75；P(waterlogging)=0.05；P(low_light)=0.01；P(sensor_anomaly)=0.01,P(healthy)=0.76；P(drought)=0.02；P(heat)=0.01；P(pest)=0.18；P(waterlogging)=0.02；P(low_light)=0.01；P(sensor_anomaly)=0.01,P(healthy)=0.72；P(drought)=0.12；P(heat)=0.01；P(pest)=0.13；P(waterlogging)=0.01；P(low_light)=0.01；P(sensor_anomaly)=0.01,soil_moisture_decreasing_6h,,,observe,routine_patrol,低风险 + 低不确定性 → 常规巡检,环境传感器指标处于正常范围；图像标签疑似病虫害；视觉置信度中等，轻微降低视觉模态权重；最近 6 小时土壤湿度持续下降，干旱状态概率上升,继续常规巡检,normal
2026-08-12 18:00,23.9,低,0.77,0.767,0.118,0.009,0.078,0.012,0.009,0.008,0.0,低,healthy,10.5,14.1,1.00,0.86,0.65,0.35,,P(healthy)=0.96；P(drought)=0.01；P(heat)=0.01；P(pest)=0.01；P(waterlogging)=0.01；P(low_light)=0.01；P(sensor_anomaly)=0.01,P(healthy)=0.90；P(drought)=0.02；P(heat)=0.02；P(pest)=0.02；P(waterlogging)=0.02；P(low_light)=0.02；P(sensor_anomaly)=0.01,P(healthy)=0.94；P(drought)=0.01；P(heat)=0.01；P(pest)=0.01；P(waterlogging)=0.01；P(low_light)=0.01；P(sensor_anomaly)=0.01,P(healthy)=0.77；P(drought)=0.12；P(heat)=0.01；P(pest)=0.08；P(waterlogging)=0.01；P(low_light)=0.01；P(sensor_anomaly)=0.01,soil_moisture_decreasing_6h,,,observe,routine_patrol,低风险 + 低不确定性 → 常规巡检,环境传感器指标处于正常范围；图像标签显示作物状态健康；最近 6 小时土壤湿度持续下降，干旱状态概率上升,继续常规巡检,normal
2026-08-12 19:00,21.8,低,0.80,0.800,0.117,0.008,0.049,0.011,0.008,0.008,0.0,低,healthy,10.5,12.6,1.00,0.95,0.63,0.37,,P(healthy)=0.96；P(drought)=0.01；P(heat)=0.01；P(pest)=0.01；P(waterlogging)=0.01；P(low_light)=0.01；P(sensor_anomaly)=0.01,P(healthy)=0.92；P(drought)=0.01；P(heat)=0.01；P(pest)=0.01；P(waterlogging)=0.01；P(low_light)=0.01；P(sensor_anomaly)=0.01,P(healthy)=0.95；P(drought)=0.01；P(heat)=0.01；P(pest)=0.01；P(waterlogging)=0.01；P(low_light)=0.01；P(sensor_anomaly)=0.01,P(healthy)=0.80；P(drought)=0.12；P(heat)=0.01；P(pest)=0.05；P(waterlogging)=0.01；P(low_light)=0.01；P(sensor_anomaly)=0.01,soil_moisture_decreasing_6h,,,observe,routine_patrol,低风险 + 低不确定性 → 常规巡检,环境传感器指标处于正常范围；图像标签显示作物状态健康；最近 6 小时土壤湿度持续下降，干旱状态概率上升,继续常规巡检,normal
2026-08-12 20:00,17.5,很低,0.86,0.859,0.072,0.009,0.032,0.010,0.009,0.008,0.0,低,healthy,10.5,13.4,1.00,0.90,0.64,0.36,,P(healthy)=0.96；P(drought)=0.01；P(heat)=0.01；P(pest)=0.01；P(waterlogging)=0.01；P(low_light)=0.01；P(sensor_anomaly)=0.01,P(healthy)=0.91；P(drought)=0.02；P(heat)=0.02；P(pest)=0.02；P(waterlogging)=0.02；P(low_light)=0.02；P(sensor_anomaly)=0.01,P(healthy)=0.94；P(drought)=0.01；P(heat)=0.01；P(pest)=0.01；P(waterlogging)=0.01；P(low_light)=0.01；P(sensor_anomaly)=0.01,P(healthy)=0.86；P(drought)=0.07；P(heat)=0.01；P(pest)=0.03；P(waterlogging)=0.01；P(low_light)=0.01；P(sensor_anomaly)=0.01,,,,observe,routine_patrol,低风险 + 低不确定性 → 常规巡检,环境传感器指标处于正常范围；图像标签显示作物状态健康,继续常规巡检,normal
2026-08-12 21:00,15.0,很低,0.89,0.894,0.046,0.009,0.023,0.010,0.009,0.008,0.0,低,healthy,10.5,13.6,1.00,0.89,0.65,0.35,,P(healthy)=0.96；P(drought)=0.01；P(heat)=0.01；P(pest)=0.01；P(waterlogging)=0.01；P(low_light)=0.01；P(sensor_anomaly)=0.01,P(healthy)=0.91；P(drought)=0.02；P(heat)=0.02；P(pest)=0.02；P(waterlogging)=0.02；P(low_light)=0.02；P(sensor_anomaly)=0.01,P(healthy)=0.94；P(drought)=0.01；P(heat)=0.01；P(pest)=0.01；P(waterlogging)=0.01；P(low_light)=0.01；P(sensor_anomaly)=0.01,P(healthy)=0.89；P(drought)=0.05；P(heat)=0.01；P(pest)=0.02；P(waterlogging)=0.01；P(low_light)=0.01；P(sensor_anomaly)=0.01,,,,observe,routine_patrol,低风险 + 低不确定性 → 常规巡检,环境传感器指标处于正常范围；图像标签显示作物状态健康,继续常规巡检,normal
2026-08-12 22:00,13.7,很低,0.91,0.912,0.031,0.010,0.018,0.010,0.010,0.008,0.0,低,healthy,10.5,14.3,1.00,0.85,0.66,0.34,,P(healthy)=0.96；P(drought)=0.01；P(heat)=0.01；P(pest)=0.01；P(waterlogging)=0.01；P(low_light)=0.01；P(sensor_anomaly)=0.01,P(healthy)=0.90；P(drought)=0.02；P(heat)=0.02；P(pest)=0.02；P(waterlogging)=0.02；P(low_light)=0.02；P(sensor_anomaly)=0.01,P(healthy)=0.94；P(drought)=0.01；P(heat)=0.01；P(pest)=0.01；P(waterlogging)=0.01；P(low_light)=0.01；P(sensor_anomaly)=0.01,P(healthy)=0.91；P(drought)=0.03；P(heat)=0.01；P(pest)=0.02；P(waterlogging)=0.01；P(low_light)=0.01；P(sensor_anomaly)=0.01,,,,observe,routine_patrol,低风险 + 低不确定性 → 常规巡检,环境传感器指标处于正常范围；图像标签显示作物状态健康,继续常规巡检,normal
2026-08-12 23:00,12.8,很低,0.92,0.924,0.022,0.010,0.015,0.010,0.010,0.008,0.0,低,healthy,10.5,13.8,1.00,0.88,0.65,0.35,,P(healthy)=0.96；P(drought)=0.01；P(heat)=0.01；P(pest)=0.01；P(waterlogging)=0.01；P(low_light)=0.01；P(sensor_anomaly)=0.01,P(healthy)=0.91；P(drought)=0.02；P(heat)=0.02；P(pest)=0.02；P(waterlogging)=0.02；P(low_light)=0.02；P(sensor_anomaly)=0.01,P(healthy)=0.94；P(drought)=0.01；P(heat)=0.01；P(pest)=0.01；P(waterlogging)=0.01；P(low_light)=0.01；P(sensor_anomaly)=0.01,P(healthy)=0.92；P(drought)=0.02；P(heat)=0.01；P(pest)=0.01；P(waterlogging)=0.01；P(low_light)=0.01；P(sensor_anomaly)=0.01,,,,observe,routine_patrol,低风险 + 低不确定性 → 常规巡检,环境传感器指标处于正常范围；图像标签显示作物状态健康,继续常规巡检,normal
2026-08-13 00:00,12.4,很低,0.93,0.930,0.017,0.010,0.013,0.010,0.010,0.008,0.0,低,healthy,10.5,14.1,1.00,0.86,0.65,0.35,,P(healthy)=0.96；P(drought)=0.01；P(heat)=0.01；P(pest)=0.01；P(waterlogging)=0.01；P(low_light)=0.01；P(sensor_anomaly)=0.01,P(healthy)=0.90；P(drought)=0.02；P(heat)=0.02；P(pest)=0.02；P(waterlogging)=0.02；P(low_light)=0.02；P(sensor_anomaly)=0.01,P(healthy)=0.94；P(drought)=0.01；P(heat)=0.01；P(pest)=0.01；P(waterlogging)=0.01；P(low_light)=0.01；P(sensor_anomaly)=0.01,P(healthy)=0.93；P(drought)=0.02；P(heat)=0.01；P(pest)=0.01；P(waterlogging)=0.01；P(low_light)=0.01；P(sensor_anomaly)=0.01,,,,observe,routine_patrol,低风险 + 低不确定性 → 常规巡检,环境传感器指标处于正常范围；图像标签显示作物状态健康,继续常规巡检,normal
2026-08-13 01:00,12.2,很低,0.93,0.933,0.015,0.011,0.012,0.011,0.011,0.008,0.0,低,healthy,10.5,14.7,1.00,0.83,0.66,0.34,,P(healthy)=0.96；P(drought)=0.01；P(heat)=0.01；P(pest)=0.01；P(waterlogging)=0.01；P(low_light)=0.01；P(sensor_anomaly)=0.01,P(healthy)=0.89；P(drought)=0.02；P(heat)=0.02；P(pest)=0.02；P(waterlogging)=0.02；P(low_light)=0.02；P(sensor_anomaly)=0.01,P(healthy)=0.94；P(drought)=0.01；P(heat)=0.01；P(pest)=0.01；P(waterlogging)=0.01；P(low_light)=0.01；P(sensor_anomaly)=0.01,P(healthy)=0.93；P(drought)=0.01；P(heat)=0.01；P(pest)=0.01；P(waterlogging)=0.01；P(low_light)=0.01；P(sensor_anomaly)=0.01,,,,observe,routine_patrol,低风险 + 低不确定性 → 常规巡检,环境传感器指标处于正常范围；图像标签显示作物状态健康,继续常规巡检,normal
2026-08-13 02:00,11.8,很低,0.94,0.938,0.012,0.010,0.011,0.010,0.010,0.008,0.0,低,healthy,10.5,12.6,1.00,0.95,0.63,0.37,,P(healthy)=0.96；P(drought)=0.01；P(heat)=0.01；P(pest)=0.01；P(waterlogging)=0.01；P(low_light)=0.01；P(sensor_anomaly)=0.01,P(healthy)=0.92；P(drought)=0.01；P(heat)=0.01；P(pest)=0.01；P(waterlogging)=0.01；P(low_light)=0.01；P(sensor_anomaly)=0.01,P(healthy)=0.95；P(drought)=0.01；P(heat)=0.01；P(pest)=0.01；P(waterlogging)=0.01；P(low_light)=0.01；P(sensor_anomaly)=0.01,P(healthy)=0.94；P(drought)=0.01；P(heat)=0.01；P(pest)=0.01；P(waterlogging)=0.01；P(low_light)=0.01；P(sensor_anomaly)=0.01,,,,observe,routine_patrol,低风险 + 低不确定性 → 常规巡检,环境传感器指标处于正常范围；图像标签显示作物状态健康,继续常规巡检,normal
2026-08-13 03:00,11.6,很低,0.94,0.942,0.011,0.010,0.010,0.010,0.010,0.008,0.0,低,healthy,10.5,12.5,1.00,0.96,0.63,0.37,,P(healthy)=0.96；P(drought)=0.01；P(heat)=0.01；P(pest)=0.01；P(waterlogging)=0.01；P(low_light)=0.01；P(sensor_anomaly)=0.01,P(healthy)=0.93；P(drought)=0.01；P(heat)=0.01；P(pest)=0.01；P(waterlogging)=0.01；P(low_light)=0.01；P(sensor_anomaly)=0.01,P(healthy)=0.95；P(drought)=0.01；P(heat)=0.01；P(pest)=0.01；P(waterlogging)=0.01；P(low_light)=0.01；P(sensor_anomaly)=0.01,P(healthy)=0.94；P(drought)=0.01；P(heat)=0.01；P(pest)=0.01；P(waterlogging)=0.01；P(low_light)=0.01；P(sensor_anomaly)=0.01,,,,observe,routine_patrol,低风险 + 低不确定性 → 常规巡检,环境传感器指标处于正常范围；图像标签显示作物状态健康,继续常规巡检,normal
2026-08-13 04:00,11.6,很低,0.94,0.942,0.010,0.010,0.010,0.010,0.010,0.008,0.0,低,healthy,10.5,13.4,1.00,0.90,0.64,0.36,,P(healthy)=0.96；P(drought)=0.01；P(heat)=0.01；P(pest)=0.01；P(waterlogging)=0.01；P(low_light)=0.01；P(sensor_anomaly)=0.01,P(healthy)=0.91；P(drought)=0.02；P(heat)=0.02；P(pest)=0.02；P(waterlogging)=0.02；P(low_light)=0.02；P(sensor_anomaly)=0.01,P(healthy)=0.94；P(drought)=0.01；P(heat)=0.01；P(pest)=0.01；P(waterlogging)=0.01；P(low_light)=0.01；P(sensor_anomaly)=0.01,P(healthy)=0.94；P(drought)=0.01；P(heat)=0.01；P(pest)=0.01；P(waterlogging)=0.01；P(low_light)=0.01；P(sensor_anomaly)=0.01,,,,observe,routine_patrol,低风险 + 低不确定性 → 常规巡检,环境传感器指标处于正常范围；图像标签显示作物状态健康,继续常规巡检,normal
2026-08-13 05:00,11.5,很低,0.94,0.943,0.010,0.010,0.010,0.010,0.010,0.008,0.0,低,healthy,10.5,13.0,1.00,0.93,0.64,0.36,,P(healthy)=0.96；P(drought)=0.01；P(heat)=0.01；P(pest)=0.01；P(waterlogging)=0.01；P(low_light)=0.01；P(sensor_anomaly)=0.01,P(healthy)=0.92；P(drought)=0.01；P(heat)=0.01；P(pest)=0.01；P(waterlogging)=0.01；P(low_light)=0.01；P(sensor_anomaly)=0.01,P(healthy)=0.94；P(drought)=0.01；P(heat)=0.01；P(pest)=0.01；P(waterlogging)=0.01；P(low_light)=0.01；P(sensor_anomaly)=0.01,P(healthy)=0.94；P(drought)=0.01；P(heat)=0.01；P(pest)=0.01；P(waterlogging)=0.01；P(low_light)=0.01；P(sensor_anomaly)=0.01,,,,observe,routine_patrol,低风险 + 低不确定性 → 常规巡检,环境传感器指标处于正常范围；图像标签显示作物状态健康,继续常规巡检,normal
2026-08-13 06:00,19.3,很低,0.82,0.822,0.015,0.009,0.122,0.014,0.009,0.008,0.0,低,healthy,10.5,69.1,1.00,0.82,0.67,0.33,,P(healthy)=0.96；P(drought)=0.01；P(heat)=0.01；P(pest)=0.01；P(waterlogging)=0.01；P(low_light)=0.01；P(sensor_anomaly)=0.01,P(healthy)=0.05；P(drought)=0.05；P(heat)=0.01；P(pest)=0.82；P(waterlogging)=0.05；P(low_light)=0.01；P(sensor_anomaly)=0.01,P(healthy)=0.66；P(drought)=0.02；P(heat)=0.01；P(pest)=0.28；P(waterlogging)=0.02；P(low_light)=0.01；P(sensor_anomaly)=0.01,P(healthy)=0.82；P(drought)=0.01；P(heat)=0.01；P(pest)=0.12；P(waterlogging)=0.01；P(low_light)=0.01；P(sensor_anomaly)=0.01,,,,observe,routine_patrol,低风险 + 低不确定性 → 常规巡检,环境传感器指标处于正常范围；图像标签疑似病虫害,继续常规巡检,normal
2026-08-13 07:00,16.0,很低,0.87,0.874,0.012,0.009,0.075,0.012,0.009,0.008,0.0,低,healthy,10.5,12.8,1.00,0.94,0.63,0.37,,P(healthy)=0.96；P(drought)=0.01；P(heat)=0.01；P(pest)=0.01；P(waterlogging)=0.01；P(low_light)=0.01；P(sensor_anomaly)=0.01,P(healthy)=0.92；P(drought)=0.01；P(heat)=0.01；P(pest)=0.01；P(waterlogging)=0.01；P(low_light)=0.01；P(sensor_anomaly)=0.01,P(healthy)=0.95；P(drought)=0.01；P(heat)=0.01；P(pest)=0.01；P(waterlogging)=0.01；P(low_light)=0.01；P(sensor_anomaly)=0.01,P(healthy)=0.87；P(drought)=0.01；P(heat)=0.01；P(pest)=0.07；P(waterlogging)=0.01；P(low_light)=0.01；P(sensor_anomaly)=0.01,,,,observe,routine_patrol,低风险 + 低不确定性 → 常规巡检,环境传感器指标处于正常范围；图像标签显示作物状态健康,继续常规巡检,normal
2026-08-13 08:00,14.2,很低,0.90,0.901,0.012,0.010,0.048,0.011,0.010,0.008,0.0,低,healthy,10.5,14.1,1.00,0.86,0.65,0.35,,P(healthy)=0.96；P(drought)=0.01；P(heat)=0.01；P(pest)=0.01；P(waterlogging)=0.01；P(low_light)=0.01；P(sensor_anomaly)=0.01,P(healthy)=0.90；P(drought)=0.02；P(heat)=0.02；P(pest)=0.02；P(waterlogging)=0.02；P(low_light)=0.02；P(sensor_anomaly)=0.01,P(healthy)=0.94；P(drought)=0.01；P(heat)=0.01；P(pest)=0.01；P(waterlogging)=0.01；P(low_light)=0.01；P(sensor_anomaly)=0.01,P(healthy)=0.90；P(drought)=0.01；P(heat)=0.01；P(pest)=0.05；P(waterlogging)=0.01；P(low_light)=0.01；P(sensor_anomaly)=0.01,,,,observe,routine_patrol,低风险 + 低不确定性 → 常规巡检,环境传感器指标处于正常范围；图像标签显示作物状态健康,继续常规巡检,normal
2026-08-13 09:00,45.0,中,0.19,0.724,0.013,0.012,0.034,0.194,0.012,0.011,47.0,中,waterlogging,56.0,13.3,1.00,0.91,0.71,0.29,环境和视觉存在冲突，降低直接执行可靠性,P(healthy)=0.30；P(drought)=0.02；P(heat)=0.02；P(pest)=0.02；P(waterlogging)=0.62；P(low_light)=0.02；P(sensor_anomaly)=0.02,P(healthy)=0.91；P(drought)=0.01；P(heat)=0.01；P(pest)=0.01；P(waterlogging)=0.01；P(low_light)=0.01；P(sensor_anomaly)=0.01,P(healthy)=0.48；P(drought)=0.02；P(heat)=0.02；P(pest)=0.02；P(waterlogging)=0.45；P(low_light)=0.02；P(sensor_anomaly)=0.01,P(healthy)=0.72；P(drought)=0.01；P(heat)=0.01；P(pest)=0.03；P(waterlogging)=0.19；P(low_light)=0.01；P(sensor_anomaly)=0.01,,,图像显示健康，但环境传感器提示较高风险,hold,resample_before_action,中风险 + 高不确定性 → 重新采样后再决策,短时降雨量较高；图像标签显示作物状态健康；环境和视觉存在冲突，降低直接执行可靠性；数据冲突：图像显示健康，但环境传感器提示较高风险,优先让机器人复查该区域并重新采样；检查排水情况并降低灌溉优先级,normal
2026-08-13 10:00,20.1,低,0.82,0.817,0.011,0.011,0.024,0.117,0.011,0.010,0.0,低,healthy,10.5,12.5,1.00,0.96,0.63,0.37,,P(healthy)=0.96；P(drought)=0.01；P(heat)=0.01；P(pest)=0.01；P(waterlogging)=0.01；P(low_light)=0.01；P(sensor_anomaly)=0.01,P(healthy)=0.93；P(drought)=0.01；P(heat)=0.01；P(pest)=0.01；P(waterlogging)=0.01；P(low_light)=0.01；P(sensor_anomaly)=0.01,P(healthy)=0.95；P(drought)=0.01；P(heat)=0.01；P(pest)=0.01；P(waterlogging)=0.01；P(low_light)=0.01；P(sensor_anomaly)=0.01,P(healthy)=0.82；P(drought)=0.01；P(heat)=0.01；P(pest)=0.02；P(waterlogging)=0.12；P(low_light)=0.01；P(sensor_anomaly)=0.01,,,,observe,routine_patrol,低风险 + 低不确定性 → 常规巡检,环境传感器指标处于正常范围；图像标签显示作物状态健康,继续常规巡检,normal
2026-08-13 11:00,16.5,很低,0.87,0.870,0.011,0.010,0.018,0.072,0.010,0.009,0.0,低,healthy,10.5,13.3,1.00,0.91,0.64,0.36,,P(healthy)=0.96；P(drought)=0.01；P(heat)=0.01；P(pest)=0.01；P(waterlogging)=0.01；P(low_light)=0.01；P(sensor_anomaly)=0.01,P(healthy)=0.91；P(drought)=0.01；P(heat)=0.01；P(pest)=0.01；P(waterlogging)=0.01；P(low_light)=0.01；P(sensor_anomaly)=0.01,P(healthy)=0.94；P(drought)=0.01；P(heat)=0.01；P(pest)=0.01；P(waterlogging)=0.01；P(low_light)=0.01；P(sensor_anomaly)=0.01,P(healthy)=0.87；P(drought)=0.01；P(heat)=0.01；P(pest)=0.02；P(waterlogging)=0.07；P(low_light)=0.01；P(sensor_anomaly)=0.01,,,,observe,routine_patrol,低风险 + 低不确定性 → 常规巡检,环境传感器指标处于正常范围；图像标签显示作物状态健康,继续常规巡检,normal
2026-08-13 12:00,14.4,很低,0.90,0.900,0.010,0.010,0.014,0.046,0.010,0.009,0.0,低,healthy,10.5,13.4,1.00,0.90,0.64,0.36,,P(healthy)=0.96；P(drought)=0.01；P(heat)=0.01；P(pest)=0.01；P(waterlogging)=0.01；P(low_light)=0.01；P(sensor_anomaly)=0.01,P(healthy)=0.91；P(drought)=0.02；P(heat)=0.02；P(pest)=0.02；P(waterlogging)=0.02；P(low_light)=0.02；P(sensor_anomaly)=0.01,P(healthy)=0.94；P(drought)=0.01；P(heat)=0.01；P(pest)=0.01；P(waterlogging)=0.01；P(low_light)=0.01；P(sensor_anomaly)=0.01,P(healthy)=0.90；P(drought)=0.01；P(heat)=0.01；P(pest)=0.01；P(waterlogging)=0.05；P(low_light)=0.01；P(sensor_anomaly)=0.01,,,,observe,routine_patrol,低风险 + 低不确定性 → 常规巡检,环境传感器指标处于正常范围；图像标签显示作物状态健康,继续常规巡检,normal
2026-08-13 13:00,13.2,很低,0.92,0.918,0.010,0.010,0.012,0.031,0.010,0.009,0.0,低,healthy,10.5,13.3,1.00,0.91,0.64,0.36,,P(healthy)=0.96；P(drought)=0.01；P(heat)=0.01；P(pest)=0.01；P(waterlogging)=0.01；P(low_light)=0.01；P(sensor_anomaly)=0.01,P(healthy)=0.91；P(drought)=0.01；P(heat)=0.01；P(pest)=0.01；P(waterlogging)=0.01；P(low_light)=0.01；P(sensor_anomaly)=0.01,P(healthy)=0.94；P(drought)=0.01；P(heat)=0.01；P(pest)=0.01；P(waterlogging)=0.01；P(low_light)=0.01；P(sensor_anomaly)=0.01,P(healthy)=0.92；P(drought)=0.01；P(heat)=0.01；P(pest)=0.01；P(waterlogging)=0.03；P(low_light)=0.01；P(sensor_anomaly)=0.01,,,,observe,routine_patrol,低风险 + 低不确定性 → 常规巡检,环境传感器指标处于正常范围；图像标签显示作物状态健康,继续常规巡检,normal
2026-08-13 14:00,12.5,很低,0.93,0.928,0.010,0.010,0.011,0.022,0.010,0.009,0.0,低,healthy,10.5,13.4,1.00,0.90,0.64,0.36,,P(healthy)=0.96；P(drought)=0.01；P(heat)=0.01；P(pest)=0.01；P(waterlogging)=0.01；P(low_light)=0.01；P(sensor_anomaly)=0.01,P(healthy)=0.91；P(drought)=0.02；P(heat)=0.02；P(pest)=0.02；P(waterlogging)=0.02；P(low_light)=0.02；P(sensor_anomaly)=0.01,P(healthy)=0.94；P(drought)=0.01；P(heat)=0.01；P(pest)=0.01；P(waterlogging)=0.01；P(low_light)=0.01；P(sensor_anomaly)=0.01,P(healthy)=0.93；P(drought)=0.01；P(heat)=0.01；P(pest)=0.01；P(waterlogging)=0.02；P(low_light)=0.01；P(sensor_anomaly)=0.01,,,,observe,routine_patrol,低风险 + 低不确定性 → 常规巡检,环境传感器指标处于正常范围；图像标签显示作物状态健康,继续常规巡检,normal
2026-08-13 15:00,36.2,低,0.59,0.589,0.014,0.009,0.015,0.353,0.009,0.009,0.0,低,healthy,67.8,71.8,1.00,0.72,0.69,0.31,,P(healthy)=0.14；P(drought)=0.01；P(heat)=0.01；P(pest)=0.01；P(waterlogging)=0.82；P(low_light)=0.01；P(sensor_anomaly)=0.01,P(healthy)=0.08；P(drought)=0.05；P(heat)=0.01；P(pest)=0.05；P(waterlogging)=0.78；P(low_light)=0.01；P(sensor_anomaly)=0.01,P(healthy)=0.12；P(drought)=0.02；P(heat)=0.01；P(pest)=0.02；P(waterlogging)=0.81；P(low_light)=0.01；P(sensor_anomaly)=0.01,P(healthy)=0.59；P(drought)=0.01；P(heat)=0.01；P(pest)=0.02；P(waterlogging)=0.35；P(low_light)=0.01；P(sensor_anomaly)=0.01,,,,observe,routine_patrol,低风险 + 低不确定性 → 常规巡检,降雨量较高且土壤湿度偏高；图像标签疑似积水,继续常规巡检,normal
2026-08-13 16:00,26.0,低,0.73,0.735,0.013,0.010,0.014,0.210,0.010,0.009,0.0,低,healthy,10.5,14.8,1.00,0.82,0.67,0.33,,P(healthy)=0.96；P(drought)=0.01；P(heat)=0.01；P(pest)=0.01；P(waterlogging)=0.01；P(low_light)=0.01；P(sensor_anomaly)=0.01,P(healthy)=0.89；P(drought)=0.02；P(heat)=0.02；P(pest)=0.02；P(waterlogging)=0.02；P(low_light)=0.02；P(sensor_anomaly)=0.01,P(healthy)=0.94；P(drought)=0.01；P(heat)=0.01；P(pest)=0.01；P(waterlogging)=0.01；P(low_light)=0.01；P(sensor_anomaly)=0.01,P(healthy)=0.73；P(drought)=0.01；P(heat)=0.01；P(pest)=0.01；P(waterlogging)=0.21；P(low_light)=0.01；P(sensor_anomaly)=0.01,,,,observe,routine_patrol,低风险 + 低不确定性 → 常规巡检,环境传感器指标处于正常范围；图像标签显示作物状态健康,继续常规巡检,normal
2026-08-13 17:00,19.8,很低,0.82,0.824,0.011,0.010,0.012,0.125,0.010,0.008,0.0,低,healthy,10.5,12.6,1.00,0.95,0.63,0.37,,P(healthy)=0.96；P(drought)=0.01；P(heat)=0.01；P(pest)=0.01；P(waterlogging)=0.01；P(low_light)=0.01；P(sensor_anomaly)=0.01,P(healthy)=0.92；P(drought)=0.01；P(heat)=0.01；P(pest)=0.01；P(waterlogging)=0.01；P(low_light)=0.01；P(sensor_anomaly)=0.01,P(healthy)=0.95；P(drought)=0.01；P(heat)=0.01；P(pest)=0.01；P(waterlogging)=0.01；P(low_light)=0.01；P(sensor_anomaly)=0.01,P(healthy)=0.82；P(drought)=0.01；P(heat)=0.01；P(pest)=0.01；P(waterlogging)=0.13；P(low_light)=0.01；P(sensor_anomaly)=0.01,,,,observe,routine_patrol,低风险 + 低不确定性 → 常规巡检,环境传感器指标处于正常范围；图像标签显示作物状态健康,继续常规巡检,normal
2026-08-13 18:00,16.3,很低,0.88,0.875,0.010,0.009,0.011,0.077,0.009,0.008,0.0,低,healthy,10.5,12.6,1.00,0.95,0.63,0.37,,P(healthy)=0.96；P(drought)=0.01；P(heat)=0.01；P(pest)=0.01；P(waterlogging)=0.01；P(low_light)=0.01；P(sensor_anomaly)=0.01,P(healthy)=0.92；P(drought)=0.01；P(heat)=0.01；P(pest)=0.01；P(waterlogging)=0.01；P(low_light)=0.01；P(sensor_anomaly)=0.01,P(healthy)=0.95；P(drought)=0.01；P(heat)=0.01；P(pest)=0.01；P(waterlogging)=0.01；P(low_light)=0.01；P(sensor_anomaly)=0.01,P(healthy)=0.88；P(drought)=0.01；P(heat)=0.01；P(pest)=0.01；P(waterlogging)=0.08；P(low_light)=0.01；P(sensor_anomaly)=0.01,,,,observe,routine_patrol,低风险 + 低不确定性 → 常规巡检,环境传感器指标处于正常范围；图像标签显示作物状态健康,继续常规巡检,normal
2026-08-13 19:00,14.2,很低,0.90,0.904,0.010,0.010,0.010,0.048,0.010,0.008,0.0,低,healthy,10.5,13.1,1.00,0.92,0.64,0.36,,P(healthy)=0.96；P(drought)=0.01；P(heat)=0.01；P(pest)=0.01；P(waterlogging)=0.01；P(low_light)=0.01；P(sensor_anomaly)=0.01,P(healthy)=0.92；P(drought)=0.01；P(heat)=0.01；P(pest)=0.01；P(waterlogging)=0.01；P(low_light)=0.01；P(sensor_anomaly)=0.01,P(healthy)=0.94；P(drought)=0.01；P(heat)=0.01；P(pest)=0.01；P(waterlogging)=0.01；P(low_light)=0.01；P(sensor_anomaly)=0.01,P(healthy)=0.90；P(drought)=0.01；P(heat)=0.01；P(pest)=0.01；P(waterlogging)=0.05；P(low_light)=0.01；P(sensor_anomaly)=0.01,,,,observe,routine_patrol,低风险 + 低不确定性 → 常规巡检,环境传感器指标处于正常范围；图像标签显示作物状态健康,继续常规巡检,normal
2026-08-13 20:00,13.1,很低,0.92,0.920,0.010,0.010,0.010,0.032,0.010,0.008,0.0,低,healthy,10.5,13.4,1.00,0.90,0.64,0.36,,P(healthy)=0.96；P(drought)=0.01；P(heat)=0.01；P(pest)=0.01；P(waterlogging)=0.01；P(low_light)=0.01；P(sensor_anomaly)=0.01,P(healthy)=0.91；P(drought)=0.02；P(heat)=0.02；P(pest)=0.02；P(waterlogging)=0.02；P(low_light)=0.02；P(sensor_anomaly)=0.01,P(healthy)=0.94；P(drought)=0.01；P(heat)=0.01；P(pest)=0.01；P(waterlogging)=0.01；P(low_light)=0.01；P(sensor_anomaly)=0.01,P(healthy)=0.92；P(drought)=0.01；P(heat)=0.01；P(pest)=0.01；P(waterlogging)=0.03；P(low_light)=0.01；P(sensor_anomaly)=0.01,,,,observe,routine_patrol,低风险 + 低不确定性 → 常规巡检,环境传感器指标处于正常范围；图像标签显示作物状态健康,继续常规巡检,normal
2026-08-13 21:00,12.5,很低,0.93,0.928,0.010,0.010,0.010,0.023,0.010,0.008,0.0,低,healthy,10.5,14.0,1.00,0.87,0.65,0.35,,P(healthy)=0.96；P(drought)=0.01；P(heat)=0.01；P(pest)=0.01；P(waterlogging)=0.01；P(low_light)=0.01；P(sensor_anomaly)=0.01,P(healthy)=0.90；P(drought)=0.02；P(heat)=0.02；P(pest)=0.02；P(waterlogging)=0.02；P(low_light)=0.02；P(sensor_anomaly)=0.01,P(healthy)=0.94；P(drought)=0.01；P(heat)=0.01；P(pest)=0.01；P(waterlogging)=0.01；P(low_light)=0.01；P(sensor_anomaly)=0.01,P(healthy)=0.93；P(drought)=0.01；P(heat)=0.01；P(pest)=0.01；P(waterlogging)=0.02；P(low_light)=0.01；P(sensor_anomaly)=0.01,,,,observe,routine_patrol,低风险 + 低不确定性 → 常规巡检,环境传感器指标处于正常范围；图像标签显示作物状态健康,继续常规巡检,normal
2026-08-13 22:00,12.0,很低,0.94,0.936,0.010,0.010,0.010,0.017,0.010,0.008,0.0,低,healthy,10.5,12.5,1.00,0.96,0.63,0.37,,P(healthy)=0.96；P(drought)=0.01；P(heat)=0.01；P(pest)=0.01；P(waterlogging)=0.01；P(low_light)=0.01；P(sensor_anomaly)=0.01,P(healthy)=0.93；P(drought)=0.01；P(heat)=0.01；P(pest)=0.01；P(waterlogging)=0.01；P(low_light)=0.01；P(sensor_anomaly)=0.01,P(healthy)=0.95；P(drought)=0.01；P(heat)=0.01；P(pest)=0.01；P(waterlogging)=0.01；P(low_light)=0.01；P(sensor_anomaly)=0.01,P(healthy)=0.94；P(drought)=0.01；P(heat)=0.01；P(pest)=0.01；P(waterlogging)=0.02；P(low_light)=0.01；P(sensor_anomaly)=0.01,,,,observe,routine_patrol,低风险 + 低不确定性 → 常规巡检,环境传感器指标处于正常范围；图像标签显示作物状态健康,继续常规巡检,normal
2026-08-13 23:00,11.8,很低,0.94,0.939,0.010,0.010,0.010,0.014,0.010,0.008,0.0,低,healthy,10.5,13.4,1.00,0.90,0.64,0.36,,P(healthy)=0.96；P(drought)=0.01；P(heat)=0.01；P(pest)=0.01；P(waterlogging)=0.01；P(low_light)=0.01；P(sensor_anomaly)=0.01,P(healthy)=0.91；P(drought)=0.02；P(heat)=0.02；P(pest)=0.02；P(waterlogging)=0.02；P(low_light)=0.02；P(sensor_anomaly)=0.01,P(healthy)=0.94；P(drought)=0.01；P(heat)=0.01；P(pest)=0.01；P(waterlogging)=0.01；P(low_light)=0.01；P(sensor_anomaly)=0.01,P(healthy)=0.94；P(drought)=0.01；P(heat)=0.01；P(pest)=0.01；P(waterlogging)=0.01；P(low_light)=0.01；P(sensor_anomaly)=0.01,,,,observe,routine_patrol,低风险 + 低不确定性 → 常规巡检,环境传感器指标处于正常范围；图像标签显示作物状态健康,继续常规巡检,normal
2026-08-14 00:00,11.8,很低,0.94,0.939,0.010,0.010,0.010,0.013,0.010,0.008,0.0,低,healthy,10.5,14.0,1.00,0.87,0.65,0.35,,P(healthy)=0.96；P(drought)=0.01；P(heat)=0.01；P(pest)=0.01；P(waterlogging)=0.01；P(low_light)=0.01；P(sensor_anomaly)=0.01,P(healthy)=0.90；P(drought)=0.02；P(heat)=0.02；P(pest)=0.02；P(waterlogging)=0.02；P(low_light)=0.02；P(sensor_anomaly)=0.01,P(healthy)=0.94；P(drought)=0.01；P(heat)=0.01；P(pest)=0.01；P(waterlogging)=0.01；P(low_light)=0.01；P(sensor_anomaly)=0.01,P(healthy)=0.94；P(drought)=0.01；P(heat)=0.01；P(pest)=0.01；P(waterlogging)=0.01；P(low_light)=0.01；P(sensor_anomaly)=0.01,,,,observe,routine_patrol,低风险 + 低不确定性 → 常规巡检,环境传感器指标处于正常范围；图像标签显示作物状态健康,继续常规巡检,normal
2026-08-14 01:00,13.5,很低,0.91,0.915,0.019,0.009,0.019,0.020,0.009,0.008,44.0,中,healthy,10.5,57.4,1.00,0.38,0.89,0.11,视觉置信度低，降低视觉模态权重,P(healthy)=0.96；P(drought)=0.01；P(heat)=0.01；P(pest)=0.01；P(waterlogging)=0.01；P(low_light)=0.01；P(sensor_anomaly)=0.01,P(healthy)=0.27；P(drought)=0.22；P(heat)=0.02；P(pest)=0.22；P(waterlogging)=0.22；P(low_light)=0.02；P(sensor_anomaly)=0.02,P(healthy)=0.88；P(drought)=0.03；P(heat)=0.01；P(pest)=0.03；P(waterlogging)=0.03；P(low_light)=0.01；P(sensor_anomaly)=0.01,P(healthy)=0.91；P(drought)=0.02；P(heat)=0.01；P(pest)=0.02；P(waterlogging)=0.02；P(low_light)=0.01；P(sensor_anomaly)=0.01,,,,hold,monitor_more_context,风险或不确定性处于中间状态 → 继续观察并收集更多上下文,环境传感器指标处于正常范围；图像标签未知；视觉置信度不足，不能单独作为强决策依据；视觉置信度低，降低视觉模态权重,优先让机器人复查该区域并重新采样,normal
2026-08-14 02:00,12.7,很低,0.93,0.925,0.015,0.010,0.015,0.016,0.010,0.008,0.0,低,healthy,10.5,13.8,1.00,0.88,0.65,0.35,,P(healthy)=0.96；P(drought)=0.01；P(heat)=0.01；P(pest)=0.01；P(waterlogging)=0.01；P(low_light)=0.01；P(sensor_anomaly)=0.01,P(healthy)=0.91；P(drought)=0.02；P(heat)=0.02；P(pest)=0.02；P(waterlogging)=0.02；P(low_light)=0.02；P(sensor_anomaly)=0.01,P(healthy)=0.94；P(drought)=0.01；P(heat)=0.01；P(pest)=0.01；P(waterlogging)=0.01；P(low_light)=0.01；P(sensor_anomaly)=0.01,P(healthy)=0.93；P(drought)=0.02；P(heat)=0.01；P(pest)=0.02；P(waterlogging)=0.02；P(low_light)=0.01；P(sensor_anomaly)=0.01,,,,observe,routine_patrol,低风险 + 低不确定性 → 常规巡检,环境传感器指标处于正常范围；图像标签显示作物状态健康,继续常规巡检,normal
2026-08-14 03:00,12.2,很低,0.93,0.933,0.013,0.010,0.013,0.013,0.010,0.008,0.0,低,healthy,10.5,13.0,1.00,0.93,0.64,0.36,,P(healthy)=0.96；P(drought)=0.01；P(heat)=0.01；P(pest)=0.01；P(waterlogging)=0.01；P(low_light)=0.01；P(sensor_anomaly)=0.01,P(healthy)=0.92；P(drought)=0.01；P(heat)=0.01；P(pest)=0.01；P(waterlogging)=0.01；P(low_light)=0.01；P(sensor_anomaly)=0.01,P(healthy)=0.94；P(drought)=0.01；P(heat)=0.01；P(pest)=0.01；P(waterlogging)=0.01；P(low_light)=0.01；P(sensor_anomaly)=0.01,P(healthy)=0.93；P(drought)=0.01；P(heat)=0.01；P(pest)=0.01；P(waterlogging)=0.01；P(low_light)=0.01；P(sensor_anomaly)=0.01,,,,observe,routine_patrol,低风险 + 低不确定性 → 常规巡检,环境传感器指标处于正常范围；图像标签显示作物状态健康,继续常规巡检,normal
2026-08-14 04:00,12.1,很低,0.93,0.934,0.012,0.010,0.012,0.012,0.010,0.008,0.0,低,healthy,10.5,14.8,1.00,0.82,0.67,0.33,,P(healthy)=0.96；P(drought)=0.01；P(heat)=0.01；P(pest)=0.01；P(waterlogging)=0.01；P(low_light)=0.01；P(sensor_anomaly)=0.01,P(healthy)=0.89；P(drought)=0.02；P(heat)=0.02；P(pest)=0.02；P(waterlogging)=0.02；P(low_light)=0.02；P(sensor_anomaly)=0.01,P(healthy)=0.94；P(drought)=0.01；P(heat)=0.01；P(pest)=0.01；P(waterlogging)=0.01；P(low_light)=0.01；P(sensor_anomaly)=0.01,P(healthy)=0.93；P(drought)=0.01；P(heat)=0.01；P(pest)=0.01；P(waterlogging)=0.01；P(low_light)=0.01；P(sensor_anomaly)=0.01,,,,observe,routine_patrol,低风险 + 低不确定性 → 常规巡检,环境传感器指标处于正常范围；图像标签显示作物状态健康,继续常规巡检,normal
2026-08-14 05:00,12.0,很低,0.94,0.935,0.012,0.011,0.012,0.012,0.011,0.008,0.0,低,healthy,10.5,14.7,1.00,0.83,0.66,0.34,,P(healthy)=0.96；P(drought)=0.01；P(heat)=0.01；P(pest)=0.01；P(waterlogging)=0.01；P(low_light)=0.01；P(sensor_anomaly)=0.01,P(healthy)=0.89；P(drought)=0.02；P(heat)=0.02；P(pest)=0.02；P(waterlogging)=0.02；P(low_light)=0.02；P(sensor_anomaly)=0.01,P(healthy)=0.94；P(drought)=0.01；P(heat)=0.01；P(pest)=0.01；P(waterlogging)=0.01；P(low_light)=0.01；P(sensor_anomaly)=0.01,P(healthy)=0.94；P(drought)=0.01；P(heat)=0.01；P(pest)=0.01；P(waterlogging)=0.01；P(low_light)=0.01；P(sensor_anomaly)=0.01,,,,observe,routine_patrol,低风险 + 低不确定性 → 常规巡检,环境传感器指标处于正常范围；图像标签显示作物状态健康,继续常规巡检,normal
2026-08-14 06:00,11.9,很低,0.94,0.936,0.011,0.011,0.011,0.011,0.011,0.008,0.0,低,healthy,10.5,14.3,1.00,0.85,0.66,0.34,,P(healthy)=0.96；P(drought)=0.01；P(heat)=0.01；P(pest)=0.01；P(waterlogging)=0.01；P(low_light)=0.01；P(sensor_anomaly)=0.01,P(healthy)=0.90；P(drought)=0.02；P(heat)=0.02；P(pest)=0.02；P(waterlogging)=0.02；P(low_light)=0.02；P(sensor_anomaly)=0.01,P(healthy)=0.94；P(drought)=0.01；P(heat)=0.01；P(pest)=0.01；P(waterlogging)=0.01；P(low_light)=0.01；P(sensor_anomaly)=0.01,P(healthy)=0.94；P(drought)=0.01；P(heat)=0.01；P(pest)=0.01；P(waterlogging)=0.01；P(low_light)=0.01；P(sensor_anomaly)=0.01,,,,observe,routine_patrol,低风险 + 低不确定性 → 常规巡检,环境传感器指标处于正常范围；图像标签显示作物状态健康,继续常规巡检,normal
2026-08-14 07:00,11.9,很低,0.94,0.936,0.011,0.011,0.011,0.011,0.011,0.008,0.0,低,healthy,10.5,14.7,1.00,0.83,0.66,0.34,,P(healthy)=0.96；P(drought)=0.01；P(heat)=0.01；P(pest)=0.01；P(waterlogging)=0.01；P(low_light)=0.01；P(sensor_anomaly)=0.01,P(healthy)=0.89；P(drought)=0.02；P(heat)=0.02；P(pest)=0.02；P(waterlogging)=0.02；P(low_light)=0.02；P(sensor_anomaly)=0.01,P(healthy)=0.94；P(drought)=0.01；P(heat)=0.01；P(pest)=0.01；P(waterlogging)=0.01；P(low_light)=0.01；P(sensor_anomaly)=0.01,P(healthy)=0.94；P(drought)=0.01；P(heat)=0.01；P(pest)=0.01；P(waterlogging)=0.01；P(low_light)=0.01；P(sensor_anomaly)=0.01,,,,observe,routine_patrol,低风险 + 低不确定性 → 常规巡检,环境传感器指标处于正常范围；图像标签显示作物状态健康,继续常规巡检,normal
2026-08-14 08:00,11.9,很低,0.94,0.936,0.011,0.011,0.011,0.011,0.011,0.009,0.0,低,healthy,10.5,14.8,1.00,0.82,0.67,0.33,,P(healthy)=0.96；P(drought)=0.01；P(heat)=0.01；P(pest)=0.01；P(waterlogging)=0.01；P(low_light)=0.01；P(sensor_anomaly)=0.01,P(healthy)=0.89；P(drought)=0.02；P(heat)=0.02；P(pest)=0.02；P(waterlogging)=0.02；P(low_light)=0.02；P(sensor_anomaly)=0.01,P(healthy)=0.94；P(drought)=0.01；P(heat)=0.01；P(pest)=0.01；P(waterlogging)=0.01；P(low_light)=0.01；P(sensor_anomaly)=0.01,P(healthy)=0.94；P(drought)=0.01；P(heat)=0.01；P(pest)=0.01；P(waterlogging)=0.01；P(low_light)=0.01；P(sensor_anomaly)=0.01,,,,observe,routine_patrol,低风险 + 低不确定性 → 常规巡检,环境传感器指标处于正常范围；图像标签显示作物状态健康,继续常规巡检,normal
2026-08-14 09:00,11.9,很低,0.94,0.937,0.011,0.011,0.011,0.011,0.011,0.008,0.0,低,healthy,10.5,14.3,1.00,0.85,0.66,0.34,,P(healthy)=0.96；P(drought)=0.01；P(heat)=0.01；P(pest)=0.01；P(waterlogging)=0.01；P(low_light)=0.01；P(sensor_anomaly)=0.01,P(healthy)=0.90；P(drought)=0.02；P(heat)=0.02；P(pest)=0.02；P(waterlogging)=0.02；P(low_light)=0.02；P(sensor_anomaly)=0.01,P(healthy)=0.94；P(drought)=0.01；P(heat)=0.01；P(pest)=0.01；P(waterlogging)=0.01；P(low_light)=0.01；P(sensor_anomaly)=0.01,P(healthy)=0.94；P(drought)=0.01；P(heat)=0.01；P(pest)=0.01；P(waterlogging)=0.01；P(low_light)=0.01；P(sensor_anomaly)=0.01,,,,observe,routine_patrol,低风险 + 低不确定性 → 常规巡检,环境传感器指标处于正常范围；图像标签显示作物状态健康,继续常规巡检,normal
2026-08-14 10:00,11.7,很低,0.94,0.940,0.010,0.010,0.010,0.010,0.010,0.008,0.0,低,healthy,10.5,13.0,1.00,0.93,0.64,0.36,,P(healthy)=0.96；P(drought)=0.01；P(heat)=0.01；P(pest)=0.01；P(waterlogging)=0.01；P(low_light)=0.01；P(sensor_anomaly)=0.01,P(healthy)=0.92；P(drought)=0.01；P(heat)=0.01；P(pest)=0.01；P(waterlogging)=0.01；P(low_light)=0.01；P(sensor_anomaly)=0.01,P(healthy)=0.94；P(drought)=0.01；P(heat)=0.01；P(pest)=0.01；P(waterlogging)=0.01；P(low_light)=0.01；P(sensor_anomaly)=0.01,P(healthy)=0.94；P(drought)=0.01；P(heat)=0.01；P(pest)=0.01；P(waterlogging)=0.01；P(low_light)=0.01；P(sensor_anomaly)=0.01,,,,observe,routine_patrol,低风险 + 低不确定性 → 常规巡检,环境传感器指标处于正常范围；图像标签显示作物状态健康,继续常规巡检,normal
2026-08-14 11:00,14.9,很低,0.90,0.896,0.055,0.010,0.010,0.010,0.010,0.008,0.0,低,healthy,10.5,14.8,1.00,0.82,0.67,0.33,,P(healthy)=0.96；P(drought)=0.01；P(heat)=0.01；P(pest)=0.01；P(waterlogging)=0.01；P(low_light)=0.01；P(sensor_anomaly)=0.01,P(healthy)=0.89；P(drought)=0.02；P(heat)=0.02；P(pest)=0.02；P(waterlogging)=0.02；P(low_light)=0.02；P(sensor_anomaly)=0.01,P(healthy)=0.94；P(drought)=0.01；P(heat)=0.01；P(pest)=0.01；P(waterlogging)=0.01；P(low_light)=0.01；P(sensor_anomaly)=0.01,P(healthy)=0.90；P(drought)=0.06；P(heat)=0.01；P(pest)=0.01；P(waterlogging)=0.01；P(low_light)=0.01；P(sensor_anomaly)=0.01,soil_moisture_decreasing_6h,,,observe,routine_patrol,低风险 + 低不确定性 → 常规巡检,环境传感器指标处于正常范围；图像标签显示作物状态健康；最近 6 小时土壤湿度持续下降，干旱状态概率上升,继续常规巡检,normal
2026-08-14 12:00,16.7,很低,0.87,0.874,0.081,0.009,0.010,0.010,0.009,0.008,0.0,低,healthy,10.5,13.1,1.00,0.92,0.64,0.36,,P(healthy)=0.96；P(drought)=0.01；P(heat)=0.01；P(pest)=0.01；P(waterlogging)=0.01；P(low_light)=0.01；P(sensor_anomaly)=0.01,P(healthy)=0.92；P(drought)=0.01；P(heat)=0.01；P(pest)=0.01；P(waterlogging)=0.01；P(low_light)=0.01；P(sensor_anomaly)=0.01,P(healthy)=0.94；P(drought)=0.01；P(heat)=0.01；P(pest)=0.01；P(waterlogging)=0.01；P(low_light)=0.01；P(sensor_anomaly)=0.01,P(healthy)=0.87；P(drought)=0.08；P(heat)=0.01；P(pest)=0.01；P(waterlogging)=0.01；P(low_light)=0.01；P(sensor_anomaly)=0.01,soil_moisture_decreasing_6h,,,observe,routine_patrol,低风险 + 低不确定性 → 常规巡检,环境传感器指标处于正常范围；图像标签显示作物状态健康；最近 6 小时土壤湿度持续下降，干旱状态概率上升,继续常规巡检,normal
2026-08-14 13:00,17.6,很低,0.86,0.861,0.095,0.009,0.009,0.009,0.009,0.008,0.0,低,healthy,10.5,13.1,1.00,0.92,0.64,0.36,,P(healthy)=0.96；P(drought)=0.01；P(heat)=0.01；P(pest)=0.01；P(waterlogging)=0.01；P(low_light)=0.01；P(sensor_anomaly)=0.01,P(healthy)=0.92；P(drought)=0.01；P(heat)=0.01；P(pest)=0.01；P(waterlogging)=0.01；P(low_light)=0.01；P(sensor_anomaly)=0.01,P(healthy)=0.94；P(drought)=0.01；P(heat)=0.01；P(pest)=0.01；P(waterlogging)=0.01；P(low_light)=0.01；P(sensor_anomaly)=0.01,P(healthy)=0.86；P(drought)=0.10；P(heat)=0.01；P(pest)=0.01；P(waterlogging)=0.01；P(low_light)=0.01；P(sensor_anomaly)=0.01,soil_moisture_decreasing_6h,,,observe,routine_patrol,低风险 + 低不确定性 → 常规巡检,环境传感器指标处于正常范围；图像标签显示作物状态健康；最近 6 小时土壤湿度持续下降，干旱状态概率上升,继续常规巡检,normal
2026-08-14 14:00,18.2,很低,0.85,0.853,0.104,0.009,0.009,0.009,0.009,0.008,0.0,低,healthy,10.5,13.1,1.00,0.92,0.64,0.36,,P(healthy)=0.96；P(drought)=0.01；P(heat)=0.01；P(pest)=0.01；P(waterlogging)=0.01；P(low_light)=0.01；P(sensor_anomaly)=0.01,P(healthy)=0.92；P(drought)=0.01；P(heat)=0.01；P(pest)=0.01；P(waterlogging)=0.01；P(low_light)=0.01；P(sensor_anomaly)=0.01,P(healthy)=0.94；P(drought)=0.01；P(heat)=0.01；P(pest)=0.01；P(waterlogging)=0.01；P(low_light)=0.01；P(sensor_anomaly)=0.01,P(healthy)=0.85；P(drought)=0.10；P(heat)=0.01；P(pest)=0.01；P(waterlogging)=0.01；P(low_light)=0.01；P(sensor_anomaly)=0.01,soil_moisture_decreasing_6h,,,observe,routine_patrol,低风险 + 低不确定性 → 常规巡检,环境传感器指标处于正常范围；图像标签显示作物状态健康；最近 6 小时土壤湿度持续下降，干旱状态概率上升,继续常规巡检,normal
2026-08-14 15:00,18.5,很低,0.85,0.850,0.109,0.008,0.008,0.008,0.008,0.008,0.0,低,healthy,10.5,12.5,1.00,0.96,0.63,0.37,,P(healthy)=0.96；P(drought)=0.01；P(heat)=0.01；P(pest)=0.01；P(waterlogging)=0.01；P(low_light)=0.01；P(sensor_anomaly)=0.01,P(healthy)=0.93；P(drought)=0.01；P(heat)=0.01；P(pest)=0.01；P(waterlogging)=0.01；P(low_light)=0.01；P(sensor_anomaly)=0.01,P(healthy)=0.95；P(drought)=0.01；P(heat)=0.01；P(pest)=0.01；P(waterlogging)=0.01；P(low_light)=0.01；P(sensor_anomaly)=0.01,P(healthy)=0.85；P(drought)=0.11；P(heat)=0.01；P(pest)=0.01；P(waterlogging)=0.01；P(low_light)=0.01；P(sensor_anomaly)=0.01,soil_moisture_decreasing_6h,,,observe,routine_patrol,低风险 + 低不确定性 → 常规巡检,环境传感器指标处于正常范围；图像标签显示作物状态健康；最近 6 小时土壤湿度持续下降，干旱状态概率上升,继续常规巡检,normal
2026-08-14 16:00,18.9,很低,0.84,0.844,0.112,0.009,0.009,0.009,0.009,0.008,0.0,低,healthy,10.5,14.7,1.00,0.83,0.66,0.34,,P(healthy)=0.96；P(drought)=0.01；P(heat)=0.01；P(pest)=0.01；P(waterlogging)=0.01；P(low_light)=0.01；P(sensor_anomaly)=0.01,P(healthy)=0.89；P(drought)=0.02；P(heat)=0.02；P(pest)=0.02；P(waterlogging)=0.02；P(low_light)=0.02；P(sensor_anomaly)=0.01,P(healthy)=0.94；P(drought)=0.01；P(heat)=0.01；P(pest)=0.01；P(waterlogging)=0.01；P(low_light)=0.01；P(sensor_anomaly)=0.01,P(healthy)=0.84；P(drought)=0.11；P(heat)=0.01；P(pest)=0.01；P(waterlogging)=0.01；P(low_light)=0.01；P(sensor_anomaly)=0.01,soil_moisture_decreasing_6h,,,observe,routine_patrol,低风险 + 低不确定性 → 常规巡检,环境传感器指标处于正常范围；图像标签显示作物状态健康；最近 6 小时土壤湿度持续下降，干旱状态概率上升,继续常规巡检,normal
2026-08-14 17:00,19.0,很低,0.84,0.843,0.114,0.009,0.009,0.009,0.009,0.008,0.0,低,healthy,10.5,13.4,1.00,0.90,0.64,0.36,,P(healthy)=0.96；P(drought)=0.01；P(heat)=0.01；P(pest)=0.01；P(waterlogging)=0.01；P(low_light)=0.01；P(sensor_anomaly)=0.01,P(healthy)=0.91；P(drought)=0.02；P(heat)=0.02；P(pest)=0.02；P(waterlogging)=0.02；P(low_light)=0.02；P(sensor_anomaly)=0.01,P(healthy)=0.94；P(drought)=0.01；P(heat)=0.01；P(pest)=0.01；P(waterlogging)=0.01；P(low_light)=0.01；P(sensor_anomaly)=0.01,P(healthy)=0.84；P(drought)=0.11；P(heat)=0.01；P(pest)=0.01；P(waterlogging)=0.01；P(low_light)=0.01；P(sensor_anomaly)=0.01,soil_moisture_decreasing_6h,,,observe,routine_patrol,低风险 + 低不确定性 → 常规巡检,环境传感器指标处于正常范围；图像标签显示作物状态健康；最近 6 小时土壤湿度持续下降，干旱状态概率上升,继续常规巡检,normal
2026-08-14 18:00,15.9,很低,0.88,0.883,0.070,0.010,0.010,0.010,0.010,0.008,0.0,低,healthy,10.5,14.1,1.00,0.86,0.65,0.35,,P(healthy)=0.96；P(drought)=0.01；P(heat)=0.01；P(pest)=0.01；P(waterlogging)=0.01；P(low_light)=0.01；P(sensor_anomaly)=0.01,P(healthy)=0.90；P(drought)=0.02；P(heat)=0.02；P(pest)=0.02；P(waterlogging)=0.02；P(low_light)=0.02；P(sensor_anomaly)=0.01,P(healthy)=0.94；P(drought)=0.01；P(heat)=0.01；P(pest)=0.01；P(waterlogging)=0.01；P(low_light)=0.01；P(sensor_anomaly)=0.01,P(healthy)=0.88；P(drought)=0.07；P(heat)=0.01；P(pest)=0.01；P(waterlogging)=0.01；P(low_light)=0.01；P(sensor_anomaly)=0.01,,,,observe,routine_patrol,低风险 + 低不确定性 → 常规巡检,环境传感器指标处于正常范围；图像标签显示作物状态健康,继续常规巡检,normal
2026-08-14 19:00,14.0,很低,0.91,0.909,0.045,0.009,0.009,0.009,0.009,0.008,0.0,低,healthy,10.5,12.8,1.00,0.94,0.63,0.37,,P(healthy)=0.96；P(drought)=0.01；P(heat)=0.01；P(pest)=0.01；P(waterlogging)=0.01；P(low_light)=0.01；P(sensor_anomaly)=0.01,P(healthy)=0.92；P(drought)=0.01；P(heat)=0.01；P(pest)=0.01；P(waterlogging)=0.01；P(low_light)=0.01；P(sensor_anomaly)=0.01,P(healthy)=0.95；P(drought)=0.01；P(heat)=0.01；P(pest)=0.01；P(waterlogging)=0.01；P(low_light)=0.01；P(sensor_anomaly)=0.01,P(healthy)=0.91；P(drought)=0.04；P(heat)=0.01；P(pest)=0.01；P(waterlogging)=0.01；P(low_light)=0.01；P(sensor_anomaly)=0.01,,,,observe,routine_patrol,低风险 + 低不确定性 → 常规巡检,环境传感器指标处于正常范围；图像标签显示作物状态健康,继续常规巡检,normal
2026-08-14 20:00,13.1,很低,0.92,0.921,0.031,0.010,0.010,0.010,0.010,0.008,0.0,低,healthy,10.5,14.5,1.00,0.84,0.66,0.34,,P(healthy)=0.96；P(drought)=0.01；P(heat)=0.01；P(pest)=0.01；P(waterlogging)=0.01；P(low_light)=0.01；P(sensor_anomaly)=0.01,P(healthy)=0.89；P(drought)=0.02；P(heat)=0.02；P(pest)=0.02；P(waterlogging)=0.02；P(low_light)=0.02；P(sensor_anomaly)=0.01,P(healthy)=0.94；P(drought)=0.01；P(heat)=0.01；P(pest)=0.01；P(waterlogging)=0.01；P(low_light)=0.01；P(sensor_anomaly)=0.01,P(healthy)=0.92；P(drought)=0.03；P(heat)=0.01；P(pest)=0.01；P(waterlogging)=0.01；P(low_light)=0.01；P(sensor_anomaly)=0.01,,,,observe,routine_patrol,低风险 + 低不确定性 → 常规巡检,环境传感器指标处于正常范围；图像标签显示作物状态健康,继续常规巡检,normal
2026-08-14 21:00,12.4,很低,0.93,0.930,0.022,0.010,0.010,0.010,0.010,0.008,0.0,低,healthy,10.5,13.1,1.00,0.92,0.64,0.36,,P(healthy)=0.96；P(drought)=0.01；P(heat)=0.01；P(pest)=0.01；P(waterlogging)=0.01；P(low_light)=0.01；P(sensor_anomaly)=0.01,P(healthy)=0.92；P(drought)=0.01；P(heat)=0.01；P(pest)=0.01；P(waterlogging)=0.01；P(low_light)=0.01；P(sensor_anomaly)=0.01,P(healthy)=0.94；P(drought)=0.01；P(heat)=0.01；P(pest)=0.01；P(waterlogging)=0.01；P(low_light)=0.01；P(sensor_anomaly)=0.01,P(healthy)=0.93；P(drought)=0.02；P(heat)=0.01；P(pest)=0.01；P(waterlogging)=0.01；P(low_light)=0.01；P(sensor_anomaly)=0.01,,,,observe,routine_patrol,低风险 + 低不确定性 → 常规巡检,环境传感器指标处于正常范围；图像标签显示作物状态健康,继续常规巡检,normal
2026-08-14 22:00,12.1,很低,0.93,0.935,0.017,0.010,0.010,0.010,0.010,0.008,0.0,低,healthy,10.5,13.8,1.00,0.88,0.65,0.35,,P(healthy)=0.96；P(drought)=0.01；P(heat)=0.01；P(pest)=0.01；P(waterlogging)=0.01；P(low_light)=0.01；P(sensor_anomaly)=0.01,P(healthy)=0.91；P(drought)=0.02；P(heat)=0.02；P(pest)=0.02；P(waterlogging)=0.02；P(low_light)=0.02；P(sensor_anomaly)=0.01,P(healthy)=0.94；P(drought)=0.01；P(heat)=0.01；P(pest)=0.01；P(waterlogging)=0.01；P(low_light)=0.01；P(sensor_anomaly)=0.01,P(healthy)=0.93；P(drought)=0.02；P(heat)=0.01；P(pest)=0.01；P(waterlogging)=0.01；P(low_light)=0.01；P(sensor_anomaly)=0.01,,,,observe,routine_patrol,低风险 + 低不确定性 → 常规巡检,环境传感器指标处于正常范围；图像标签显示作物状态健康,继续常规巡检,normal
2026-08-14 23:00,11.8,很低,0.94,0.939,0.014,0.010,0.010,0.010,0.010,0.008,0.0,低,healthy,10.5,12.8,1.00,0.94,0.63,0.37,,P(healthy)=0.96；P(drought)=0.01；P(heat)=0.01；P(pest)=0.01；P(waterlogging)=0.01；P(low_light)=0.01；P(sensor_anomaly)=0.01,P(healthy)=0.92；P(drought)=0.01；P(heat)=0.01；P(pest)=0.01；P(waterlogging)=0.01；P(low_light)=0.01；P(sensor_anomaly)=0.01,P(healthy)=0.95；P(drought)=0.01；P(heat)=0.01；P(pest)=0.01；P(waterlogging)=0.01；P(low_light)=0.01；P(sensor_anomaly)=0.01,P(healthy)=0.94；P(drought)=0.01；P(heat)=0.01；P(pest)=0.01；P(waterlogging)=0.01；P(low_light)=0.01；P(sensor_anomaly)=0.01,,,,observe,routine_patrol,低风险 + 低不确定性 → 常规巡检,环境传感器指标处于正常范围；图像标签显示作物状态健康,继续常规巡检,normal
2026-08-15 00:00,11.5,很低,0.94,0.943,0.012,0.009,0.009,0.009,0.009,0.008,0.0,低,healthy,10.5,12.3,1.00,0.97,0.63,0.37,,P(healthy)=0.96；P(drought)=0.01；P(heat)=0.01；P(pest)=0.01；P(waterlogging)=0.01；P(low_light)=0.01；P(sensor_anomaly)=0.01,P(healthy)=0.93；P(drought)=0.01；P(heat)=0.01；P(pest)=0.01；P(waterlogging)=0.01；P(low_light)=0.01；P(sensor_anomaly)=0.01,P(healthy)=0.95；P(drought)=0.01；P(heat)=0.01；P(pest)=0.01；P(waterlogging)=0.01；P(low_light)=0.01；P(sensor_anomaly)=0.01,P(healthy)=0.94；P(drought)=0.01；P(heat)=0.01；P(pest)=0.01；P(waterlogging)=0.01；P(low_light)=0.01；P(sensor_anomaly)=0.01,,,,observe,routine_patrol,低风险 + 低不确定性 → 常规巡检,环境传感器指标处于正常范围；图像标签显示作物状态健康,继续常规巡检,normal
2026-08-15 01:00,11.4,很低,0.94,0.945,0.010,0.009,0.009,0.009,0.009,0.008,0.0,低,healthy,10.5,12.3,1.00,0.97,0.63,0.37,,P(healthy)=0.96；P(drought)=0.01；P(heat)=0.01；P(pest)=0.01；P(waterlogging)=0.01；P(low_light)=0.01；P(sensor_anomaly)=0.01,P(healthy)=0.93；P(drought)=0.01；P(heat)=0.01；P(pest)=0.01；P(waterlogging)=0.01；P(low_light)=0.01；P(sensor_anomaly)=0.01,P(healthy)=0.95；P(drought)=0.01；P(heat)=0.01；P(pest)=0.01；P(waterlogging)=0.01；P(low_light)=0.01；P(sensor_anomaly)=0.01,P(healthy)=0.94；P(drought)=0.01；P(heat)=0.01；P(pest)=0.01；P(waterlogging)=0.01；P(low_light)=0.01；P(sensor_anomaly)=0.01,,,,observe,routine_patrol,低风险 + 低不确定性 → 常规巡检,环境传感器指标处于正常范围；图像标签显示作物状态健康,继续常规巡检,normal
2026-08-15 02:00,11.4,很低,0.95,0.945,0.010,0.009,0.009,0.009,0.009,0.008,0.0,低,healthy,10.5,12.8,1.00,0.94,0.63,0.37,,P(healthy)=0.96；P(drought)=0.01；P(heat)=0.01；P(pest)=0.01；P(waterlogging)=0.01；P(low_light)=0.01；P(sensor_anomaly)=0.01,P(healthy)=0.92；P(drought)=0.01；P(heat)=0.01；P(pest)=0.01；P(waterlogging)=0.01；P(low_light)=0.01；P(sensor_anomaly)=0.01,P(healthy)=0.95；P(drought)=0.01；P(heat)=0.01；P(pest)=0.01；P(waterlogging)=0.01；P(low_light)=0.01；P(sensor_anomaly)=0.01,P(healthy)=0.95；P(drought)=0.01；P(heat)=0.01；P(pest)=0.01；P(waterlogging)=0.01；P(low_light)=0.01；P(sensor_anomaly)=0.01,,,,observe,routine_patrol,低风险 + 低不确定性 → 常规巡检,环境传感器指标处于正常范围；图像标签显示作物状态健康,继续常规巡检,normal
2026-08-15 03:00,11.4,很低,0.94,0.944,0.010,0.009,0.009,0.009,0.009,0.008,0.0,低,healthy,10.5,13.4,1.00,0.90,0.64,0.36,,P(healthy)=0.96；P(drought)=0.01；P(heat)=0.01；P(pest)=0.01；P(waterlogging)=0.01；P(low_light)=0.01；P(sensor_anomaly)=0.01,P(healthy)=0.91；P(drought)=0.02；P(heat)=0.02；P(pest)=0.02；P(waterlogging)=0.02；P(low_light)=0.02；P(sensor_anomaly)=0.01,P(healthy)=0.94；P(drought)=0.01；P(heat)=0.01；P(pest)=0.01；P(waterlogging)=0.01；P(low_light)=0.01；P(sensor_anomaly)=0.01,P(healthy)=0.94；P(drought)=0.01；P(heat)=0.01；P(pest)=0.01；P(waterlogging)=0.01；P(low_light)=0.01；P(sensor_anomaly)=0.01,,,,observe,routine_patrol,低风险 + 低不确定性 → 常规巡检,环境传感器指标处于正常范围；图像标签显示作物状态健康,继续常规巡检,normal
2026-08-15 04:00,11.6,很低,0.94,0.941,0.010,0.010,0.010,0.010,0.010,0.008,0.0,低,healthy,10.5,14.7,1.00,0.83,0.66,0.34,,P(healthy)=0.96；P(drought)=0.01；P(heat)=0.01；P(pest)=0.01；P(waterlogging)=0.01；P(low_light)=0.01；P(sensor_anomaly)=0.01,P(healthy)=0.89；P(drought)=0.02；P(heat)=0.02；P(pest)=0.02；P(waterlogging)=0.02；P(low_light)=0.02；P(sensor_anomaly)=0.01,P(healthy)=0.94；P(drought)=0.01；P(heat)=0.01；P(pest)=0.01；P(waterlogging)=0.01；P(low_light)=0.01；P(sensor_anomaly)=0.01,P(healthy)=0.94；P(drought)=0.01；P(heat)=0.01；P(pest)=0.01；P(waterlogging)=0.01；P(low_light)=0.01；P(sensor_anomaly)=0.01,,,,observe,routine_patrol,低风险 + 低不确定性 → 常规巡检,环境传感器指标处于正常范围；图像标签显示作物状态健康,继续常规巡检,normal
2026-08-15 05:00,11.7,很低,0.94,0.940,0.010,0.010,0.010,0.010,0.010,0.008,0.0,低,healthy,10.5,14.0,1.00,0.87,0.65,0.35,,P(healthy)=0.96；P(drought)=0.01；P(heat)=0.01；P(pest)=0.01；P(waterlogging)=0.01；P(low_light)=0.01；P(sensor_anomaly)=0.01,P(healthy)=0.90；P(drought)=0.02；P(heat)=0.02；P(pest)=0.02；P(waterlogging)=0.02；P(low_light)=0.02；P(sensor_anomaly)=0.01,P(healthy)=0.94；P(drought)=0.01；P(heat)=0.01；P(pest)=0.01；P(waterlogging)=0.01；P(low_light)=0.01；P(sensor_anomaly)=0.01,P(healthy)=0.94；P(drought)=0.01；P(heat)=0.01；P(pest)=0.01；P(waterlogging)=0.01；P(low_light)=0.01；P(sensor_anomaly)=0.01,,,,observe,routine_patrol,低风险 + 低不确定性 → 常规巡检,环境传感器指标处于正常范围；图像标签显示作物状态健康,继续常规巡检,normal
2026-08-15 06:00,11.7,很低,0.94,0.939,0.011,0.010,0.010,0.010,0.010,0.008,0.0,低,healthy,10.5,14.3,1.00,0.85,0.66,0.34,,P(healthy)=0.96；P(drought)=0.01；P(heat)=0.01；P(pest)=0.01；P(waterlogging)=0.01；P(low_light)=0.01；P(sensor_anomaly)=0.01,P(healthy)=0.90；P(drought)=0.02；P(heat)=0.02；P(pest)=0.02；P(waterlogging)=0.02；P(low_light)=0.02；P(sensor_anomaly)=0.01,P(healthy)=0.94；P(drought)=0.01；P(heat)=0.01；P(pest)=0.01；P(waterlogging)=0.01；P(low_light)=0.01；P(sensor_anomaly)=0.01,P(healthy)=0.94；P(drought)=0.01；P(heat)=0.01；P(pest)=0.01；P(waterlogging)=0.01；P(low_light)=0.01；P(sensor_anomaly)=0.01,,,,observe,routine_patrol,低风险 + 低不确定性 → 常规巡检,环境传感器指标处于正常范围；图像标签显示作物状态健康,继续常规巡检,normal
2026-08-15 07:00,11.6,很低,0.94,0.941,0.010,0.010,0.010,0.010,0.010,0.008,0.0,低,healthy,10.5,13.1,1.00,0.92,0.64,0.36,,P(healthy)=0.96；P(drought)=0.01；P(heat)=0.01；P(pest)=0.01；P(waterlogging)=0.01；P(low_light)=0.01；P(sensor_anomaly)=0.01,P(healthy)=0.92；P(drought)=0.01；P(heat)=0.01；P(pest)=0.01；P(waterlogging)=0.01；P(low_light)=0.01；P(sensor_anomaly)=0.01,P(healthy)=0.94；P(drought)=0.01；P(heat)=0.01；P(pest)=0.01；P(waterlogging)=0.01；P(low_light)=0.01；P(sensor_anomaly)=0.01,P(healthy)=0.94；P(drought)=0.01；P(heat)=0.01；P(pest)=0.01；P(waterlogging)=0.01；P(low_light)=0.01；P(sensor_anomaly)=0.01,,,,observe,routine_patrol,低风险 + 低不确定性 → 常规巡检,环境传感器指标处于正常范围；图像标签显示作物状态健康,继续常规巡检,normal
2026-08-15 08:00,11.7,很低,0.94,0.939,0.010,0.010,0.010,0.010,0.010,0.008,0.0,低,healthy,10.5,14.5,1.00,0.84,0.66,0.34,,P(healthy)=0.96；P(drought)=0.01；P(heat)=0.01；P(pest)=0.01；P(waterlogging)=0.01；P(low_light)=0.01；P(sensor_anomaly)=0.01,P(healthy)=0.89；P(drought)=0.02；P(heat)=0.02；P(pest)=0.02；P(waterlogging)=0.02；P(low_light)=0.02；P(sensor_anomaly)=0.01,P(healthy)=0.94；P(drought)=0.01；P(heat)=0.01；P(pest)=0.01；P(waterlogging)=0.01；P(low_light)=0.01；P(sensor_anomaly)=0.01,P(healthy)=0.94；P(drought)=0.01；P(heat)=0.01；P(pest)=0.01；P(waterlogging)=0.01；P(low_light)=0.01；P(sensor_anomaly)=0.01,,,,observe,routine_patrol,低风险 + 低不确定性 → 常规巡检,环境传感器指标处于正常范围；图像标签显示作物状态健康,继续常规巡检,normal
2026-08-15 09:00,14.8,很低,0.90,0.899,0.055,0.010,0.010,0.010,0.010,0.008,0.0,低,healthy,10.5,13.1,1.00,0.92,0.64,0.36,,P(healthy)=0.96；P(drought)=0.01；P(heat)=0.01；P(pest)=0.01；P(waterlogging)=0.01；P(low_light)=0.01；P(sensor_anomaly)=0.01,P(healthy)=0.92；P(drought)=0.01；P(heat)=0.01；P(pest)=0.01；P(waterlogging)=0.01；P(low_light)=0.01；P(sensor_anomaly)=0.01,P(healthy)=0.94；P(drought)=0.01；P(heat)=0.01；P(pest)=0.01；P(waterlogging)=0.01；P(low_light)=0.01；P(sensor_anomaly)=0.01,P(healthy)=0.90；P(drought)=0.05；P(heat)=0.01；P(pest)=0.01；P(waterlogging)=0.01；P(low_light)=0.01；P(sensor_anomaly)=0.01,soil_moisture_decreasing_6h,,,observe,routine_patrol,低风险 + 低不确定性 → 常规巡检,环境传感器指标处于正常范围；图像标签显示作物状态健康；最近 6 小时土壤湿度持续下降，干旱状态概率上升,继续常规巡检,normal
2026-08-15 10:00,16.5,很低,0.88,0.876,0.080,0.009,0.009,0.009,0.009,0.008,0.0,低,healthy,10.5,12.5,1.00,0.96,0.63,0.37,,P(healthy)=0.96；P(drought)=0.01；P(heat)=0.01；P(pest)=0.01；P(waterlogging)=0.01；P(low_light)=0.01；P(sensor_anomaly)=0.01,P(healthy)=0.93；P(drought)=0.01；P(heat)=0.01；P(pest)=0.01；P(waterlogging)=0.01；P(low_light)=0.01；P(sensor_anomaly)=0.01,P(healthy)=0.95；P(drought)=0.01；P(heat)=0.01；P(pest)=0.01；P(waterlogging)=0.01；P(low_light)=0.01；P(sensor_anomaly)=0.01,P(healthy)=0.88；P(drought)=0.08；P(heat)=0.01；P(pest)=0.01；P(waterlogging)=0.01；P(low_light)=0.01；P(sensor_anomaly)=0.01,soil_moisture_decreasing_6h,,,observe,routine_patrol,低风险 + 低不确定性 → 常规巡检,环境传感器指标处于正常范围；图像标签显示作物状态健康；最近 6 小时土壤湿度持续下降，干旱状态概率上升,继续常规巡检,normal
2026-08-15 11:00,17.6,很低,0.86,0.861,0.095,0.009,0.009,0.009,0.009,0.008,0.0,低,healthy,10.5,14.0,1.00,0.87,0.65,0.35,,P(healthy)=0.96；P(drought)=0.01；P(heat)=0.01；P(pest)=0.01；P(waterlogging)=0.01；P(low_light)=0.01；P(sensor_anomaly)=0.01,P(healthy)=0.90；P(drought)=0.02；P(heat)=0.02；P(pest)=0.02；P(waterlogging)=0.02；P(low_light)=0.02；P(sensor_anomaly)=0.01,P(healthy)=0.94；P(drought)=0.01；P(heat)=0.01；P(pest)=0.01；P(waterlogging)=0.01；P(low_light)=0.01；P(sensor_anomaly)=0.01,P(healthy)=0.86；P(drought)=0.10；P(heat)=0.01；P(pest)=0.01；P(waterlogging)=0.01；P(low_light)=0.01；P(sensor_anomaly)=0.01,soil_moisture_decreasing_6h,,,observe,routine_patrol,低风险 + 低不确定性 → 常规巡检,环境传感器指标处于正常范围；图像标签显示作物状态健康；最近 6 小时土壤湿度持续下降，干旱状态概率上升,继续常规巡检,normal
2026-08-15 12:00,18.2,很低,0.85,0.853,0.104,0.009,0.009,0.009,0.009,0.008,0.0,低,healthy,10.5,13.0,1.00,0.93,0.64,0.36,,P(healthy)=0.96；P(drought)=0.01；P(heat)=0.01；P(pest)=0.01；P(waterlogging)=0.01；P(low_light)=0.01；P(sensor_anomaly)=0.01,P(healthy)=0.92；P(drought)=0.01；P(heat)=0.01；P(pest)=0.01；P(waterlogging)=0.01；P(low_light)=0.01；P(sensor_anomaly)=0.01,P(healthy)=0.94；P(drought)=0.01；P(heat)=0.01；P(pest)=0.01；P(waterlogging)=0.01；P(low_light)=0.01；P(sensor_anomaly)=0.01,P(healthy)=0.85；P(drought)=0.10；P(heat)=0.01；P(pest)=0.01；P(waterlogging)=0.01；P(low_light)=0.01；P(sensor_anomaly)=0.01,soil_moisture_decreasing_6h,,,observe,routine_patrol,低风险 + 低不确定性 → 常规巡检,环境传感器指标处于正常范围；图像标签显示作物状态健康；最近 6 小时土壤湿度持续下降，干旱状态概率上升,继续常规巡检,normal
2026-08-15 13:00,18.7,很低,0.85,0.847,0.109,0.009,0.009,0.009,0.009,0.008,0.0,低,healthy,10.5,14.3,1.00,0.85,0.66,0.34,,P(healthy)=0.96；P(drought)=0.01；P(heat)=0.01；P(pest)=0.01；P(waterlogging)=0.01；P(low_light)=0.01；P(sensor_anomaly)=0.01,P(healthy)=0.90；P(drought)=0.02；P(heat)=0.02；P(pest)=0.02；P(waterlogging)=0.02；P(low_light)=0.02；P(sensor_anomaly)=0.01,P(healthy)=0.94；P(drought)=0.01；P(heat)=0.01；P(pest)=0.01；P(waterlogging)=0.01；P(low_light)=0.01；P(sensor_anomaly)=0.01,P(healthy)=0.85；P(drought)=0.11；P(heat)=0.01；P(pest)=0.01；P(waterlogging)=0.01；P(low_light)=0.01；P(sensor_anomaly)=0.01,soil_moisture_decreasing_6h,,,observe,routine_patrol,低风险 + 低不确定性 → 常规巡检,环境传感器指标处于正常范围；图像标签显示作物状态健康；最近 6 小时土壤湿度持续下降，干旱状态概率上升,继续常规巡检,normal
2026-08-15 14:00,45.0,中,0.31,0.643,0.308,0.010,0.010,0.010,0.010,0.009,47.0,中,drought,64.7,14.5,1.00,0.84,0.73,0.27,环境和视觉存在冲突，降低直接执行可靠性,P(healthy)=0.22；P(drought)=0.72；P(heat)=0.01；P(pest)=0.01；P(waterlogging)=0.01；P(low_light)=0.01；P(sensor_anomaly)=0.01,P(healthy)=0.89；P(drought)=0.02；P(heat)=0.02；P(pest)=0.02；P(waterlogging)=0.02；P(low_light)=0.02；P(sensor_anomaly)=0.01,P(healthy)=0.40；P(drought)=0.53；P(heat)=0.01；P(pest)=0.01；P(waterlogging)=0.01；P(low_light)=0.01；P(sensor_anomaly)=0.01,P(healthy)=0.64；P(drought)=0.31；P(heat)=0.01；P(pest)=0.01；P(waterlogging)=0.01；P(low_light)=0.01；P(sensor_anomaly)=0.01,soil_moisture_decreasing_6h,,图像显示健康，但环境传感器提示较高风险,hold,resample_before_action,中风险 + 高不确定性 → 重新采样后再决策,土壤湿度偏低；图像标签显示作物状态健康；环境和视觉存在冲突，降低直接执行可靠性；数据冲突：图像显示健康，但环境传感器提示较高风险；最近 6 小时土壤湿度持续下降，干旱状态概率上升,优先让机器人复查该区域并重新采样；若低湿状态连续出现，触发灌溉提醒,normal
2026-08-15 15:00,45.0,中,0.45,0.496,0.455,0.010,0.010,0.010,0.010,0.009,35.0,中,drought,64.7,14.3,1.00,0.85,0.73,0.27,环境和视觉存在冲突，降低直接执行可靠性,P(healthy)=0.22；P(drought)=0.72；P(heat)=0.01；P(pest)=0.01；P(waterlogging)=0.01；P(low_light)=0.01；P(sensor_anomaly)=0.01,P(healthy)=0.90；P(drought)=0.02；P(heat)=0.02；P(pest)=0.02；P(waterlogging)=0.02；P(low_light)=0.02；P(sensor_anomaly)=0.01,P(healthy)=0.41；P(drought)=0.53；P(heat)=0.01；P(pest)=0.01；P(waterlogging)=0.01；P(low_light)=0.01；P(sensor_anomaly)=0.01,P(healthy)=0.50；P(drought)=0.45；P(heat)=0.01；P(pest)=0.01；P(waterlogging)=0.01；P(low_light)=0.01；P(sensor_anomaly)=0.01,soil_moisture_decreasing_6h,temporal_trend_supports_dominant_state,图像显示健康，但环境传感器提示较高风险,hold,resample_before_action,中风险 + 高不确定性 → 重新采样后再决策,土壤湿度偏低；图像标签显示作物状态健康；环境和视觉存在冲突，降低直接执行可靠性；数据冲突：图像显示健康，但环境传感器提示较高风险；最近 6 小时土壤湿度持续下降，干旱状态概率上升；时间趋势支持当前主风险，系统置信度上升,优先让机器人复查该区域并重新采样；若低湿状态连续出现，触发灌溉提醒,normal
2026-08-15 16:00,52.5,中,0.57,0.389,0.566,0.009,0.009,0.009,0.009,0.008,35.0,中,drought,64.7,13.6,1.00,0.89,0.72,0.28,环境和视觉存在冲突，降低直接执行可靠性,P(healthy)=0.22；P(drought)=0.72；P(heat)=0.01；P(pest)=0.01；P(waterlogging)=0.01；P(low_light)=0.01；P(sensor_anomaly)=0.01,P(healthy)=0.91；P(drought)=0.02；P(heat)=0.02；P(pest)=0.02；P(waterlogging)=0.02；P(low_light)=0.02；P(sensor_anomaly)=0.01,P(healthy)=0.42；P(drought)=0.52；P(heat)=0.01；P(pest)=0.01；P(waterlogging)=0.01；P(low_light)=0.01；P(sensor_anomaly)=0.01,P(healthy)=0.39；P(drought)=0.57；P(heat)=0.01；P(pest)=0.01；P(waterlogging)=0.01；P(low_light)=0.01；P(sensor_anomaly)=0.01,soil_moisture_decreasing_6h,same_risk_state_consistent_with_previous_belief；temporal_trend_supports_dominant_state,图像显示健康，但环境传感器提示较高风险,hold,resample_before_action,中风险 + 高不确定性 → 重新采样后再决策,土壤湿度偏低；图像标签显示作物状态健康；环境和视觉存在冲突，降低直接执行可靠性；数据冲突：图像显示健康，但环境传感器提示较高风险；最近 6 小时土壤湿度持续下降，干旱状态概率上升；当前主风险与上一时刻状态信念一致，系统置信度上升；时间趋势支持当前主风险，系统置信度上升,优先让机器人复查该区域并重新采样；若低湿状态连续出现，触发灌溉提醒,normal
2026-08-15 17:00,56.6,中,0.62,0.334,0.623,0.009,0.009,0.009,0.009,0.008,35.0,中,drought,64.7,13.8,1.00,0.88,0.72,0.28,环境和视觉存在冲突，降低直接执行可靠性,P(healthy)=0.22；P(drought)=0.72；P(heat)=0.01；P(pest)=0.01；P(waterlogging)=0.01；P(low_light)=0.01；P(sensor_anomaly)=0.01,P(healthy)=0.91；P(drought)=0.02；P(heat)=0.02；P(pest)=0.02；P(waterlogging)=0.02；P(low_light)=0.02；P(sensor_anomaly)=0.01,P(healthy)=0.41；P(drought)=0.52；P(heat)=0.01；P(pest)=0.01；P(waterlogging)=0.01；P(low_light)=0.01；P(sensor_anomaly)=0.01,P(healthy)=0.33；P(drought)=0.62；P(heat)=0.01；P(pest)=0.01；P(waterlogging)=0.01；P(low_light)=0.01；P(sensor_anomaly)=0.01,soil_moisture_decreasing_6h,same_risk_state_consistent_with_previous_belief；temporal_trend_supports_dominant_state,图像显示健康，但环境传感器提示较高风险,hold,resample_before_action,中风险 + 高不确定性 → 重新采样后再决策,土壤湿度偏低；图像标签显示作物状态健康；环境和视觉存在冲突，降低直接执行可靠性；数据冲突：图像显示健康，但环境传感器提示较高风险；最近 6 小时土壤湿度持续下降，干旱状态概率上升；当前主风险与上一时刻状态信念一致，系统置信度上升；时间趋势支持当前主风险，系统置信度上升,优先让机器人复查该区域并重新采样；若低湿状态连续出现，触发灌溉提醒,normal
2026-08-15 18:00,58.9,中,0.65,0.303,0.654,0.009,0.009,0.009,0.009,0.008,35.0,中,drought,64.7,14.5,1.00,0.84,0.73,0.27,环境和视觉存在冲突，降低直接执行可靠性,P(healthy)=0.22；P(drought)=0.72；P(heat)=0.01；P(pest)=0.01；P(waterlogging)=0.01；P(low_light)=0.01；P(sensor_anomaly)=0.01,P(healthy)=0.89；P(drought)=0.02；P(heat)=0.02；P(pest)=0.02；P(waterlogging)=0.02；P(low_light)=0.02；P(sensor_anomaly)=0.01,P(healthy)=0.40；P(drought)=0.53；P(heat)=0.01；P(pest)=0.01；P(waterlogging)=0.01；P(low_light)=0.01；P(sensor_anomaly)=0.01,P(healthy)=0.30；P(drought)=0.65；P(heat)=0.01；P(pest)=0.01；P(waterlogging)=0.01；P(low_light)=0.01；P(sensor_anomaly)=0.01,soil_moisture_decreasing_6h,same_risk_state_consistent_with_previous_belief；temporal_trend_supports_dominant_state,图像显示健康，但环境传感器提示较高风险,hold,resample_before_action,中风险 + 高不确定性 → 重新采样后再决策,土壤湿度偏低；图像标签显示作物状态健康；环境和视觉存在冲突，降低直接执行可靠性；数据冲突：图像显示健康，但环境传感器提示较高风险；最近 6 小时土壤湿度持续下降，干旱状态概率上升；当前主风险与上一时刻状态信念一致，系统置信度上升；时间趋势支持当前主风险，系统置信度上升,优先让机器人复查该区域并重新采样；若低湿状态连续出现，触发灌溉提醒,normal
2026-08-15 19:00,59.4,中,0.66,0.297,0.662,0.008,0.008,0.008,0.008,0.008,35.0,中,drought,64.7,12.3,1.00,0.97,0.70,0.30,环境和视觉存在冲突，降低直接执行可靠性,P(healthy)=0.22；P(drought)=0.72；P(heat)=0.01；P(pest)=0.01；P(waterlogging)=0.01；P(low_light)=0.01；P(sensor_anomaly)=0.01,P(healthy)=0.93；P(drought)=0.01；P(heat)=0.01；P(pest)=0.01；P(waterlogging)=0.01；P(low_light)=0.01；P(sensor_anomaly)=0.01,P(healthy)=0.43；P(drought)=0.51；P(heat)=0.01；P(pest)=0.01；P(waterlogging)=0.01；P(low_light)=0.01；P(sensor_anomaly)=0.01,P(healthy)=0.30；P(drought)=0.66；P(heat)=0.01；P(pest)=0.01；P(waterlogging)=0.01；P(low_light)=0.01；P(sensor_anomaly)=0.01,soil_moisture_decreasing_6h,same_risk_state_consistent_with_previous_belief；temporal_trend_supports_dominant_state,图像显示健康，但环境传感器提示较高风险,hold,resample_before_action,中风险 + 高不确定性 → 重新采样后再决策,土壤湿度偏低；图像标签显示作物状态健康；环境和视觉存在冲突，降低直接执行可靠性；数据冲突：图像显示健康，但环境传感器提示较高风险；最近 6 小时土壤湿度持续下降，干旱状态概率上升；当前主风险与上一时刻状态信念一致，系统置信度上升；时间趋势支持当前主风险，系统置信度上升,优先让机器人复查该区域并重新采样；若低湿状态连续出现，触发灌溉提醒,normal
2026-08-15 20:00,57.1,中,0.63,0.328,0.628,0.009,0.009,0.009,0.009,0.008,35.0,中,drought,64.7,12.5,1.00,0.96,0.70,0.30,环境和视觉存在冲突，降低直接执行可靠性,P(healthy)=0.22；P(drought)=0.72；P(heat)=0.01；P(pest)=0.01；P(waterlogging)=0.01；P(low_light)=0.01；P(sensor_anomaly)=0.01,P(healthy)=0.93；P(drought)=0.01；P(heat)=0.01；P(pest)=0.01；P(waterlogging)=0.01；P(low_light)=0.01；P(sensor_anomaly)=0.01,P(healthy)=0.43；P(drought)=0.51；P(heat)=0.01；P(pest)=0.01；P(waterlogging)=0.01；P(low_light)=0.01；P(sensor_anomaly)=0.01,P(healthy)=0.33；P(drought)=0.63；P(heat)=0.01；P(pest)=0.01；P(waterlogging)=0.01；P(low_light)=0.01；P(sensor_anomaly)=0.01,,same_risk_state_consistent_with_previous_belief,图像显示健康，但环境传感器提示较高风险,hold,resample_before_action,中风险 + 高不确定性 → 重新采样后再决策,土壤湿度偏低；图像标签显示作物状态健康；环境和视觉存在冲突，降低直接执行可靠性；数据冲突：图像显示健康，但环境传感器提示较高风险；当前主风险与上一时刻状态信念一致，系统置信度上升,优先让机器人复查该区域并重新采样；若低湿状态连续出现，触发灌溉提醒,normal
2026-08-15 21:00,62.5,中高,0.60,0.240,0.604,0.009,0.115,0.014,0.009,0.009,0.0,低,drought,64.7,69.3,1.00,0.83,0.66,0.34,,P(healthy)=0.22；P(drought)=0.72；P(heat)=0.01；P(pest)=0.01；P(waterlogging)=0.01；P(low_light)=0.01；P(sensor_anomaly)=0.01,P(healthy)=0.05；P(drought)=0.05；P(heat)=0.01；P(pest)=0.82；P(waterlogging)=0.05；P(low_light)=0.01；P(sensor_anomaly)=0.01,P(healthy)=0.16；P(drought)=0.49；P(heat)=0.01；P(pest)=0.28；P(waterlogging)=0.02；P(low_light)=0.01；P(sensor_anomaly)=0.01,P(healthy)=0.24；P(drought)=0.60；P(heat)=0.01；P(pest)=0.12；P(waterlogging)=0.01；P(low_light)=0.01；P(sensor_anomaly)=0.01,,same_risk_state_consistent_with_previous_belief,,execute,execute_recommended_action,高风险 + 低不确定性 → 允许执行建议动作,土壤湿度偏低；图像标签疑似病虫害；当前主风险与上一时刻状态信念一致，系统置信度上升,若低湿状态连续出现，触发灌溉提醒,normal
2026-08-15 22:00,59.6,中,0.61,0.285,0.606,0.010,0.067,0.013,0.010,0.009,35.0,中,drought,64.7,14.7,1.00,0.83,0.73,0.27,环境和视觉存在冲突，降低直接执行可靠性,P(healthy)=0.22；P(drought)=0.72；P(heat)=0.01；P(pest)=0.01；P(waterlogging)=0.01；P(low_light)=0.01；P(sensor_anomaly)=0.01,P(healthy)=0.89；P(drought)=0.02；P(heat)=0.02；P(pest)=0.02；P(waterlogging)=0.02；P(low_light)=0.02；P(sensor_anomaly)=0.01,P(healthy)=0.40；P(drought)=0.53；P(heat)=0.01；P(pest)=0.01；P(waterlogging)=0.01；P(low_light)=0.01；P(sensor_anomaly)=0.01,P(healthy)=0.29；P(drought)=0.61；P(heat)=0.01；P(pest)=0.07；P(waterlogging)=0.01；P(low_light)=0.01；P(sensor_anomaly)=0.01,,same_risk_state_consistent_with_previous_belief,图像显示健康，但环境传感器提示较高风险,hold,resample_before_action,中风险 + 高不确定性 → 重新采样后再决策,土壤湿度偏低；图像标签显示作物状态健康；环境和视觉存在冲突，降低直接执行可靠性；数据冲突：图像显示健康，但环境传感器提示较高风险；当前主风险与上一时刻状态信念一致，系统置信度上升,优先让机器人复查该区域并重新采样；若低湿状态连续出现，触发灌溉提醒,normal
2026-08-15 23:00,57.7,中,0.60,0.314,0.603,0.010,0.041,0.012,0.010,0.009,35.0,中,drought,64.7,13.8,1.00,0.88,0.72,0.28,环境和视觉存在冲突，降低直接执行可靠性,P(healthy)=0.22；P(drought)=0.72；P(heat)=0.01；P(pest)=0.01；P(waterlogging)=0.01；P(low_light)=0.01；P(sensor_anomaly)=0.01,P(healthy)=0.91；P(drought)=0.02；P(heat)=0.02；P(pest)=0.02；P(waterlogging)=0.02；P(low_light)=0.02；P(sensor_anomaly)=0.01,P(healthy)=0.41；P(drought)=0.52；P(heat)=0.01；P(pest)=0.01；P(waterlogging)=0.01；P(low_light)=0.01；P(sensor_anomaly)=0.01,P(healthy)=0.31；P(drought)=0.60；P(heat)=0.01；P(pest)=0.04；P(waterlogging)=0.01；P(low_light)=0.01；P(sensor_anomaly)=0.01,,same_risk_state_consistent_with_previous_belief,图像显示健康，但环境传感器提示较高风险,hold,resample_before_action,中风险 + 高不确定性 → 重新采样后再决策,土壤湿度偏低；图像标签显示作物状态健康；环境和视觉存在冲突，降低直接执行可靠性；数据冲突：图像显示健康，但环境传感器提示较高风险；当前主风险与上一时刻状态信念一致，系统置信度上升,优先让机器人复查该区域并重新采样；若低湿状态连续出现，触发灌溉提醒,normal
2026-08-16 00:00,56.1,中,0.60,0.337,0.597,0.010,0.026,0.011,0.010,0.009,35.0,中,drought,64.7,12.5,1.00,0.96,0.70,0.30,环境和视觉存在冲突，降低直接执行可靠性,P(healthy)=0.22；P(drought)=0.72；P(heat)=0.01；P(pest)=0.01；P(waterlogging)=0.01；P(low_light)=0.01；P(sensor_anomaly)=0.01,P(healthy)=0.93；P(drought)=0.01；P(heat)=0.01；P(pest)=0.01；P(waterlogging)=0.01；P(low_light)=0.01；P(sensor_anomaly)=0.01,P(healthy)=0.43；P(drought)=0.51；P(heat)=0.01；P(pest)=0.01；P(waterlogging)=0.01；P(low_light)=0.01；P(sensor_anomaly)=0.01,P(healthy)=0.34；P(drought)=0.60；P(heat)=0.01；P(pest)=0.03；P(waterlogging)=0.01；P(low_light)=0.01；P(sensor_anomaly)=0.01,,same_risk_state_consistent_with_previous_belief,图像显示健康，但环境传感器提示较高风险,hold,resample_before_action,中风险 + 高不确定性 → 重新采样后再决策,土壤湿度偏低；图像标签显示作物状态健康；环境和视觉存在冲突，降低直接执行可靠性；数据冲突：图像显示健康，但环境传感器提示较高风险；当前主风险与上一时刻状态信念一致，系统置信度上升,优先让机器人复查该区域并重新采样；若低湿状态连续出现，触发灌溉提醒,normal
2026-08-16 01:00,55.3,中,0.59,0.349,0.593,0.010,0.019,0.010,0.010,0.009,35.0,中,drought,64.7,12.5,1.00,0.96,0.70,0.30,环境和视觉存在冲突，降低直接执行可靠性,P(healthy)=0.22；P(drought)=0.72；P(heat)=0.01；P(pest)=0.01；P(waterlogging)=0.01；P(low_light)=0.01；P(sensor_anomaly)=0.01,P(healthy)=0.93；P(drought)=0.01；P(heat)=0.01；P(pest)=0.01；P(waterlogging)=0.01；P(low_light)=0.01；P(sensor_anomaly)=0.01,P(healthy)=0.43；P(drought)=0.51；P(heat)=0.01；P(pest)=0.01；P(waterlogging)=0.01；P(low_light)=0.01；P(sensor_anomaly)=0.01,P(healthy)=0.35；P(drought)=0.59；P(heat)=0.01；P(pest)=0.02；P(waterlogging)=0.01；P(low_light)=0.01；P(sensor_anomaly)=0.01,,same_risk_state_consistent_with_previous_belief,图像显示健康，但环境传感器提示较高风险,hold,resample_before_action,中风险 + 高不确定性 → 重新采样后再决策,土壤湿度偏低；图像标签显示作物状态健康；环境和视觉存在冲突，降低直接执行可靠性；数据冲突：图像显示健康，但环境传感器提示较高风险；当前主风险与上一时刻状态信念一致，系统置信度上升,优先让机器人复查该区域并重新采样；若低湿状态连续出现，触发灌溉提醒,normal
2026-08-16 02:00,55.3,中,0.60,0.350,0.595,0.010,0.015,0.010,0.010,0.009,35.0,中,drought,64.7,13.4,1.00,0.90,0.72,0.28,环境和视觉存在冲突，降低直接执行可靠性,P(healthy)=0.22；P(drought)=0.72；P(heat)=0.01；P(pest)=0.01；P(waterlogging)=0.01；P(low_light)=0.01；P(sensor_anomaly)=0.01,P(healthy)=0.91；P(drought)=0.02；P(heat)=0.02；P(pest)=0.02；P(waterlogging)=0.02；P(low_light)=0.02；P(sensor_anomaly)=0.01,P(healthy)=0.42；P(drought)=0.52；P(heat)=0.01；P(pest)=0.01；P(waterlogging)=0.01；P(low_light)=0.01；P(sensor_anomaly)=0.01,P(healthy)=0.35；P(drought)=0.60；P(heat)=0.01；P(pest)=0.01；P(waterlogging)=0.01；P(low_light)=0.01；P(sensor_anomaly)=0.01,,same_risk_state_consistent_with_previous_belief,图像显示健康，但环境传感器提示较高风险,hold,resample_before_action,中风险 + 高不确定性 → 重新采样后再决策,土壤湿度偏低；图像标签显示作物状态健康；环境和视觉存在冲突，降低直接执行可靠性；数据冲突：图像显示健康，但环境传感器提示较高风险；当前主风险与上一时刻状态信念一致，系统置信度上升,优先让机器人复查该区域并重新采样；若低湿状态连续出现，触发灌溉提醒,normal
2026-08-16 03:00,55.5,中,0.60,0.347,0.599,0.010,0.013,0.011,0.010,0.009,35.0,中,drought,64.7,14.1,1.00,0.86,0.72,0.28,环境和视觉存在冲突，降低直接执行可靠性,P(healthy)=0.22；P(drought)=0.72；P(heat)=0.01；P(pest)=0.01；P(waterlogging)=0.01；P(low_light)=0.01；P(sensor_anomaly)=0.01,P(healthy)=0.90；P(drought)=0.02；P(heat)=0.02；P(pest)=0.02；P(waterlogging)=0.02；P(low_light)=0.02；P(sensor_anomaly)=0.01,P(healthy)=0.41；P(drought)=0.53；P(heat)=0.01；P(pest)=0.01；P(waterlogging)=0.01；P(low_light)=0.01；P(sensor_anomaly)=0.01,P(healthy)=0.35；P(drought)=0.60；P(heat)=0.01；P(pest)=0.01；P(waterlogging)=0.01；P(low_light)=0.01；P(sensor_anomaly)=0.01,,same_risk_state_consistent_with_previous_belief,图像显示健康，但环境传感器提示较高风险,hold,resample_before_action,中风险 + 高不确定性 → 重新采样后再决策,土壤湿度偏低；图像标签显示作物状态健康；环境和视觉存在冲突，降低直接执行可靠性；数据冲突：图像显示健康，但环境传感器提示较高风险；当前主风险与上一时刻状态信念一致，系统置信度上升,优先让机器人复查该区域并重新采样；若低湿状态连续出现，触发灌溉提醒,normal
2026-08-16 04:00,55.7,中,0.60,0.344,0.602,0.011,0.012,0.011,0.011,0.009,35.0,中,drought,64.7,14.5,1.00,0.84,0.73,0.27,环境和视觉存在冲突，降低直接执行可靠性,P(healthy)=0.22；P(drought)=0.72；P(heat)=0.01；P(pest)=0.01；P(waterlogging)=0.01；P(low_light)=0.01；P(sensor_anomaly)=0.01,P(healthy)=0.89；P(drought)=0.02；P(heat)=0.02；P(pest)=0.02；P(waterlogging)=0.02；P(low_light)=0.02；P(sensor_anomaly)=0.01,P(healthy)=0.40；P(drought)=0.53；P(heat)=0.01；P(pest)=0.01；P(waterlogging)=0.01；P(low_light)=0.01；P(sensor_anomaly)=0.01,P(healthy)=0.34；P(drought)=0.60；P(heat)=0.01；P(pest)=0.01；P(waterlogging)=0.01；P(low_light)=0.01；P(sensor_anomaly)=0.01,,same_risk_state_consistent_with_previous_belief,图像显示健康，但环境传感器提示较高风险,hold,resample_before_action,中风险 + 高不确定性 → 重新采样后再决策,土壤湿度偏低；图像标签显示作物状态健康；环境和视觉存在冲突，降低直接执行可靠性；数据冲突：图像显示健康，但环境传感器提示较高风险；当前主风险与上一时刻状态信念一致，系统置信度上升,优先让机器人复查该区域并重新采样；若低湿状态连续出现，触发灌溉提醒,normal
2026-08-16 05:00,55.4,中,0.60,0.348,0.600,0.011,0.011,0.011,0.011,0.009,35.0,中,drought,64.7,13.3,1.00,0.91,0.71,0.29,环境和视觉存在冲突，降低直接执行可靠性,P(healthy)=0.22；P(drought)=0.72；P(heat)=0.01；P(pest)=0.01；P(waterlogging)=0.01；P(low_light)=0.01；P(sensor_anomaly)=0.01,P(healthy)=0.91；P(drought)=0.01；P(heat)=0.01；P(pest)=0.01；P(waterlogging)=0.01；P(low_light)=0.01；P(sensor_anomaly)=0.01,P(healthy)=0.42；P(drought)=0.52；P(heat)=0.01；P(pest)=0.01；P(waterlogging)=0.01；P(low_light)=0.01；P(sensor_anomaly)=0.01,P(healthy)=0.35；P(drought)=0.60；P(heat)=0.01；P(pest)=0.01；P(waterlogging)=0.01；P(low_light)=0.01；P(sensor_anomaly)=0.01,,same_risk_state_consistent_with_previous_belief,图像显示健康，但环境传感器提示较高风险,hold,resample_before_action,中风险 + 高不确定性 → 重新采样后再决策,土壤湿度偏低；图像标签显示作物状态健康；环境和视觉存在冲突，降低直接执行可靠性；数据冲突：图像显示健康，但环境传感器提示较高风险；当前主风险与上一时刻状态信念一致，系统置信度上升,优先让机器人复查该区域并重新采样；若低湿状态连续出现，触发灌溉提醒,normal
2026-08-16 06:00,55.4,中,0.60,0.348,0.600,0.011,0.011,0.011,0.011,0.009,35.0,中,drought,64.7,13.8,1.00,0.88,0.72,0.28,环境和视觉存在冲突，降低直接执行可靠性,P(healthy)=0.22；P(drought)=0.72；P(heat)=0.01；P(pest)=0.01；P(waterlogging)=0.01；P(low_light)=0.01；P(sensor_anomaly)=0.01,P(healthy)=0.91；P(drought)=0.02；P(heat)=0.02；P(pest)=0.02；P(waterlogging)=0.02；P(low_light)=0.02；P(sensor_anomaly)=0.01,P(healthy)=0.41；P(drought)=0.52；P(heat)=0.01；P(pest)=0.01；P(waterlogging)=0.01；P(low_light)=0.01；P(sensor_anomaly)=0.01,P(healthy)=0.35；P(drought)=0.60；P(heat)=0.01；P(pest)=0.01；P(waterlogging)=0.01；P(low_light)=0.01；P(sensor_anomaly)=0.01,,same_risk_state_consistent_with_previous_belief,图像显示健康，但环境传感器提示较高风险,hold,resample_before_action,中风险 + 高不确定性 → 重新采样后再决策,土壤湿度偏低；图像标签显示作物状态健康；环境和视觉存在冲突，降低直接执行可靠性；数据冲突：图像显示健康，但环境传感器提示较高风险；当前主风险与上一时刻状态信念一致，系统置信度上升,优先让机器人复查该区域并重新采样；若低湿状态连续出现，触发灌溉提醒,normal
2026-08-16 07:00,55.5,中,0.60,0.348,0.600,0.011,0.011,0.011,0.011,0.009,35.0,中,drought,64.7,13.8,1.00,0.88,0.72,0.28,环境和视觉存在冲突，降低直接执行可靠性,P(healthy)=0.22；P(drought)=0.72；P(heat)=0.01；P(pest)=0.01；P(waterlogging)=0.01；P(low_light)=0.01；P(sensor_anomaly)=0.01,P(healthy)=0.91；P(drought)=0.02；P(heat)=0.02；P(pest)=0.02；P(waterlogging)=0.02；P(low_light)=0.02；P(sensor_anomaly)=0.01,P(healthy)=0.41；P(drought)=0.52；P(heat)=0.01；P(pest)=0.01；P(waterlogging)=0.01；P(low_light)=0.01；P(sensor_anomaly)=0.01,P(healthy)=0.35；P(drought)=0.60；P(heat)=0.01；P(pest)=0.01；P(waterlogging)=0.01；P(low_light)=0.01；P(sensor_anomaly)=0.01,,same_risk_state_consistent_with_previous_belief,图像显示健康，但环境传感器提示较高风险,hold,resample_before_action,中风险 + 高不确定性 → 重新采样后再决策,土壤湿度偏低；图像标签显示作物状态健康；环境和视觉存在冲突，降低直接执行可靠性；数据冲突：图像显示健康，但环境传感器提示较高风险；当前主风险与上一时刻状态信念一致，系统置信度上升,优先让机器人复查该区域并重新采样；若低湿状态连续出现，触发灌溉提醒,normal
2026-08-16 08:00,55.7,中,0.60,0.344,0.603,0.011,0.011,0.011,0.011,0.009,35.0,中,drought,64.7,14.5,1.00,0.84,0.73,0.27,环境和视觉存在冲突，降低直接执行可靠性,P(healthy)=0.22；P(drought)=0.72；P(heat)=0.01；P(pest)=0.01；P(waterlogging)=0.01；P(low_light)=0.01；P(sensor_anomaly)=0.01,P(healthy)=0.89；P(drought)=0.02；P(heat)=0.02；P(pest)=0.02；P(waterlogging)=0.02；P(low_light)=0.02；P(sensor_anomaly)=0.01,P(healthy)=0.40；P(drought)=0.53；P(heat)=0.01；P(pest)=0.01；P(waterlogging)=0.01；P(low_light)=0.01；P(sensor_anomaly)=0.01,P(healthy)=0.34；P(drought)=0.60；P(heat)=0.01；P(pest)=0.01；P(waterlogging)=0.01；P(low_light)=0.01；P(sensor_anomaly)=0.01,,same_risk_state_consistent_with_previous_belief,图像显示健康，但环境传感器提示较高风险,hold,resample_before_action,中风险 + 高不确定性 → 重新采样后再决策,土壤湿度偏低；图像标签显示作物状态健康；环境和视觉存在冲突，降低直接执行可靠性；数据冲突：图像显示健康，但环境传感器提示较高风险；当前主风险与上一时刻状态信念一致，系统置信度上升,优先让机器人复查该区域并重新采样；若低湿状态连续出现，触发灌溉提醒,normal
2026-08-16 09:00,62.6,中高,0.69,0.250,0.690,0.010,0.015,0.015,0.010,0.009,0.0,低,drought,64.7,76.2,1.00,0.79,0.67,0.33,,P(healthy)=0.22；P(drought)=0.72；P(heat)=0.01；P(pest)=0.01；P(waterlogging)=0.01；P(low_light)=0.01；P(sensor_anomaly)=0.01,P(healthy)=0.06；P(drought)=0.81；P(heat)=0.01；P(pest)=0.05；P(waterlogging)=0.05；P(low_light)=0.01；P(sensor_anomaly)=0.01,P(healthy)=0.17；P(drought)=0.75；P(heat)=0.01；P(pest)=0.02；P(waterlogging)=0.02；P(low_light)=0.01；P(sensor_anomaly)=0.01,P(healthy)=0.25；P(drought)=0.69；P(heat)=0.01；P(pest)=0.02；P(waterlogging)=0.01；P(low_light)=0.01；P(sensor_anomaly)=0.01,,same_risk_state_consistent_with_previous_belief,,execute,execute_recommended_action,高风险 + 低不确定性 → 允许执行建议动作,土壤湿度偏低；图像标签疑似干旱；当前主风险与上一时刻状态信念一致，系统置信度上升,若低湿状态连续出现，触发灌溉提醒,normal
2026-08-16 10:00,69.0,中高,0.78,0.165,0.782,0.008,0.015,0.015,0.008,0.008,0.0,低,drought,70.4,77.0,1.00,0.83,0.66,0.34,,P(healthy)=0.15；P(drought)=0.81；P(heat)=0.01；P(pest)=0.01；P(waterlogging)=0.01；P(low_light)=0.01；P(sensor_anomaly)=0.01,P(healthy)=0.05；P(drought)=0.82；P(heat)=0.01；P(pest)=0.05；P(waterlogging)=0.05；P(low_light)=0.01；P(sensor_anomaly)=0.01,P(healthy)=0.12；P(drought)=0.82；P(heat)=0.01；P(pest)=0.02；P(waterlogging)=0.02；P(low_light)=0.01；P(sensor_anomaly)=0.01,P(healthy)=0.17；P(drought)=0.78；P(heat)=0.01；P(pest)=0.01；P(waterlogging)=0.01；P(low_light)=0.01；P(sensor_anomaly)=0.01,soil_moisture_decreasing_6h,same_risk_state_consistent_with_previous_belief；temporal_trend_supports_dominant_state,,execute,execute_recommended_action,高风险 + 低不确定性 → 允许执行建议动作,土壤湿度严重偏低；图像标签疑似干旱；最近 6 小时土壤湿度持续下降，干旱状态概率上升；当前主风险与上一时刻状态信念一致，系统置信度上升；时间趋势支持当前主风险，系统置信度上升,若低湿状态连续出现，触发灌溉提醒,normal
2026-08-16 11:00,72.1,中高,0.83,0.125,0.825,0.007,0.014,0.014,0.007,0.007,0.0,低,drought,70.4,75.4,1.00,0.75,0.69,0.31,,P(healthy)=0.15；P(drought)=0.81；P(heat)=0.01；P(pest)=0.01；P(waterlogging)=0.01；P(low_light)=0.01；P(sensor_anomaly)=0.01,P(healthy)=0.07；P(drought)=0.79；P(heat)=0.01；P(pest)=0.05；P(waterlogging)=0.05；P(low_light)=0.01；P(sensor_anomaly)=0.01,P(healthy)=0.12；P(drought)=0.81；P(heat)=0.01；P(pest)=0.02；P(waterlogging)=0.02；P(low_light)=0.01；P(sensor_anomaly)=0.01,P(healthy)=0.12；P(drought)=0.83；P(heat)=0.01；P(pest)=0.01；P(waterlogging)=0.01；P(low_light)=0.01；P(sensor_anomaly)=0.01,soil_moisture_decreasing_6h,same_risk_state_consistent_with_previous_belief；temporal_trend_supports_dominant_state,,execute,execute_recommended_action,高风险 + 低不确定性 → 允许执行建议动作,土壤湿度严重偏低；图像标签疑似干旱；最近 6 小时土壤湿度持续下降，干旱状态概率上升；当前主风险与上一时刻状态信念一致，系统置信度上升；时间趋势支持当前主风险，系统置信度上升,若低湿状态连续出现，触发灌溉提醒,normal
2026-08-16 12:00,73.8,中高,0.85,0.102,0.850,0.007,0.014,0.014,0.007,0.006,0.0,低,drought,70.4,76.8,1.00,0.82,0.67,0.33,,P(healthy)=0.15；P(drought)=0.81；P(heat)=0.01；P(pest)=0.01；P(waterlogging)=0.01；P(low_light)=0.01；P(sensor_anomaly)=0.01,P(healthy)=0.05；P(drought)=0.82；P(heat)=0.01；P(pest)=0.05；P(waterlogging)=0.05；P(low_light)=0.01；P(sensor_anomaly)=0.01,P(healthy)=0.12；P(drought)=0.81；P(heat)=0.01；P(pest)=0.02；P(waterlogging)=0.02；P(low_light)=0.01；P(sensor_anomaly)=0.01,P(healthy)=0.10；P(drought)=0.85；P(heat)=0.01；P(pest)=0.01；P(waterlogging)=0.01；P(low_light)=0.01；P(sensor_anomaly)=0.01,soil_moisture_decreasing_6h,same_risk_state_consistent_with_previous_belief；temporal_trend_supports_dominant_state,,execute,execute_recommended_action,高风险 + 低不确定性 → 允许执行建议动作,土壤湿度严重偏低；图像标签疑似干旱；最近 6 小时土壤湿度持续下降，干旱状态概率上升；当前主风险与上一时刻状态信念一致，系统置信度上升；时间趋势支持当前主风险，系统置信度上升,若低湿状态连续出现，触发灌溉提醒,normal
2026-08-16 13:00,74.9,中高,0.86,0.088,0.865,0.006,0.014,0.014,0.006,0.006,0.0,低,drought,70.4,77.7,1.00,0.87,0.65,0.35,,P(healthy)=0.15；P(drought)=0.81；P(heat)=0.01；P(pest)=0.01；P(waterlogging)=0.01；P(low_light)=0.01；P(sensor_anomaly)=0.01,P(healthy)=0.04；P(drought)=0.83；P(heat)=0.01；P(pest)=0.05；P(waterlogging)=0.05；P(low_light)=0.01；P(sensor_anomaly)=0.01,P(healthy)=0.11；P(drought)=0.82；P(heat)=0.01；P(pest)=0.02；P(waterlogging)=0.02；P(low_light)=0.01；P(sensor_anomaly)=0.01,P(healthy)=0.09；P(drought)=0.86；P(heat)=0.01；P(pest)=0.01；P(waterlogging)=0.01；P(low_light)=0.01；P(sensor_anomaly)=0.01,soil_moisture_decreasing_6h,same_risk_state_consistent_with_previous_belief；temporal_trend_supports_dominant_state,,execute,execute_recommended_action,高风险 + 低不确定性 → 允许执行建议动作,土壤湿度严重偏低；图像标签疑似干旱；最近 6 小时土壤湿度持续下降，干旱状态概率上升；当前主风险与上一时刻状态信念一致，系统置信度上升；时间趋势支持当前主风险，系统置信度上升,若低湿状态连续出现，触发灌溉提醒,normal
2026-08-16 14:00,75.4,中高,0.87,0.082,0.872,0.006,0.014,0.014,0.006,0.006,0.0,低,drought,70.4,77.5,1.00,0.86,0.65,0.35,,P(healthy)=0.15；P(drought)=0.81；P(heat)=0.01；P(pest)=0.01；P(waterlogging)=0.01；P(low_light)=0.01；P(sensor_anomaly)=0.01,P(healthy)=0.04；P(drought)=0.83；P(heat)=0.01；P(pest)=0.05；P(waterlogging)=0.05；P(low_light)=0.01；P(sensor_anomaly)=0.01,P(healthy)=0.11；P(drought)=0.82；P(heat)=0.01；P(pest)=0.02；P(waterlogging)=0.02；P(low_light)=0.01；P(sensor_anomaly)=0.01,P(healthy)=0.08；P(drought)=0.87；P(heat)=0.01；P(pest)=0.01；P(waterlogging)=0.01；P(low_light)=0.01；P(sensor_anomaly)=0.01,soil_moisture_decreasing_6h,same_risk_state_consistent_with_previous_belief；temporal_trend_supports_dominant_state,,execute,execute_recommended_action,高风险 + 低不确定性 → 允许执行建议动作,土壤湿度严重偏低；图像标签疑似干旱；最近 6 小时土壤湿度持续下降，干旱状态概率上升；当前主风险与上一时刻状态信念一致，系统置信度上升；时间趋势支持当前主风险，系统置信度上升,若低湿状态连续出现，触发灌溉提醒,normal
2026-08-16 15:00,75.4,中高,0.87,0.082,0.872,0.006,0.014,0.014,0.006,0.006,0.0,低,drought,70.4,75.8,1.00,0.77,0.68,0.32,,P(healthy)=0.15；P(drought)=0.81；P(heat)=0.01；P(pest)=0.01；P(waterlogging)=0.01；P(low_light)=0.01；P(sensor_anomaly)=0.01,P(healthy)=0.06；P(drought)=0.80；P(heat)=0.01；P(pest)=0.05；P(waterlogging)=0.05；P(low_light)=0.01；P(sensor_anomaly)=0.01,P(healthy)=0.12；P(drought)=0.81；P(heat)=0.01；P(pest)=0.02；P(waterlogging)=0.02；P(low_light)=0.01；P(sensor_anomaly)=0.01,P(healthy)=0.08；P(drought)=0.87；P(heat)=0.01；P(pest)=0.01；P(waterlogging)=0.01；P(low_light)=0.01；P(sensor_anomaly)=0.01,soil_moisture_decreasing_6h,same_risk_state_consistent_with_previous_belief；temporal_trend_supports_dominant_state,,execute,execute_recommended_action,高风险 + 低不确定性 → 允许执行建议动作,土壤湿度严重偏低；图像标签疑似干旱；最近 6 小时土壤湿度持续下降，干旱状态概率上升；当前主风险与上一时刻状态信念一致，系统置信度上升；时间趋势支持当前主风险，系统置信度上升,若低湿状态连续出现，触发灌溉提醒,normal
2026-08-16 16:00,75.7,中高,0.88,0.078,0.876,0.006,0.014,0.014,0.006,0.006,0.0,低,drought,70.4,77.9,1.00,0.88,0.65,0.35,,P(healthy)=0.15；P(drought)=0.81；P(heat)=0.01；P(pest)=0.01；P(waterlogging)=0.01；P(low_light)=0.01；P(sensor_anomaly)=0.01,P(healthy)=0.04；P(drought)=0.84；P(heat)=0.01；P(pest)=0.05；P(waterlogging)=0.05；P(low_light)=0.01；P(sensor_anomaly)=0.01,P(healthy)=0.11；P(drought)=0.82；P(heat)=0.01；P(pest)=0.02；P(waterlogging)=0.02；P(low_light)=0.01；P(sensor_anomaly)=0.01,P(healthy)=0.08；P(drought)=0.88；P(heat)=0.01；P(pest)=0.01；P(waterlogging)=0.01；P(low_light)=0.01；P(sensor_anomaly)=0.01,soil_moisture_decreasing_6h,same_risk_state_consistent_with_previous_belief；temporal_trend_supports_dominant_state,,execute,execute_recommended_action,高风险 + 低不确定性 → 允许执行建议动作,土壤湿度严重偏低；图像标签疑似干旱；最近 6 小时土壤湿度持续下降，干旱状态概率上升；当前主风险与上一时刻状态信念一致，系统置信度上升；时间趋势支持当前主风险，系统置信度上升,若低湿状态连续出现，触发灌溉提醒,normal
2026-08-16 17:00,69.2,中高,0.80,0.166,0.796,0.006,0.010,0.010,0.006,0.006,35.0,中,drought,70.4,12.3,1.00,0.97,0.70,0.30,环境和视觉存在冲突，降低直接执行可靠性,P(healthy)=0.15；P(drought)=0.81；P(heat)=0.01；P(pest)=0.01；P(waterlogging)=0.01；P(low_light)=0.01；P(sensor_anomaly)=0.01,P(healthy)=0.93；P(drought)=0.01；P(heat)=0.01；P(pest)=0.01；P(waterlogging)=0.01；P(low_light)=0.01；P(sensor_anomaly)=0.01,P(healthy)=0.38；P(drought)=0.57；P(heat)=0.01；P(pest)=0.01；P(waterlogging)=0.01；P(low_light)=0.01；P(sensor_anomaly)=0.01,P(healthy)=0.17；P(drought)=0.80；P(heat)=0.01；P(pest)=0.01；P(waterlogging)=0.01；P(low_light)=0.01；P(sensor_anomaly)=0.01,soil_moisture_decreasing_6h,same_risk_state_consistent_with_previous_belief；temporal_trend_supports_dominant_state,图像显示健康，但环境传感器提示较高风险,hold,recheck_before_action,高风险 + 高不确定性 → 先复查，不直接执行动作,土壤湿度严重偏低；图像标签显示作物状态健康；环境和视觉存在冲突，降低直接执行可靠性；数据冲突：图像显示健康，但环境传感器提示较高风险；最近 6 小时土壤湿度持续下降，干旱状态概率上升；当前主风险与上一时刻状态信念一致，系统置信度上升；时间趋势支持当前主风险，系统置信度上升,优先让机器人复查该区域并重新采样；若低湿状态连续出现，触发灌溉提醒,normal
2026-08-16 18:00,70.1,中高,0.79,0.152,0.794,0.007,0.017,0.017,0.007,0.007,44.0,中,drought,70.4,57.4,1.00,0.34,0.90,0.10,视觉置信度低，降低视觉模态权重,P(healthy)=0.15；P(drought)=0.81；P(heat)=0.01；P(pest)=0.01；P(waterlogging)=0.01；P(low_light)=0.01；P(sensor_anomaly)=0.01,P(healthy)=0.27；P(drought)=0.22；P(heat)=0.02；P(pest)=0.22；P(waterlogging)=0.22；P(low_light)=0.02；P(sensor_anomaly)=0.02,P(healthy)=0.16；P(drought)=0.75；P(heat)=0.01；P(pest)=0.03；P(waterlogging)=0.03；P(low_light)=0.01；P(sensor_anomaly)=0.01,P(healthy)=0.15；P(drought)=0.79；P(heat)=0.01；P(pest)=0.02；P(waterlogging)=0.02；P(low_light)=0.01；P(sensor_anomaly)=0.01,,same_risk_state_consistent_with_previous_belief,,hold,recheck_before_action,高风险 + 高不确定性 → 先复查，不直接执行动作,土壤湿度严重偏低；图像标签未知；视觉置信度不足，不能单独作为强决策依据；视觉置信度低，降低视觉模态权重；当前主风险与上一时刻状态信念一致，系统置信度上升,优先让机器人复查该区域并重新采样；若低湿状态连续出现，触发灌溉提醒,normal
2026-08-16 19:00,64.8,中高,0.73,0.223,0.729,0.007,0.013,0.013,0.007,0.007,35.0,中,drought,70.4,13.6,1.00,0.89,0.72,0.28,环境和视觉存在冲突，降低直接执行可靠性,P(healthy)=0.15；P(drought)=0.81；P(heat)=0.01；P(pest)=0.01；P(waterlogging)=0.01；P(low_light)=0.01；P(sensor_anomaly)=0.01,P(healthy)=0.91；P(drought)=0.02；P(heat)=0.02；P(pest)=0.02；P(waterlogging)=0.02；P(low_light)=0.02；P(sensor_anomaly)=0.01,P(healthy)=0.36；P(drought)=0.59；P(heat)=0.01；P(pest)=0.01；P(waterlogging)=0.01；P(low_light)=0.01；P(sensor_anomaly)=0.01,P(healthy)=0.22；P(drought)=0.73；P(heat)=0.01；P(pest)=0.01；P(waterlogging)=0.01；P(low_light)=0.01；P(sensor_anomaly)=0.01,,same_risk_state_consistent_with_previous_belief,图像显示健康，但环境传感器提示较高风险,hold,recheck_before_action,高风险 + 高不确定性 → 先复查，不直接执行动作,土壤湿度严重偏低；图像标签显示作物状态健康；环境和视觉存在冲突，降低直接执行可靠性；数据冲突：图像显示健康，但环境传感器提示较高风险；当前主风险与上一时刻状态信念一致，系统置信度上升,优先让机器人复查该区域并重新采样；若低湿状态连续出现，触发灌溉提醒,normal
2026-08-16 20:00,61.8,中高,0.69,0.264,0.692,0.008,0.011,0.011,0.008,0.007,35.0,中,drought,70.4,13.1,1.00,0.92,0.71,0.29,环境和视觉存在冲突，降低直接执行可靠性,P(healthy)=0.15；P(drought)=0.81；P(heat)=0.01；P(pest)=0.01；P(waterlogging)=0.01；P(low_light)=0.01；P(sensor_anomaly)=0.01,P(healthy)=0.92；P(drought)=0.01；P(heat)=0.01；P(pest)=0.01；P(waterlogging)=0.01；P(low_light)=0.01；P(sensor_anomaly)=0.01,P(healthy)=0.37；P(drought)=0.58；P(heat)=0.01；P(pest)=0.01；P(waterlogging)=0.01；P(low_light)=0.01；P(sensor_anomaly)=0.01,P(healthy)=0.26；P(drought)=0.69；P(heat)=0.01；P(pest)=0.01；P(waterlogging)=0.01；P(low_light)=0.01；P(sensor_anomaly)=0.01,,same_risk_state_consistent_with_previous_belief,图像显示健康，但环境传感器提示较高风险,hold,recheck_before_action,高风险 + 高不确定性 → 先复查，不直接执行动作,土壤湿度严重偏低；图像标签显示作物状态健康；环境和视觉存在冲突，降低直接执行可靠性；数据冲突：图像显示健康，但环境传感器提示较高风险；当前主风险与上一时刻状态信念一致，系统置信度上升,优先让机器人复查该区域并重新采样；若低湿状态连续出现，触发灌溉提醒,normal
2026-08-16 21:00,60.5,中高,0.68,0.281,0.676,0.008,0.010,0.010,0.008,0.007,35.0,中,drought,70.4,14.0,1.00,0.87,0.72,0.28,环境和视觉存在冲突，降低直接执行可靠性,P(healthy)=0.15；P(drought)=0.81；P(heat)=0.01；P(pest)=0.01；P(waterlogging)=0.01；P(low_light)=0.01；P(sensor_anomaly)=0.01,P(healthy)=0.90；P(drought)=0.02；P(heat)=0.02；P(pest)=0.02；P(waterlogging)=0.02；P(low_light)=0.02；P(sensor_anomaly)=0.01,P(healthy)=0.36；P(drought)=0.59；P(heat)=0.01；P(pest)=0.01；P(waterlogging)=0.01；P(low_light)=0.01；P(sensor_anomaly)=0.01,P(healthy)=0.28；P(drought)=0.68；P(heat)=0.01；P(pest)=0.01；P(waterlogging)=0.01；P(low_light)=0.01；P(sensor_anomaly)=0.01,,same_risk_state_consistent_with_previous_belief,图像显示健康，但环境传感器提示较高风险,hold,recheck_before_action,高风险 + 高不确定性 → 先复查，不直接执行动作,土壤湿度严重偏低；图像标签显示作物状态健康；环境和视觉存在冲突，降低直接执行可靠性；数据冲突：图像显示健康，但环境传感器提示较高风险；当前主风险与上一时刻状态信念一致，系统置信度上升,优先让机器人复查该区域并重新采样；若低湿状态连续出现，触发灌溉提醒,normal
2026-08-16 22:00,59.2,中,0.66,0.299,0.661,0.008,0.009,0.009,0.008,0.007,35.0,中,drought,70.4,12.5,1.00,0.96,0.70,0.30,环境和视觉存在冲突，降低直接执行可靠性,P(healthy)=0.15；P(drought)=0.81；P(heat)=0.01；P(pest)=0.01；P(waterlogging)=0.01；P(low_light)=0.01；P(sensor_anomaly)=0.01,P(healthy)=0.93；P(drought)=0.01；P(heat)=0.01；P(pest)=0.01；P(waterlogging)=0.01；P(low_light)=0.01；P(sensor_anomaly)=0.01,P(healthy)=0.38；P(drought)=0.57；P(heat)=0.01；P(pest)=0.01；P(waterlogging)=0.01；P(low_light)=0.01；P(sensor_anomaly)=0.01,P(healthy)=0.30；P(drought)=0.66；P(heat)=0.01；P(pest)=0.01；P(waterlogging)=0.01；P(low_light)=0.01；P(sensor_anomaly)=0.01,,same_risk_state_consistent_with_previous_belief,图像显示健康，但环境传感器提示较高风险,hold,resample_before_action,中风险 + 高不确定性 → 重新采样后再决策,土壤湿度严重偏低；图像标签显示作物状态健康；环境和视觉存在冲突，降低直接执行可靠性；数据冲突：图像显示健康，但环境传感器提示较高风险；当前主风险与上一时刻状态信念一致，系统置信度上升,优先让机器人复查该区域并重新采样；若低湿状态连续出现，触发灌溉提醒,normal
2026-08-16 23:00,58.9,中,0.66,0.303,0.657,0.008,0.008,0.008,0.008,0.007,35.0,中,drought,70.4,13.4,1.00,0.90,0.72,0.28,环境和视觉存在冲突，降低直接执行可靠性,P(healthy)=0.15；P(drought)=0.81；P(heat)=0.01；P(pest)=0.01；P(waterlogging)=0.01；P(low_light)=0.01；P(sensor_anomaly)=0.01,P(healthy)=0.91；P(drought)=0.02；P(heat)=0.02；P(pest)=0.02；P(waterlogging)=0.02；P(low_light)=0.02；P(sensor_anomaly)=0.01,P(healthy)=0.37；P(drought)=0.59；P(heat)=0.01；P(pest)=0.01；P(waterlogging)=0.01；P(low_light)=0.01；P(sensor_anomaly)=0.01,P(healthy)=0.30；P(drought)=0.66；P(heat)=0.01；P(pest)=0.01；P(waterlogging)=0.01；P(low_light)=0.01；P(sensor_anomaly)=0.01,,same_risk_state_consistent_with_previous_belief,图像显示健康，但环境传感器提示较高风险,hold,resample_before_action,中风险 + 高不确定性 → 重新采样后再决策,土壤湿度严重偏低；图像标签显示作物状态健康；环境和视觉存在冲突，降低直接执行可靠性；数据冲突：图像显示健康，但环境传感器提示较高风险；当前主风险与上一时刻状态信念一致，系统置信度上升,优先让机器人复查该区域并重新采样；若低湿状态连续出现，触发灌溉提醒,normal
2026-08-17 00:00,58.6,中,0.65,0.308,0.652,0.008,0.008,0.008,0.008,0.007,35.0,中,drought,70.4,13.0,1.00,0.93,0.71,0.29,环境和视觉存在冲突，降低直接执行可靠性,P(healthy)=0.15；P(drought)=0.81；P(heat)=0.01；P(pest)=0.01；P(waterlogging)=0.01；P(low_light)=0.01；P(sensor_anomaly)=0.01,P(healthy)=0.92；P(drought)=0.01；P(heat)=0.01；P(pest)=0.01；P(waterlogging)=0.01；P(low_light)=0.01；P(sensor_anomaly)=0.01,P(healthy)=0.37；P(drought)=0.58；P(heat)=0.01；P(pest)=0.01；P(waterlogging)=0.01；P(low_light)=0.01；P(sensor_anomaly)=0.01,P(healthy)=0.31；P(drought)=0.65；P(heat)=0.01；P(pest)=0.01；P(waterlogging)=0.01；P(low_light)=0.01；P(sensor_anomaly)=0.01,,same_risk_state_consistent_with_previous_belief,图像显示健康，但环境传感器提示较高风险,hold,resample_before_action,中风险 + 高不确定性 → 重新采样后再决策,土壤湿度严重偏低；图像标签显示作物状态健康；环境和视觉存在冲突，降低直接执行可靠性；数据冲突：图像显示健康，但环境传感器提示较高风险；当前主风险与上一时刻状态信念一致，系统置信度上升,优先让机器人复查该区域并重新采样；若低湿状态连续出现，触发灌溉提醒,normal
2026-08-17 01:00,64.6,中高,0.65,0.215,0.649,0.008,0.101,0.013,0.008,0.007,0.0,低,drought,70.4,67.6,1.00,0.73,0.69,0.31,,P(healthy)=0.15；P(drought)=0.81；P(heat)=0.01；P(pest)=0.01；P(waterlogging)=0.01；P(low_light)=0.01；P(sensor_anomaly)=0.01,P(healthy)=0.07；P(drought)=0.05；P(heat)=0.01；P(pest)=0.79；P(waterlogging)=0.05；P(low_light)=0.01；P(sensor_anomaly)=0.01,P(healthy)=0.13；P(drought)=0.58；P(heat)=0.01；P(pest)=0.25；P(waterlogging)=0.02；P(low_light)=0.01；P(sensor_anomaly)=0.01,P(healthy)=0.21；P(drought)=0.65；P(heat)=0.01；P(pest)=0.10；P(waterlogging)=0.01；P(low_light)=0.01；P(sensor_anomaly)=0.01,,same_risk_state_consistent_with_previous_belief,,execute,execute_recommended_action,高风险 + 低不确定性 → 允许执行建议动作,土壤湿度严重偏低；图像标签疑似病虫害；当前主风险与上一时刻状态信念一致，系统置信度上升,若低湿状态连续出现，触发灌溉提醒,normal
2026-08-17 02:00,61.4,中高,0.65,0.263,0.646,0.008,0.058,0.010,0.008,0.007,35.0,中,drought,70.4,12.5,1.00,0.96,0.70,0.30,环境和视觉存在冲突，降低直接执行可靠性,P(healthy)=0.15；P(drought)=0.81；P(heat)=0.01；P(pest)=0.01；P(waterlogging)=0.01；P(low_light)=0.01；P(sensor_anomaly)=0.01,P(healthy)=0.93；P(drought)=0.01；P(heat)=0.01；P(pest)=0.01；P(waterlogging)=0.01；P(low_light)=0.01；P(sensor_anomaly)=0.01,P(healthy)=0.38；P(drought)=0.57；P(heat)=0.01；P(pest)=0.01；P(waterlogging)=0.01；P(low_light)=0.01；P(sensor_anomaly)=0.01,P(healthy)=0.26；P(drought)=0.65；P(heat)=0.01；P(pest)=0.06；P(waterlogging)=0.01；P(low_light)=0.01；P(sensor_anomaly)=0.01,,same_risk_state_consistent_with_previous_belief,图像显示健康，但环境传感器提示较高风险,hold,recheck_before_action,高风险 + 高不确定性 → 先复查，不直接执行动作,土壤湿度严重偏低；图像标签显示作物状态健康；环境和视觉存在冲突，降低直接执行可靠性；数据冲突：图像显示健康，但环境传感器提示较高风险；当前主风险与上一时刻状态信念一致，系统置信度上升,优先让机器人复查该区域并重新采样；若低湿状态连续出现，触发灌溉提醒,normal
2026-08-17 03:00,60.1,中高,0.65,0.284,0.649,0.008,0.035,0.009,0.008,0.007,35.0,中,drought,70.4,13.4,1.00,0.90,0.72,0.28,环境和视觉存在冲突，降低直接执行可靠性,P(healthy)=0.15；P(drought)=0.81；P(heat)=0.01；P(pest)=0.01；P(waterlogging)=0.01；P(low_light)=0.01；P(sensor_anomaly)=0.01,P(healthy)=0.91；P(drought)=0.02；P(heat)=0.02；P(pest)=0.02；P(waterlogging)=0.02；P(low_light)=0.02；P(sensor_anomaly)=0.01,P(healthy)=0.37；P(drought)=0.59；P(heat)=0.01；P(pest)=0.01；P(waterlogging)=0.01；P(low_light)=0.01；P(sensor_anomaly)=0.01,P(healthy)=0.28；P(drought)=0.65；P(heat)=0.01；P(pest)=0.03；P(waterlogging)=0.01；P(low_light)=0.01；P(sensor_anomaly)=0.01,,same_risk_state_consistent_with_previous_belief,图像显示健康，但环境传感器提示较高风险,hold,recheck_before_action,高风险 + 高不确定性 → 先复查，不直接执行动作,土壤湿度严重偏低；图像标签显示作物状态健康；环境和视觉存在冲突，降低直接执行可靠性；数据冲突：图像显示健康，但环境传感器提示较高风险；当前主风险与上一时刻状态信念一致，系统置信度上升,优先让机器人复查该区域并重新采样；若低湿状态连续出现，触发灌溉提醒,normal
2026-08-17 04:00,65.1,中高,0.71,0.217,0.710,0.008,0.032,0.018,0.008,0.007,44.0,中,drought,70.4,57.4,1.00,0.42,0.88,0.12,视觉置信度低，降低视觉模态权重,P(healthy)=0.15；P(drought)=0.81；P(heat)=0.01；P(pest)=0.01；P(waterlogging)=0.01；P(low_light)=0.01；P(sensor_anomaly)=0.01,P(healthy)=0.27；P(drought)=0.22；P(heat)=0.02；P(pest)=0.22；P(waterlogging)=0.22；P(low_light)=0.02；P(sensor_anomaly)=0.02,P(healthy)=0.16；P(drought)=0.74；P(heat)=0.01；P(pest)=0.03；P(waterlogging)=0.03；P(low_light)=0.01；P(sensor_anomaly)=0.01,P(healthy)=0.22；P(drought)=0.71；P(heat)=0.01；P(pest)=0.03；P(waterlogging)=0.02；P(low_light)=0.01；P(sensor_anomaly)=0.01,,same_risk_state_consistent_with_previous_belief,,hold,recheck_before_action,高风险 + 高不确定性 → 先复查，不直接执行动作,土壤湿度严重偏低；图像标签未知；视觉置信度不足，不能单独作为强决策依据；视觉置信度低，降低视觉模态权重；当前主风险与上一时刻状态信念一致，系统置信度上升,优先让机器人复查该区域并重新采样；若低湿状态连续出现，触发灌溉提醒,normal
2026-08-17 05:00,62.5,中高,0.69,0.253,0.688,0.008,0.021,0.014,0.008,0.007,35.0,中,drought,70.4,14.5,1.00,0.84,0.73,0.27,环境和视觉存在冲突，降低直接执行可靠性,P(healthy)=0.15；P(drought)=0.81；P(heat)=0.01；P(pest)=0.01；P(waterlogging)=0.01；P(low_light)=0.01；P(sensor_anomaly)=0.01,P(healthy)=0.89；P(drought)=0.02；P(heat)=0.02；P(pest)=0.02；P(waterlogging)=0.02；P(low_light)=0.02；P(sensor_anomaly)=0.01,P(healthy)=0.35；P(drought)=0.60；P(heat)=0.01；P(pest)=0.01；P(waterlogging)=0.01；P(low_light)=0.01；P(sensor_anomaly)=0.01,P(healthy)=0.25；P(drought)=0.69；P(heat)=0.01；P(pest)=0.02；P(waterlogging)=0.01；P(low_light)=0.01；P(sensor_anomaly)=0.01,,same_risk_state_consistent_with_previous_belief,图像显示健康，但环境传感器提示较高风险,hold,recheck_before_action,高风险 + 高不确定性 → 先复查，不直接执行动作,土壤湿度严重偏低；图像标签显示作物状态健康；环境和视觉存在冲突，降低直接执行可靠性；数据冲突：图像显示健康，但环境传感器提示较高风险；当前主风险与上一时刻状态信念一致，系统置信度上升,优先让机器人复查该区域并重新采样；若低湿状态连续出现，触发灌溉提醒,normal
2026-08-17 06:00,60.6,中高,0.67,0.279,0.671,0.008,0.015,0.011,0.008,0.007,35.0,中,drought,70.4,13.3,1.00,0.91,0.71,0.29,环境和视觉存在冲突，降低直接执行可靠性,P(healthy)=0.15；P(drought)=0.81；P(heat)=0.01；P(pest)=0.01；P(waterlogging)=0.01；P(low_light)=0.01；P(sensor_anomaly)=0.01,P(healthy)=0.91；P(drought)=0.01；P(heat)=0.01；P(pest)=0.01；P(waterlogging)=0.01；P(low_light)=0.01；P(sensor_anomaly)=0.01,P(healthy)=0.37；P(drought)=0.58；P(heat)=0.01；P(pest)=0.01；P(waterlogging)=0.01；P(low_light)=0.01；P(sensor_anomaly)=0.01,P(healthy)=0.28；P(drought)=0.67；P(heat)=0.01；P(pest)=0.02；P(waterlogging)=0.01；P(low_light)=0.01；P(sensor_anomaly)=0.01,,same_risk_state_consistent_with_previous_belief,图像显示健康，但环境传感器提示较高风险,hold,recheck_before_action,高风险 + 高不确定性 → 先复查，不直接执行动作,土壤湿度严重偏低；图像标签显示作物状态健康；环境和视觉存在冲突，降低直接执行可靠性；数据冲突：图像显示健康，但环境传感器提示较高风险；当前主风险与上一时刻状态信念一致，系统置信度上升,优先让机器人复查该区域并重新采样；若低湿状态连续出现，触发灌溉提醒,normal
2026-08-17 07:00,59.3,中,0.66,0.298,0.658,0.008,0.012,0.009,0.008,0.007,35.0,中,drought,70.4,12.5,1.00,0.96,0.70,0.30,环境和视觉存在冲突，降低直接执行可靠性,P(healthy)=0.15；P(drought)=0.81；P(heat)=0.01；P(pest)=0.01；P(waterlogging)=0.01；P(low_light)=0.01；P(sensor_anomaly)=0.01,P(healthy)=0.93；P(drought)=0.01；P(heat)=0.01；P(pest)=0.01；P(waterlogging)=0.01；P(low_light)=0.01；P(sensor_anomaly)=0.01,P(healthy)=0.38；P(drought)=0.57；P(heat)=0.01；P(pest)=0.01；P(waterlogging)=0.01；P(low_light)=0.01；P(sensor_anomaly)=0.01,P(healthy)=0.30；P(drought)=0.66；P(heat)=0.01；P(pest)=0.01；P(waterlogging)=0.01；P(low_light)=0.01；P(sensor_anomaly)=0.01,,same_risk_state_consistent_with_previous_belief,图像显示健康，但环境传感器提示较高风险,hold,resample_before_action,中风险 + 高不确定性 → 重新采样后再决策,土壤湿度严重偏低；图像标签显示作物状态健康；环境和视觉存在冲突，降低直接执行可靠性；数据冲突：图像显示健康，但环境传感器提示较高风险；当前主风险与上一时刻状态信念一致，系统置信度上升,优先让机器人复查该区域并重新采样；若低湿状态连续出现，触发灌溉提醒,normal
2026-08-17 08:00,65.9,中高,0.74,0.208,0.742,0.008,0.014,0.013,0.008,0.007,0.0,低,drought,70.4,75.6,1.00,0.76,0.68,0.32,,P(healthy)=0.15；P(drought)=0.81；P(heat)=0.01；P(pest)=0.01；P(waterlogging)=0.01；P(low_light)=0.01；P(sensor_anomaly)=0.01,P(healthy)=0.07；P(drought)=0.80；P(heat)=0.01；P(pest)=0.05；P(waterlogging)=0.05；P(low_light)=0.01；P(sensor_anomaly)=0.01,P(healthy)=0.12；P(drought)=0.81；P(heat)=0.01；P(pest)=0.02；P(waterlogging)=0.02；P(low_light)=0.01；P(sensor_anomaly)=0.01,P(healthy)=0.21；P(drought)=0.74；P(heat)=0.01；P(pest)=0.01；P(waterlogging)=0.01；P(low_light)=0.01；P(sensor_anomaly)=0.01,,same_risk_state_consistent_with_previous_belief,,execute,execute_recommended_action,高风险 + 低不确定性 → 允许执行建议动作,土壤湿度严重偏低；图像标签疑似干旱；当前主风险与上一时刻状态信念一致，系统置信度上升,若低湿状态连续出现，触发灌溉提醒,normal
2026-08-17 09:00,69.6,中高,0.79,0.159,0.787,0.008,0.016,0.015,0.008,0.007,0.0,低,drought,70.4,76.0,1.00,0.78,0.68,0.32,,P(healthy)=0.15；P(drought)=0.81；P(heat)=0.01；P(pest)=0.01；P(waterlogging)=0.01；P(low_light)=0.01；P(sensor_anomaly)=0.01,P(healthy)=0.06；P(drought)=0.80；P(heat)=0.01；P(pest)=0.05；P(waterlogging)=0.05；P(low_light)=0.01；P(sensor_anomaly)=0.01,P(healthy)=0.12；P(drought)=0.81；P(heat)=0.01；P(pest)=0.02；P(waterlogging)=0.02；P(low_light)=0.01；P(sensor_anomaly)=0.01,P(healthy)=0.16；P(drought)=0.79；P(heat)=0.01；P(pest)=0.02；P(waterlogging)=0.02；P(low_light)=0.01；P(sensor_anomaly)=0.01,,same_risk_state_consistent_with_previous_belief,,execute,execute_recommended_action,高风险 + 低不确定性 → 允许执行建议动作,土壤湿度严重偏低；图像标签疑似干旱；当前主风险与上一时刻状态信念一致，系统置信度上升,若低湿状态连续出现，触发灌溉提醒,normal
2026-08-17 10:00,71.5,中高,0.81,0.132,0.813,0.008,0.017,0.016,0.008,0.007,0.0,低,drought,70.4,76.2,1.00,0.79,0.67,0.33,,P(healthy)=0.15；P(drought)=0.81；P(heat)=0.01；P(pest)=0.01；P(waterlogging)=0.01；P(low_light)=0.01；P(sensor_anomaly)=0.01,P(healthy)=0.06；P(drought)=0.81；P(heat)=0.01；P(pest)=0.05；P(waterlogging)=0.05；P(low_light)=0.01；P(sensor_anomaly)=0.01,P(healthy)=0.12；P(drought)=0.81；P(heat)=0.01；P(pest)=0.02；P(waterlogging)=0.02；P(low_light)=0.01；P(sensor_anomaly)=0.01,P(healthy)=0.13；P(drought)=0.81；P(heat)=0.01；P(pest)=0.02；P(waterlogging)=0.02；P(low_light)=0.01；P(sensor_anomaly)=0.01,,same_risk_state_consistent_with_previous_belief,,execute,execute_recommended_action,高风险 + 低不确定性 → 允许执行建议动作,土壤湿度严重偏低；图像标签疑似干旱；当前主风险与上一时刻状态信念一致，系统置信度上升,若低湿状态连续出现，触发灌溉提醒,normal
2026-08-17 11:00,73.0,中高,0.83,0.112,0.831,0.007,0.017,0.017,0.007,0.007,0.0,低,drought,70.4,78.4,1.00,0.91,0.64,0.36,,P(healthy)=0.15；P(drought)=0.81；P(heat)=0.01；P(pest)=0.01；P(waterlogging)=0.01；P(low_light)=0.01；P(sensor_anomaly)=0.01,P(healthy)=0.03；P(drought)=0.85；P(heat)=0.01；P(pest)=0.05；P(waterlogging)=0.05；P(low_light)=0.01；P(sensor_anomaly)=0.01,P(healthy)=0.11；P(drought)=0.82；P(heat)=0.01；P(pest)=0.02；P(waterlogging)=0.02；P(low_light)=0.01；P(sensor_anomaly)=0.01,P(healthy)=0.11；P(drought)=0.83；P(heat)=0.01；P(pest)=0.02；P(waterlogging)=0.02；P(low_light)=0.01；P(sensor_anomaly)=0.01,,same_risk_state_consistent_with_previous_belief,,execute,execute_recommended_action,高风险 + 低不确定性 → 允许执行建议动作,土壤湿度严重偏低；图像标签疑似干旱；当前主风险与上一时刻状态信念一致，系统置信度上升,若低湿状态连续出现，触发灌溉提醒,normal
2026-08-17 12:00,73.7,中高,0.84,0.102,0.841,0.007,0.017,0.017,0.007,0.007,0.0,低,drought,70.4,78.3,1.00,0.90,0.64,0.36,,P(healthy)=0.15；P(drought)=0.81；P(heat)=0.01；P(pest)=0.01；P(waterlogging)=0.01；P(low_light)=0.01；P(sensor_anomaly)=0.01,P(healthy)=0.03；P(drought)=0.84；P(heat)=0.01；P(pest)=0.05；P(waterlogging)=0.05；P(low_light)=0.01；P(sensor_anomaly)=0.01,P(healthy)=0.11；P(drought)=0.82；P(heat)=0.01；P(pest)=0.02；P(waterlogging)=0.02；P(low_light)=0.01；P(sensor_anomaly)=0.01,P(healthy)=0.10；P(drought)=0.84；P(heat)=0.01；P(pest)=0.02；P(waterlogging)=0.02；P(low_light)=0.01；P(sensor_anomaly)=0.01,,same_risk_state_consistent_with_previous_belief,,execute,execute_recommended_action,高风险 + 低不确定性 → 允许执行建议动作,土壤湿度严重偏低；图像标签疑似干旱；当前主风险与上一时刻状态信念一致，系统置信度上升,若低湿状态连续出现，触发灌溉提醒,normal
2026-08-17 13:00,74.2,中高,0.78,0.090,0.778,0.084,0.017,0.017,0.007,0.007,0.0,低,drought,72.0,76.0,1.00,0.78,0.68,0.32,,P(healthy)=0.11；P(drought)=0.57；P(heat)=0.30；P(pest)=0.01；P(waterlogging)=0.01；P(low_light)=0.01；P(sensor_anomaly)=0.01,P(healthy)=0.06；P(drought)=0.80；P(heat)=0.01；P(pest)=0.05；P(waterlogging)=0.05；P(low_light)=0.01；P(sensor_anomaly)=0.01,P(healthy)=0.09；P(drought)=0.65；P(heat)=0.21；P(pest)=0.02；P(waterlogging)=0.02；P(low_light)=0.01；P(sensor_anomaly)=0.01,P(healthy)=0.09；P(drought)=0.78；P(heat)=0.08；P(pest)=0.02；P(waterlogging)=0.02；P(low_light)=0.01；P(sensor_anomaly)=0.01,,same_risk_state_consistent_with_previous_belief,,execute,execute_recommended_action,高风险 + 低不确定性 → 允许执行建议动作,土壤湿度严重偏低；图像标签疑似干旱；当前主风险与上一时刻状态信念一致，系统置信度上升,若低湿状态连续出现，触发灌溉提醒,normal
2026-08-17 14:00,73.9,中高,0.81,0.097,0.806,0.049,0.017,0.017,0.007,0.007,0.0,低,drought,70.4,75.4,1.00,0.75,0.69,0.31,,P(healthy)=0.15；P(drought)=0.81；P(heat)=0.01；P(pest)=0.01；P(waterlogging)=0.01；P(low_light)=0.01；P(sensor_anomaly)=0.01,P(healthy)=0.07；P(drought)=0.79；P(heat)=0.01；P(pest)=0.05；P(waterlogging)=0.05；P(low_light)=0.01；P(sensor_anomaly)=0.01,P(healthy)=0.12；P(drought)=0.81；P(heat)=0.01；P(pest)=0.02；P(waterlogging)=0.02；P(low_light)=0.01；P(sensor_anomaly)=0.01,P(healthy)=0.10；P(drought)=0.81；P(heat)=0.05；P(pest)=0.02；P(waterlogging)=0.02；P(low_light)=0.01；P(sensor_anomaly)=0.01,,same_risk_state_consistent_with_previous_belief,,execute,execute_recommended_action,高风险 + 低不确定性 → 允许执行建议动作,土壤湿度严重偏低；图像标签疑似干旱；当前主风险与上一时刻状态信念一致，系统置信度上升,若低湿状态连续出现，触发灌溉提醒,normal
2026-08-17 15:00,74.1,中高,0.83,0.095,0.826,0.030,0.018,0.017,0.007,0.007,0.0,低,drought,70.4,77.7,1.00,0.87,0.65,0.35,,P(healthy)=0.15；P(drought)=0.81；P(heat)=0.01；P(pest)=0.01；P(waterlogging)=0.01；P(low_light)=0.01；P(sensor_anomaly)=0.01,P(healthy)=0.04；P(drought)=0.83；P(heat)=0.01；P(pest)=0.05；P(waterlogging)=0.05；P(low_light)=0.01；P(sensor_anomaly)=0.01,P(healthy)=0.11；P(drought)=0.82；P(heat)=0.01；P(pest)=0.02；P(waterlogging)=0.02；P(low_light)=0.01；P(sensor_anomaly)=0.01,P(healthy)=0.10；P(drought)=0.83；P(heat)=0.03；P(pest)=0.02；P(waterlogging)=0.02；P(low_light)=0.01；P(sensor_anomaly)=0.01,,same_risk_state_consistent_with_previous_belief,,execute,execute_recommended_action,高风险 + 低不确定性 → 允许执行建议动作,土壤湿度严重偏低；图像标签疑似干旱；当前主风险与上一时刻状态信念一致，系统置信度上升,若低湿状态连续出现，触发灌溉提醒,normal
2026-08-17 16:00,73.9,中高,0.83,0.099,0.832,0.019,0.018,0.018,0.007,0.007,0.0,低,drought,70.4,75.6,1.00,0.76,0.68,0.32,,P(healthy)=0.15；P(drought)=0.81；P(heat)=0.01；P(pest)=0.01；P(waterlogging)=0.01；P(low_light)=0.01；P(sensor_anomaly)=0.01,P(healthy)=0.07；P(drought)=0.80；P(heat)=0.01；P(pest)=0.05；P(waterlogging)=0.05；P(low_light)=0.01；P(sensor_anomaly)=0.01,P(healthy)=0.12；P(drought)=0.81；P(heat)=0.01；P(pest)=0.02；P(waterlogging)=0.02；P(low_light)=0.01；P(sensor_anomaly)=0.01,P(healthy)=0.10；P(drought)=0.83；P(heat)=0.02；P(pest)=0.02；P(waterlogging)=0.02；P(low_light)=0.01；P(sensor_anomaly)=0.01,,same_risk_state_consistent_with_previous_belief,,execute,execute_recommended_action,高风险 + 低不确定性 → 允许执行建议动作,土壤湿度严重偏低；图像标签疑似干旱；当前主风险与上一时刻状态信念一致，系统置信度上升,若低湿状态连续出现，触发灌溉提醒,normal
2026-08-17 17:00,67.3,中高,0.75,0.189,0.754,0.015,0.014,0.014,0.008,0.007,35.0,中,drought,70.4,14.7,1.00,0.83,0.73,0.27,环境和视觉存在冲突，降低直接执行可靠性,P(healthy)=0.15；P(drought)=0.81；P(heat)=0.01；P(pest)=0.01；P(waterlogging)=0.01；P(low_light)=0.01；P(sensor_anomaly)=0.01,P(healthy)=0.89；P(drought)=0.02；P(heat)=0.02；P(pest)=0.02；P(waterlogging)=0.02；P(low_light)=0.02；P(sensor_anomaly)=0.01,P(healthy)=0.35；P(drought)=0.60；P(heat)=0.01；P(pest)=0.01；P(waterlogging)=0.01；P(low_light)=0.01；P(sensor_anomaly)=0.01,P(healthy)=0.19；P(drought)=0.75；P(heat)=0.01；P(pest)=0.01；P(waterlogging)=0.01；P(low_light)=0.01；P(sensor_anomaly)=0.01,,same_risk_state_consistent_with_previous_belief,图像显示健康，但环境传感器提示较高风险,hold,recheck_before_action,高风险 + 高不确定性 → 先复查，不直接执行动作,土壤湿度严重偏低；图像标签显示作物状态健康；环境和视觉存在冲突，降低直接执行可靠性；数据冲突：图像显示健康，但环境传感器提示较高风险；当前主风险与上一时刻状态信念一致，系统置信度上升,优先让机器人复查该区域并重新采样；若低湿状态连续出现，触发灌溉提醒,normal
2026-08-17 18:00,63.3,中高,0.71,0.244,0.707,0.012,0.011,0.011,0.008,0.007,35.0,中,drought,70.4,13.4,1.00,0.90,0.72,0.28,环境和视觉存在冲突，降低直接执行可靠性,P(healthy)=0.15；P(drought)=0.81；P(heat)=0.01；P(pest)=0.01；P(waterlogging)=0.01；P(low_light)=0.01；P(sensor_anomaly)=0.01,P(healthy)=0.91；P(drought)=0.02；P(heat)=0.02；P(pest)=0.02；P(waterlogging)=0.02；P(low_light)=0.02；P(sensor_anomaly)=0.01,P(healthy)=0.37；P(drought)=0.59；P(heat)=0.01；P(pest)=0.01；P(waterlogging)=0.01；P(low_light)=0.01；P(sensor_anomaly)=0.01,P(healthy)=0.24；P(drought)=0.71；P(heat)=0.01；P(pest)=0.01；P(waterlogging)=0.01；P(low_light)=0.01；P(sensor_anomaly)=0.01,,same_risk_state_consistent_with_previous_belief,图像显示健康，但环境传感器提示较高风险,hold,recheck_before_action,高风险 + 高不确定性 → 先复查，不直接执行动作,土壤湿度严重偏低；图像标签显示作物状态健康；环境和视觉存在冲突，降低直接执行可靠性；数据冲突：图像显示健康，但环境传感器提示较高风险；当前主风险与上一时刻状态信念一致，系统置信度上升,优先让机器人复查该区域并重新采样；若低湿状态连续出现，触发灌溉提醒,normal
2026-08-17 19:00,61.5,中高,0.69,0.268,0.686,0.010,0.010,0.010,0.008,0.007,35.0,中,drought,70.4,14.5,1.00,0.84,0.73,0.27,环境和视觉存在冲突，降低直接执行可靠性,P(healthy)=0.15；P(drought)=0.81；P(heat)=0.01；P(pest)=0.01；P(waterlogging)=0.01；P(low_light)=0.01；P(sensor_anomaly)=0.01,P(healthy)=0.89；P(drought)=0.02；P(heat)=0.02；P(pest)=0.02；P(waterlogging)=0.02；P(low_light)=0.02；P(sensor_anomaly)=0.01,P(healthy)=0.35；P(drought)=0.60；P(heat)=0.01；P(pest)=0.01；P(waterlogging)=0.01；P(low_light)=0.01；P(sensor_anomaly)=0.01,P(healthy)=0.27；P(drought)=0.69；P(heat)=0.01；P(pest)=0.01；P(waterlogging)=0.01；P(low_light)=0.01；P(sensor_anomaly)=0.01,,same_risk_state_consistent_with_previous_belief,图像显示健康，但环境传感器提示较高风险,hold,recheck_before_action,高风险 + 高不确定性 → 先复查，不直接执行动作,土壤湿度严重偏低；图像标签显示作物状态健康；环境和视觉存在冲突，降低直接执行可靠性；数据冲突：图像显示健康，但环境传感器提示较高风险；当前主风险与上一时刻状态信念一致，系统置信度上升,优先让机器人复查该区域并重新采样；若低湿状态连续出现，触发灌溉提醒,normal
2026-08-17 20:00,60.6,中高,0.68,0.280,0.675,0.010,0.009,0.009,0.009,0.007,35.0,中,drought,70.4,14.5,1.00,0.84,0.73,0.27,环境和视觉存在冲突，降低直接执行可靠性,P(healthy)=0.15；P(drought)=0.81；P(heat)=0.01；P(pest)=0.01；P(waterlogging)=0.01；P(low_light)=0.01；P(sensor_anomaly)=0.01,P(healthy)=0.89；P(drought)=0.02；P(heat)=0.02；P(pest)=0.02；P(waterlogging)=0.02；P(low_light)=0.02；P(sensor_anomaly)=0.01,P(healthy)=0.35；P(drought)=0.60；P(heat)=0.01；P(pest)=0.01；P(waterlogging)=0.01；P(low_light)=0.01；P(sensor_anomaly)=0.01,P(healthy)=0.28；P(drought)=0.68；P(heat)=0.01；P(pest)=0.01；P(waterlogging)=0.01；P(low_light)=0.01；P(sensor_anomaly)=0.01,,same_risk_state_consistent_with_previous_belief,图像显示健康，但环境传感器提示较高风险,hold,recheck_before_action,高风险 + 高不确定性 → 先复查，不直接执行动作,土壤湿度严重偏低；图像标签显示作物状态健康；环境和视觉存在冲突，降低直接执行可靠性；数据冲突：图像显示健康，但环境传感器提示较高风险；当前主风险与上一时刻状态信念一致，系统置信度上升,优先让机器人复查该区域并重新采样；若低湿状态连续出现，触发灌溉提醒,normal
2026-08-17 21:00,59.6,中,0.66,0.294,0.664,0.009,0.009,0.009,0.008,0.007,35.0,中,drought,70.4,13.3,1.00,0.91,0.71,0.29,环境和视觉存在冲突，降低直接执行可靠性,P(healthy)=0.15；P(drought)=0.81；P(heat)=0.01；P(pest)=0.01；P(waterlogging)=0.01；P(low_light)=0.01；P(sensor_anomaly)=0.01,P(healthy)=0.91；P(drought)=0.01；P(heat)=0.01；P(pest)=0.01；P(waterlogging)=0.01；P(low_light)=0.01；P(sensor_anomaly)=0.01,P(healthy)=0.37；P(drought)=0.58；P(heat)=0.01；P(pest)=0.01；P(waterlogging)=0.01；P(low_light)=0.01；P(sensor_anomaly)=0.01,P(healthy)=0.29；P(drought)=0.66；P(heat)=0.01；P(pest)=0.01；P(waterlogging)=0.01；P(low_light)=0.01；P(sensor_anomaly)=0.01,,same_risk_state_consistent_with_previous_belief,图像显示健康，但环境传感器提示较高风险,hold,resample_before_action,中风险 + 高不确定性 → 重新采样后再决策,土壤湿度严重偏低；图像标签显示作物状态健康；环境和视觉存在冲突，降低直接执行可靠性；数据冲突：图像显示健康，但环境传感器提示较高风险；当前主风险与上一时刻状态信念一致，系统置信度上升,优先让机器人复查该区域并重新采样；若低湿状态连续出现，触发灌溉提醒,normal
2026-08-17 22:00,58.9,中,0.66,0.304,0.656,0.008,0.008,0.008,0.008,0.007,35.0,中,drought,70.4,12.8,1.00,0.94,0.71,0.29,环境和视觉存在冲突，降低直接执行可靠性,P(healthy)=0.15；P(drought)=0.81；P(heat)=0.01；P(pest)=0.01；P(waterlogging)=0.01；P(low_light)=0.01；P(sensor_anomaly)=0.01,P(healthy)=0.92；P(drought)=0.01；P(heat)=0.01；P(pest)=0.01；P(waterlogging)=0.01；P(low_light)=0.01；P(sensor_anomaly)=0.01,P(healthy)=0.38；P(drought)=0.58；P(heat)=0.01；P(pest)=0.01；P(waterlogging)=0.01；P(low_light)=0.01；P(sensor_anomaly)=0.01,P(healthy)=0.30；P(drought)=0.66；P(heat)=0.01；P(pest)=0.01；P(waterlogging)=0.01；P(low_light)=0.01；P(sensor_anomaly)=0.01,,same_risk_state_consistent_with_previous_belief,图像显示健康，但环境传感器提示较高风险,hold,resample_before_action,中风险 + 高不确定性 → 重新采样后再决策,土壤湿度严重偏低；图像标签显示作物状态健康；环境和视觉存在冲突，降低直接执行可靠性；数据冲突：图像显示健康，但环境传感器提示较高风险；当前主风险与上一时刻状态信念一致，系统置信度上升,优先让机器人复查该区域并重新采样；若低湿状态连续出现，触发灌溉提醒,normal
2026-08-17 23:00,58.9,中,0.66,0.304,0.656,0.008,0.008,0.008,0.008,0.007,35.0,中,drought,70.4,13.8,1.00,0.88,0.72,0.28,环境和视觉存在冲突，降低直接执行可靠性,P(healthy)=0.15；P(drought)=0.81；P(heat)=0.01；P(pest)=0.01；P(waterlogging)=0.01；P(low_light)=0.01；P(sensor_anomaly)=0.01,P(healthy)=0.91；P(drought)=0.02；P(heat)=0.02；P(pest)=0.02；P(waterlogging)=0.02；P(low_light)=0.02；P(sensor_anomaly)=0.01,P(healthy)=0.36；P(drought)=0.59；P(heat)=0.01；P(pest)=0.01；P(waterlogging)=0.01；P(low_light)=0.01；P(sensor_anomaly)=0.01,P(healthy)=0.30；P(drought)=0.66；P(heat)=0.01；P(pest)=0.01；P(waterlogging)=0.01；P(low_light)=0.01；P(sensor_anomaly)=0.01,,same_risk_state_consistent_with_previous_belief,图像显示健康，但环境传感器提示较高风险,hold,resample_before_action,中风险 + 高不确定性 → 重新采样后再决策,土壤湿度严重偏低；图像标签显示作物状态健康；环境和视觉存在冲突，降低直接执行可靠性；数据冲突：图像显示健康，但环境传感器提示较高风险；当前主风险与上一时刻状态信念一致，系统置信度上升,优先让机器人复查该区域并重新采样；若低湿状态连续出现，触发灌溉提醒,normal
2026-08-18 00:00,48.8,中,0.51,0.440,0.515,0.008,0.011,0.011,0.008,0.007,35.0,中,drought,10.5,77.2,1.00,0.84,0.73,0.27,环境和视觉存在冲突，降低直接执行可靠性,P(healthy)=0.96；P(drought)=0.01；P(heat)=0.01；P(pest)=0.01；P(waterlogging)=0.01；P(low_light)=0.01；P(sensor_anomaly)=0.01,P(healthy)=0.05；P(drought)=0.82；P(heat)=0.01；P(pest)=0.05；P(waterlogging)=0.05；P(low_light)=0.01；P(sensor_anomaly)=0.01,P(healthy)=0.71；P(drought)=0.23；P(heat)=0.01；P(pest)=0.02；P(waterlogging)=0.02；P(low_light)=0.01；P(sensor_anomaly)=0.01,P(healthy)=0.44；P(drought)=0.51；P(heat)=0.01；P(pest)=0.01；P(waterlogging)=0.01；P(low_light)=0.01；P(sensor_anomaly)=0.01,,same_risk_state_consistent_with_previous_belief,图像疑似干旱，但土壤湿度处于正常范围,hold,resample_before_action,中风险 + 高不确定性 → 重新采样后再决策,环境传感器指标处于正常范围；图像标签疑似干旱；环境和视觉存在冲突，降低直接执行可靠性；数据冲突：图像疑似干旱，但土壤湿度处于正常范围；当前主风险与上一时刻状态信念一致，系统置信度上升,优先让机器人复查该区域并重新采样；若低湿状态连续出现，触发灌溉提醒,data_conflict_vision_drought_soil_normal
2026-08-18 01:00,52.6,中,0.49,0.384,0.489,0.008,0.010,0.094,0.008,0.007,35.0,中,drought,68.8,12.8,1.00,0.94,0.71,0.29,环境和视觉存在冲突，降低直接执行可靠性,P(healthy)=0.15；P(drought)=0.50；P(heat)=0.01；P(pest)=0.01；P(waterlogging)=0.32；P(low_light)=0.01；P(sensor_anomaly)=0.01,P(healthy)=0.92；P(drought)=0.01；P(heat)=0.01；P(pest)=0.01；P(waterlogging)=0.01；P(low_light)=0.01；P(sensor_anomaly)=0.01,P(healthy)=0.38；P(drought)=0.36；P(heat)=0.01；P(pest)=0.01；P(waterlogging)=0.23；P(low_light)=0.01；P(sensor_anomaly)=0.01,P(healthy)=0.38；P(drought)=0.49；P(heat)=0.01；P(pest)=0.01；P(waterlogging)=0.09；P(low_light)=0.01；P(sensor_anomaly)=0.01,,same_risk_state_consistent_with_previous_belief,图像显示健康，但环境传感器提示较高风险,hold,resample_before_action,中风险 + 高不确定性 → 重新采样后再决策,土壤湿度偏低；图像标签显示作物状态健康；环境和视觉存在冲突，降低直接执行可靠性；数据冲突：图像显示健康，但环境传感器提示较高风险；当前主风险与上一时刻状态信念一致，系统置信度上升,优先让机器人复查该区域并重新采样；若低湿状态连续出现，触发灌溉提醒,normal
2026-08-18 02:00,49.4,中,0.29,0.415,0.291,0.011,0.013,0.248,0.011,0.010,47.0,中,drought,56.0,14.8,1.00,0.82,0.73,0.27,环境和视觉存在冲突，降低直接执行可靠性,P(healthy)=0.30；P(drought)=0.02；P(heat)=0.02；P(pest)=0.02；P(waterlogging)=0.62；P(low_light)=0.02；P(sensor_anomaly)=0.02,P(healthy)=0.89；P(drought)=0.02；P(heat)=0.02；P(pest)=0.02；P(waterlogging)=0.02；P(low_light)=0.02；P(sensor_anomaly)=0.01,P(healthy)=0.46；P(drought)=0.02；P(heat)=0.02；P(pest)=0.02；P(waterlogging)=0.46；P(low_light)=0.02；P(sensor_anomaly)=0.01,P(healthy)=0.42；P(drought)=0.29；P(heat)=0.01；P(pest)=0.01；P(waterlogging)=0.25；P(low_light)=0.01；P(sensor_anomaly)=0.01,,,图像显示健康，但环境传感器提示较高风险,hold,resample_before_action,中风险 + 高不确定性 → 重新采样后再决策,短时降雨量较高；图像标签显示作物状态健康；环境和视觉存在冲突，降低直接执行可靠性；数据冲突：图像显示健康，但环境传感器提示较高风险,优先让机器人复查该区域并重新采样；若低湿状态连续出现，触发灌溉提醒,normal
2026-08-18 03:00,33.6,低,0.63,0.635,0.173,0.011,0.012,0.149,0.011,0.009,0.0,低,healthy,10.5,14.3,1.00,0.85,0.66,0.34,,P(healthy)=0.96；P(drought)=0.01；P(heat)=0.01；P(pest)=0.01；P(waterlogging)=0.01；P(low_light)=0.01；P(sensor_anomaly)=0.01,P(healthy)=0.90；P(drought)=0.02；P(heat)=0.02；P(pest)=0.02；P(waterlogging)=0.02；P(low_light)=0.02；P(sensor_anomaly)=0.01,P(healthy)=0.94；P(drought)=0.01；P(heat)=0.01；P(pest)=0.01；P(waterlogging)=0.01；P(low_light)=0.01；P(sensor_anomaly)=0.01,P(healthy)=0.63；P(drought)=0.17；P(heat)=0.01；P(pest)=0.01；P(waterlogging)=0.15；P(low_light)=0.01；P(sensor_anomaly)=0.01,,,,observe,routine_patrol,低风险 + 低不确定性 → 常规巡检,环境传感器指标处于正常范围；图像标签显示作物状态健康,继续常规巡检,normal
2026-08-18 04:00,24.5,低,0.76,0.762,0.105,0.011,0.011,0.091,0.011,0.009,0.0,低,healthy,10.5,14.3,1.00,0.85,0.66,0.34,,P(healthy)=0.96；P(drought)=0.01；P(heat)=0.01；P(pest)=0.01；P(waterlogging)=0.01；P(low_light)=0.01；P(sensor_anomaly)=0.01,P(healthy)=0.90；P(drought)=0.02；P(heat)=0.02；P(pest)=0.02；P(waterlogging)=0.02；P(low_light)=0.02；P(sensor_anomaly)=0.01,P(healthy)=0.94；P(drought)=0.01；P(heat)=0.01；P(pest)=0.01；P(waterlogging)=0.01；P(low_light)=0.01；P(sensor_anomaly)=0.01,P(healthy)=0.76；P(drought)=0.10；P(heat)=0.01；P(pest)=0.01；P(waterlogging)=0.09；P(low_light)=0.01；P(sensor_anomaly)=0.01,,,,observe,routine_patrol,低风险 + 低不确定性 → 常规巡检,环境传感器指标处于正常范围；图像标签显示作物状态健康,继续常规巡检,normal
2026-08-18 05:00,19.2,很低,0.83,0.835,0.066,0.011,0.011,0.057,0.011,0.009,0.0,低,healthy,10.5,14.8,1.00,0.82,0.67,0.33,,P(healthy)=0.96；P(drought)=0.01；P(heat)=0.01；P(pest)=0.01；P(waterlogging)=0.01；P(low_light)=0.01；P(sensor_anomaly)=0.01,P(healthy)=0.89；P(drought)=0.02；P(heat)=0.02；P(pest)=0.02；P(waterlogging)=0.02；P(low_light)=0.02；P(sensor_anomaly)=0.01,P(healthy)=0.94；P(drought)=0.01；P(heat)=0.01；P(pest)=0.01；P(waterlogging)=0.01；P(low_light)=0.01；P(sensor_anomaly)=0.01,P(healthy)=0.83；P(drought)=0.07；P(heat)=0.01；P(pest)=0.01；P(waterlogging)=0.06；P(low_light)=0.01；P(sensor_anomaly)=0.01,,,,observe,routine_patrol,低风险 + 低不确定性 → 常规巡检,环境传感器指标处于正常范围；图像标签显示作物状态健康,继续常规巡检,normal
2026-08-18 06:00,15.9,很低,0.88,0.882,0.042,0.010,0.010,0.037,0.010,0.009,0.0,低,healthy,10.5,12.5,1.00,0.96,0.63,0.37,,P(healthy)=0.96；P(drought)=0.01；P(heat)=0.01；P(pest)=0.01；P(waterlogging)=0.01；P(low_light)=0.01；P(sensor_anomaly)=0.01,P(healthy)=0.93；P(drought)=0.01；P(heat)=0.01；P(pest)=0.01；P(waterlogging)=0.01；P(low_light)=0.01；P(sensor_anomaly)=0.01,P(healthy)=0.95；P(drought)=0.01；P(heat)=0.01；P(pest)=0.01；P(waterlogging)=0.01；P(low_light)=0.01；P(sensor_anomaly)=0.01,P(healthy)=0.88；P(drought)=0.04；P(heat)=0.01；P(pest)=0.01；P(waterlogging)=0.04；P(low_light)=0.01；P(sensor_anomaly)=0.01,,,,observe,routine_patrol,低风险 + 低不确定性 → 常规巡检,环境传感器指标处于正常范围；图像标签显示作物状态健康,继续常规巡检,normal
2026-08-18 07:00,14.2,很低,0.91,0.905,0.029,0.010,0.010,0.026,0.010,0.009,0.0,低,healthy,10.5,14.3,1.00,0.85,0.66,0.34,,P(healthy)=0.96；P(drought)=0.01；P(heat)=0.01；P(pest)=0.01；P(waterlogging)=0.01；P(low_light)=0.01；P(sensor_anomaly)=0.01,P(healthy)=0.90；P(drought)=0.02；P(heat)=0.02；P(pest)=0.02；P(waterlogging)=0.02；P(low_light)=0.02；P(sensor_anomaly)=0.01,P(healthy)=0.94；P(drought)=0.01；P(heat)=0.01；P(pest)=0.01；P(waterlogging)=0.01；P(low_light)=0.01；P(sensor_anomaly)=0.01,P(healthy)=0.91；P(drought)=0.03；P(heat)=0.01；P(pest)=0.01；P(waterlogging)=0.03；P(low_light)=0.01；P(sensor_anomaly)=0.01,,,,observe,routine_patrol,低风险 + 低不确定性 → 常规巡检,环境传感器指标处于正常范围；图像标签显示作物状态健康,继续常规巡检,normal
2026-08-18 08:00,45.0,中,0.24,0.696,0.239,0.012,0.012,0.021,0.012,0.010,47.0,中,drought,64.7,14.3,1.00,0.85,0.73,0.27,环境和视觉存在冲突，降低直接执行可靠性,P(healthy)=0.22；P(drought)=0.72；P(heat)=0.01；P(pest)=0.01；P(waterlogging)=0.01；P(low_light)=0.01；P(sensor_anomaly)=0.01,P(healthy)=0.90；P(drought)=0.02；P(heat)=0.02；P(pest)=0.02；P(waterlogging)=0.02；P(low_light)=0.02；P(sensor_anomaly)=0.01,P(healthy)=0.41；P(drought)=0.53；P(heat)=0.01；P(pest)=0.01；P(waterlogging)=0.01；P(low_light)=0.01；P(sensor_anomaly)=0.01,P(healthy)=0.70；P(drought)=0.24；P(heat)=0.01；P(pest)=0.01；P(waterlogging)=0.02；P(low_light)=0.01；P(sensor_anomaly)=0.01,,,图像显示健康，但环境传感器提示较高风险,hold,resample_before_action,中风险 + 高不确定性 → 重新采样后再决策,土壤湿度偏低；图像标签显示作物状态健康；环境和视觉存在冲突，降低直接执行可靠性；数据冲突：图像显示健康，但环境传感器提示较高风险,优先让机器人复查该区域并重新采样；若低湿状态连续出现，触发灌溉提醒,normal
2026-08-18 09:00,47.3,中,0.43,0.450,0.431,0.010,0.071,0.019,0.010,0.009,2.0,低,drought,64.7,65.7,1.00,0.63,0.77,0.23,视觉置信度中等，轻微降低视觉模态权重,P(healthy)=0.22；P(drought)=0.72；P(heat)=0.01；P(pest)=0.01；P(waterlogging)=0.01；P(low_light)=0.01；P(sensor_anomaly)=0.01,P(healthy)=0.10；P(drought)=0.05；P(heat)=0.01；P(pest)=0.75；P(waterlogging)=0.05；P(low_light)=0.01；P(sensor_anomaly)=0.01,P(healthy)=0.19；P(drought)=0.57；P(heat)=0.01；P(pest)=0.18；P(waterlogging)=0.02；P(low_light)=0.01；P(sensor_anomaly)=0.01,P(healthy)=0.45；P(drought)=0.43；P(heat)=0.01；P(pest)=0.07；P(waterlogging)=0.02；P(low_light)=0.01；P(sensor_anomaly)=0.01,soil_moisture_decreasing_6h,temporal_trend_supports_dominant_state,,hold,monitor_more_context,风险或不确定性处于中间状态 → 继续观察并收集更多上下文,土壤湿度偏低；图像标签疑似病虫害；视觉置信度中等，轻微降低视觉模态权重；最近 6 小时土壤湿度持续下降，干旱状态概率上升；时间趋势支持当前主风险，系统置信度上升,若低湿状态连续出现，触发灌溉提醒,normal
2026-08-18 10:00,54.9,中,0.49,0.346,0.488,0.099,0.039,0.013,0.008,0.007,35.0,中,drought,69.0,13.6,1.00,0.89,0.72,0.28,环境和视觉存在冲突，降低直接执行可靠性,P(healthy)=0.14；P(drought)=0.45；P(heat)=0.39；P(pest)=0.01；P(waterlogging)=0.01；P(low_light)=0.01；P(sensor_anomaly)=0.01,P(healthy)=0.91；P(drought)=0.02；P(heat)=0.02；P(pest)=0.02；P(waterlogging)=0.02；P(low_light)=0.02；P(sensor_anomaly)=0.01,P(healthy)=0.36；P(drought)=0.32；P(heat)=0.28；P(pest)=0.01；P(waterlogging)=0.01；P(low_light)=0.01；P(sensor_anomaly)=0.01,P(healthy)=0.35；P(drought)=0.49；P(heat)=0.10；P(pest)=0.04；P(waterlogging)=0.01；P(low_light)=0.01；P(sensor_anomaly)=0.01,soil_moisture_decreasing_6h,same_risk_state_consistent_with_previous_belief；temporal_trend_supports_dominant_state,图像显示健康，但环境传感器提示较高风险,hold,resample_before_action,中风险 + 高不确定性 → 重新采样后再决策,土壤湿度偏低；图像标签显示作物状态健康；环境和视觉存在冲突，降低直接执行可靠性；数据冲突：图像显示健康，但环境传感器提示较高风险；最近 6 小时土壤湿度持续下降，干旱状态概率上升；当前主风险与上一时刻状态信念一致，系统置信度上升；时间趋势支持当前主风险，系统置信度上升,优先让机器人复查该区域并重新采样；若低湿状态连续出现，触发灌溉提醒,normal
2026-08-18 11:00,57.8,中,0.58,0.312,0.583,0.054,0.024,0.011,0.008,0.007,35.0,中,drought,64.7,13.8,1.00,0.88,0.72,0.28,环境和视觉存在冲突，降低直接执行可靠性,P(healthy)=0.22；P(drought)=0.72；P(heat)=0.01；P(pest)=0.01；P(waterlogging)=0.01；P(low_light)=0.01；P(sensor_anomaly)=0.01,P(healthy)=0.91；P(drought)=0.02；P(heat)=0.02；P(pest)=0.02；P(waterlogging)=0.02；P(low_light)=0.02；P(sensor_anomaly)=0.01,P(healthy)=0.41；P(drought)=0.52；P(heat)=0.01；P(pest)=0.01；P(waterlogging)=0.01；P(low_light)=0.01；P(sensor_anomaly)=0.01,P(healthy)=0.31；P(drought)=0.58；P(heat)=0.05；P(pest)=0.02；P(waterlogging)=0.01；P(low_light)=0.01；P(sensor_anomaly)=0.01,soil_moisture_decreasing_6h,same_risk_state_consistent_with_previous_belief；temporal_trend_supports_dominant_state,图像显示健康，但环境传感器提示较高风险,hold,resample_before_action,中风险 + 高不确定性 → 重新采样后再决策,土壤湿度偏低；图像标签显示作物状态健康；环境和视觉存在冲突，降低直接执行可靠性；数据冲突：图像显示健康，但环境传感器提示较高风险；最近 6 小时土壤湿度持续下降，干旱状态概率上升；当前主风险与上一时刻状态信念一致，系统置信度上升；时间趋势支持当前主风险，系统置信度上升,优先让机器人复查该区域并重新采样；若低湿状态连续出现，触发灌溉提醒,normal
2026-08-18 12:00,59.3,中,0.63,0.295,0.631,0.032,0.016,0.010,0.008,0.007,35.0,中,drought,64.7,13.8,1.00,0.88,0.72,0.28,环境和视觉存在冲突，降低直接执行可靠性,P(healthy)=0.22；P(drought)=0.72；P(heat)=0.01；P(pest)=0.01；P(waterlogging)=0.01；P(low_light)=0.01；P(sensor_anomaly)=0.01,P(healthy)=0.91；P(drought)=0.02；P(heat)=0.02；P(pest)=0.02；P(waterlogging)=0.02；P(low_light)=0.02；P(sensor_anomaly)=0.01,P(healthy)=0.41；P(drought)=0.52；P(heat)=0.01；P(pest)=0.01；P(waterlogging)=0.01；P(low_light)=0.01；P(sensor_anomaly)=0.01,P(healthy)=0.29；P(drought)=0.63；P(heat)=0.03；P(pest)=0.02；P(waterlogging)=0.01；P(low_light)=0.01；P(sensor_anomaly)=0.01,soil_moisture_decreasing_6h,same_risk_state_consistent_with_previous_belief；temporal_trend_supports_dominant_state,图像显示健康，但环境传感器提示较高风险,hold,resample_before_action,中风险 + 高不确定性 → 重新采样后再决策,土壤湿度偏低；图像标签显示作物状态健康；环境和视觉存在冲突，降低直接执行可靠性；数据冲突：图像显示健康，但环境传感器提示较高风险；最近 6 小时土壤湿度持续下降，干旱状态概率上升；当前主风险与上一时刻状态信念一致，系统置信度上升；时间趋势支持当前主风险，系统置信度上升,优先让机器人复查该区域并重新采样；若低湿状态连续出现，触发灌溉提醒,normal
2026-08-18 13:00,66.9,中高,0.67,0.188,0.666,0.105,0.015,0.012,0.007,0.007,0.0,低,drought,69.0,75.4,1.00,0.75,0.69,0.31,,P(healthy)=0.14；P(drought)=0.45；P(heat)=0.39；P(pest)=0.01；P(waterlogging)=0.01；P(low_light)=0.01；P(sensor_anomaly)=0.01,P(healthy)=0.07；P(drought)=0.79；P(heat)=0.01；P(pest)=0.05；P(waterlogging)=0.05；P(low_light)=0.01；P(sensor_anomaly)=0.01,P(healthy)=0.12；P(drought)=0.55；P(heat)=0.27；P(pest)=0.02；P(waterlogging)=0.02；P(low_light)=0.01；P(sensor_anomaly)=0.01,P(healthy)=0.19；P(drought)=0.67；P(heat)=0.11；P(pest)=0.02；P(waterlogging)=0.01；P(low_light)=0.01；P(sensor_anomaly)=0.01,soil_moisture_decreasing_6h,same_risk_state_consistent_with_previous_belief；temporal_trend_supports_dominant_state,,execute,execute_recommended_action,高风险 + 低不确定性 → 允许执行建议动作,土壤湿度偏低；图像标签疑似干旱；最近 6 小时土壤湿度持续下降，干旱状态概率上升；当前主风险与上一时刻状态信念一致，系统置信度上升；时间趋势支持当前主风险，系统置信度上升,若低湿状态连续出现，触发灌溉提醒,normal
2026-08-18 14:00,70.8,中高,0.69,0.132,0.687,0.141,0.014,0.013,0.006,0.006,0.0,低,drought,69.0,76.4,1.00,0.80,0.67,0.33,,P(healthy)=0.14；P(drought)=0.45；P(heat)=0.39；P(pest)=0.01；P(waterlogging)=0.01；P(low_light)=0.01；P(sensor_anomaly)=0.01,P(healthy)=0.06；P(drought)=0.81；P(heat)=0.01；P(pest)=0.05；P(waterlogging)=0.05；P(low_light)=0.01；P(sensor_anomaly)=0.01,P(healthy)=0.11；P(drought)=0.57；P(heat)=0.27；P(pest)=0.02；P(waterlogging)=0.02；P(low_light)=0.01；P(sensor_anomaly)=0.01,P(healthy)=0.13；P(drought)=0.69；P(heat)=0.14；P(pest)=0.01；P(waterlogging)=0.01；P(low_light)=0.01；P(sensor_anomaly)=0.01,soil_moisture_decreasing_6h,same_risk_state_consistent_with_previous_belief；temporal_trend_supports_dominant_state,,execute,execute_recommended_action,高风险 + 低不确定性 → 允许执行建议动作,土壤湿度偏低；图像标签疑似干旱；最近 6 小时土壤湿度持续下降，干旱状态概率上升；当前主风险与上一时刻状态信念一致，系统置信度上升；时间趋势支持当前主风险，系统置信度上升,若低湿状态连续出现，触发灌溉提醒,normal
2026-08-18 15:00,73.2,中高,0.78,0.105,0.780,0.075,0.014,0.013,0.006,0.006,0.0,低,drought,70.4,76.8,1.00,0.82,0.67,0.33,,P(healthy)=0.15；P(drought)=0.81；P(heat)=0.01；P(pest)=0.01；P(waterlogging)=0.01；P(low_light)=0.01；P(sensor_anomaly)=0.01,P(healthy)=0.05；P(drought)=0.82；P(heat)=0.01；P(pest)=0.05；P(waterlogging)=0.05；P(low_light)=0.01；P(sensor_anomaly)=0.01,P(healthy)=0.12；P(drought)=0.81；P(heat)=0.01；P(pest)=0.02；P(waterlogging)=0.02；P(low_light)=0.01；P(sensor_anomaly)=0.01,P(healthy)=0.11；P(drought)=0.78；P(heat)=0.07；P(pest)=0.01；P(waterlogging)=0.01；P(low_light)=0.01；P(sensor_anomaly)=0.01,soil_moisture_decreasing_6h,same_risk_state_consistent_with_previous_belief；temporal_trend_supports_dominant_state,,execute,execute_recommended_action,高风险 + 低不确定性 → 允许执行建议动作,土壤湿度严重偏低；图像标签疑似干旱；最近 6 小时土壤湿度持续下降，干旱状态概率上升；当前主风险与上一时刻状态信念一致，系统置信度上升；时间趋势支持当前主风险，系统置信度上升,若低湿状态连续出现，触发灌溉提醒,normal
2026-08-18 16:00,74.3,中高,0.83,0.094,0.825,0.041,0.014,0.014,0.006,0.006,0.0,低,drought,70.4,75.8,1.00,0.77,0.68,0.32,,P(healthy)=0.15；P(drought)=0.81；P(heat)=0.01；P(pest)=0.01；P(waterlogging)=0.01；P(low_light)=0.01；P(sensor_anomaly)=0.01,P(healthy)=0.06；P(drought)=0.80；P(heat)=0.01；P(pest)=0.05；P(waterlogging)=0.05；P(low_light)=0.01；P(sensor_anomaly)=0.01,P(healthy)=0.12；P(drought)=0.81；P(heat)=0.01；P(pest)=0.02；P(waterlogging)=0.02；P(low_light)=0.01；P(sensor_anomaly)=0.01,P(healthy)=0.09；P(drought)=0.83；P(heat)=0.04；P(pest)=0.01；P(waterlogging)=0.01；P(low_light)=0.01；P(sensor_anomaly)=0.01,soil_moisture_decreasing_6h,same_risk_state_consistent_with_previous_belief；temporal_trend_supports_dominant_state,,execute,execute_recommended_action,高风险 + 低不确定性 → 允许执行建议动作,土壤湿度严重偏低；图像标签疑似干旱；最近 6 小时土壤湿度持续下降，干旱状态概率上升；当前主风险与上一时刻状态信念一致，系统置信度上升；时间趋势支持当前主风险，系统置信度上升,若低湿状态连续出现，触发灌溉提醒,normal
2026-08-18 17:00,69.3,中高,0.78,0.162,0.780,0.024,0.011,0.010,0.007,0.006,35.0,中,drought,70.4,14.7,1.00,0.83,0.73,0.27,环境和视觉存在冲突，降低直接执行可靠性,P(healthy)=0.15；P(drought)=0.81；P(heat)=0.01；P(pest)=0.01；P(waterlogging)=0.01；P(low_light)=0.01；P(sensor_anomaly)=0.01,P(healthy)=0.89；P(drought)=0.02；P(heat)=0.02；P(pest)=0.02；P(waterlogging)=0.02；P(low_light)=0.02；P(sensor_anomaly)=0.01,P(healthy)=0.35；P(drought)=0.60；P(heat)=0.01；P(pest)=0.01；P(waterlogging)=0.01；P(low_light)=0.01；P(sensor_anomaly)=0.01,P(healthy)=0.16；P(drought)=0.78；P(heat)=0.02；P(pest)=0.01；P(waterlogging)=0.01；P(low_light)=0.01；P(sensor_anomaly)=0.01,soil_moisture_decreasing_6h,same_risk_state_consistent_with_previous_belief；temporal_trend_supports_dominant_state,图像显示健康，但环境传感器提示较高风险,hold,recheck_before_action,高风险 + 高不确定性 → 先复查，不直接执行动作,土壤湿度严重偏低；图像标签显示作物状态健康；环境和视觉存在冲突，降低直接执行可靠性；数据冲突：图像显示健康，但环境传感器提示较高风险；最近 6 小时土壤湿度持续下降，干旱状态概率上升；当前主风险与上一时刻状态信念一致，系统置信度上升；时间趋势支持当前主风险，系统置信度上升,优先让机器人复查该区域并重新采样；若低湿状态连续出现，触发灌溉提醒,normal
2026-08-18 18:00,66.8,中高,0.76,0.197,0.756,0.016,0.009,0.009,0.007,0.006,35.0,中,drought,70.4,14.7,1.00,0.83,0.73,0.27,环境和视觉存在冲突，降低直接执行可靠性,P(healthy)=0.15；P(drought)=0.81；P(heat)=0.01；P(pest)=0.01；P(waterlogging)=0.01；P(low_light)=0.01；P(sensor_anomaly)=0.01,P(healthy)=0.89；P(drought)=0.02；P(heat)=0.02；P(pest)=0.02；P(waterlogging)=0.02；P(low_light)=0.02；P(sensor_anomaly)=0.01,P(healthy)=0.35；P(drought)=0.60；P(heat)=0.01；P(pest)=0.01；P(waterlogging)=0.01；P(low_light)=0.01；P(sensor_anomaly)=0.01,P(healthy)=0.20；P(drought)=0.76；P(heat)=0.02；P(pest)=0.01；P(waterlogging)=0.01；P(low_light)=0.01；P(sensor_anomaly)=0.01,soil_moisture_decreasing_6h,same_risk_state_consistent_with_previous_belief；temporal_trend_supports_dominant_state,图像显示健康，但环境传感器提示较高风险,hold,recheck_before_action,高风险 + 高不确定性 → 先复查，不直接执行动作,土壤湿度严重偏低；图像标签显示作物状态健康；环境和视觉存在冲突，降低直接执行可靠性；数据冲突：图像显示健康，但环境传感器提示较高风险；最近 6 小时土壤湿度持续下降，干旱状态概率上升；当前主风险与上一时刻状态信念一致，系统置信度上升；时间趋势支持当前主风险，系统置信度上升,优先让机器人复查该区域并重新采样；若低湿状态连续出现，触发灌溉提醒,normal
2026-08-18 19:00,65.1,中高,0.74,0.221,0.740,0.011,0.008,0.008,0.007,0.006,35.0,中,drought,70.4,13.4,1.00,0.90,0.72,0.28,环境和视觉存在冲突，降低直接执行可靠性,P(healthy)=0.15；P(drought)=0.81；P(heat)=0.01；P(pest)=0.01；P(waterlogging)=0.01；P(low_light)=0.01；P(sensor_anomaly)=0.01,P(healthy)=0.91；P(drought)=0.02；P(heat)=0.02；P(pest)=0.02；P(waterlogging)=0.02；P(low_light)=0.02；P(sensor_anomaly)=0.01,P(healthy)=0.37；P(drought)=0.59；P(heat)=0.01；P(pest)=0.01；P(waterlogging)=0.01；P(low_light)=0.01；P(sensor_anomaly)=0.01,P(healthy)=0.22；P(drought)=0.74；P(heat)=0.01；P(pest)=0.01；P(waterlogging)=0.01；P(low_light)=0.01；P(sensor_anomaly)=0.01,soil_moisture_decreasing_6h,same_risk_state_consistent_with_previous_belief；temporal_trend_supports_dominant_state,图像显示健康，但环境传感器提示较高风险,hold,recheck_before_action,高风险 + 高不确定性 → 先复查，不直接执行动作,土壤湿度严重偏低；图像标签显示作物状态健康；环境和视觉存在冲突，降低直接执行可靠性；数据冲突：图像显示健康，但环境传感器提示较高风险；最近 6 小时土壤湿度持续下降，干旱状态概率上升；当前主风险与上一时刻状态信念一致，系统置信度上升；时间趋势支持当前主风险，系统置信度上升,优先让机器人复查该区域并重新采样；若低湿状态连续出现，触发灌溉提醒,normal
2026-08-18 20:00,62.0,中高,0.70,0.262,0.699,0.010,0.008,0.008,0.007,0.006,35.0,中,drought,70.4,13.3,1.00,0.91,0.71,0.29,环境和视觉存在冲突，降低直接执行可靠性,P(healthy)=0.15；P(drought)=0.81；P(heat)=0.01；P(pest)=0.01；P(waterlogging)=0.01；P(low_light)=0.01；P(sensor_anomaly)=0.01,P(healthy)=0.91；P(drought)=0.01；P(heat)=0.01；P(pest)=0.01；P(waterlogging)=0.01；P(low_light)=0.01；P(sensor_anomaly)=0.01,P(healthy)=0.37；P(drought)=0.58；P(heat)=0.01；P(pest)=0.01；P(waterlogging)=0.01；P(low_light)=0.01；P(sensor_anomaly)=0.01,P(healthy)=0.26；P(drought)=0.70；P(heat)=0.01；P(pest)=0.01；P(waterlogging)=0.01；P(low_light)=0.01；P(sensor_anomaly)=0.01,,same_risk_state_consistent_with_previous_belief,图像显示健康，但环境传感器提示较高风险,hold,recheck_before_action,高风险 + 高不确定性 → 先复查，不直接执行动作,土壤湿度严重偏低；图像标签显示作物状态健康；环境和视觉存在冲突，降低直接执行可靠性；数据冲突：图像显示健康，但环境传感器提示较高风险；当前主风险与上一时刻状态信念一致，系统置信度上升,优先让机器人复查该区域并重新采样；若低湿状态连续出现，触发灌溉提醒,normal
2026-08-18 21:00,60.6,中高,0.68,0.281,0.679,0.009,0.008,0.008,0.008,0.007,35.0,中,drought,70.4,13.8,1.00,0.88,0.72,0.28,环境和视觉存在冲突，降低直接执行可靠性,P(healthy)=0.15；P(drought)=0.81；P(heat)=0.01；P(pest)=0.01；P(waterlogging)=0.01；P(low_light)=0.01；P(sensor_anomaly)=0.01,P(healthy)=0.91；P(drought)=0.02；P(heat)=0.02；P(pest)=0.02；P(waterlogging)=0.02；P(low_light)=0.02；P(sensor_anomaly)=0.01,P(healthy)=0.36；P(drought)=0.59；P(heat)=0.01；P(pest)=0.01；P(waterlogging)=0.01；P(low_light)=0.01；P(sensor_anomaly)=0.01,P(healthy)=0.28；P(drought)=0.68；P(heat)=0.01；P(pest)=0.01；P(waterlogging)=0.01；P(low_light)=0.01；P(sensor_anomaly)=0.01,,same_risk_state_consistent_with_previous_belief,图像显示健康，但环境传感器提示较高风险,hold,recheck_before_action,高风险 + 高不确定性 → 先复查，不直接执行动作,土壤湿度严重偏低；图像标签显示作物状态健康；环境和视觉存在冲突，降低直接执行可靠性；数据冲突：图像显示健康，但环境传感器提示较高风险；当前主风险与上一时刻状态信念一致，系统置信度上升,优先让机器人复查该区域并重新采样；若低湿状态连续出现，触发灌溉提醒,normal
2026-08-18 22:00,59.5,中,0.66,0.295,0.665,0.009,0.008,0.008,0.008,0.007,35.0,中,drought,70.4,13.1,1.00,0.92,0.71,0.29,环境和视觉存在冲突，降低直接执行可靠性,P(healthy)=0.15；P(drought)=0.81；P(heat)=0.01；P(pest)=0.01；P(waterlogging)=0.01；P(low_light)=0.01；P(sensor_anomaly)=0.01,P(healthy)=0.92；P(drought)=0.01；P(heat)=0.01；P(pest)=0.01；P(waterlogging)=0.01；P(low_light)=0.01；P(sensor_anomaly)=0.01,P(healthy)=0.37；P(drought)=0.58；P(heat)=0.01；P(pest)=0.01；P(waterlogging)=0.01；P(low_light)=0.01；P(sensor_anomaly)=0.01,P(healthy)=0.30；P(drought)=0.66；P(heat)=0.01；P(pest)=0.01；P(waterlogging)=0.01；P(low_light)=0.01；P(sensor_anomaly)=0.01,,same_risk_state_consistent_with_previous_belief,图像显示健康，但环境传感器提示较高风险,hold,resample_before_action,中风险 + 高不确定性 → 重新采样后再决策,土壤湿度严重偏低；图像标签显示作物状态健康；环境和视觉存在冲突，降低直接执行可靠性；数据冲突：图像显示健康，但环境传感器提示较高风险；当前主风险与上一时刻状态信念一致，系统置信度上升,优先让机器人复查该区域并重新采样；若低湿状态连续出现，触发灌溉提醒,normal
2026-08-18 23:00,64.2,中高,0.61,0.224,0.612,0.008,0.018,0.122,0.008,0.007,44.0,中,drought,68.8,57.4,1.00,0.43,0.87,0.13,视觉置信度低，降低视觉模态权重,P(healthy)=0.15；P(drought)=0.50；P(heat)=0.01；P(pest)=0.01；P(waterlogging)=0.32；P(low_light)=0.01；P(sensor_anomaly)=0.01,P(healthy)=0.27；P(drought)=0.22；P(heat)=0.02；P(pest)=0.22；P(waterlogging)=0.22；P(low_light)=0.02；P(sensor_anomaly)=0.02,P(healthy)=0.17；P(drought)=0.46；P(heat)=0.01；P(pest)=0.03；P(waterlogging)=0.30；P(low_light)=0.01；P(sensor_anomaly)=0.01,P(healthy)=0.22；P(drought)=0.61；P(heat)=0.01；P(pest)=0.02；P(waterlogging)=0.12；P(low_light)=0.01；P(sensor_anomaly)=0.01,,same_risk_state_consistent_with_previous_belief,,hold,recheck_before_action,高风险 + 高不确定性 → 先复查，不直接执行动作,土壤湿度偏低；图像标签未知；视觉置信度不足，不能单独作为强决策依据；视觉置信度低，降低视觉模态权重；当前主风险与上一时刻状态信念一致，系统置信度上升,优先让机器人复查该区域并重新采样；若低湿状态连续出现，触发灌溉提醒,normal
2026-08-19 00:00,44.9,中,0.41,0.489,0.406,0.008,0.013,0.069,0.008,0.007,2.0,低,drought,10.5,12.3,1.00,0.97,0.63,0.37,,P(healthy)=0.96；P(drought)=0.01；P(heat)=0.01；P(pest)=0.01；P(waterlogging)=0.01；P(low_light)=0.01；P(sensor_anomaly)=0.01,P(healthy)=0.93；P(drought)=0.01；P(heat)=0.01；P(pest)=0.01；P(waterlogging)=0.01；P(low_light)=0.01；P(sensor_anomaly)=0.01,P(healthy)=0.95；P(drought)=0.01；P(heat)=0.01；P(pest)=0.01；P(waterlogging)=0.01；P(low_light)=0.01；P(sensor_anomaly)=0.01,P(healthy)=0.49；P(drought)=0.41；P(heat)=0.01；P(pest)=0.01；P(waterlogging)=0.07；P(low_light)=0.01；P(sensor_anomaly)=0.01,,same_risk_state_consistent_with_previous_belief,,hold,monitor_more_context,风险或不确定性处于中间状态 → 继续观察并收集更多上下文,环境传感器指标处于正常范围；图像标签显示作物状态健康；当前主风险与上一时刻状态信念一致，系统置信度上升,若低湿状态连续出现，触发灌溉提醒,normal
2026-08-19 01:00,31.1,低,0.68,0.677,0.240,0.009,0.012,0.045,0.009,0.008,0.0,低,healthy,10.5,14.8,1.00,0.82,0.67,0.33,,P(healthy)=0.96；P(drought)=0.01；P(heat)=0.01；P(pest)=0.01；P(waterlogging)=0.01；P(low_light)=0.01；P(sensor_anomaly)=0.01,P(healthy)=0.89；P(drought)=0.02；P(heat)=0.02；P(pest)=0.02；P(waterlogging)=0.02；P(low_light)=0.02；P(sensor_anomaly)=0.01,P(healthy)=0.94；P(drought)=0.01；P(heat)=0.01；P(pest)=0.01；P(waterlogging)=0.01；P(low_light)=0.01；P(sensor_anomaly)=0.01,P(healthy)=0.68；P(drought)=0.24；P(heat)=0.01；P(pest)=0.01；P(waterlogging)=0.04；P(low_light)=0.01；P(sensor_anomaly)=0.01,,,,observe,routine_patrol,低风险 + 低不确定性 → 常规巡检,环境传感器指标处于正常范围；图像标签显示作物状态健康,继续常规巡检,normal
2026-08-19 02:00,22.9,低,0.79,0.787,0.144,0.010,0.011,0.030,0.010,0.008,0.0,低,healthy,10.5,13.8,1.00,0.88,0.65,0.35,,P(healthy)=0.96；P(drought)=0.01；P(heat)=0.01；P(pest)=0.01；P(waterlogging)=0.01；P(low_light)=0.01；P(sensor_anomaly)=0.01,P(healthy)=0.91；P(drought)=0.02；P(heat)=0.02；P(pest)=0.02；P(waterlogging)=0.02；P(low_light)=0.02；P(sensor_anomaly)=0.01,P(healthy)=0.94；P(drought)=0.01；P(heat)=0.01；P(pest)=0.01；P(waterlogging)=0.01；P(low_light)=0.01；P(sensor_anomaly)=0.01,P(healthy)=0.79；P(drought)=0.14；P(heat)=0.01；P(pest)=0.01；P(waterlogging)=0.03；P(low_light)=0.01；P(sensor_anomaly)=0.01,,,,observe,routine_patrol,低风险 + 低不确定性 → 常规巡检,环境传感器指标处于正常范围；图像标签显示作物状态健康,继续常规巡检,normal
2026-08-19 03:00,18.1,很低,0.85,0.853,0.087,0.010,0.011,0.022,0.010,0.008,0.0,低,healthy,10.5,13.3,1.00,0.91,0.64,0.36,,P(healthy)=0.96；P(drought)=0.01；P(heat)=0.01；P(pest)=0.01；P(waterlogging)=0.01；P(low_light)=0.01；P(sensor_anomaly)=0.01,P(healthy)=0.91；P(drought)=0.01；P(heat)=0.01；P(pest)=0.01；P(waterlogging)=0.01；P(low_light)=0.01；P(sensor_anomaly)=0.01,P(healthy)=0.94；P(drought)=0.01；P(heat)=0.01；P(pest)=0.01；P(waterlogging)=0.01；P(low_light)=0.01；P(sensor_anomaly)=0.01,P(healthy)=0.85；P(drought)=0.09；P(heat)=0.01；P(pest)=0.01；P(waterlogging)=0.02；P(low_light)=0.01；P(sensor_anomaly)=0.01,,,,observe,routine_patrol,低风险 + 低不确定性 → 常规巡检,环境传感器指标处于正常范围；图像标签显示作物状态健康,继续常规巡检,normal
2026-08-19 04:00,15.4,很低,0.89,0.890,0.055,0.010,0.010,0.017,0.010,0.008,0.0,低,healthy,10.5,13.6,1.00,0.89,0.65,0.35,,P(healthy)=0.96；P(drought)=0.01；P(heat)=0.01；P(pest)=0.01；P(waterlogging)=0.01；P(low_light)=0.01；P(sensor_anomaly)=0.01,P(healthy)=0.91；P(drought)=0.02；P(heat)=0.02；P(pest)=0.02；P(waterlogging)=0.02；P(low_light)=0.02；P(sensor_anomaly)=0.01,P(healthy)=0.94；P(drought)=0.01；P(heat)=0.01；P(pest)=0.01；P(waterlogging)=0.01；P(low_light)=0.01；P(sensor_anomaly)=0.01,P(healthy)=0.89；P(drought)=0.05；P(heat)=0.01；P(pest)=0.01；P(waterlogging)=0.02；P(low_light)=0.01；P(sensor_anomaly)=0.01,,,,observe,routine_patrol,低风险 + 低不确定性 → 常规巡检,环境传感器指标处于正常范围；图像标签显示作物状态健康,继续常规巡检,normal
2026-08-19 05:00,13.7,很低,0.91,0.914,0.036,0.010,0.010,0.014,0.010,0.008,0.0,低,healthy,10.5,12.6,1.00,0.95,0.63,0.37,,P(healthy)=0.96；P(drought)=0.01；P(heat)=0.01；P(pest)=0.01；P(waterlogging)=0.01；P(low_light)=0.01；P(sensor_anomaly)=0.01,P(healthy)=0.92；P(drought)=0.01；P(heat)=0.01；P(pest)=0.01；P(waterlogging)=0.01；P(low_light)=0.01；P(sensor_anomaly)=0.01,P(healthy)=0.95；P(drought)=0.01；P(heat)=0.01；P(pest)=0.01；P(waterlogging)=0.01；P(low_light)=0.01；P(sensor_anomaly)=0.01,P(healthy)=0.91；P(drought)=0.04；P(heat)=0.01；P(pest)=0.01；P(waterlogging)=0.01；P(low_light)=0.01；P(sensor_anomaly)=0.01,,,,observe,routine_patrol,低风险 + 低不确定性 → 常规巡检,环境传感器指标处于正常范围；图像标签显示作物状态健康,继续常规巡检,normal
2026-08-19 06:00,12.9,很低,0.92,0.924,0.025,0.010,0.010,0.012,0.010,0.008,0.0,低,healthy,10.5,14.1,1.00,0.86,0.65,0.35,,P(healthy)=0.96；P(drought)=0.01；P(heat)=0.01；P(pest)=0.01；P(waterlogging)=0.01；P(low_light)=0.01；P(sensor_anomaly)=0.01,P(healthy)=0.90；P(drought)=0.02；P(heat)=0.02；P(pest)=0.02；P(waterlogging)=0.02；P(low_light)=0.02；P(sensor_anomaly)=0.01,P(healthy)=0.94；P(drought)=0.01；P(heat)=0.01；P(pest)=0.01；P(waterlogging)=0.01；P(low_light)=0.01；P(sensor_anomaly)=0.01,P(healthy)=0.92；P(drought)=0.03；P(heat)=0.01；P(pest)=0.01；P(waterlogging)=0.01；P(low_light)=0.01；P(sensor_anomaly)=0.01,,,,observe,routine_patrol,低风险 + 低不确定性 → 常规巡检,环境传感器指标处于正常范围；图像标签显示作物状态健康,继续常规巡检,normal
2026-08-19 07:00,12.2,很低,0.93,0.934,0.018,0.010,0.010,0.011,0.010,0.008,0.0,低,healthy,10.5,12.5,1.00,0.96,0.63,0.37,,P(healthy)=0.96；P(drought)=0.01；P(heat)=0.01；P(pest)=0.01；P(waterlogging)=0.01；P(low_light)=0.01；P(sensor_anomaly)=0.01,P(healthy)=0.93；P(drought)=0.01；P(heat)=0.01；P(pest)=0.01；P(waterlogging)=0.01；P(low_light)=0.01；P(sensor_anomaly)=0.01,P(healthy)=0.95；P(drought)=0.01；P(heat)=0.01；P(pest)=0.01；P(waterlogging)=0.01；P(low_light)=0.01；P(sensor_anomaly)=0.01,P(healthy)=0.93；P(drought)=0.02；P(heat)=0.01；P(pest)=0.01；P(waterlogging)=0.01；P(low_light)=0.01；P(sensor_anomaly)=0.01,,,,observe,routine_patrol,低风险 + 低不确定性 → 常规巡检,环境传感器指标处于正常范围；图像标签显示作物状态健康,继续常规巡检,normal
2026-08-19 08:00,12.0,很低,0.94,0.935,0.015,0.010,0.010,0.011,0.010,0.008,0.0,低,healthy,10.5,14.5,1.00,0.84,0.66,0.34,,P(healthy)=0.96；P(drought)=0.01；P(heat)=0.01；P(pest)=0.01；P(waterlogging)=0.01；P(low_light)=0.01；P(sensor_anomaly)=0.01,P(healthy)=0.89；P(drought)=0.02；P(heat)=0.02；P(pest)=0.02；P(waterlogging)=0.02；P(low_light)=0.02；P(sensor_anomaly)=0.01,P(healthy)=0.94；P(drought)=0.01；P(heat)=0.01；P(pest)=0.01；P(waterlogging)=0.01；P(low_light)=0.01；P(sensor_anomaly)=0.01,P(healthy)=0.94；P(drought)=0.02；P(heat)=0.01；P(pest)=0.01；P(waterlogging)=0.01；P(low_light)=0.01；P(sensor_anomaly)=0.01,,,,observe,routine_patrol,低风险 + 低不确定性 → 常规巡检,环境传感器指标处于正常范围；图像标签显示作物状态健康,继续常规巡检,normal
2026-08-19 09:00,45.0,中,0.25,0.699,0.249,0.010,0.011,0.011,0.010,0.009,47.0,中,drought,64.7,13.4,1.00,0.90,0.72,0.28,环境和视觉存在冲突，降低直接执行可靠性,P(healthy)=0.22；P(drought)=0.72；P(heat)=0.01；P(pest)=0.01；P(waterlogging)=0.01；P(low_light)=0.01；P(sensor_anomaly)=0.01,P(healthy)=0.91；P(drought)=0.02；P(heat)=0.02；P(pest)=0.02；P(waterlogging)=0.02；P(low_light)=0.02；P(sensor_anomaly)=0.01,P(healthy)=0.42；P(drought)=0.52；P(heat)=0.01；P(pest)=0.01；P(waterlogging)=0.01；P(low_light)=0.01；P(sensor_anomaly)=0.01,P(healthy)=0.70；P(drought)=0.25；P(heat)=0.01；P(pest)=0.01；P(waterlogging)=0.01；P(low_light)=0.01；P(sensor_anomaly)=0.01,soil_moisture_decreasing_6h,,图像显示健康，但环境传感器提示较高风险,hold,resample_before_action,中风险 + 高不确定性 → 重新采样后再决策,土壤湿度偏低；图像标签显示作物状态健康；环境和视觉存在冲突，降低直接执行可靠性；数据冲突：图像显示健康，但环境传感器提示较高风险；最近 6 小时土壤湿度持续下降，干旱状态概率上升,优先让机器人复查该区域并重新采样；若低湿状态连续出现，触发灌溉提醒,normal
2026-08-19 10:00,45.0,中,0.35,0.513,0.348,0.105,0.009,0.009,0.009,0.008,47.0,中,drought,69.0,12.8,1.00,0.94,0.71,0.29,环境和视觉存在冲突，降低直接执行可靠性,P(healthy)=0.14；P(drought)=0.45；P(heat)=0.39；P(pest)=0.01；P(waterlogging)=0.01；P(low_light)=0.01；P(sensor_anomaly)=0.01,P(healthy)=0.92；P(drought)=0.01；P(heat)=0.01；P(pest)=0.01；P(waterlogging)=0.01；P(low_light)=0.01；P(sensor_anomaly)=0.01,P(healthy)=0.37；P(drought)=0.32；P(heat)=0.28；P(pest)=0.01；P(waterlogging)=0.01；P(low_light)=0.01；P(sensor_anomaly)=0.01,P(healthy)=0.51；P(drought)=0.35；P(heat)=0.10；P(pest)=0.01；P(waterlogging)=0.01；P(low_light)=0.01；P(sensor_anomaly)=0.01,soil_moisture_decreasing_6h,temporal_trend_supports_dominant_state,图像显示健康，但环境传感器提示较高风险,hold,resample_before_action,中风险 + 高不确定性 → 重新采样后再决策,土壤湿度偏低；图像标签显示作物状态健康；环境和视觉存在冲突，降低直接执行可靠性；数据冲突：图像显示健康，但环境传感器提示较高风险；最近 6 小时土壤湿度持续下降，干旱状态概率上升；时间趋势支持当前主风险，系统置信度上升,优先让机器人复查该区域并重新采样；若低湿状态连续出现，触发灌溉提醒,normal
2026-08-19 11:00,50.9,中,0.41,0.400,0.407,0.160,0.009,0.009,0.008,0.007,47.0,中,drought,69.0,14.8,1.00,0.82,0.73,0.27,环境和视觉存在冲突，降低直接执行可靠性,P(healthy)=0.14；P(drought)=0.45；P(heat)=0.39；P(pest)=0.01；P(waterlogging)=0.01；P(low_light)=0.01；P(sensor_anomaly)=0.01,P(healthy)=0.89；P(drought)=0.02；P(heat)=0.02；P(pest)=0.02；P(waterlogging)=0.02；P(low_light)=0.02；P(sensor_anomaly)=0.01,P(healthy)=0.34；P(drought)=0.33；P(heat)=0.29；P(pest)=0.01；P(waterlogging)=0.01；P(low_light)=0.01；P(sensor_anomaly)=0.01,P(healthy)=0.40；P(drought)=0.41；P(heat)=0.16；P(pest)=0.01；P(waterlogging)=0.01；P(low_light)=0.01；P(sensor_anomaly)=0.01,soil_moisture_decreasing_6h,temporal_trend_supports_dominant_state,图像显示健康，但环境传感器提示较高风险,hold,resample_before_action,中风险 + 高不确定性 → 重新采样后再决策,土壤湿度偏低；图像标签显示作物状态健康；环境和视觉存在冲突，降低直接执行可靠性；数据冲突：图像显示健康，但环境传感器提示较高风险；最近 6 小时土壤湿度持续下降，干旱状态概率上升；时间趋势支持当前主风险，系统置信度上升,优先让机器人复查该区域并重新采样；若低湿状态连续出现，触发灌溉提醒,normal
2026-08-19 12:00,62.7,中高,0.56,0.240,0.555,0.169,0.011,0.011,0.007,0.006,0.0,低,drought,69.0,76.4,1.00,0.80,0.67,0.33,,P(healthy)=0.14；P(drought)=0.45；P(heat)=0.39；P(pest)=0.01；P(waterlogging)=0.01；P(low_light)=0.01；P(sensor_anomaly)=0.01,P(healthy)=0.06；P(drought)=0.81；P(heat)=0.01；P(pest)=0.05；P(waterlogging)=0.05；P(low_light)=0.01；P(sensor_anomaly)=0.01,P(healthy)=0.11；P(drought)=0.57；P(heat)=0.27；P(pest)=0.02；P(waterlogging)=0.02；P(low_light)=0.01；P(sensor_anomaly)=0.01,P(healthy)=0.24；P(drought)=0.56；P(heat)=0.17；P(pest)=0.01；P(waterlogging)=0.01；P(low_light)=0.01；P(sensor_anomaly)=0.01,soil_moisture_decreasing_6h,same_risk_state_consistent_with_previous_belief；temporal_trend_supports_dominant_state,,execute,execute_recommended_action,高风险 + 低不确定性 → 允许执行建议动作,土壤湿度偏低；图像标签疑似干旱；最近 6 小时土壤湿度持续下降，干旱状态概率上升；当前主风险与上一时刻状态信念一致，系统置信度上升；时间趋势支持当前主风险，系统置信度上升,若低湿状态连续出现，触发灌溉提醒,normal
2026-08-19 13:00,67.7,中高,0.69,0.178,0.691,0.090,0.013,0.013,0.007,0.007,0.0,低,drought,64.7,75.8,1.00,0.77,0.68,0.32,,P(healthy)=0.22；P(drought)=0.72；P(heat)=0.01；P(pest)=0.01；P(waterlogging)=0.01；P(low_light)=0.01；P(sensor_anomaly)=0.01,P(healthy)=0.06；P(drought)=0.80；P(heat)=0.01；P(pest)=0.05；P(waterlogging)=0.05；P(low_light)=0.01；P(sensor_anomaly)=0.01,P(healthy)=0.17；P(drought)=0.75；P(heat)=0.01；P(pest)=0.02；P(waterlogging)=0.02；P(low_light)=0.01；P(sensor_anomaly)=0.01,P(healthy)=0.18；P(drought)=0.69；P(heat)=0.09；P(pest)=0.01；P(waterlogging)=0.01；P(low_light)=0.01；P(sensor_anomaly)=0.01,soil_moisture_decreasing_6h,same_risk_state_consistent_with_previous_belief；temporal_trend_supports_dominant_state,,execute,execute_recommended_action,高风险 + 低不确定性 → 允许执行建议动作,土壤湿度偏低；图像标签疑似干旱；最近 6 小时土壤湿度持续下降，干旱状态概率上升；当前主风险与上一时刻状态信念一致，系统置信度上升；时间趋势支持当前主风险，系统置信度上升,若低湿状态连续出现，触发灌溉提醒,normal
2026-08-19 14:00,71.8,中高,0.78,0.126,0.785,0.049,0.014,0.014,0.007,0.006,0.0,低,drought,70.4,78.4,1.00,0.91,0.64,0.36,,P(healthy)=0.15；P(drought)=0.81；P(heat)=0.01；P(pest)=0.01；P(waterlogging)=0.01；P(low_light)=0.01；P(sensor_anomaly)=0.01,P(healthy)=0.03；P(drought)=0.85；P(heat)=0.01；P(pest)=0.05；P(waterlogging)=0.05；P(low_light)=0.01；P(sensor_anomaly)=0.01,P(healthy)=0.11；P(drought)=0.82；P(heat)=0.01；P(pest)=0.02；P(waterlogging)=0.02；P(low_light)=0.01；P(sensor_anomaly)=0.01,P(healthy)=0.13；P(drought)=0.78；P(heat)=0.05；P(pest)=0.01；P(waterlogging)=0.01；P(low_light)=0.01；P(sensor_anomaly)=0.01,soil_moisture_decreasing_6h,same_risk_state_consistent_with_previous_belief；temporal_trend_supports_dominant_state,,execute,execute_recommended_action,高风险 + 低不确定性 → 允许执行建议动作,土壤湿度严重偏低；图像标签疑似干旱；最近 6 小时土壤湿度持续下降，干旱状态概率上升；当前主风险与上一时刻状态信念一致，系统置信度上升；时间趋势支持当前主风险，系统置信度上升,若低湿状态连续出现，触发灌溉提醒,normal
2026-08-19 15:00,73.7,中高,0.80,0.100,0.803,0.058,0.013,0.013,0.006,0.006,0.0,低,drought,70.4,76.2,1.00,0.79,0.67,0.33,,P(healthy)=0.15；P(drought)=0.81；P(heat)=0.01；P(pest)=0.01；P(waterlogging)=0.01；P(low_light)=0.01；P(sensor_anomaly)=0.01,P(healthy)=0.06；P(drought)=0.81；P(heat)=0.01；P(pest)=0.05；P(waterlogging)=0.05；P(low_light)=0.01；P(sensor_anomaly)=0.01,P(healthy)=0.12；P(drought)=0.81；P(heat)=0.01；P(pest)=0.02；P(waterlogging)=0.02；P(low_light)=0.01；P(sensor_anomaly)=0.01,P(healthy)=0.10；P(drought)=0.80；P(heat)=0.06；P(pest)=0.01；P(waterlogging)=0.01；P(low_light)=0.01；P(sensor_anomaly)=0.01,soil_moisture_decreasing_6h；sustained_high_temperature_6h,same_risk_state_consistent_with_previous_belief；temporal_trend_supports_dominant_state,,execute,execute_recommended_action,高风险 + 低不确定性 → 允许执行建议动作,土壤湿度严重偏低；图像标签疑似干旱；最近 6 小时土壤湿度持续下降，干旱状态概率上升；最近 6 小时持续高温，热胁迫状态概率上升；当前主风险与上一时刻状态信念一致，系统置信度上升；时间趋势支持当前主风险，系统置信度上升,若低湿状态连续出现，触发灌溉提醒,normal
2026-08-19 16:00,74.7,中高,0.84,0.089,0.839,0.032,0.014,0.014,0.006,0.006,0.0,低,drought,70.4,77.0,1.00,0.83,0.66,0.34,,P(healthy)=0.15；P(drought)=0.81；P(heat)=0.01；P(pest)=0.01；P(waterlogging)=0.01；P(low_light)=0.01；P(sensor_anomaly)=0.01,P(healthy)=0.05；P(drought)=0.82；P(heat)=0.01；P(pest)=0.05；P(waterlogging)=0.05；P(low_light)=0.01；P(sensor_anomaly)=0.01,P(healthy)=0.12；P(drought)=0.82；P(heat)=0.01；P(pest)=0.02；P(waterlogging)=0.02；P(low_light)=0.01；P(sensor_anomaly)=0.01,P(healthy)=0.09；P(drought)=0.84；P(heat)=0.03；P(pest)=0.01；P(waterlogging)=0.01；P(low_light)=0.01；P(sensor_anomaly)=0.01,soil_moisture_decreasing_6h,same_risk_state_consistent_with_previous_belief；temporal_trend_supports_dominant_state,,execute,execute_recommended_action,高风险 + 低不确定性 → 允许执行建议动作,土壤湿度严重偏低；图像标签疑似干旱；最近 6 小时土壤湿度持续下降，干旱状态概率上升；当前主风险与上一时刻状态信念一致，系统置信度上升；时间趋势支持当前主风险，系统置信度上升,若低湿状态连续出现，触发灌溉提醒,normal
2026-08-19 17:00,69.0,中高,0.78,0.167,0.781,0.020,0.010,0.010,0.006,0.006,35.0,中,drought,70.4,13.1,1.00,0.92,0.71,0.29,环境和视觉存在冲突，降低直接执行可靠性,P(healthy)=0.15；P(drought)=0.81；P(heat)=0.01；P(pest)=0.01；P(waterlogging)=0.01；P(low_light)=0.01；P(sensor_anomaly)=0.01,P(healthy)=0.92；P(drought)=0.01；P(heat)=0.01；P(pest)=0.01；P(waterlogging)=0.01；P(low_light)=0.01；P(sensor_anomaly)=0.01,P(healthy)=0.37；P(drought)=0.58；P(heat)=0.01；P(pest)=0.01；P(waterlogging)=0.01；P(low_light)=0.01；P(sensor_anomaly)=0.01,P(healthy)=0.17；P(drought)=0.78；P(heat)=0.02；P(pest)=0.01；P(waterlogging)=0.01；P(low_light)=0.01；P(sensor_anomaly)=0.01,soil_moisture_decreasing_6h,same_risk_state_consistent_with_previous_belief；temporal_trend_supports_dominant_state,图像显示健康，但环境传感器提示较高风险,hold,recheck_before_action,高风险 + 高不确定性 → 先复查，不直接执行动作,土壤湿度严重偏低；图像标签显示作物状态健康；环境和视觉存在冲突，降低直接执行可靠性；数据冲突：图像显示健康，但环境传感器提示较高风险；最近 6 小时土壤湿度持续下降，干旱状态概率上升；当前主风险与上一时刻状态信念一致，系统置信度上升；时间趋势支持当前主风险，系统置信度上升,优先让机器人复查该区域并重新采样；若低湿状态连续出现，触发灌溉提醒,normal
2026-08-19 18:00,66.3,中高,0.75,0.204,0.754,0.013,0.008,0.008,0.006,0.006,35.0,中,drought,70.4,13.8,1.00,0.88,0.72,0.28,环境和视觉存在冲突，降低直接执行可靠性,P(healthy)=0.15；P(drought)=0.81；P(heat)=0.01；P(pest)=0.01；P(waterlogging)=0.01；P(low_light)=0.01；P(sensor_anomaly)=0.01,P(healthy)=0.91；P(drought)=0.02；P(heat)=0.02；P(pest)=0.02；P(waterlogging)=0.02；P(low_light)=0.02；P(sensor_anomaly)=0.01,P(healthy)=0.36；P(drought)=0.59；P(heat)=0.01；P(pest)=0.01；P(waterlogging)=0.01；P(low_light)=0.01；P(sensor_anomaly)=0.01,P(healthy)=0.20；P(drought)=0.75；P(heat)=0.01；P(pest)=0.01；P(waterlogging)=0.01；P(low_light)=0.01；P(sensor_anomaly)=0.01,soil_moisture_decreasing_6h,same_risk_state_consistent_with_previous_belief；temporal_trend_supports_dominant_state,图像显示健康，但环境传感器提示较高风险,hold,recheck_before_action,高风险 + 高不确定性 → 先复查，不直接执行动作,土壤湿度严重偏低；图像标签显示作物状态健康；环境和视觉存在冲突，降低直接执行可靠性；数据冲突：图像显示健康，但环境传感器提示较高风险；最近 6 小时土壤湿度持续下降，干旱状态概率上升；当前主风险与上一时刻状态信念一致，系统置信度上升；时间趋势支持当前主风险，系统置信度上升,优先让机器人复查该区域并重新采样；若低湿状态连续出现，触发灌溉提醒,normal
2026-08-19 19:00,65.0,中高,0.74,0.223,0.740,0.010,0.008,0.008,0.007,0.006,35.0,中,drought,70.4,13.8,1.00,0.88,0.72,0.28,环境和视觉存在冲突，降低直接执行可靠性,P(healthy)=0.15；P(drought)=0.81；P(heat)=0.01；P(pest)=0.01；P(waterlogging)=0.01；P(low_light)=0.01；P(sensor_anomaly)=0.01,P(healthy)=0.91；P(drought)=0.02；P(heat)=0.02；P(pest)=0.02；P(waterlogging)=0.02；P(low_light)=0.02；P(sensor_anomaly)=0.01,P(healthy)=0.36；P(drought)=0.59；P(heat)=0.01；P(pest)=0.01；P(waterlogging)=0.01；P(low_light)=0.01；P(sensor_anomaly)=0.01,P(healthy)=0.22；P(drought)=0.74；P(heat)=0.01；P(pest)=0.01；P(waterlogging)=0.01；P(low_light)=0.01；P(sensor_anomaly)=0.01,soil_moisture_decreasing_6h,same_risk_state_consistent_with_previous_belief；temporal_trend_supports_dominant_state,图像显示健康，但环境传感器提示较高风险,hold,recheck_before_action,高风险 + 高不确定性 → 先复查，不直接执行动作,土壤湿度严重偏低；图像标签显示作物状态健康；环境和视觉存在冲突，降低直接执行可靠性；数据冲突：图像显示健康，但环境传感器提示较高风险；最近 6 小时土壤湿度持续下降，干旱状态概率上升；当前主风险与上一时刻状态信念一致，系统置信度上升；时间趋势支持当前主风险，系统置信度上升,优先让机器人复查该区域并重新采样；若低湿状态连续出现，触发灌溉提醒,normal
2026-08-19 20:00,64.0,中高,0.73,0.236,0.730,0.008,0.007,0.007,0.006,0.006,35.0,中,drought,70.4,13.0,1.00,0.93,0.71,0.29,环境和视觉存在冲突，降低直接执行可靠性,P(healthy)=0.15；P(drought)=0.81；P(heat)=0.01；P(pest)=0.01；P(waterlogging)=0.01；P(low_light)=0.01；P(sensor_anomaly)=0.01,P(healthy)=0.92；P(drought)=0.01；P(heat)=0.01；P(pest)=0.01；P(waterlogging)=0.01；P(low_light)=0.01；P(sensor_anomaly)=0.01,P(healthy)=0.37；P(drought)=0.58；P(heat)=0.01；P(pest)=0.01；P(waterlogging)=0.01；P(low_light)=0.01；P(sensor_anomaly)=0.01,P(healthy)=0.24；P(drought)=0.73；P(heat)=0.01；P(pest)=0.01；P(waterlogging)=0.01；P(low_light)=0.01；P(sensor_anomaly)=0.01,soil_moisture_decreasing_6h,same_risk_state_consistent_with_previous_belief；temporal_trend_supports_dominant_state,图像显示健康，但环境传感器提示较高风险,hold,recheck_before_action,高风险 + 高不确定性 → 先复查，不直接执行动作,土壤湿度严重偏低；图像标签显示作物状态健康；环境和视觉存在冲突，降低直接执行可靠性；数据冲突：图像显示健康，但环境传感器提示较高风险；最近 6 小时土壤湿度持续下降，干旱状态概率上升；当前主风险与上一时刻状态信念一致，系统置信度上升；时间趋势支持当前主风险，系统置信度上升,优先让机器人复查该区域并重新采样；若低湿状态连续出现，触发灌溉提醒,normal
2026-08-19 21:00,62.1,中高,0.70,0.262,0.700,0.009,0.008,0.008,0.008,0.006,35.0,中,drought,70.4,14.8,1.00,0.82,0.73,0.27,环境和视觉存在冲突，降低直接执行可靠性,P(healthy)=0.15；P(drought)=0.81；P(heat)=0.01；P(pest)=0.01；P(waterlogging)=0.01；P(low_light)=0.01；P(sensor_anomaly)=0.01,P(healthy)=0.89；P(drought)=0.02；P(heat)=0.02；P(pest)=0.02；P(waterlogging)=0.02；P(low_light)=0.02；P(sensor_anomaly)=0.01,P(healthy)=0.35；P(drought)=0.60；P(heat)=0.01；P(pest)=0.01；P(waterlogging)=0.01；P(low_light)=0.01；P(sensor_anomaly)=0.01,P(healthy)=0.26；P(drought)=0.70；P(heat)=0.01；P(pest)=0.01；P(waterlogging)=0.01；P(low_light)=0.01；P(sensor_anomaly)=0.01,,same_risk_state_consistent_with_previous_belief,图像显示健康，但环境传感器提示较高风险,hold,recheck_before_action,高风险 + 高不确定性 → 先复查，不直接执行动作,土壤湿度严重偏低；图像标签显示作物状态健康；环境和视觉存在冲突，降低直接执行可靠性；数据冲突：图像显示健康，但环境传感器提示较高风险；当前主风险与上一时刻状态信念一致，系统置信度上升,优先让机器人复查该区域并重新采样；若低湿状态连续出现，触发灌溉提醒,normal
2026-08-19 22:00,60.7,中高,0.68,0.280,0.680,0.009,0.008,0.008,0.008,0.007,35.0,中,drought,70.4,14.0,1.00,0.87,0.72,0.28,环境和视觉存在冲突，降低直接执行可靠性,P(healthy)=0.15；P(drought)=0.81；P(heat)=0.01；P(pest)=0.01；P(waterlogging)=0.01；P(low_light)=0.01；P(sensor_anomaly)=0.01,P(healthy)=0.90；P(drought)=0.02；P(heat)=0.02；P(pest)=0.02；P(waterlogging)=0.02；P(low_light)=0.02；P(sensor_anomaly)=0.01,P(healthy)=0.36；P(drought)=0.59；P(heat)=0.01；P(pest)=0.01；P(waterlogging)=0.01；P(low_light)=0.01；P(sensor_anomaly)=0.01,P(healthy)=0.28；P(drought)=0.68；P(heat)=0.01；P(pest)=0.01；P(waterlogging)=0.01；P(low_light)=0.01；P(sensor_anomaly)=0.01,,same_risk_state_consistent_with_previous_belief,图像显示健康，但环境传感器提示较高风险,hold,recheck_before_action,高风险 + 高不确定性 → 先复查，不直接执行动作,土壤湿度严重偏低；图像标签显示作物状态健康；环境和视觉存在冲突，降低直接执行可靠性；数据冲突：图像显示健康，但环境传感器提示较高风险；当前主风险与上一时刻状态信念一致，系统置信度上升,优先让机器人复查该区域并重新采样；若低湿状态连续出现，触发灌溉提醒,normal
2026-08-19 23:00,59.8,中,0.67,0.292,0.668,0.008,0.008,0.008,0.008,0.007,35.0,中,drought,70.4,13.6,1.00,0.89,0.72,0.28,环境和视觉存在冲突，降低直接执行可靠性,P(healthy)=0.15；P(drought)=0.81；P(heat)=0.01；P(pest)=0.01；P(waterlogging)=0.01；P(low_light)=0.01；P(sensor_anomaly)=0.01,P(healthy)=0.91；P(drought)=0.02；P(heat)=0.02；P(pest)=0.02；P(waterlogging)=0.02；P(low_light)=0.02；P(sensor_anomaly)=0.01,P(healthy)=0.36；P(drought)=0.59；P(heat)=0.01；P(pest)=0.01；P(waterlogging)=0.01；P(low_light)=0.01；P(sensor_anomaly)=0.01,P(healthy)=0.29；P(drought)=0.67；P(heat)=0.01；P(pest)=0.01；P(waterlogging)=0.01；P(low_light)=0.01；P(sensor_anomaly)=0.01,,same_risk_state_consistent_with_previous_belief,图像显示健康，但环境传感器提示较高风险,hold,resample_before_action,中风险 + 高不确定性 → 重新采样后再决策,土壤湿度严重偏低；图像标签显示作物状态健康；环境和视觉存在冲突，降低直接执行可靠性；数据冲突：图像显示健康，但环境传感器提示较高风险；当前主风险与上一时刻状态信念一致，系统置信度上升,优先让机器人复查该区域并重新采样；若低湿状态连续出现，触发灌溉提醒,normal
2026-08-20 00:00,59.4,中,0.66,0.296,0.663,0.008,0.008,0.008,0.008,0.007,35.0,中,drought,70.4,14.0,1.00,0.87,0.72,0.28,环境和视觉存在冲突，降低直接执行可靠性,P(healthy)=0.15；P(drought)=0.81；P(heat)=0.01；P(pest)=0.01；P(waterlogging)=0.01；P(low_light)=0.01；P(sensor_anomaly)=0.01,P(healthy)=0.90；P(drought)=0.02；P(heat)=0.02；P(pest)=0.02；P(waterlogging)=0.02；P(low_light)=0.02；P(sensor_anomaly)=0.01,P(healthy)=0.36；P(drought)=0.59；P(heat)=0.01；P(pest)=0.01；P(waterlogging)=0.01；P(low_light)=0.01；P(sensor_anomaly)=0.01,P(healthy)=0.30；P(drought)=0.66；P(heat)=0.01；P(pest)=0.01；P(waterlogging)=0.01；P(low_light)=0.01；P(sensor_anomaly)=0.01,,same_risk_state_consistent_with_previous_belief,图像显示健康，但环境传感器提示较高风险,hold,resample_before_action,中风险 + 高不确定性 → 重新采样后再决策,土壤湿度严重偏低；图像标签显示作物状态健康；环境和视觉存在冲突，降低直接执行可靠性；数据冲突：图像显示健康，但环境传感器提示较高风险；当前主风险与上一时刻状态信念一致，系统置信度上升,优先让机器人复查该区域并重新采样；若低湿状态连续出现，触发灌溉提醒,normal
2026-08-20 01:00,58.9,中,0.66,0.304,0.657,0.008,0.008,0.008,0.008,0.007,35.0,中,drought,70.4,13.1,1.00,0.92,0.71,0.29,环境和视觉存在冲突，降低直接执行可靠性,P(healthy)=0.15；P(drought)=0.81；P(heat)=0.01；P(pest)=0.01；P(waterlogging)=0.01；P(low_light)=0.01；P(sensor_anomaly)=0.01,P(healthy)=0.92；P(drought)=0.01；P(heat)=0.01；P(pest)=0.01；P(waterlogging)=0.01；P(low_light)=0.01；P(sensor_anomaly)=0.01,P(healthy)=0.37；P(drought)=0.58；P(heat)=0.01；P(pest)=0.01；P(waterlogging)=0.01；P(low_light)=0.01；P(sensor_anomaly)=0.01,P(healthy)=0.30；P(drought)=0.66；P(heat)=0.01；P(pest)=0.01；P(waterlogging)=0.01；P(low_light)=0.01；P(sensor_anomaly)=0.01,,same_risk_state_consistent_with_previous_belief,图像显示健康，但环境传感器提示较高风险,hold,resample_before_action,中风险 + 高不确定性 → 重新采样后再决策,土壤湿度严重偏低；图像标签显示作物状态健康；环境和视觉存在冲突，降低直接执行可靠性；数据冲突：图像显示健康，但环境传感器提示较高风险；当前主风险与上一时刻状态信念一致，系统置信度上升,优先让机器人复查该区域并重新采样；若低湿状态连续出现，触发灌溉提醒,normal
2026-08-20 02:00,59.0,中,0.66,0.303,0.657,0.008,0.008,0.008,0.008,0.007,35.0,中,drought,70.4,14.0,1.00,0.87,0.72,0.28,环境和视觉存在冲突，降低直接执行可靠性,P(healthy)=0.15；P(drought)=0.81；P(heat)=0.01；P(pest)=0.01；P(waterlogging)=0.01；P(low_light)=0.01；P(sensor_anomaly)=0.01,P(healthy)=0.90；P(drought)=0.02；P(heat)=0.02；P(pest)=0.02；P(waterlogging)=0.02；P(low_light)=0.02；P(sensor_anomaly)=0.01,P(healthy)=0.36；P(drought)=0.59；P(heat)=0.01；P(pest)=0.01；P(waterlogging)=0.01；P(low_light)=0.01；P(sensor_anomaly)=0.01,P(healthy)=0.30；P(drought)=0.66；P(heat)=0.01；P(pest)=0.01；P(waterlogging)=0.01；P(low_light)=0.01；P(sensor_anomaly)=0.01,,same_risk_state_consistent_with_previous_belief,图像显示健康，但环境传感器提示较高风险,hold,resample_before_action,中风险 + 高不确定性 → 重新采样后再决策,土壤湿度严重偏低；图像标签显示作物状态健康；环境和视觉存在冲突，降低直接执行可靠性；数据冲突：图像显示健康，但环境传感器提示较高风险；当前主风险与上一时刻状态信念一致，系统置信度上升,优先让机器人复查该区域并重新采样；若低湿状态连续出现，触发灌溉提醒,normal
2026-08-20 03:00,59.2,中,0.66,0.299,0.659,0.009,0.009,0.009,0.009,0.007,35.0,中,drought,70.4,14.5,1.00,0.84,0.73,0.27,环境和视觉存在冲突，降低直接执行可靠性,P(healthy)=0.15；P(drought)=0.81；P(heat)=0.01；P(pest)=0.01；P(waterlogging)=0.01；P(low_light)=0.01；P(sensor_anomaly)=0.01,P(healthy)=0.89；P(drought)=0.02；P(heat)=0.02；P(pest)=0.02；P(waterlogging)=0.02；P(low_light)=0.02；P(sensor_anomaly)=0.01,P(healthy)=0.35；P(drought)=0.60；P(heat)=0.01；P(pest)=0.01；P(waterlogging)=0.01；P(low_light)=0.01；P(sensor_anomaly)=0.01,P(healthy)=0.30；P(drought)=0.66；P(heat)=0.01；P(pest)=0.01；P(waterlogging)=0.01；P(low_light)=0.01；P(sensor_anomaly)=0.01,,same_risk_state_consistent_with_previous_belief,图像显示健康，但环境传感器提示较高风险,hold,resample_before_action,中风险 + 高不确定性 → 重新采样后再决策,土壤湿度严重偏低；图像标签显示作物状态健康；环境和视觉存在冲突，降低直接执行可靠性；数据冲突：图像显示健康，但环境传感器提示较高风险；当前主风险与上一时刻状态信念一致，系统置信度上升,优先让机器人复查该区域并重新采样；若低湿状态连续出现，触发灌溉提醒,normal
2026-08-20 04:00,59.4,中,0.66,0.296,0.662,0.009,0.009,0.009,0.009,0.007,35.0,中,drought,70.4,14.7,1.00,0.83,0.73,0.27,环境和视觉存在冲突，降低直接执行可靠性,P(healthy)=0.15；P(drought)=0.81；P(heat)=0.01；P(pest)=0.01；P(waterlogging)=0.01；P(low_light)=0.01；P(sensor_anomaly)=0.01,P(healthy)=0.89；P(drought)=0.02；P(heat)=0.02；P(pest)=0.02；P(waterlogging)=0.02；P(low_light)=0.02；P(sensor_anomaly)=0.01,P(healthy)=0.35；P(drought)=0.60；P(heat)=0.01；P(pest)=0.01；P(waterlogging)=0.01；P(low_light)=0.01；P(sensor_anomaly)=0.01,P(healthy)=0.30；P(drought)=0.66；P(heat)=0.01；P(pest)=0.01；P(waterlogging)=0.01；P(low_light)=0.01；P(sensor_anomaly)=0.01,,same_risk_state_consistent_with_previous_belief,图像显示健康，但环境传感器提示较高风险,hold,resample_before_action,中风险 + 高不确定性 → 重新采样后再决策,土壤湿度严重偏低；图像标签显示作物状态健康；环境和视觉存在冲突，降低直接执行可靠性；数据冲突：图像显示健康，但环境传感器提示较高风险；当前主风险与上一时刻状态信念一致，系统置信度上升,优先让机器人复查该区域并重新采样；若低湿状态连续出现，触发灌溉提醒,normal
2026-08-20 05:00,59.4,中,0.66,0.297,0.661,0.009,0.009,0.009,0.009,0.007,35.0,中,drought,70.4,14.3,1.00,0.85,0.73,0.27,环境和视觉存在冲突，降低直接执行可靠性,P(healthy)=0.15；P(drought)=0.81；P(heat)=0.01；P(pest)=0.01；P(waterlogging)=0.01；P(low_light)=0.01；P(sensor_anomaly)=0.01,P(healthy)=0.90；P(drought)=0.02；P(heat)=0.02；P(pest)=0.02；P(waterlogging)=0.02；P(low_light)=0.02；P(sensor_anomaly)=0.01,P(healthy)=0.35；P(drought)=0.60；P(heat)=0.01；P(pest)=0.01；P(waterlogging)=0.01；P(low_light)=0.01；P(sensor_anomaly)=0.01,P(healthy)=0.30；P(drought)=0.66；P(heat)=0.01；P(pest)=0.01；P(waterlogging)=0.01；P(low_light)=0.01；P(sensor_anomaly)=0.01,,same_risk_state_consistent_with_previous_belief,图像显示健康，但环境传感器提示较高风险,hold,resample_before_action,中风险 + 高不确定性 → 重新采样后再决策,土壤湿度严重偏低；图像标签显示作物状态健康；环境和视觉存在冲突，降低直接执行可靠性；数据冲突：图像显示健康，但环境传感器提示较高风险；当前主风险与上一时刻状态信念一致，系统置信度上升,优先让机器人复查该区域并重新采样；若低湿状态连续出现，触发灌溉提醒,normal
2026-08-20 06:00,64.8,中高,0.72,0.223,0.720,0.008,0.017,0.017,0.008,0.007,44.0,中,drought,70.4,57.4,1.00,0.37,0.89,0.11,视觉置信度低，降低视觉模态权重,P(healthy)=0.15；P(drought)=0.81；P(heat)=0.01；P(pest)=0.01；P(waterlogging)=0.01；P(low_light)=0.01；P(sensor_anomaly)=0.01,P(healthy)=0.27；P(drought)=0.22；P(heat)=0.02；P(pest)=0.22；P(waterlogging)=0.22；P(low_light)=0.02；P(sensor_anomaly)=0.02,P(healthy)=0.16；P(drought)=0.75；P(heat)=0.01；P(pest)=0.03；P(waterlogging)=0.03；P(low_light)=0.01；P(sensor_anomaly)=0.01,P(healthy)=0.22；P(drought)=0.72；P(heat)=0.01；P(pest)=0.02；P(waterlogging)=0.02；P(low_light)=0.01；P(sensor_anomaly)=0.01,,same_risk_state_consistent_with_previous_belief,,hold,recheck_before_action,高风险 + 高不确定性 → 先复查，不直接执行动作,土壤湿度严重偏低；图像标签未知；视觉置信度不足，不能单独作为强决策依据；视觉置信度低，降低视觉模态权重；当前主风险与上一时刻状态信念一致，系统置信度上升,优先让机器人复查该区域并重新采样；若低湿状态连续出现，触发灌溉提醒,normal
2026-08-20 07:00,69.2,中高,0.78,0.164,0.779,0.008,0.017,0.017,0.008,0.007,0.0,低,drought,70.4,77.4,1.00,0.85,0.66,0.34,,P(healthy)=0.15；P(drought)=0.81；P(heat)=0.01；P(pest)=0.01；P(waterlogging)=0.01；P(low_light)=0.01；P(sensor_anomaly)=0.01,P(healthy)=0.04；P(drought)=0.83；P(heat)=0.01；P(pest)=0.05；P(waterlogging)=0.05；P(low_light)=0.01；P(sensor_anomaly)=0.01,P(healthy)=0.11；P(drought)=0.82；P(heat)=0.01；P(pest)=0.02；P(waterlogging)=0.02；P(low_light)=0.01；P(sensor_anomaly)=0.01,P(healthy)=0.16；P(drought)=0.78；P(heat)=0.01；P(pest)=0.02；P(waterlogging)=0.02；P(low_light)=0.01；P(sensor_anomaly)=0.01,,same_risk_state_consistent_with_previous_belief,,execute,execute_recommended_action,高风险 + 低不确定性 → 允许执行建议动作,土壤湿度严重偏低；图像标签疑似干旱；当前主风险与上一时刻状态信念一致，系统置信度上升,若低湿状态连续出现，触发灌溉提醒,normal
2026-08-20 08:00,71.3,中高,0.81,0.135,0.807,0.008,0.017,0.017,0.008,0.007,0.0,低,drought,70.4,76.0,1.00,0.78,0.68,0.32,,P(healthy)=0.15；P(drought)=0.81；P(heat)=0.01；P(pest)=0.01；P(waterlogging)=0.01；P(low_light)=0.01；P(sensor_anomaly)=0.01,P(healthy)=0.06；P(drought)=0.80；P(heat)=0.01；P(pest)=0.05；P(waterlogging)=0.05；P(low_light)=0.01；P(sensor_anomaly)=0.01,P(healthy)=0.12；P(drought)=0.81；P(heat)=0.01；P(pest)=0.02；P(waterlogging)=0.02；P(low_light)=0.01；P(sensor_anomaly)=0.01,P(healthy)=0.13；P(drought)=0.81；P(heat)=0.01；P(pest)=0.02；P(waterlogging)=0.02；P(low_light)=0.01；P(sensor_anomaly)=0.01,,same_risk_state_consistent_with_previous_belief,,execute,execute_recommended_action,高风险 + 低不确定性 → 允许执行建议动作,土壤湿度严重偏低；图像标签疑似干旱；当前主风险与上一时刻状态信念一致，系统置信度上升,若低湿状态连续出现，触发灌溉提醒,normal
2026-08-20 09:00,73.1,中高,0.76,0.105,0.765,0.082,0.017,0.017,0.007,0.007,0.0,低,drought,72.0,77.4,1.00,0.85,0.66,0.34,,P(healthy)=0.11；P(drought)=0.57；P(heat)=0.30；P(pest)=0.01；P(waterlogging)=0.01；P(low_light)=0.01；P(sensor_anomaly)=0.01,P(healthy)=0.04；P(drought)=0.83；P(heat)=0.01；P(pest)=0.05；P(waterlogging)=0.05；P(low_light)=0.01；P(sensor_anomaly)=0.01,P(healthy)=0.08；P(drought)=0.66；P(heat)=0.20；P(pest)=0.02；P(waterlogging)=0.02；P(low_light)=0.01；P(sensor_anomaly)=0.01,P(healthy)=0.11；P(drought)=0.76；P(heat)=0.08；P(pest)=0.02；P(waterlogging)=0.02；P(low_light)=0.01；P(sensor_anomaly)=0.01,,same_risk_state_consistent_with_previous_belief,,execute,execute_recommended_action,高风险 + 低不确定性 → 允许执行建议动作,土壤湿度严重偏低；图像标签疑似干旱；当前主风险与上一时刻状态信念一致，系统置信度上升,若低湿状态连续出现，触发灌溉提醒,normal
2026-08-20 10:00,73.9,中高,0.74,0.091,0.738,0.124,0.017,0.017,0.007,0.007,0.0,低,drought,72.0,76.4,1.00,0.80,0.67,0.33,,P(healthy)=0.11；P(drought)=0.57；P(heat)=0.30；P(pest)=0.01；P(waterlogging)=0.01；P(low_light)=0.01；P(sensor_anomaly)=0.01,P(healthy)=0.06；P(drought)=0.81；P(heat)=0.01；P(pest)=0.05；P(waterlogging)=0.05；P(low_light)=0.01；P(sensor_anomaly)=0.01,P(healthy)=0.09；P(drought)=0.65；P(heat)=0.21；P(pest)=0.02；P(waterlogging)=0.02；P(low_light)=0.01；P(sensor_anomaly)=0.01,P(healthy)=0.09；P(drought)=0.74；P(heat)=0.12；P(pest)=0.02；P(waterlogging)=0.02；P(low_light)=0.01；P(sensor_anomaly)=0.01,,same_risk_state_consistent_with_previous_belief,,execute,execute_recommended_action,高风险 + 低不确定性 → 允许执行建议动作,土壤湿度严重偏低；图像标签疑似干旱；当前主风险与上一时刻状态信念一致，系统置信度上升,若低湿状态连续出现，触发灌溉提醒,normal
2026-08-20 11:00,74.6,中高,0.73,0.080,0.730,0.144,0.017,0.017,0.006,0.006,0.0,低,drought,72.0,78.1,1.00,0.89,0.65,0.35,,P(healthy)=0.11；P(drought)=0.57；P(heat)=0.30；P(pest)=0.01；P(waterlogging)=0.01；P(low_light)=0.01；P(sensor_anomaly)=0.01,P(healthy)=0.03；P(drought)=0.84；P(heat)=0.01；P(pest)=0.05；P(waterlogging)=0.05；P(low_light)=0.01；P(sensor_anomaly)=0.01,P(healthy)=0.08；P(drought)=0.67；P(heat)=0.20；P(pest)=0.02；P(waterlogging)=0.02；P(low_light)=0.01；P(sensor_anomaly)=0.01,P(healthy)=0.08；P(drought)=0.73；P(heat)=0.14；P(pest)=0.02；P(waterlogging)=0.02；P(low_light)=0.01；P(sensor_anomaly)=0.01,,same_risk_state_consistent_with_previous_belief,,execute,execute_recommended_action,高风险 + 低不确定性 → 允许执行建议动作,土壤湿度严重偏低；图像标签疑似干旱；当前主风险与上一时刻状态信念一致，系统置信度上升,若低湿状态连续出现，触发灌溉提醒,normal
2026-08-20 12:00,74.2,中高,0.78,0.090,0.781,0.081,0.017,0.017,0.007,0.007,0.0,低,drought,70.4,76.0,1.00,0.78,0.68,0.32,,P(healthy)=0.15；P(drought)=0.81；P(heat)=0.01；P(pest)=0.01；P(waterlogging)=0.01；P(low_light)=0.01；P(sensor_anomaly)=0.01,P(healthy)=0.06；P(drought)=0.80；P(heat)=0.01；P(pest)=0.05；P(waterlogging)=0.05；P(low_light)=0.01；P(sensor_anomaly)=0.01,P(healthy)=0.12；P(drought)=0.81；P(heat)=0.01；P(pest)=0.02；P(waterlogging)=0.02；P(low_light)=0.01；P(sensor_anomaly)=0.01,P(healthy)=0.09；P(drought)=0.78；P(heat)=0.08；P(pest)=0.02；P(waterlogging)=0.02；P(low_light)=0.01；P(sensor_anomaly)=0.01,,same_risk_state_consistent_with_previous_belief,,execute,execute_recommended_action,高风险 + 低不确定性 → 允许执行建议动作,土壤湿度严重偏低；图像标签疑似干旱；当前主风险与上一时刻状态信念一致，系统置信度上升,若低湿状态连续出现，触发灌溉提醒,normal
2026-08-20 13:00,74.0,中高,0.81,0.095,0.809,0.047,0.017,0.017,0.007,0.007,0.0,低,drought,70.4,76.0,1.00,0.78,0.68,0.32,,P(healthy)=0.15；P(drought)=0.81；P(heat)=0.01；P(pest)=0.01；P(waterlogging)=0.01；P(low_light)=0.01；P(sensor_anomaly)=0.01,P(healthy)=0.06；P(drought)=0.80；P(heat)=0.01；P(pest)=0.05；P(waterlogging)=0.05；P(low_light)=0.01；P(sensor_anomaly)=0.01,P(healthy)=0.12；P(drought)=0.81；P(heat)=0.01；P(pest)=0.02；P(waterlogging)=0.02；P(low_light)=0.01；P(sensor_anomaly)=0.01,P(healthy)=0.10；P(drought)=0.81；P(heat)=0.05；P(pest)=0.02；P(waterlogging)=0.02；P(low_light)=0.01；P(sensor_anomaly)=0.01,,same_risk_state_consistent_with_previous_belief,,execute,execute_recommended_action,高风险 + 低不确定性 → 允许执行建议动作,土壤湿度严重偏低；图像标签疑似干旱；当前主风险与上一时刻状态信念一致，系统置信度上升,若低湿状态连续出现，触发灌溉提醒,normal
2026-08-20 14:00,73.8,中高,0.82,0.100,0.822,0.029,0.017,0.017,0.007,0.007,0.0,低,drought,70.4,75.2,1.00,0.74,0.69,0.31,,P(healthy)=0.15；P(drought)=0.81；P(heat)=0.01；P(pest)=0.01；P(waterlogging)=0.01；P(low_light)=0.01；P(sensor_anomaly)=0.01,P(healthy)=0.07；P(drought)=0.79；P(heat)=0.01；P(pest)=0.05；P(waterlogging)=0.05；P(low_light)=0.01；P(sensor_anomaly)=0.01,P(healthy)=0.13；P(drought)=0.81；P(heat)=0.01；P(pest)=0.02；P(waterlogging)=0.02；P(low_light)=0.01；P(sensor_anomaly)=0.01,P(healthy)=0.10；P(drought)=0.82；P(heat)=0.03；P(pest)=0.02；P(waterlogging)=0.02；P(low_light)=0.01；P(sensor_anomaly)=0.01,,same_risk_state_consistent_with_previous_belief,,execute,execute_recommended_action,高风险 + 低不确定性 → 允许执行建议动作,土壤湿度严重偏低；图像标签疑似干旱；当前主风险与上一时刻状态信念一致，系统置信度上升,若低湿状态连续出现，触发灌溉提醒,normal
2026-08-20 15:00,74.1,中高,0.76,0.091,0.765,0.097,0.017,0.017,0.007,0.007,0.0,低,drought,72.0,75.2,1.00,0.74,0.69,0.31,,P(healthy)=0.11；P(drought)=0.57；P(heat)=0.30；P(pest)=0.01；P(waterlogging)=0.01；P(low_light)=0.01；P(sensor_anomaly)=0.01,P(healthy)=0.07；P(drought)=0.79；P(heat)=0.01；P(pest)=0.05；P(waterlogging)=0.05；P(low_light)=0.01；P(sensor_anomaly)=0.01,P(healthy)=0.09；P(drought)=0.64；P(heat)=0.21；P(pest)=0.02；P(waterlogging)=0.02；P(low_light)=0.01；P(sensor_anomaly)=0.01,P(healthy)=0.09；P(drought)=0.76；P(heat)=0.10；P(pest)=0.02；P(waterlogging)=0.02；P(low_light)=0.01；P(sensor_anomaly)=0.01,,same_risk_state_consistent_with_previous_belief,,execute,execute_recommended_action,高风险 + 低不确定性 → 允许执行建议动作,土壤湿度严重偏低；图像标签疑似干旱；当前主风险与上一时刻状态信念一致，系统置信度上升,若低湿状态连续出现，触发灌溉提醒,normal
2026-08-20 16:00,74.3,中高,0.80,0.091,0.804,0.056,0.017,0.017,0.007,0.007,0.0,低,drought,70.4,77.9,1.00,0.88,0.65,0.35,,P(healthy)=0.15；P(drought)=0.81；P(heat)=0.01；P(pest)=0.01；P(waterlogging)=0.01；P(low_light)=0.01；P(sensor_anomaly)=0.01,P(healthy)=0.04；P(drought)=0.84；P(heat)=0.01；P(pest)=0.05；P(waterlogging)=0.05；P(low_light)=0.01；P(sensor_anomaly)=0.01,P(healthy)=0.11；P(drought)=0.82；P(heat)=0.01；P(pest)=0.02；P(waterlogging)=0.02；P(low_light)=0.01；P(sensor_anomaly)=0.01,P(healthy)=0.09；P(drought)=0.80；P(heat)=0.06；P(pest)=0.02；P(waterlogging)=0.02；P(low_light)=0.01；P(sensor_anomaly)=0.01,,same_risk_state_consistent_with_previous_belief,,execute,execute_recommended_action,高风险 + 低不确定性 → 允许执行建议动作,土壤湿度严重偏低；图像标签疑似干旱；当前主风险与上一时刻状态信念一致，系统置信度上升,若低湿状态连续出现，触发灌溉提醒,normal
2026-08-20 17:00,74.0,中高,0.82,0.096,0.821,0.033,0.017,0.017,0.007,0.007,0.0,低,drought,70.4,76.0,1.00,0.78,0.68,0.32,,P(healthy)=0.15；P(drought)=0.81；P(heat)=0.01；P(pest)=0.01；P(waterlogging)=0.01；P(low_light)=0.01；P(sensor_anomaly)=0.01,P(healthy)=0.06；P(drought)=0.80；P(heat)=0.01；P(pest)=0.05；P(waterlogging)=0.05；P(low_light)=0.01；P(sensor_anomaly)=0.01,P(healthy)=0.12；P(drought)=0.81；P(heat)=0.01；P(pest)=0.02；P(waterlogging)=0.02；P(low_light)=0.01；P(sensor_anomaly)=0.01,P(healthy)=0.10；P(drought)=0.82；P(heat)=0.03；P(pest)=0.02；P(waterlogging)=0.02；P(low_light)=0.01；P(sensor_anomaly)=0.01,,same_risk_state_consistent_with_previous_belief,,execute,execute_recommended_action,高风险 + 低不确定性 → 允许执行建议动作,土壤湿度严重偏低；图像标签疑似干旱；当前主风险与上一时刻状态信念一致，系统置信度上升,若低湿状态连续出现，触发灌溉提醒,normal
2026-08-20 18:00,66.5,中高,0.74,0.200,0.738,0.021,0.013,0.013,0.007,0.007,35.0,中,drought,70.4,12.5,1.00,0.96,0.70,0.30,环境和视觉存在冲突，降低直接执行可靠性,P(healthy)=0.15；P(drought)=0.81；P(heat)=0.01；P(pest)=0.01；P(waterlogging)=0.01；P(low_light)=0.01；P(sensor_anomaly)=0.01,P(healthy)=0.93；P(drought)=0.01；P(heat)=0.01；P(pest)=0.01；P(waterlogging)=0.01；P(low_light)=0.01；P(sensor_anomaly)=0.01,P(healthy)=0.38；P(drought)=0.57；P(heat)=0.01；P(pest)=0.01；P(waterlogging)=0.01；P(low_light)=0.01；P(sensor_anomaly)=0.01,P(healthy)=0.20；P(drought)=0.74；P(heat)=0.02；P(pest)=0.01；P(waterlogging)=0.01；P(low_light)=0.01；P(sensor_anomaly)=0.01,,same_risk_state_consistent_with_previous_belief,图像显示健康，但环境传感器提示较高风险,hold,recheck_before_action,高风险 + 高不确定性 → 先复查，不直接执行动作,土壤湿度严重偏低；图像标签显示作物状态健康；环境和视觉存在冲突，降低直接执行可靠性；数据冲突：图像显示健康，但环境传感器提示较高风险；当前主风险与上一时刻状态信念一致，系统置信度上升,优先让机器人复查该区域并重新采样；若低湿状态连续出现，触发灌溉提醒,normal
2026-08-20 19:00,63.1,中高,0.70,0.246,0.702,0.015,0.011,0.011,0.008,0.007,35.0,中,drought,70.4,14.1,1.00,0.86,0.72,0.28,环境和视觉存在冲突，降低直接执行可靠性,P(healthy)=0.15；P(drought)=0.81；P(heat)=0.01；P(pest)=0.01；P(waterlogging)=0.01；P(low_light)=0.01；P(sensor_anomaly)=0.01,P(healthy)=0.90；P(drought)=0.02；P(heat)=0.02；P(pest)=0.02；P(waterlogging)=0.02；P(low_light)=0.02；P(sensor_anomaly)=0.01,P(healthy)=0.36；P(drought)=0.59；P(heat)=0.01；P(pest)=0.01；P(waterlogging)=0.01；P(low_light)=0.01；P(sensor_anomaly)=0.01,P(healthy)=0.25；P(drought)=0.70；P(heat)=0.02；P(pest)=0.01；P(waterlogging)=0.01；P(low_light)=0.01；P(sensor_anomaly)=0.01,,same_risk_state_consistent_with_previous_belief,图像显示健康，但环境传感器提示较高风险,hold,recheck_before_action,高风险 + 高不确定性 → 先复查，不直接执行动作,土壤湿度严重偏低；图像标签显示作物状态健康；环境和视觉存在冲突，降低直接执行可靠性；数据冲突：图像显示健康，但环境传感器提示较高风险；当前主风险与上一时刻状态信念一致，系统置信度上升,优先让机器人复查该区域并重新采样；若低湿状态连续出现，触发灌溉提醒,normal
2026-08-20 20:00,60.7,中高,0.68,0.279,0.675,0.012,0.009,0.009,0.008,0.007,35.0,中,drought,70.4,12.6,1.00,0.95,0.70,0.30,环境和视觉存在冲突，降低直接执行可靠性,P(healthy)=0.15；P(drought)=0.81；P(heat)=0.01；P(pest)=0.01；P(waterlogging)=0.01；P(low_light)=0.01；P(sensor_anomaly)=0.01,P(healthy)=0.92；P(drought)=0.01；P(heat)=0.01；P(pest)=0.01；P(waterlogging)=0.01；P(low_light)=0.01；P(sensor_anomaly)=0.01,P(healthy)=0.38；P(drought)=0.58；P(heat)=0.01；P(pest)=0.01；P(waterlogging)=0.01；P(low_light)=0.01；P(sensor_anomaly)=0.01,P(healthy)=0.28；P(drought)=0.68；P(heat)=0.01；P(pest)=0.01；P(waterlogging)=0.01；P(low_light)=0.01；P(sensor_anomaly)=0.01,,same_risk_state_consistent_with_previous_belief,图像显示健康，但环境传感器提示较高风险,hold,recheck_before_action,高风险 + 高不确定性 → 先复查，不直接执行动作,土壤湿度严重偏低；图像标签显示作物状态健康；环境和视觉存在冲突，降低直接执行可靠性；数据冲突：图像显示健康，但环境传感器提示较高风险；当前主风险与上一时刻状态信念一致，系统置信度上升,优先让机器人复查该区域并重新采样；若低湿状态连续出现，触发灌溉提醒,normal
2026-08-20 21:00,59.9,中,0.67,0.291,0.666,0.010,0.009,0.009,0.008,0.007,35.0,中,drought,70.4,13.8,1.00,0.88,0.72,0.28,环境和视觉存在冲突，降低直接执行可靠性,P(healthy)=0.15；P(drought)=0.81；P(heat)=0.01；P(pest)=0.01；P(waterlogging)=0.01；P(low_light)=0.01；P(sensor_anomaly)=0.01,P(healthy)=0.91；P(drought)=0.02；P(heat)=0.02；P(pest)=0.02；P(waterlogging)=0.02；P(low_light)=0.02；P(sensor_anomaly)=0.01,P(healthy)=0.36；P(drought)=0.59；P(heat)=0.01；P(pest)=0.01；P(waterlogging)=0.01；P(low_light)=0.01；P(sensor_anomaly)=0.01,P(healthy)=0.29；P(drought)=0.67；P(heat)=0.01；P(pest)=0.01；P(waterlogging)=0.01；P(low_light)=0.01；P(sensor_anomaly)=0.01,,same_risk_state_consistent_with_previous_belief,图像显示健康，但环境传感器提示较高风险,hold,resample_before_action,中风险 + 高不确定性 → 重新采样后再决策,土壤湿度严重偏低；图像标签显示作物状态健康；环境和视觉存在冲突，降低直接执行可靠性；数据冲突：图像显示健康，但环境传感器提示较高风险；当前主风险与上一时刻状态信念一致，系统置信度上升,优先让机器人复查该区域并重新采样；若低湿状态连续出现，触发灌溉提醒,normal
2026-08-20 22:00,58.2,中,0.64,0.312,0.639,0.011,0.010,0.010,0.010,0.008,35.0,中,drought,64.7,14.7,1.00,0.83,0.73,0.27,环境和视觉存在冲突，降低直接执行可靠性,P(healthy)=0.22；P(drought)=0.72；P(heat)=0.01；P(pest)=0.01；P(waterlogging)=0.01；P(low_light)=0.01；P(sensor_anomaly)=0.01,P(healthy)=0.89；P(drought)=0.02；P(heat)=0.02；P(pest)=0.02；P(waterlogging)=0.02；P(low_light)=0.02；P(sensor_anomaly)=0.01,P(healthy)=0.40；P(drought)=0.53；P(heat)=0.01；P(pest)=0.01；P(waterlogging)=0.01；P(low_light)=0.01；P(sensor_anomaly)=0.01,P(healthy)=0.31；P(drought)=0.64；P(heat)=0.01；P(pest)=0.01；P(waterlogging)=0.01；P(low_light)=0.01；P(sensor_anomaly)=0.01,,same_risk_state_consistent_with_previous_belief,图像显示健康，但环境传感器提示较高风险,hold,resample_before_action,中风险 + 高不确定性 → 重新采样后再决策,土壤湿度偏低；图像标签显示作物状态健康；环境和视觉存在冲突，降低直接执行可靠性；数据冲突：图像显示健康，但环境传感器提示较高风险；当前主风险与上一时刻状态信念一致，系统置信度上升,优先让机器人复查该区域并重新采样；若低湿状态连续出现，触发灌溉提醒,normal
2026-08-20 23:00,57.1,中,0.62,0.326,0.623,0.011,0.010,0.010,0.010,0.009,35.0,中,drought,64.7,14.3,1.00,0.85,0.73,0.27,环境和视觉存在冲突，降低直接执行可靠性,P(healthy)=0.22；P(drought)=0.72；P(heat)=0.01；P(pest)=0.01；P(waterlogging)=0.01；P(low_light)=0.01；P(sensor_anomaly)=0.01,P(healthy)=0.90；P(drought)=0.02；P(heat)=0.02；P(pest)=0.02；P(waterlogging)=0.02；P(low_light)=0.02；P(sensor_anomaly)=0.01,P(healthy)=0.41；P(drought)=0.53；P(heat)=0.01；P(pest)=0.01；P(waterlogging)=0.01；P(low_light)=0.01；P(sensor_anomaly)=0.01,P(healthy)=0.33；P(drought)=0.62；P(heat)=0.01；P(pest)=0.01；P(waterlogging)=0.01；P(low_light)=0.01；P(sensor_anomaly)=0.01,,same_risk_state_consistent_with_previous_belief,图像显示健康，但环境传感器提示较高风险,hold,resample_before_action,中风险 + 高不确定性 → 重新采样后再决策,土壤湿度偏低；图像标签显示作物状态健康；环境和视觉存在冲突，降低直接执行可靠性；数据冲突：图像显示健康，但环境传感器提示较高风险；当前主风险与上一时刻状态信念一致，系统置信度上升,优先让机器人复查该区域并重新采样；若低湿状态连续出现，触发灌溉提醒,normal
2026-08-21 00:00,43.7,中,0.41,0.506,0.413,0.010,0.010,0.045,0.009,0.008,2.0,低,drought,10.5,14.7,1.00,0.83,0.66,0.34,,P(healthy)=0.96；P(drought)=0.01；P(heat)=0.01；P(pest)=0.01；P(waterlogging)=0.01；P(low_light)=0.01；P(sensor_anomaly)=0.01,P(healthy)=0.89；P(drought)=0.02；P(heat)=0.02；P(pest)=0.02；P(waterlogging)=0.02；P(low_light)=0.02；P(sensor_anomaly)=0.01,P(healthy)=0.94；P(drought)=0.01；P(heat)=0.01；P(pest)=0.01；P(waterlogging)=0.01；P(low_light)=0.01；P(sensor_anomaly)=0.01,P(healthy)=0.51；P(drought)=0.41；P(heat)=0.01；P(pest)=0.01；P(waterlogging)=0.04；P(low_light)=0.01；P(sensor_anomaly)=0.01,persistent_wet_condition_6h,same_risk_state_consistent_with_previous_belief,,hold,monitor_more_context,风险或不确定性处于中间状态 → 继续观察并收集更多上下文,环境传感器指标处于正常范围；图像标签显示作物状态健康；最近 6 小时存在持续湿润或降雨，积水状态概率上升；当前主风险与上一时刻状态信念一致，系统置信度上升,若低湿状态连续出现，触发灌溉提醒,normal
2026-08-21 01:00,32.7,低,0.65,0.653,0.243,0.009,0.009,0.068,0.009,0.008,0.0,低,healthy,10.5,13.4,1.00,0.90,0.64,0.36,,P(healthy)=0.96；P(drought)=0.01；P(heat)=0.01；P(pest)=0.01；P(waterlogging)=0.01；P(low_light)=0.01；P(sensor_anomaly)=0.01,P(healthy)=0.91；P(drought)=0.02；P(heat)=0.02；P(pest)=0.02；P(waterlogging)=0.02；P(low_light)=0.02；P(sensor_anomaly)=0.01,P(healthy)=0.94；P(drought)=0.01；P(heat)=0.01；P(pest)=0.01；P(waterlogging)=0.01；P(low_light)=0.01；P(sensor_anomaly)=0.01,P(healthy)=0.65；P(drought)=0.24；P(heat)=0.01；P(pest)=0.01；P(waterlogging)=0.07；P(low_light)=0.01；P(sensor_anomaly)=0.01,persistent_wet_condition_6h,,,observe,routine_patrol,低风险 + 低不确定性 → 常规巡检,环境传感器指标处于正常范围；图像标签显示作物状态健康；最近 6 小时存在持续湿润或降雨，积水状态概率上升,继续常规巡检,normal
2026-08-21 02:00,26.4,低,0.74,0.738,0.145,0.009,0.009,0.082,0.009,0.008,0.0,低,healthy,10.5,14.0,1.00,0.87,0.65,0.35,,P(healthy)=0.96；P(drought)=0.01；P(heat)=0.01；P(pest)=0.01；P(waterlogging)=0.01；P(low_light)=0.01；P(sensor_anomaly)=0.01,P(healthy)=0.90；P(drought)=0.02；P(heat)=0.02；P(pest)=0.02；P(waterlogging)=0.02；P(low_light)=0.02；P(sensor_anomaly)=0.01,P(healthy)=0.94；P(drought)=0.01；P(heat)=0.01；P(pest)=0.01；P(waterlogging)=0.01；P(low_light)=0.01；P(sensor_anomaly)=0.01,P(healthy)=0.74；P(drought)=0.15；P(heat)=0.01；P(pest)=0.01；P(waterlogging)=0.08；P(low_light)=0.01；P(sensor_anomaly)=0.01,persistent_wet_condition_6h,,,observe,routine_patrol,低风险 + 低不确定性 → 常规巡检,环境传感器指标处于正常范围；图像标签显示作物状态健康；最近 6 小时存在持续湿润或降雨，积水状态概率上升,继续常规巡检,normal
2026-08-21 03:00,20.2,低,0.82,0.823,0.088,0.010,0.010,0.052,0.010,0.008,0.0,低,healthy,10.5,13.6,1.00,0.89,0.65,0.35,,P(healthy)=0.96；P(drought)=0.01；P(heat)=0.01；P(pest)=0.01；P(waterlogging)=0.01；P(low_light)=0.01；P(sensor_anomaly)=0.01,P(healthy)=0.91；P(drought)=0.02；P(heat)=0.02；P(pest)=0.02；P(waterlogging)=0.02；P(low_light)=0.02；P(sensor_anomaly)=0.01,P(healthy)=0.94；P(drought)=0.01；P(heat)=0.01；P(pest)=0.01；P(waterlogging)=0.01；P(low_light)=0.01；P(sensor_anomaly)=0.01,P(healthy)=0.82；P(drought)=0.09；P(heat)=0.01；P(pest)=0.01；P(waterlogging)=0.05；P(low_light)=0.01；P(sensor_anomaly)=0.01,,,,observe,routine_patrol,低风险 + 低不确定性 → 常规巡检,环境传感器指标处于正常范围；图像标签显示作物状态健康,继续常规巡检,normal
2026-08-21 04:00,45.0,中,0.27,0.659,0.266,0.010,0.010,0.035,0.010,0.009,47.0,中,drought,64.7,12.5,1.00,0.96,0.70,0.30,环境和视觉存在冲突，降低直接执行可靠性,P(healthy)=0.22；P(drought)=0.72；P(heat)=0.01；P(pest)=0.01；P(waterlogging)=0.01；P(low_light)=0.01；P(sensor_anomaly)=0.01,P(healthy)=0.93；P(drought)=0.01；P(heat)=0.01；P(pest)=0.01；P(waterlogging)=0.01；P(low_light)=0.01；P(sensor_anomaly)=0.01,P(healthy)=0.43；P(drought)=0.51；P(heat)=0.01；P(pest)=0.01；P(waterlogging)=0.01；P(low_light)=0.01；P(sensor_anomaly)=0.01,P(healthy)=0.66；P(drought)=0.27；P(heat)=0.01；P(pest)=0.01；P(waterlogging)=0.03；P(low_light)=0.01；P(sensor_anomaly)=0.01,,,图像显示健康，但环境传感器提示较高风险,hold,resample_before_action,中风险 + 高不确定性 → 重新采样后再决策,土壤湿度偏低；图像标签显示作物状态健康；环境和视觉存在冲突，降低直接执行可靠性；数据冲突：图像显示健康，但环境传感器提示较高风险,优先让机器人复查该区域并重新采样；若低湿状态连续出现，触发灌溉提醒,normal
2026-08-21 05:00,46.6,中,0.36,0.452,0.363,0.011,0.124,0.030,0.011,0.010,12.0,低,drought,64.7,69.1,1.00,0.82,0.67,0.33,,P(healthy)=0.22；P(drought)=0.72；P(heat)=0.01；P(pest)=0.01；P(waterlogging)=0.01；P(low_light)=0.01；P(sensor_anomaly)=0.01,P(healthy)=0.05；P(drought)=0.05；P(heat)=0.01；P(pest)=0.82；P(waterlogging)=0.05；P(low_light)=0.01；P(sensor_anomaly)=0.01,P(healthy)=0.17；P(drought)=0.50；P(heat)=0.01；P(pest)=0.28；P(waterlogging)=0.02；P(low_light)=0.01；P(sensor_anomaly)=0.01,P(healthy)=0.45；P(drought)=0.36；P(heat)=0.01；P(pest)=0.12；P(waterlogging)=0.03；P(low_light)=0.01；P(sensor_anomaly)=0.01,,,,hold,monitor_more_context,风险或不确定性处于中间状态 → 继续观察并收集更多上下文,土壤湿度偏低；图像标签疑似病虫害,若低湿状态连续出现，触发灌溉提醒,normal
2026-08-21 06:00,45.3,中,0.22,0.464,0.217,0.013,0.078,0.205,0.013,0.012,47.0,中,drought,56.0,13.1,1.00,0.92,0.71,0.29,环境和视觉存在冲突，降低直接执行可靠性,P(healthy)=0.30；P(drought)=0.02；P(heat)=0.02；P(pest)=0.02；P(waterlogging)=0.62；P(low_light)=0.02；P(sensor_anomaly)=0.02,P(healthy)=0.92；P(drought)=0.01；P(heat)=0.01；P(pest)=0.01；P(waterlogging)=0.01；P(low_light)=0.01；P(sensor_anomaly)=0.01,P(healthy)=0.48；P(drought)=0.01；P(heat)=0.01；P(pest)=0.01；P(waterlogging)=0.45；P(low_light)=0.01；P(sensor_anomaly)=0.01,P(healthy)=0.46；P(drought)=0.22；P(heat)=0.01；P(pest)=0.08；P(waterlogging)=0.20；P(low_light)=0.01；P(sensor_anomaly)=0.01,,,图像显示健康，但环境传感器提示较高风险,hold,resample_before_action,中风险 + 高不确定性 → 重新采样后再决策,短时降雨量较高；图像标签显示作物状态健康；环境和视觉存在冲突，降低直接执行可靠性；数据冲突：图像显示健康，但环境传感器提示较高风险,优先让机器人复查该区域并重新采样；若低湿状态连续出现，触发灌溉提醒,normal
2026-08-21 07:00,31.2,低,0.66,0.663,0.130,0.012,0.050,0.123,0.012,0.010,0.0,低,healthy,10.5,14.1,1.00,0.86,0.65,0.35,,P(healthy)=0.96；P(drought)=0.01；P(heat)=0.01；P(pest)=0.01；P(waterlogging)=0.01；P(low_light)=0.01；P(sensor_anomaly)=0.01,P(healthy)=0.90；P(drought)=0.02；P(heat)=0.02；P(pest)=0.02；P(waterlogging)=0.02；P(low_light)=0.02；P(sensor_anomaly)=0.01,P(healthy)=0.94；P(drought)=0.01；P(heat)=0.01；P(pest)=0.01；P(waterlogging)=0.01；P(low_light)=0.01；P(sensor_anomaly)=0.01,P(healthy)=0.66；P(drought)=0.13；P(heat)=0.01；P(pest)=0.05；P(waterlogging)=0.12；P(low_light)=0.01；P(sensor_anomaly)=0.01,,,,observe,routine_patrol,低风险 + 低不确定性 → 常规巡检,环境传感器指标处于正常范围；图像标签显示作物状态健康,继续常规巡检,normal
2026-08-21 08:00,24.9,低,0.75,0.753,0.089,0.010,0.042,0.085,0.010,0.010,44.0,中,healthy,10.5,57.4,1.00,0.40,0.88,0.12,视觉置信度低，降低视觉模态权重,P(healthy)=0.96；P(drought)=0.01；P(heat)=0.01；P(pest)=0.01；P(waterlogging)=0.01；P(low_light)=0.01；P(sensor_anomaly)=0.01,P(healthy)=0.27；P(drought)=0.22；P(heat)=0.02；P(pest)=0.22；P(waterlogging)=0.22；P(low_light)=0.02；P(sensor_anomaly)=0.02,P(healthy)=0.88；P(drought)=0.03；P(heat)=0.01；P(pest)=0.03；P(waterlogging)=0.03；P(low_light)=0.01；P(sensor_anomaly)=0.01,P(healthy)=0.75；P(drought)=0.09；P(heat)=0.01；P(pest)=0.04；P(waterlogging)=0.09；P(low_light)=0.01；P(sensor_anomaly)=0.01,,,,hold,monitor_more_context,风险或不确定性处于中间状态 → 继续观察并收集更多上下文,环境传感器指标处于正常范围；图像标签未知；视觉置信度不足，不能单独作为强决策依据；视觉置信度低，降低视觉模态权重,优先让机器人复查该区域并重新采样,normal
2026-08-21 09:00,45.0,中,0.22,0.611,0.058,0.222,0.031,0.055,0.012,0.011,47.0,中,heat,58.9,14.8,1.00,0.82,0.73,0.27,环境和视觉存在冲突，降低直接执行可靠性,P(healthy)=0.24；P(drought)=0.01；P(heat)=0.70；P(pest)=0.01；P(waterlogging)=0.01；P(low_light)=0.01；P(sensor_anomaly)=0.01,P(healthy)=0.89；P(drought)=0.02；P(heat)=0.02；P(pest)=0.02；P(waterlogging)=0.02；P(low_light)=0.02；P(sensor_anomaly)=0.01,P(healthy)=0.42；P(drought)=0.01；P(heat)=0.52；P(pest)=0.01；P(waterlogging)=0.01；P(low_light)=0.01；P(sensor_anomaly)=0.01,P(healthy)=0.61；P(drought)=0.06；P(heat)=0.22；P(pest)=0.03；P(waterlogging)=0.06；P(low_light)=0.01；P(sensor_anomaly)=0.01,,,图像显示健康，但环境传感器提示较高风险,hold,resample_before_action,中风险 + 高不确定性 → 重新采样后再决策,温度偏高；图像标签显示作物状态健康；环境和视觉存在冲突，降低直接执行可靠性；数据冲突：图像显示健康，但环境传感器提示较高风险,优先让机器人复查该区域并重新采样；增加高温巡检频率并检查遮阴或降温条件,normal
2026-08-21 10:00,46.1,中,0.32,0.429,0.044,0.324,0.137,0.042,0.012,0.011,12.0,低,heat,58.9,69.3,1.00,0.83,0.66,0.34,,P(healthy)=0.24；P(drought)=0.01；P(heat)=0.70；P(pest)=0.01；P(waterlogging)=0.01；P(low_light)=0.01；P(sensor_anomaly)=0.01,P(healthy)=0.05；P(drought)=0.05；P(heat)=0.01；P(pest)=0.82；P(waterlogging)=0.05；P(low_light)=0.01；P(sensor_anomaly)=0.01,P(healthy)=0.18；P(drought)=0.02；P(heat)=0.46；P(pest)=0.28；P(waterlogging)=0.02；P(low_light)=0.01；P(sensor_anomaly)=0.01,P(healthy)=0.43；P(drought)=0.04；P(heat)=0.32；P(pest)=0.14；P(waterlogging)=0.04；P(low_light)=0.01；P(sensor_anomaly)=0.01,,,,hold,monitor_more_context,风险或不确定性处于中间状态 → 继续观察并收集更多上下文,温度偏高；图像标签疑似病虫害,增加高温巡检频率并检查遮阴或降温条件,normal
2026-08-21 11:00,46.3,中,0.40,0.427,0.031,0.402,0.085,0.030,0.013,0.012,47.0,中,heat,58.9,14.3,1.00,0.85,0.73,0.27,环境和视觉存在冲突，降低直接执行可靠性,P(healthy)=0.24；P(drought)=0.01；P(heat)=0.70；P(pest)=0.01；P(waterlogging)=0.01；P(low_light)=0.01；P(sensor_anomaly)=0.01,P(healthy)=0.90；P(drought)=0.02；P(heat)=0.02；P(pest)=0.02；P(waterlogging)=0.02；P(low_light)=0.02；P(sensor_anomaly)=0.01,P(healthy)=0.42；P(drought)=0.01；P(heat)=0.51；P(pest)=0.01；P(waterlogging)=0.01；P(low_light)=0.01；P(sensor_anomaly)=0.01,P(healthy)=0.43；P(drought)=0.03；P(heat)=0.40；P(pest)=0.09；P(waterlogging)=0.03；P(low_light)=0.01；P(sensor_anomaly)=0.01,,,图像显示健康，但环境传感器提示较高风险,hold,resample_before_action,中风险 + 高不确定性 → 重新采样后再决策,温度偏高；图像标签显示作物状态健康；环境和视觉存在冲突，降低直接执行可靠性；数据冲突：图像显示健康，但环境传感器提示较高风险,优先让机器人复查该区域并重新采样；增加高温巡检频率并检查遮阴或降温条件,normal
2026-08-21 12:00,49.9,中,0.46,0.380,0.063,0.464,0.050,0.021,0.011,0.010,35.0,中,heat,58.9,13.4,1.00,0.90,0.72,0.28,环境和视觉存在冲突，降低直接执行可靠性,P(healthy)=0.24；P(drought)=0.01；P(heat)=0.70；P(pest)=0.01；P(waterlogging)=0.01；P(low_light)=0.01；P(sensor_anomaly)=0.01,P(healthy)=0.91；P(drought)=0.02；P(heat)=0.02；P(pest)=0.02；P(waterlogging)=0.02；P(low_light)=0.02；P(sensor_anomaly)=0.01,P(healthy)=0.43；P(drought)=0.01；P(heat)=0.50；P(pest)=0.01；P(waterlogging)=0.01；P(low_light)=0.01；P(sensor_anomaly)=0.01,P(healthy)=0.38；P(drought)=0.06；P(heat)=0.46；P(pest)=0.05；P(waterlogging)=0.02；P(low_light)=0.01；P(sensor_anomaly)=0.01,soil_moisture_decreasing_6h,same_risk_state_consistent_with_previous_belief,图像显示健康，但环境传感器提示较高风险,hold,resample_before_action,中风险 + 高不确定性 → 重新采样后再决策,温度偏高；图像标签显示作物状态健康；环境和视觉存在冲突，降低直接执行可靠性；数据冲突：图像显示健康，但环境传感器提示较高风险；最近 6 小时土壤湿度持续下降，干旱状态概率上升；当前主风险与上一时刻状态信念一致，系统置信度上升,优先让机器人复查该区域并重新采样；增加高温巡检频率并检查遮阴或降温条件,normal
2026-08-21 13:00,39.0,低,0.54,0.544,0.081,0.307,0.033,0.016,0.010,0.009,0.0,低,healthy,10.5,14.0,1.00,0.87,0.65,0.35,,P(healthy)=0.96；P(drought)=0.01；P(heat)=0.01；P(pest)=0.01；P(waterlogging)=0.01；P(low_light)=0.01；P(sensor_anomaly)=0.01,P(healthy)=0.90；P(drought)=0.02；P(heat)=0.02；P(pest)=0.02；P(waterlogging)=0.02；P(low_light)=0.02；P(sensor_anomaly)=0.01,P(healthy)=0.94；P(drought)=0.01；P(heat)=0.01；P(pest)=0.01；P(waterlogging)=0.01；P(low_light)=0.01；P(sensor_anomaly)=0.01,P(healthy)=0.54；P(drought)=0.08；P(heat)=0.31；P(pest)=0.03；P(waterlogging)=0.02；P(low_light)=0.01；P(sensor_anomaly)=0.01,soil_moisture_decreasing_6h；sustained_high_temperature_6h,,,observe,routine_patrol,低风险 + 低不确定性 → 常规巡检,环境传感器指标处于正常范围；图像标签显示作物状态健康；最近 6 小时土壤湿度持续下降，干旱状态概率上升；最近 6 小时持续高温，热胁迫状态概率上升,继续常规巡检,normal
2026-08-21 14:00,32.5,低,0.64,0.640,0.092,0.216,0.022,0.012,0.009,0.008,0.0,低,healthy,10.5,13.1,1.00,0.92,0.64,0.36,,P(healthy)=0.96；P(drought)=0.01；P(heat)=0.01；P(pest)=0.01；P(waterlogging)=0.01；P(low_light)=0.01；P(sensor_anomaly)=0.01,P(healthy)=0.92；P(drought)=0.01；P(heat)=0.01；P(pest)=0.01；P(waterlogging)=0.01；P(low_light)=0.01；P(sensor_anomaly)=0.01,P(healthy)=0.94；P(drought)=0.01；P(heat)=0.01；P(pest)=0.01；P(waterlogging)=0.01；P(low_light)=0.01；P(sensor_anomaly)=0.01,P(healthy)=0.64；P(drought)=0.09；P(heat)=0.22；P(pest)=0.02；P(waterlogging)=0.01；P(low_light)=0.01；P(sensor_anomaly)=0.01,soil_moisture_decreasing_6h；sustained_high_temperature_6h,,,observe,routine_patrol,低风险 + 低不确定性 → 常规巡检,环境传感器指标处于正常范围；图像标签显示作物状态健康；最近 6 小时土壤湿度持续下降，干旱状态概率上升；最近 6 小时持续高温，热胁迫状态概率上升,继续常规巡检,normal
2026-08-21 15:00,28.9,低,0.70,0.695,0.098,0.163,0.016,0.011,0.009,0.008,0.0,低,healthy,10.5,13.8,1.00,0.88,0.65,0.35,,P(healthy)=0.96；P(drought)=0.01；P(heat)=0.01；P(pest)=0.01；P(waterlogging)=0.01；P(low_light)=0.01；P(sensor_anomaly)=0.01,P(healthy)=0.91；P(drought)=0.02；P(heat)=0.02；P(pest)=0.02；P(waterlogging)=0.02；P(low_light)=0.02；P(sensor_anomaly)=0.01,P(healthy)=0.94；P(drought)=0.01；P(heat)=0.01；P(pest)=0.01；P(waterlogging)=0.01；P(low_light)=0.01；P(sensor_anomaly)=0.01,P(healthy)=0.70；P(drought)=0.10；P(heat)=0.16；P(pest)=0.02；P(waterlogging)=0.01；P(low_light)=0.01；P(sensor_anomaly)=0.01,soil_moisture_decreasing_6h；sustained_high_temperature_6h,,,observe,routine_patrol,低风险 + 低不确定性 → 常规巡检,环境传感器指标处于正常范围；图像标签显示作物状态健康；最近 6 小时土壤湿度持续下降，干旱状态概率上升；最近 6 小时持续高温，热胁迫状态概率上升,继续常规巡检,normal
2026-08-21 16:00,45.0,中,0.30,0.557,0.299,0.099,0.014,0.011,0.010,0.009,47.0,中,drought,64.7,14.0,1.00,0.87,0.72,0.28,环境和视觉存在冲突，降低直接执行可靠性,P(healthy)=0.22；P(drought)=0.72；P(heat)=0.01；P(pest)=0.01；P(waterlogging)=0.01；P(low_light)=0.01；P(sensor_anomaly)=0.01,P(healthy)=0.90；P(drought)=0.02；P(heat)=0.02；P(pest)=0.02；P(waterlogging)=0.02；P(low_light)=0.02；P(sensor_anomaly)=0.01,P(healthy)=0.41；P(drought)=0.53；P(heat)=0.01；P(pest)=0.01；P(waterlogging)=0.01；P(low_light)=0.01；P(sensor_anomaly)=0.01,P(healthy)=0.56；P(drought)=0.30；P(heat)=0.10；P(pest)=0.01；P(waterlogging)=0.01；P(low_light)=0.01；P(sensor_anomaly)=0.01,soil_moisture_decreasing_6h,,图像显示健康，但环境传感器提示较高风险,hold,resample_before_action,中风险 + 高不确定性 → 重新采样后再决策,土壤湿度偏低；图像标签显示作物状态健康；环境和视觉存在冲突，降低直接执行可靠性；数据冲突：图像显示健康，但环境传感器提示较高风险；最近 6 小时土壤湿度持续下降，干旱状态概率上升,优先让机器人复查该区域并重新采样；若低湿状态连续出现，触发灌溉提醒,normal
2026-08-21 17:00,47.5,中,0.45,0.451,0.448,0.059,0.012,0.010,0.010,0.009,47.0,中,drought,64.7,13.8,1.00,0.88,0.72,0.28,环境和视觉存在冲突，降低直接执行可靠性,P(healthy)=0.22；P(drought)=0.72；P(heat)=0.01；P(pest)=0.01；P(waterlogging)=0.01；P(low_light)=0.01；P(sensor_anomaly)=0.01,P(healthy)=0.91；P(drought)=0.02；P(heat)=0.02；P(pest)=0.02；P(waterlogging)=0.02；P(low_light)=0.02；P(sensor_anomaly)=0.01,P(healthy)=0.41；P(drought)=0.52；P(heat)=0.01；P(pest)=0.01；P(waterlogging)=0.01；P(low_light)=0.01；P(sensor_anomaly)=0.01,P(healthy)=0.45；P(drought)=0.45；P(heat)=0.06；P(pest)=0.01；P(waterlogging)=0.01；P(low_light)=0.01；P(sensor_anomaly)=0.01,soil_moisture_decreasing_6h,temporal_trend_supports_dominant_state,图像显示健康，但环境传感器提示较高风险,hold,resample_before_action,中风险 + 高不确定性 → 重新采样后再决策,土壤湿度偏低；图像标签显示作物状态健康；环境和视觉存在冲突，降低直接执行可靠性；数据冲突：图像显示健康，但环境传感器提示较高风险；最近 6 小时土壤湿度持续下降，干旱状态概率上升；时间趋势支持当前主风险，系统置信度上升,优先让机器人复查该区域并重新采样；若低湿状态连续出现，触发灌溉提醒,normal
2026-08-21 18:00,54.1,中,0.56,0.365,0.563,0.034,0.010,0.010,0.009,0.008,35.0,中,drought,64.7,14.0,1.00,0.87,0.72,0.28,环境和视觉存在冲突，降低直接执行可靠性,P(healthy)=0.22；P(drought)=0.72；P(heat)=0.01；P(pest)=0.01；P(waterlogging)=0.01；P(low_light)=0.01；P(sensor_anomaly)=0.01,P(healthy)=0.90；P(drought)=0.02；P(heat)=0.02；P(pest)=0.02；P(waterlogging)=0.02；P(low_light)=0.02；P(sensor_anomaly)=0.01,P(healthy)=0.41；P(drought)=0.53；P(heat)=0.01；P(pest)=0.01；P(waterlogging)=0.01；P(low_light)=0.01；P(sensor_anomaly)=0.01,P(healthy)=0.37；P(drought)=0.56；P(heat)=0.03；P(pest)=0.01；P(waterlogging)=0.01；P(low_light)=0.01；P(sensor_anomaly)=0.01,soil_moisture_decreasing_6h,same_risk_state_consistent_with_previous_belief；temporal_trend_supports_dominant_state,图像显示健康，但环境传感器提示较高风险,hold,resample_before_action,中风险 + 高不确定性 → 重新采样后再决策,土壤湿度偏低；图像标签显示作物状态健康；环境和视觉存在冲突，降低直接执行可靠性；数据冲突：图像显示健康，但环境传感器提示较高风险；最近 6 小时土壤湿度持续下降，干旱状态概率上升；当前主风险与上一时刻状态信念一致，系统置信度上升；时间趋势支持当前主风险，系统置信度上升,优先让机器人复查该区域并重新采样；若低湿状态连续出现，触发灌溉提醒,normal
2026-08-21 19:00,57.3,中,0.62,0.323,0.620,0.021,0.009,0.009,0.009,0.008,35.0,中,drought,64.7,13.4,1.00,0.90,0.72,0.28,环境和视觉存在冲突，降低直接执行可靠性,P(healthy)=0.22；P(drought)=0.72；P(heat)=0.01；P(pest)=0.01；P(waterlogging)=0.01；P(low_light)=0.01；P(sensor_anomaly)=0.01,P(healthy)=0.91；P(drought)=0.02；P(heat)=0.02；P(pest)=0.02；P(waterlogging)=0.02；P(low_light)=0.02；P(sensor_anomaly)=0.01,P(healthy)=0.42；P(drought)=0.52；P(heat)=0.01；P(pest)=0.01；P(waterlogging)=0.01；P(low_light)=0.01；P(sensor_anomaly)=0.01,P(healthy)=0.32；P(drought)=0.62；P(heat)=0.02；P(pest)=0.01；P(waterlogging)=0.01；P(low_light)=0.01；P(sensor_anomaly)=0.01,soil_moisture_decreasing_6h,same_risk_state_consistent_with_previous_belief；temporal_trend_supports_dominant_state,图像显示健康，但环境传感器提示较高风险,hold,resample_before_action,中风险 + 高不确定性 → 重新采样后再决策,土壤湿度偏低；图像标签显示作物状态健康；环境和视觉存在冲突，降低直接执行可靠性；数据冲突：图像显示健康，但环境传感器提示较高风险；最近 6 小时土壤湿度持续下降，干旱状态概率上升；当前主风险与上一时刻状态信念一致，系统置信度上升；时间趋势支持当前主风险，系统置信度上升,优先让机器人复查该区域并重新采样；若低湿状态连续出现，触发灌溉提醒,normal
2026-08-21 20:00,58.9,中,0.65,0.302,0.649,0.015,0.009,0.009,0.009,0.008,35.0,中,drought,64.7,13.4,1.00,0.90,0.72,0.28,环境和视觉存在冲突，降低直接执行可靠性,P(healthy)=0.22；P(drought)=0.72；P(heat)=0.01；P(pest)=0.01；P(waterlogging)=0.01；P(low_light)=0.01；P(sensor_anomaly)=0.01,P(healthy)=0.91；P(drought)=0.02；P(heat)=0.02；P(pest)=0.02；P(waterlogging)=0.02；P(low_light)=0.02；P(sensor_anomaly)=0.01,P(healthy)=0.42；P(drought)=0.52；P(heat)=0.01；P(pest)=0.01；P(waterlogging)=0.01；P(low_light)=0.01；P(sensor_anomaly)=0.01,P(healthy)=0.30；P(drought)=0.65；P(heat)=0.01；P(pest)=0.01；P(waterlogging)=0.01；P(low_light)=0.01；P(sensor_anomaly)=0.01,soil_moisture_decreasing_6h,same_risk_state_consistent_with_previous_belief；temporal_trend_supports_dominant_state,图像显示健康，但环境传感器提示较高风险,hold,resample_before_action,中风险 + 高不确定性 → 重新采样后再决策,土壤湿度偏低；图像标签显示作物状态健康；环境和视觉存在冲突，降低直接执行可靠性；数据冲突：图像显示健康，但环境传感器提示较高风险；最近 6 小时土壤湿度持续下降，干旱状态概率上升；当前主风险与上一时刻状态信念一致，系统置信度上升；时间趋势支持当前主风险，系统置信度上升,优先让机器人复查该区域并重新采样；若低湿状态连续出现，触发灌溉提醒,normal
2026-08-21 21:00,59.8,中,0.66,0.291,0.664,0.012,0.009,0.008,0.008,0.008,35.0,中,drought,64.7,13.4,1.00,0.90,0.72,0.28,环境和视觉存在冲突，降低直接执行可靠性,P(healthy)=0.22；P(drought)=0.72；P(heat)=0.01；P(pest)=0.01；P(waterlogging)=0.01；P(low_light)=0.01；P(sensor_anomaly)=0.01,P(healthy)=0.91；P(drought)=0.02；P(heat)=0.02；P(pest)=0.02；P(waterlogging)=0.02；P(low_light)=0.02；P(sensor_anomaly)=0.01,P(healthy)=0.42；P(drought)=0.52；P(heat)=0.01；P(pest)=0.01；P(waterlogging)=0.01；P(low_light)=0.01；P(sensor_anomaly)=0.01,P(healthy)=0.29；P(drought)=0.66；P(heat)=0.01；P(pest)=0.01；P(waterlogging)=0.01；P(low_light)=0.01；P(sensor_anomaly)=0.01,soil_moisture_decreasing_6h,same_risk_state_consistent_with_previous_belief；temporal_trend_supports_dominant_state,图像显示健康，但环境传感器提示较高风险,hold,resample_before_action,中风险 + 高不确定性 → 重新采样后再决策,土壤湿度偏低；图像标签显示作物状态健康；环境和视觉存在冲突，降低直接执行可靠性；数据冲突：图像显示健康，但环境传感器提示较高风险；最近 6 小时土壤湿度持续下降，干旱状态概率上升；当前主风险与上一时刻状态信念一致，系统置信度上升；时间趋势支持当前主风险，系统置信度上升,优先让机器人复查该区域并重新采样；若低湿状态连续出现，触发灌溉提醒,normal
2026-08-21 22:00,57.5,中,0.63,0.322,0.631,0.011,0.009,0.009,0.009,0.008,35.0,中,drought,64.7,13.0,1.00,0.93,0.71,0.29,环境和视觉存在冲突，降低直接执行可靠性,P(healthy)=0.22；P(drought)=0.72；P(heat)=0.01；P(pest)=0.01；P(waterlogging)=0.01；P(low_light)=0.01；P(sensor_anomaly)=0.01,P(healthy)=0.92；P(drought)=0.01；P(heat)=0.01；P(pest)=0.01；P(waterlogging)=0.01；P(low_light)=0.01；P(sensor_anomaly)=0.01,P(healthy)=0.43；P(drought)=0.52；P(heat)=0.01；P(pest)=0.01；P(waterlogging)=0.01；P(low_light)=0.01；P(sensor_anomaly)=0.01,P(healthy)=0.32；P(drought)=0.63；P(heat)=0.01；P(pest)=0.01；P(waterlogging)=0.01；P(low_light)=0.01；P(sensor_anomaly)=0.01,,same_risk_state_consistent_with_previous_belief,图像显示健康，但环境传感器提示较高风险,hold,resample_before_action,中风险 + 高不确定性 → 重新采样后再决策,土壤湿度偏低；图像标签显示作物状态健康；环境和视觉存在冲突，降低直接执行可靠性；数据冲突：图像显示健康，但环境传感器提示较高风险；当前主风险与上一时刻状态信念一致，系统置信度上升,优先让机器人复查该区域并重新采样；若低湿状态连续出现，触发灌溉提醒,normal
2026-08-21 23:00,56.7,中,0.62,0.332,0.618,0.011,0.010,0.010,0.010,0.009,35.0,中,drought,64.7,14.1,1.00,0.86,0.72,0.28,环境和视觉存在冲突，降低直接执行可靠性,P(healthy)=0.22；P(drought)=0.72；P(heat)=0.01；P(pest)=0.01；P(waterlogging)=0.01；P(low_light)=0.01；P(sensor_anomaly)=0.01,P(healthy)=0.90；P(drought)=0.02；P(heat)=0.02；P(pest)=0.02；P(waterlogging)=0.02；P(low_light)=0.02；P(sensor_anomaly)=0.01,P(healthy)=0.41；P(drought)=0.53；P(heat)=0.01；P(pest)=0.01；P(waterlogging)=0.01；P(low_light)=0.01；P(sensor_anomaly)=0.01,P(healthy)=0.33；P(drought)=0.62；P(heat)=0.01；P(pest)=0.01；P(waterlogging)=0.01；P(low_light)=0.01；P(sensor_anomaly)=0.01,,same_risk_state_consistent_with_previous_belief,图像显示健康，但环境传感器提示较高风险,hold,resample_before_action,中风险 + 高不确定性 → 重新采样后再决策,土壤湿度偏低；图像标签显示作物状态健康；环境和视觉存在冲突，降低直接执行可靠性；数据冲突：图像显示健康，但环境传感器提示较高风险；当前主风险与上一时刻状态信念一致，系统置信度上升,优先让机器人复查该区域并重新采样；若低湿状态连续出现，触发灌溉提醒,normal
2026-08-22 00:00,55.6,中,0.60,0.346,0.605,0.010,0.010,0.010,0.010,0.009,35.0,中,drought,64.7,12.5,1.00,0.96,0.70,0.30,环境和视觉存在冲突，降低直接执行可靠性,P(healthy)=0.22；P(drought)=0.72；P(heat)=0.01；P(pest)=0.01；P(waterlogging)=0.01；P(low_light)=0.01；P(sensor_anomaly)=0.01,P(healthy)=0.93；P(drought)=0.01；P(heat)=0.01；P(pest)=0.01；P(waterlogging)=0.01；P(low_light)=0.01；P(sensor_anomaly)=0.01,P(healthy)=0.43；P(drought)=0.51；P(heat)=0.01；P(pest)=0.01；P(waterlogging)=0.01；P(low_light)=0.01；P(sensor_anomaly)=0.01,P(healthy)=0.35；P(drought)=0.60；P(heat)=0.01；P(pest)=0.01；P(waterlogging)=0.01；P(low_light)=0.01；P(sensor_anomaly)=0.01,,same_risk_state_consistent_with_previous_belief,图像显示健康，但环境传感器提示较高风险,hold,resample_before_action,中风险 + 高不确定性 → 重新采样后再决策,土壤湿度偏低；图像标签显示作物状态健康；环境和视觉存在冲突，降低直接执行可靠性；数据冲突：图像显示健康，但环境传感器提示较高风险；当前主风险与上一时刻状态信念一致，系统置信度上升,优先让机器人复查该区域并重新采样；若低湿状态连续出现，触发灌溉提醒,normal
2026-08-22 01:00,55.2,中,0.60,0.352,0.599,0.010,0.010,0.010,0.010,0.009,35.0,中,drought,64.7,12.8,1.00,0.94,0.71,0.29,环境和视觉存在冲突，降低直接执行可靠性,P(healthy)=0.22；P(drought)=0.72；P(heat)=0.01；P(pest)=0.01；P(waterlogging)=0.01；P(low_light)=0.01；P(sensor_anomaly)=0.01,P(healthy)=0.92；P(drought)=0.01；P(heat)=0.01；P(pest)=0.01；P(waterlogging)=0.01；P(low_light)=0.01；P(sensor_anomaly)=0.01,P(healthy)=0.43；P(drought)=0.51；P(heat)=0.01；P(pest)=0.01；P(waterlogging)=0.01；P(low_light)=0.01；P(sensor_anomaly)=0.01,P(healthy)=0.35；P(drought)=0.60；P(heat)=0.01；P(pest)=0.01；P(waterlogging)=0.01；P(low_light)=0.01；P(sensor_anomaly)=0.01,,same_risk_state_consistent_with_previous_belief,图像显示健康，但环境传感器提示较高风险,hold,resample_before_action,中风险 + 高不确定性 → 重新采样后再决策,土壤湿度偏低；图像标签显示作物状态健康；环境和视觉存在冲突，降低直接执行可靠性；数据冲突：图像显示健康，但环境传感器提示较高风险；当前主风险与上一时刻状态信念一致，系统置信度上升,优先让机器人复查该区域并重新采样；若低湿状态连续出现，触发灌溉提醒,normal
2026-08-22 02:00,55.7,中,0.60,0.345,0.604,0.011,0.011,0.011,0.011,0.009,35.0,中,drought,64.7,14.8,1.00,0.82,0.73,0.27,环境和视觉存在冲突，降低直接执行可靠性,P(healthy)=0.22；P(drought)=0.72；P(heat)=0.01；P(pest)=0.01；P(waterlogging)=0.01；P(low_light)=0.01；P(sensor_anomaly)=0.01,P(healthy)=0.89；P(drought)=0.02；P(heat)=0.02；P(pest)=0.02；P(waterlogging)=0.02；P(low_light)=0.02；P(sensor_anomaly)=0.01,P(healthy)=0.40；P(drought)=0.54；P(heat)=0.01；P(pest)=0.01；P(waterlogging)=0.01；P(low_light)=0.01；P(sensor_anomaly)=0.01,P(healthy)=0.34；P(drought)=0.60；P(heat)=0.01；P(pest)=0.01；P(waterlogging)=0.01；P(low_light)=0.01；P(sensor_anomaly)=0.01,,same_risk_state_consistent_with_previous_belief,图像显示健康，但环境传感器提示较高风险,hold,resample_before_action,中风险 + 高不确定性 → 重新采样后再决策,土壤湿度偏低；图像标签显示作物状态健康；环境和视觉存在冲突，降低直接执行可靠性；数据冲突：图像显示健康，但环境传感器提示较高风险；当前主风险与上一时刻状态信念一致，系统置信度上升,优先让机器人复查该区域并重新采样；若低湿状态连续出现，触发灌溉提醒,normal
2026-08-22 03:00,55.8,中,0.60,0.343,0.604,0.011,0.011,0.011,0.011,0.009,35.0,中,drought,64.7,14.3,1.00,0.85,0.73,0.27,环境和视觉存在冲突，降低直接执行可靠性,P(healthy)=0.22；P(drought)=0.72；P(heat)=0.01；P(pest)=0.01；P(waterlogging)=0.01；P(low_light)=0.01；P(sensor_anomaly)=0.01,P(healthy)=0.90；P(drought)=0.02；P(heat)=0.02；P(pest)=0.02；P(waterlogging)=0.02；P(low_light)=0.02；P(sensor_anomaly)=0.01,P(healthy)=0.41；P(drought)=0.53；P(heat)=0.01；P(pest)=0.01；P(waterlogging)=0.01；P(low_light)=0.01；P(sensor_anomaly)=0.01,P(healthy)=0.34；P(drought)=0.60；P(heat)=0.01；P(pest)=0.01；P(waterlogging)=0.01；P(low_light)=0.01；P(sensor_anomaly)=0.01,,same_risk_state_consistent_with_previous_belief,图像显示健康，但环境传感器提示较高风险,hold,resample_before_action,中风险 + 高不确定性 → 重新采样后再决策,土壤湿度偏低；图像标签显示作物状态健康；环境和视觉存在冲突，降低直接执行可靠性；数据冲突：图像显示健康，但环境传感器提示较高风险；当前主风险与上一时刻状态信念一致，系统置信度上升,优先让机器人复查该区域并重新采样；若低湿状态连续出现，触发灌溉提醒,normal
2026-08-22 04:00,55.3,中,0.60,0.351,0.598,0.010,0.010,0.010,0.010,0.009,35.0,中,drought,64.7,12.8,1.00,0.94,0.71,0.29,环境和视觉存在冲突，降低直接执行可靠性,P(healthy)=0.22；P(drought)=0.72；P(heat)=0.01；P(pest)=0.01；P(waterlogging)=0.01；P(low_light)=0.01；P(sensor_anomaly)=0.01,P(healthy)=0.92；P(drought)=0.01；P(heat)=0.01；P(pest)=0.01；P(waterlogging)=0.01；P(low_light)=0.01；P(sensor_anomaly)=0.01,P(healthy)=0.43；P(drought)=0.51；P(heat)=0.01；P(pest)=0.01；P(waterlogging)=0.01；P(low_light)=0.01；P(sensor_anomaly)=0.01,P(healthy)=0.35；P(drought)=0.60；P(heat)=0.01；P(pest)=0.01；P(waterlogging)=0.01；P(low_light)=0.01；P(sensor_anomaly)=0.01,,same_risk_state_consistent_with_previous_belief,图像显示健康，但环境传感器提示较高风险,hold,resample_before_action,中风险 + 高不确定性 → 重新采样后再决策,土壤湿度偏低；图像标签显示作物状态健康；环境和视觉存在冲突，降低直接执行可靠性；数据冲突：图像显示健康，但环境传感器提示较高风险；当前主风险与上一时刻状态信念一致，系统置信度上升,优先让机器人复查该区域并重新采样；若低湿状态连续出现，触发灌溉提醒,normal
2026-08-22 05:00,54.9,中,0.59,0.356,0.595,0.010,0.010,0.010,0.010,0.009,35.0,中,drought,64.7,12.6,1.00,0.95,0.70,0.30,环境和视觉存在冲突，降低直接执行可靠性,P(healthy)=0.22；P(drought)=0.72；P(heat)=0.01；P(pest)=0.01；P(waterlogging)=0.01；P(low_light)=0.01；P(sensor_anomaly)=0.01,P(healthy)=0.92；P(drought)=0.01；P(heat)=0.01；P(pest)=0.01；P(waterlogging)=0.01；P(low_light)=0.01；P(sensor_anomaly)=0.01,P(healthy)=0.43；P(drought)=0.51；P(heat)=0.01；P(pest)=0.01；P(waterlogging)=0.01；P(low_light)=0.01；P(sensor_anomaly)=0.01,P(healthy)=0.36；P(drought)=0.59；P(heat)=0.01；P(pest)=0.01；P(waterlogging)=0.01；P(low_light)=0.01；P(sensor_anomaly)=0.01,,same_risk_state_consistent_with_previous_belief,图像显示健康，但环境传感器提示较高风险,hold,resample_before_action,中风险 + 高不确定性 → 重新采样后再决策,土壤湿度偏低；图像标签显示作物状态健康；环境和视觉存在冲突，降低直接执行可靠性；数据冲突：图像显示健康，但环境传感器提示较高风险；当前主风险与上一时刻状态信念一致，系统置信度上升,优先让机器人复查该区域并重新采样；若低湿状态连续出现，触发灌溉提醒,normal
2026-08-22 06:00,61.1,中高,0.59,0.259,0.592,0.010,0.106,0.015,0.010,0.009,0.0,低,drought,64.7,68.0,1.00,0.75,0.69,0.31,,P(healthy)=0.22；P(drought)=0.72；P(heat)=0.01；P(pest)=0.01；P(waterlogging)=0.01；P(low_light)=0.01；P(sensor_anomaly)=0.01,P(healthy)=0.07；P(drought)=0.05；P(heat)=0.01；P(pest)=0.79；P(waterlogging)=0.05；P(low_light)=0.01；P(sensor_anomaly)=0.01,P(healthy)=0.17；P(drought)=0.51；P(heat)=0.01；P(pest)=0.26；P(waterlogging)=0.02；P(low_light)=0.01；P(sensor_anomaly)=0.01,P(healthy)=0.26；P(drought)=0.59；P(heat)=0.01；P(pest)=0.11；P(waterlogging)=0.01；P(low_light)=0.01；P(sensor_anomaly)=0.01,,same_risk_state_consistent_with_previous_belief,,execute,execute_recommended_action,高风险 + 低不确定性 → 允许执行建议动作,土壤湿度偏低；图像标签疑似病虫害；当前主风险与上一时刻状态信念一致，系统置信度上升,若低湿状态连续出现，触发灌溉提醒,normal
2026-08-22 07:00,58.3,中,0.59,0.303,0.593,0.010,0.061,0.013,0.010,0.009,35.0,中,drought,64.7,13.1,1.00,0.92,0.71,0.29,环境和视觉存在冲突，降低直接执行可靠性,P(healthy)=0.22；P(drought)=0.72；P(heat)=0.01；P(pest)=0.01；P(waterlogging)=0.01；P(low_light)=0.01；P(sensor_anomaly)=0.01,P(healthy)=0.92；P(drought)=0.01；P(heat)=0.01；P(pest)=0.01；P(waterlogging)=0.01；P(low_light)=0.01；P(sensor_anomaly)=0.01,P(healthy)=0.42；P(drought)=0.52；P(heat)=0.01；P(pest)=0.01；P(waterlogging)=0.01；P(low_light)=0.01；P(sensor_anomaly)=0.01,P(healthy)=0.30；P(drought)=0.59；P(heat)=0.01；P(pest)=0.06；P(waterlogging)=0.01；P(low_light)=0.01；P(sensor_anomaly)=0.01,,same_risk_state_consistent_with_previous_belief,图像显示健康，但环境传感器提示较高风险,hold,resample_before_action,中风险 + 高不确定性 → 重新采样后再决策,土壤湿度偏低；图像标签显示作物状态健康；环境和视觉存在冲突，降低直接执行可靠性；数据冲突：图像显示健康，但环境传感器提示较高风险；当前主风险与上一时刻状态信念一致，系统置信度上升,优先让机器人复查该区域并重新采样；若低湿状态连续出现，触发灌溉提醒,normal
2026-08-22 08:00,65.7,中高,0.71,0.206,0.712,0.009,0.041,0.015,0.009,0.008,0.0,低,drought,70.4,77.7,1.00,0.87,0.65,0.35,,P(healthy)=0.15；P(drought)=0.81；P(heat)=0.01；P(pest)=0.01；P(waterlogging)=0.01；P(low_light)=0.01；P(sensor_anomaly)=0.01,P(healthy)=0.04；P(drought)=0.83；P(heat)=0.01；P(pest)=0.05；P(waterlogging)=0.05；P(low_light)=0.01；P(sensor_anomaly)=0.01,P(healthy)=0.11；P(drought)=0.82；P(heat)=0.01；P(pest)=0.02；P(waterlogging)=0.02；P(low_light)=0.01；P(sensor_anomaly)=0.01,P(healthy)=0.21；P(drought)=0.71；P(heat)=0.01；P(pest)=0.04；P(waterlogging)=0.01；P(low_light)=0.01；P(sensor_anomaly)=0.01,,same_risk_state_consistent_with_previous_belief,,execute,execute_recommended_action,高风险 + 低不确定性 → 允许执行建议动作,土壤湿度严重偏低；图像标签疑似干旱；当前主风险与上一时刻状态信念一致，系统置信度上升,若低湿状态连续出现，触发灌溉提醒,normal
2026-08-22 09:00,70.7,中高,0.79,0.141,0.794,0.007,0.028,0.015,0.007,0.007,0.0,低,drought,70.4,77.7,1.00,0.87,0.65,0.35,,P(healthy)=0.15；P(drought)=0.81；P(heat)=0.01；P(pest)=0.01；P(waterlogging)=0.01；P(low_light)=0.01；P(sensor_anomaly)=0.01,P(healthy)=0.04；P(drought)=0.83；P(heat)=0.01；P(pest)=0.05；P(waterlogging)=0.05；P(low_light)=0.01；P(sensor_anomaly)=0.01,P(healthy)=0.11；P(drought)=0.82；P(heat)=0.01；P(pest)=0.02；P(waterlogging)=0.02；P(low_light)=0.01；P(sensor_anomaly)=0.01,P(healthy)=0.14；P(drought)=0.79；P(heat)=0.01；P(pest)=0.03；P(waterlogging)=0.01；P(low_light)=0.01；P(sensor_anomaly)=0.01,soil_moisture_decreasing_6h,same_risk_state_consistent_with_previous_belief；temporal_trend_supports_dominant_state,,execute,execute_recommended_action,高风险 + 低不确定性 → 允许执行建议动作,土壤湿度严重偏低；图像标签疑似干旱；最近 6 小时土壤湿度持续下降，干旱状态概率上升；当前主风险与上一时刻状态信念一致，系统置信度上升；时间趋势支持当前主风险，系统置信度上升,若低湿状态连续出现，触发灌溉提醒,normal
2026-08-22 10:00,73.2,中高,0.84,0.110,0.835,0.007,0.021,0.014,0.007,0.007,0.0,低,drought,70.4,77.2,1.00,0.84,0.66,0.34,,P(healthy)=0.15；P(drought)=0.81；P(heat)=0.01；P(pest)=0.01；P(waterlogging)=0.01；P(low_light)=0.01；P(sensor_anomaly)=0.01,P(healthy)=0.05；P(drought)=0.82；P(heat)=0.01；P(pest)=0.05；P(waterlogging)=0.05；P(low_light)=0.01；P(sensor_anomaly)=0.01,P(healthy)=0.11；P(drought)=0.82；P(heat)=0.01；P(pest)=0.02；P(waterlogging)=0.02；P(low_light)=0.01；P(sensor_anomaly)=0.01,P(healthy)=0.11；P(drought)=0.84；P(heat)=0.01；P(pest)=0.02；P(waterlogging)=0.01；P(low_light)=0.01；P(sensor_anomaly)=0.01,soil_moisture_decreasing_6h,same_risk_state_consistent_with_previous_belief；temporal_trend_supports_dominant_state,,execute,execute_recommended_action,高风险 + 低不确定性 → 允许执行建议动作,土壤湿度严重偏低；图像标签疑似干旱；最近 6 小时土壤湿度持续下降，干旱状态概率上升；当前主风险与上一时刻状态信念一致，系统置信度上升；时间趋势支持当前主风险，系统置信度上升,若低湿状态连续出现，触发灌溉提醒,normal
2026-08-22 11:00,74.7,中高,0.80,0.086,0.800,0.071,0.017,0.014,0.006,0.006,0.0,低,drought,72.0,76.0,1.00,0.78,0.68,0.32,,P(healthy)=0.11；P(drought)=0.57；P(heat)=0.30；P(pest)=0.01；P(waterlogging)=0.01；P(low_light)=0.01；P(sensor_anomaly)=0.01,P(healthy)=0.06；P(drought)=0.80；P(heat)=0.01；P(pest)=0.05；P(waterlogging)=0.05；P(low_light)=0.01；P(sensor_anomaly)=0.01,P(healthy)=0.09；P(drought)=0.65；P(heat)=0.21；P(pest)=0.02；P(waterlogging)=0.02；P(low_light)=0.01；P(sensor_anomaly)=0.01,P(healthy)=0.09；P(drought)=0.80；P(heat)=0.07；P(pest)=0.02；P(waterlogging)=0.01；P(low_light)=0.01；P(sensor_anomaly)=0.01,soil_moisture_decreasing_6h,same_risk_state_consistent_with_previous_belief；temporal_trend_supports_dominant_state,,execute,execute_recommended_action,高风险 + 低不确定性 → 允许执行建议动作,土壤湿度严重偏低；图像标签疑似干旱；最近 6 小时土壤湿度持续下降，干旱状态概率上升；当前主风险与上一时刻状态信念一致，系统置信度上升；时间趋势支持当前主风险，系统置信度上升,若低湿状态连续出现，触发灌溉提醒,normal
2026-08-22 12:00,75.7,中高,0.79,0.070,0.788,0.102,0.015,0.013,0.005,0.005,0.0,低,drought,72.0,77.9,1.00,0.88,0.65,0.35,,P(healthy)=0.11；P(drought)=0.57；P(heat)=0.30；P(pest)=0.01；P(waterlogging)=0.01；P(low_light)=0.01；P(sensor_anomaly)=0.01,P(healthy)=0.04；P(drought)=0.84；P(heat)=0.01；P(pest)=0.05；P(waterlogging)=0.05；P(low_light)=0.01；P(sensor_anomaly)=0.01,P(healthy)=0.08；P(drought)=0.67；P(heat)=0.20；P(pest)=0.02；P(waterlogging)=0.02；P(low_light)=0.01；P(sensor_anomaly)=0.01,P(healthy)=0.07；P(drought)=0.79；P(heat)=0.10；P(pest)=0.02；P(waterlogging)=0.01；P(low_light)=0.01；P(sensor_anomaly)=0.01,soil_moisture_decreasing_6h,same_risk_state_consistent_with_previous_belief；temporal_trend_supports_dominant_state,,execute,execute_recommended_action,高风险 + 低不确定性 → 允许执行建议动作,土壤湿度严重偏低；图像标签疑似干旱；最近 6 小时土壤湿度持续下降，干旱状态概率上升；当前主风险与上一时刻状态信念一致，系统置信度上升；时间趋势支持当前主风险，系统置信度上升,若低湿状态连续出现，触发灌溉提醒,normal
2026-08-22 13:00,76.2,中高,0.78,0.063,0.782,0.117,0.014,0.013,0.005,0.005,0.0,低,drought,72.0,77.7,1.00,0.87,0.65,0.35,,P(healthy)=0.11；P(drought)=0.57；P(heat)=0.30；P(pest)=0.01；P(waterlogging)=0.01；P(low_light)=0.01；P(sensor_anomaly)=0.01,P(healthy)=0.04；P(drought)=0.83；P(heat)=0.01；P(pest)=0.05；P(waterlogging)=0.05；P(low_light)=0.01；P(sensor_anomaly)=0.01,P(healthy)=0.08；P(drought)=0.66；P(heat)=0.20；P(pest)=0.02；P(waterlogging)=0.02；P(low_light)=0.01；P(sensor_anomaly)=0.01,P(healthy)=0.06；P(drought)=0.78；P(heat)=0.12；P(pest)=0.01；P(waterlogging)=0.01；P(low_light)=0.01；P(sensor_anomaly)=0.01,soil_moisture_decreasing_6h,same_risk_state_consistent_with_previous_belief；temporal_trend_supports_dominant_state,,execute,execute_recommended_action,高风险 + 低不确定性 → 允许执行建议动作,土壤湿度严重偏低；图像标签疑似干旱；最近 6 小时土壤湿度持续下降，干旱状态概率上升；当前主风险与上一时刻状态信念一致，系统置信度上升；时间趋势支持当前主风险，系统置信度上升,若低湿状态连续出现，触发灌溉提醒,normal
2026-08-22 14:00,75.9,中高,0.83,0.070,0.828,0.063,0.014,0.014,0.006,0.006,0.0,低,drought,70.4,76.8,1.00,0.82,0.67,0.33,,P(healthy)=0.15；P(drought)=0.81；P(heat)=0.01；P(pest)=0.01；P(waterlogging)=0.01；P(low_light)=0.01；P(sensor_anomaly)=0.01,P(healthy)=0.05；P(drought)=0.82；P(heat)=0.01；P(pest)=0.05；P(waterlogging)=0.05；P(low_light)=0.01；P(sensor_anomaly)=0.01,P(healthy)=0.12；P(drought)=0.81；P(heat)=0.01；P(pest)=0.02；P(waterlogging)=0.02；P(low_light)=0.01；P(sensor_anomaly)=0.01,P(healthy)=0.07；P(drought)=0.83；P(heat)=0.06；P(pest)=0.01；P(waterlogging)=0.01；P(low_light)=0.01；P(sensor_anomaly)=0.01,soil_moisture_decreasing_6h,same_risk_state_consistent_with_previous_belief；temporal_trend_supports_dominant_state,,execute,execute_recommended_action,高风险 + 低不确定性 → 允许执行建议动作,土壤湿度严重偏低；图像标签疑似干旱；最近 6 小时土壤湿度持续下降，干旱状态概率上升；当前主风险与上一时刻状态信念一致，系统置信度上升；时间趋势支持当前主风险，系统置信度上升,若低湿状态连续出现，触发灌溉提醒,normal
2026-08-22 15:00,75.7,中高,0.85,0.075,0.850,0.035,0.014,0.014,0.006,0.006,0.0,低,drought,70.4,76.0,1.00,0.78,0.68,0.32,,P(healthy)=0.15；P(drought)=0.81；P(heat)=0.01；P(pest)=0.01；P(waterlogging)=0.01；P(low_light)=0.01；P(sensor_anomaly)=0.01,P(healthy)=0.06；P(drought)=0.80；P(heat)=0.01；P(pest)=0.05；P(waterlogging)=0.05；P(low_light)=0.01；P(sensor_anomaly)=0.01,P(healthy)=0.12；P(drought)=0.81；P(heat)=0.01；P(pest)=0.02；P(waterlogging)=0.02；P(low_light)=0.01；P(sensor_anomaly)=0.01,P(healthy)=0.08；P(drought)=0.85；P(heat)=0.03；P(pest)=0.01；P(waterlogging)=0.01；P(low_light)=0.01；P(sensor_anomaly)=0.01,soil_moisture_decreasing_6h,same_risk_state_consistent_with_previous_belief；temporal_trend_supports_dominant_state,,execute,execute_recommended_action,高风险 + 低不确定性 → 允许执行建议动作,土壤湿度严重偏低；图像标签疑似干旱；最近 6 小时土壤湿度持续下降，干旱状态概率上升；当前主风险与上一时刻状态信念一致，系统置信度上升；时间趋势支持当前主风险，系统置信度上升,若低湿状态连续出现，触发灌溉提醒,normal
2026-08-22 16:00,75.0,中高,0.85,0.085,0.849,0.022,0.016,0.016,0.007,0.007,0.0,低,drought,70.4,77.4,1.00,0.85,0.66,0.34,,P(healthy)=0.15；P(drought)=0.81；P(heat)=0.01；P(pest)=0.01；P(waterlogging)=0.01；P(low_light)=0.01；P(sensor_anomaly)=0.01,P(healthy)=0.04；P(drought)=0.83；P(heat)=0.01；P(pest)=0.05；P(waterlogging)=0.05；P(low_light)=0.01；P(sensor_anomaly)=0.01,P(healthy)=0.11；P(drought)=0.82；P(heat)=0.01；P(pest)=0.02；P(waterlogging)=0.02；P(low_light)=0.01；P(sensor_anomaly)=0.01,P(healthy)=0.08；P(drought)=0.85；P(heat)=0.02；P(pest)=0.02；P(waterlogging)=0.02；P(low_light)=0.01；P(sensor_anomaly)=0.01,,same_risk_state_consistent_with_previous_belief,,execute,execute_recommended_action,高风险 + 低不确定性 → 允许执行建议动作,土壤湿度严重偏低；图像标签疑似干旱；当前主风险与上一时刻状态信念一致，系统置信度上升,若低湿状态连续出现，触发灌溉提醒,normal
2026-08-22 17:00,67.1,中高,0.75,0.193,0.754,0.015,0.012,0.012,0.007,0.007,35.0,中,drought,70.4,12.6,1.00,0.95,0.70,0.30,环境和视觉存在冲突，降低直接执行可靠性,P(healthy)=0.15；P(drought)=0.81；P(heat)=0.01；P(pest)=0.01；P(waterlogging)=0.01；P(low_light)=0.01；P(sensor_anomaly)=0.01,P(healthy)=0.92；P(drought)=0.01；P(heat)=0.01；P(pest)=0.01；P(waterlogging)=0.01；P(low_light)=0.01；P(sensor_anomaly)=0.01,P(healthy)=0.38；P(drought)=0.58；P(heat)=0.01；P(pest)=0.01；P(waterlogging)=0.01；P(low_light)=0.01；P(sensor_anomaly)=0.01,P(healthy)=0.19；P(drought)=0.75；P(heat)=0.02；P(pest)=0.01；P(waterlogging)=0.01；P(low_light)=0.01；P(sensor_anomaly)=0.01,,same_risk_state_consistent_with_previous_belief,图像显示健康，但环境传感器提示较高风险,hold,recheck_before_action,高风险 + 高不确定性 → 先复查，不直接执行动作,土壤湿度严重偏低；图像标签显示作物状态健康；环境和视觉存在冲突，降低直接执行可靠性；数据冲突：图像显示健康，但环境传感器提示较高风险；当前主风险与上一时刻状态信念一致，系统置信度上升,优先让机器人复查该区域并重新采样；若低湿状态连续出现，触发灌溉提醒,normal
2026-08-22 18:00,63.2,中高,0.71,0.245,0.708,0.012,0.010,0.010,0.008,0.007,35.0,中,drought,70.4,13.6,1.00,0.89,0.72,0.28,环境和视觉存在冲突，降低直接执行可靠性,P(healthy)=0.15；P(drought)=0.81；P(heat)=0.01；P(pest)=0.01；P(waterlogging)=0.01；P(low_light)=0.01；P(sensor_anomaly)=0.01,P(healthy)=0.91；P(drought)=0.02；P(heat)=0.02；P(pest)=0.02；P(waterlogging)=0.02；P(low_light)=0.02；P(sensor_anomaly)=0.01,P(healthy)=0.36；P(drought)=0.59；P(heat)=0.01；P(pest)=0.01；P(waterlogging)=0.01；P(low_light)=0.01；P(sensor_anomaly)=0.01,P(healthy)=0.24；P(drought)=0.71；P(heat)=0.01；P(pest)=0.01；P(waterlogging)=0.01；P(low_light)=0.01；P(sensor_anomaly)=0.01,,same_risk_state_consistent_with_previous_belief,图像显示健康，但环境传感器提示较高风险,hold,recheck_before_action,高风险 + 高不确定性 → 先复查，不直接执行动作,土壤湿度严重偏低；图像标签显示作物状态健康；环境和视觉存在冲突，降低直接执行可靠性；数据冲突：图像显示健康，但环境传感器提示较高风险；当前主风险与上一时刻状态信念一致，系统置信度上升,优先让机器人复查该区域并重新采样；若低湿状态连续出现，触发灌溉提醒,normal
2026-08-22 19:00,60.6,中高,0.68,0.281,0.677,0.010,0.009,0.009,0.008,0.007,35.0,中,drought,70.4,12.3,1.00,0.97,0.70,0.30,环境和视觉存在冲突，降低直接执行可靠性,P(healthy)=0.15；P(drought)=0.81；P(heat)=0.01；P(pest)=0.01；P(waterlogging)=0.01；P(low_light)=0.01；P(sensor_anomaly)=0.01,P(healthy)=0.93；P(drought)=0.01；P(heat)=0.01；P(pest)=0.01；P(waterlogging)=0.01；P(low_light)=0.01；P(sensor_anomaly)=0.01,P(healthy)=0.38；P(drought)=0.57；P(heat)=0.01；P(pest)=0.01；P(waterlogging)=0.01；P(low_light)=0.01；P(sensor_anomaly)=0.01,P(healthy)=0.28；P(drought)=0.68；P(heat)=0.01；P(pest)=0.01；P(waterlogging)=0.01；P(low_light)=0.01；P(sensor_anomaly)=0.01,,same_risk_state_consistent_with_previous_belief,图像显示健康，但环境传感器提示较高风险,hold,recheck_before_action,高风险 + 高不确定性 → 先复查，不直接执行动作,土壤湿度严重偏低；图像标签显示作物状态健康；环境和视觉存在冲突，降低直接执行可靠性；数据冲突：图像显示健康，但环境传感器提示较高风险；当前主风险与上一时刻状态信念一致，系统置信度上升,优先让机器人复查该区域并重新采样；若低湿状态连续出现，触发灌溉提醒,normal
2026-08-22 20:00,65.3,中高,0.72,0.215,0.724,0.009,0.019,0.018,0.008,0.007,44.0,中,drought,70.4,57.4,1.00,0.44,0.87,0.13,视觉置信度低，降低视觉模态权重,P(healthy)=0.15；P(drought)=0.81；P(heat)=0.01；P(pest)=0.01；P(waterlogging)=0.01；P(low_light)=0.01；P(sensor_anomaly)=0.01,P(healthy)=0.27；P(drought)=0.22；P(heat)=0.02；P(pest)=0.22；P(waterlogging)=0.22；P(low_light)=0.02；P(sensor_anomaly)=0.02,P(healthy)=0.17；P(drought)=0.74；P(heat)=0.01；P(pest)=0.04；P(waterlogging)=0.04；P(low_light)=0.01；P(sensor_anomaly)=0.01,P(healthy)=0.22；P(drought)=0.72；P(heat)=0.01；P(pest)=0.02；P(waterlogging)=0.02；P(low_light)=0.01；P(sensor_anomaly)=0.01,,same_risk_state_consistent_with_previous_belief,,hold,recheck_before_action,高风险 + 高不确定性 → 先复查，不直接执行动作,土壤湿度严重偏低；图像标签未知；视觉置信度不足，不能单独作为强决策依据；视觉置信度低，降低视觉模态权重；当前主风险与上一时刻状态信念一致，系统置信度上升,优先让机器人复查该区域并重新采样；若低湿状态连续出现，触发灌溉提醒,normal
2026-08-22 21:00,61.9,中高,0.69,0.263,0.687,0.008,0.013,0.013,0.008,0.007,35.0,中,drought,70.4,12.6,1.00,0.95,0.70,0.30,环境和视觉存在冲突，降低直接执行可靠性,P(healthy)=0.15；P(drought)=0.81；P(heat)=0.01；P(pest)=0.01；P(waterlogging)=0.01；P(low_light)=0.01；P(sensor_anomaly)=0.01,P(healthy)=0.92；P(drought)=0.01；P(heat)=0.01；P(pest)=0.01；P(waterlogging)=0.01；P(low_light)=0.01；P(sensor_anomaly)=0.01,P(healthy)=0.38；P(drought)=0.58；P(heat)=0.01；P(pest)=0.01；P(waterlogging)=0.01；P(low_light)=0.01；P(sensor_anomaly)=0.01,P(healthy)=0.26；P(drought)=0.69；P(heat)=0.01；P(pest)=0.01；P(waterlogging)=0.01；P(low_light)=0.01；P(sensor_anomaly)=0.01,,same_risk_state_consistent_with_previous_belief,图像显示健康，但环境传感器提示较高风险,hold,recheck_before_action,高风险 + 高不确定性 → 先复查，不直接执行动作,土壤湿度严重偏低；图像标签显示作物状态健康；环境和视觉存在冲突，降低直接执行可靠性；数据冲突：图像显示健康，但环境传感器提示较高风险；当前主风险与上一时刻状态信念一致，系统置信度上升,优先让机器人复查该区域并重新采样；若低湿状态连续出现，触发灌溉提醒,normal
2026-08-22 22:00,60.3,中高,0.59,0.279,0.587,0.009,0.011,0.099,0.008,0.007,35.0,中,drought,68.8,14.5,1.00,0.84,0.73,0.27,环境和视觉存在冲突，降低直接执行可靠性,P(healthy)=0.15；P(drought)=0.50；P(heat)=0.01；P(pest)=0.01；P(waterlogging)=0.32；P(low_light)=0.01；P(sensor_anomaly)=0.01,P(healthy)=0.89；P(drought)=0.02；P(heat)=0.02；P(pest)=0.02；P(waterlogging)=0.02；P(low_light)=0.02；P(sensor_anomaly)=0.01,P(healthy)=0.35；P(drought)=0.37；P(heat)=0.01；P(pest)=0.01；P(waterlogging)=0.23；P(low_light)=0.01；P(sensor_anomaly)=0.01,P(healthy)=0.28；P(drought)=0.59；P(heat)=0.01；P(pest)=0.01；P(waterlogging)=0.10；P(low_light)=0.01；P(sensor_anomaly)=0.01,,same_risk_state_consistent_with_previous_belief,图像显示健康，但环境传感器提示较高风险,hold,recheck_before_action,高风险 + 高不确定性 → 先复查，不直接执行动作,土壤湿度偏低；图像标签显示作物状态健康；环境和视觉存在冲突，降低直接执行可靠性；数据冲突：图像显示健康，但环境传感器提示较高风险；当前主风险与上一时刻状态信念一致，系统置信度上升,优先让机器人复查该区域并重新采样；若低湿状态连续出现，触发灌溉提醒,normal
2026-08-22 23:00,53.7,中,0.35,0.358,0.347,0.012,0.013,0.248,0.011,0.010,47.0,中,drought,56.0,14.1,1.00,0.86,0.72,0.28,环境和视觉存在冲突，降低直接执行可靠性,P(healthy)=0.30；P(drought)=0.02；P(heat)=0.02；P(pest)=0.02；P(waterlogging)=0.62；P(low_light)=0.02；P(sensor_anomaly)=0.02,P(healthy)=0.90；P(drought)=0.02；P(heat)=0.02；P(pest)=0.02；P(waterlogging)=0.02；P(low_light)=0.02；P(sensor_anomaly)=0.01,P(healthy)=0.47；P(drought)=0.02；P(heat)=0.02；P(pest)=0.02；P(waterlogging)=0.45；P(low_light)=0.02；P(sensor_anomaly)=0.01,P(healthy)=0.36；P(drought)=0.35；P(heat)=0.01；P(pest)=0.01；P(waterlogging)=0.25；P(low_light)=0.01；P(sensor_anomaly)=0.01,,,图像显示健康，但环境传感器提示较高风险,hold,resample_before_action,中风险 + 高不确定性 → 重新采样后再决策,短时降雨量较高；图像标签显示作物状态健康；环境和视觉存在冲突，降低直接执行可靠性；数据冲突：图像显示健康，但环境传感器提示较高风险,优先让机器人复查该区域并重新采样；若低湿状态连续出现，触发灌溉提醒,normal
2026-08-23 00:00,36.0,低,0.60,0.603,0.206,0.011,0.012,0.148,0.011,0.009,0.0,低,healthy,10.5,13.8,1.00,0.88,0.65,0.35,,P(healthy)=0.96；P(drought)=0.01；P(heat)=0.01；P(pest)=0.01；P(waterlogging)=0.01；P(low_light)=0.01；P(sensor_anomaly)=0.01,P(healthy)=0.91；P(drought)=0.02；P(heat)=0.02；P(pest)=0.02；P(waterlogging)=0.02；P(low_light)=0.02；P(sensor_anomaly)=0.01,P(healthy)=0.94；P(drought)=0.01；P(heat)=0.01；P(pest)=0.01；P(waterlogging)=0.01；P(low_light)=0.01；P(sensor_anomaly)=0.01,P(healthy)=0.60；P(drought)=0.21；P(heat)=0.01；P(pest)=0.01；P(waterlogging)=0.15；P(low_light)=0.01；P(sensor_anomaly)=0.01,,,,observe,routine_patrol,低风险 + 低不确定性 → 常规巡检,环境传感器指标处于正常范围；图像标签显示作物状态健康,继续常规巡检,normal
2026-08-23 01:00,25.9,低,0.74,0.743,0.124,0.011,0.012,0.091,0.011,0.009,0.0,低,healthy,10.5,14.7,1.00,0.83,0.66,0.34,,P(healthy)=0.96；P(drought)=0.01；P(heat)=0.01；P(pest)=0.01；P(waterlogging)=0.01；P(low_light)=0.01；P(sensor_anomaly)=0.01,P(healthy)=0.89；P(drought)=0.02；P(heat)=0.02；P(pest)=0.02；P(waterlogging)=0.02；P(low_light)=0.02；P(sensor_anomaly)=0.01,P(healthy)=0.94；P(drought)=0.01；P(heat)=0.01；P(pest)=0.01；P(waterlogging)=0.01；P(low_light)=0.01；P(sensor_anomaly)=0.01,P(healthy)=0.74；P(drought)=0.12；P(heat)=0.01；P(pest)=0.01；P(waterlogging)=0.09；P(low_light)=0.01；P(sensor_anomaly)=0.01,,,,observe,routine_patrol,低风险 + 低不确定性 → 常规巡检,环境传感器指标处于正常范围；图像标签显示作物状态健康,继续常规巡检,normal
2026-08-23 02:00,19.9,很低,0.83,0.826,0.076,0.011,0.011,0.057,0.011,0.009,0.0,低,healthy,10.5,13.4,1.00,0.90,0.64,0.36,,P(healthy)=0.96；P(drought)=0.01；P(heat)=0.01；P(pest)=0.01；P(waterlogging)=0.01；P(low_light)=0.01；P(sensor_anomaly)=0.01,P(healthy)=0.91；P(drought)=0.02；P(heat)=0.02；P(pest)=0.02；P(waterlogging)=0.02；P(low_light)=0.02；P(sensor_anomaly)=0.01,P(healthy)=0.94；P(drought)=0.01；P(heat)=0.01；P(pest)=0.01；P(waterlogging)=0.01；P(low_light)=0.01；P(sensor_anomaly)=0.01,P(healthy)=0.83；P(drought)=0.08；P(heat)=0.01；P(pest)=0.01；P(waterlogging)=0.06；P(low_light)=0.01；P(sensor_anomaly)=0.01,,,,observe,routine_patrol,低风险 + 低不确定性 → 常规巡检,环境传感器指标处于正常范围；图像标签显示作物状态健康,继续常规巡检,normal
2026-08-23 03:00,16.4,很低,0.87,0.874,0.048,0.010,0.011,0.037,0.010,0.009,0.0,低,healthy,10.5,13.8,1.00,0.88,0.65,0.35,,P(healthy)=0.96；P(drought)=0.01；P(heat)=0.01；P(pest)=0.01；P(waterlogging)=0.01；P(low_light)=0.01；P(sensor_anomaly)=0.01,P(healthy)=0.91；P(drought)=0.02；P(heat)=0.02；P(pest)=0.02；P(waterlogging)=0.02；P(low_light)=0.02；P(sensor_anomaly)=0.01,P(healthy)=0.94；P(drought)=0.01；P(heat)=0.01；P(pest)=0.01；P(waterlogging)=0.01；P(low_light)=0.01；P(sensor_anomaly)=0.01,P(healthy)=0.87；P(drought)=0.05；P(heat)=0.01；P(pest)=0.01；P(waterlogging)=0.04；P(low_light)=0.01；P(sensor_anomaly)=0.01,,,,observe,routine_patrol,低风险 + 低不确定性 → 常规巡检,环境传感器指标处于正常范围；图像标签显示作物状态健康,继续常规巡检,normal
2026-08-23 04:00,14.3,很低,0.90,0.903,0.032,0.010,0.010,0.026,0.010,0.009,0.0,低,healthy,10.5,13.1,1.00,0.92,0.64,0.36,,P(healthy)=0.96；P(drought)=0.01；P(heat)=0.01；P(pest)=0.01；P(waterlogging)=0.01；P(low_light)=0.01；P(sensor_anomaly)=0.01,P(healthy)=0.92；P(drought)=0.01；P(heat)=0.01；P(pest)=0.01；P(waterlogging)=0.01；P(low_light)=0.01；P(sensor_anomaly)=0.01,P(healthy)=0.94；P(drought)=0.01；P(heat)=0.01；P(pest)=0.01；P(waterlogging)=0.01；P(low_light)=0.01；P(sensor_anomaly)=0.01,P(healthy)=0.90；P(drought)=0.03；P(heat)=0.01；P(pest)=0.01；P(waterlogging)=0.03；P(low_light)=0.01；P(sensor_anomaly)=0.01,,,,observe,routine_patrol,低风险 + 低不确定性 → 常规巡检,环境传感器指标处于正常范围；图像标签显示作物状态健康,继续常规巡检,normal
2026-08-23 05:00,13.1,很低,0.92,0.921,0.023,0.010,0.010,0.019,0.010,0.008,0.0,低,healthy,10.5,12.8,1.00,0.94,0.63,0.37,,P(healthy)=0.96；P(drought)=0.01；P(heat)=0.01；P(pest)=0.01；P(waterlogging)=0.01；P(low_light)=0.01；P(sensor_anomaly)=0.01,P(healthy)=0.92；P(drought)=0.01；P(heat)=0.01；P(pest)=0.01；P(waterlogging)=0.01；P(low_light)=0.01；P(sensor_anomaly)=0.01,P(healthy)=0.95；P(drought)=0.01；P(heat)=0.01；P(pest)=0.01；P(waterlogging)=0.01；P(low_light)=0.01；P(sensor_anomaly)=0.01,P(healthy)=0.92；P(drought)=0.02；P(heat)=0.01；P(pest)=0.01；P(waterlogging)=0.02；P(low_light)=0.01；P(sensor_anomaly)=0.01,,,,observe,routine_patrol,低风险 + 低不确定性 → 常规巡检,环境传感器指标处于正常范围；图像标签显示作物状态健康,继续常规巡检,normal
2026-08-23 06:00,12.6,很低,0.93,0.927,0.018,0.010,0.010,0.016,0.010,0.008,0.0,低,healthy,10.5,14.8,1.00,0.82,0.67,0.33,,P(healthy)=0.96；P(drought)=0.01；P(heat)=0.01；P(pest)=0.01；P(waterlogging)=0.01；P(low_light)=0.01；P(sensor_anomaly)=0.01,P(healthy)=0.89；P(drought)=0.02；P(heat)=0.02；P(pest)=0.02；P(waterlogging)=0.02；P(low_light)=0.02；P(sensor_anomaly)=0.01,P(healthy)=0.94；P(drought)=0.01；P(heat)=0.01；P(pest)=0.01；P(waterlogging)=0.01；P(low_light)=0.01；P(sensor_anomaly)=0.01,P(healthy)=0.93；P(drought)=0.02；P(heat)=0.01；P(pest)=0.01；P(waterlogging)=0.02；P(low_light)=0.01；P(sensor_anomaly)=0.01,,,,observe,routine_patrol,低风险 + 低不确定性 → 常规巡检,环境传感器指标处于正常范围；图像标签显示作物状态健康,继续常规巡检,normal
2026-08-23 07:00,12.0,很低,0.94,0.935,0.014,0.010,0.010,0.013,0.010,0.008,0.0,低,healthy,10.5,12.5,1.00,0.96,0.63,0.37,,P(healthy)=0.96；P(drought)=0.01；P(heat)=0.01；P(pest)=0.01；P(waterlogging)=0.01；P(low_light)=0.01；P(sensor_anomaly)=0.01,P(healthy)=0.93；P(drought)=0.01；P(heat)=0.01；P(pest)=0.01；P(waterlogging)=0.01；P(low_light)=0.01；P(sensor_anomaly)=0.01,P(healthy)=0.95；P(drought)=0.01；P(heat)=0.01；P(pest)=0.01；P(waterlogging)=0.01；P(low_light)=0.01；P(sensor_anomaly)=0.01,P(healthy)=0.94；P(drought)=0.01；P(heat)=0.01；P(pest)=0.01；P(waterlogging)=0.01；P(low_light)=0.01；P(sensor_anomaly)=0.01,,,,observe,routine_patrol,低风险 + 低不确定性 → 常规巡检,环境传感器指标处于正常范围；图像标签显示作物状态健康,继续常规巡检,normal
2026-08-23 08:00,11.7,很低,0.94,0.940,0.012,0.009,0.009,0.011,0.009,0.008,0.0,低,healthy,10.5,12.6,1.00,0.95,0.63,0.37,,P(healthy)=0.96；P(drought)=0.01；P(heat)=0.01；P(pest)=0.01；P(waterlogging)=0.01；P(low_light)=0.01；P(sensor_anomaly)=0.01,P(healthy)=0.92；P(drought)=0.01；P(heat)=0.01；P(pest)=0.01；P(waterlogging)=0.01；P(low_light)=0.01；P(sensor_anomaly)=0.01,P(healthy)=0.95；P(drought)=0.01；P(heat)=0.01；P(pest)=0.01；P(waterlogging)=0.01；P(low_light)=0.01；P(sensor_anomaly)=0.01,P(healthy)=0.94；P(drought)=0.01；P(heat)=0.01；P(pest)=0.01；P(waterlogging)=0.01；P(low_light)=0.01；P(sensor_anomaly)=0.01,,,,observe,routine_patrol,低风险 + 低不确定性 → 常规巡检,环境传感器指标处于正常范围；图像标签显示作物状态健康,继续常规巡检,normal
2026-08-23 09:00,14.7,很低,0.90,0.900,0.055,0.009,0.009,0.010,0.009,0.008,0.0,低,healthy,10.5,12.5,1.00,0.96,0.63,0.37,,P(healthy)=0.96；P(drought)=0.01；P(heat)=0.01；P(pest)=0.01；P(waterlogging)=0.01；P(low_light)=0.01；P(sensor_anomaly)=0.01,P(healthy)=0.93；P(drought)=0.01；P(heat)=0.01；P(pest)=0.01；P(waterlogging)=0.01；P(low_light)=0.01；P(sensor_anomaly)=0.01,P(healthy)=0.95；P(drought)=0.01；P(heat)=0.01；P(pest)=0.01；P(waterlogging)=0.01；P(low_light)=0.01；P(sensor_anomaly)=0.01,P(healthy)=0.90；P(drought)=0.06；P(heat)=0.01；P(pest)=0.01；P(waterlogging)=0.01；P(low_light)=0.01；P(sensor_anomaly)=0.01,soil_moisture_decreasing_6h,,,observe,routine_patrol,低风险 + 低不确定性 → 常规巡检,环境传感器指标处于正常范围；图像标签显示作物状态健康；最近 6 小时土壤湿度持续下降，干旱状态概率上升,继续常规巡检,normal
2026-08-23 10:00,45.0,中,0.28,0.673,0.277,0.010,0.010,0.011,0.010,0.009,47.0,中,drought,64.7,14.7,1.00,0.83,0.73,0.27,环境和视觉存在冲突，降低直接执行可靠性,P(healthy)=0.22；P(drought)=0.72；P(heat)=0.01；P(pest)=0.01；P(waterlogging)=0.01；P(low_light)=0.01；P(sensor_anomaly)=0.01,P(healthy)=0.89；P(drought)=0.02；P(heat)=0.02；P(pest)=0.02；P(waterlogging)=0.02；P(low_light)=0.02；P(sensor_anomaly)=0.01,P(healthy)=0.40；P(drought)=0.53；P(heat)=0.01；P(pest)=0.01；P(waterlogging)=0.01；P(low_light)=0.01；P(sensor_anomaly)=0.01,P(healthy)=0.67；P(drought)=0.28；P(heat)=0.01；P(pest)=0.01；P(waterlogging)=0.01；P(low_light)=0.01；P(sensor_anomaly)=0.01,soil_moisture_decreasing_6h,,图像显示健康，但环境传感器提示较高风险,hold,resample_before_action,中风险 + 高不确定性 → 重新采样后再决策,土壤湿度偏低；图像标签显示作物状态健康；环境和视觉存在冲突，降低直接执行可靠性；数据冲突：图像显示健康，但环境传感器提示较高风险；最近 6 小时土壤湿度持续下降，干旱状态概率上升,优先让机器人复查该区域并重新采样；若低湿状态连续出现，触发灌溉提醒,normal
2026-08-23 11:00,45.0,中,0.36,0.497,0.364,0.105,0.009,0.009,0.009,0.008,47.0,中,drought,69.0,13.0,1.00,0.93,0.71,0.29,环境和视觉存在冲突，降低直接执行可靠性,P(healthy)=0.14；P(drought)=0.45；P(heat)=0.39；P(pest)=0.01；P(waterlogging)=0.01；P(low_light)=0.01；P(sensor_anomaly)=0.01,P(healthy)=0.92；P(drought)=0.01；P(heat)=0.01；P(pest)=0.01；P(waterlogging)=0.01；P(low_light)=0.01；P(sensor_anomaly)=0.01,P(healthy)=0.37；P(drought)=0.32；P(heat)=0.28；P(pest)=0.01；P(waterlogging)=0.01；P(low_light)=0.01；P(sensor_anomaly)=0.01,P(healthy)=0.50；P(drought)=0.36；P(heat)=0.10；P(pest)=0.01；P(waterlogging)=0.01；P(low_light)=0.01；P(sensor_anomaly)=0.01,soil_moisture_decreasing_6h,temporal_trend_supports_dominant_state,图像显示健康，但环境传感器提示较高风险,hold,resample_before_action,中风险 + 高不确定性 → 重新采样后再决策,土壤湿度偏低；图像标签显示作物状态健康；环境和视觉存在冲突，降低直接执行可靠性；数据冲突：图像显示健康，但环境传感器提示较高风险；最近 6 小时土壤湿度持续下降，干旱状态概率上升；时间趋势支持当前主风险，系统置信度上升,优先让机器人复查该区域并重新采样；若低湿状态连续出现，触发灌溉提醒,normal
2026-08-23 12:00,52.6,中,0.52,0.385,0.523,0.058,0.009,0.009,0.009,0.008,35.0,中,drought,64.7,14.8,1.00,0.82,0.73,0.27,环境和视觉存在冲突，降低直接执行可靠性,P(healthy)=0.22；P(drought)=0.72；P(heat)=0.01；P(pest)=0.01；P(waterlogging)=0.01；P(low_light)=0.01；P(sensor_anomaly)=0.01,P(healthy)=0.89；P(drought)=0.02；P(heat)=0.02；P(pest)=0.02；P(waterlogging)=0.02；P(low_light)=0.02；P(sensor_anomaly)=0.01,P(healthy)=0.40；P(drought)=0.54；P(heat)=0.01；P(pest)=0.01；P(waterlogging)=0.01；P(low_light)=0.01；P(sensor_anomaly)=0.01,P(healthy)=0.38；P(drought)=0.52；P(heat)=0.06；P(pest)=0.01；P(waterlogging)=0.01；P(low_light)=0.01；P(sensor_anomaly)=0.01,soil_moisture_decreasing_6h,same_risk_state_consistent_with_previous_belief；temporal_trend_supports_dominant_state,图像显示健康，但环境传感器提示较高风险,hold,resample_before_action,中风险 + 高不确定性 → 重新采样后再决策,土壤湿度偏低；图像标签显示作物状态健康；环境和视觉存在冲突，降低直接执行可靠性；数据冲突：图像显示健康，但环境传感器提示较高风险；最近 6 小时土壤湿度持续下降，干旱状态概率上升；当前主风险与上一时刻状态信念一致，系统置信度上升；时间趋势支持当前主风险，系统置信度上升,优先让机器人复查该区域并重新采样；若低湿状态连续出现，触发灌溉提醒,normal
2026-08-23 13:00,57.3,中,0.53,0.317,0.533,0.121,0.007,0.007,0.007,0.007,35.0,中,drought,69.0,12.6,1.00,0.95,0.70,0.30,环境和视觉存在冲突，降低直接执行可靠性,P(healthy)=0.14；P(drought)=0.45；P(heat)=0.39；P(pest)=0.01；P(waterlogging)=0.01；P(low_light)=0.01；P(sensor_anomaly)=0.01,P(healthy)=0.92；P(drought)=0.01；P(heat)=0.01；P(pest)=0.01；P(waterlogging)=0.01；P(low_light)=0.01；P(sensor_anomaly)=0.01,P(healthy)=0.37；P(drought)=0.32；P(heat)=0.28；P(pest)=0.01；P(waterlogging)=0.01；P(low_light)=0.01；P(sensor_anomaly)=0.01,P(healthy)=0.32；P(drought)=0.53；P(heat)=0.12；P(pest)=0.01；P(waterlogging)=0.01；P(low_light)=0.01；P(sensor_anomaly)=0.01,soil_moisture_decreasing_6h,same_risk_state_consistent_with_previous_belief；temporal_trend_supports_dominant_state,图像显示健康，但环境传感器提示较高风险,hold,resample_before_action,中风险 + 高不确定性 → 重新采样后再决策,土壤湿度偏低；图像标签显示作物状态健康；环境和视觉存在冲突，降低直接执行可靠性；数据冲突：图像显示健康，但环境传感器提示较高风险；最近 6 小时土壤湿度持续下降，干旱状态概率上升；当前主风险与上一时刻状态信念一致，系统置信度上升；时间趋势支持当前主风险，系统置信度上升,优先让机器人复查该区域并重新采样；若低湿状态连续出现，触发灌溉提醒,normal
2026-08-23 14:00,56.5,中,0.56,0.331,0.565,0.070,0.009,0.009,0.009,0.008,35.0,中,drought,64.7,14.0,1.00,0.87,0.72,0.28,环境和视觉存在冲突，降低直接执行可靠性,P(healthy)=0.22；P(drought)=0.72；P(heat)=0.01；P(pest)=0.01；P(waterlogging)=0.01；P(low_light)=0.01；P(sensor_anomaly)=0.01,P(healthy)=0.90；P(drought)=0.02；P(heat)=0.02；P(pest)=0.02；P(waterlogging)=0.02；P(low_light)=0.02；P(sensor_anomaly)=0.01,P(healthy)=0.41；P(drought)=0.53；P(heat)=0.01；P(pest)=0.01；P(waterlogging)=0.01；P(low_light)=0.01；P(sensor_anomaly)=0.01,P(healthy)=0.33；P(drought)=0.56；P(heat)=0.07；P(pest)=0.01；P(waterlogging)=0.01；P(low_light)=0.01；P(sensor_anomaly)=0.01,,same_risk_state_consistent_with_previous_belief,图像显示健康，但环境传感器提示较高风险,hold,resample_before_action,中风险 + 高不确定性 → 重新采样后再决策,土壤湿度偏低；图像标签显示作物状态健康；环境和视觉存在冲突，降低直接执行可靠性；数据冲突：图像显示健康，但环境传感器提示较高风险；当前主风险与上一时刻状态信念一致，系统置信度上升,优先让机器人复查该区域并重新采样；若低湿状态连续出现，触发灌溉提醒,normal
2026-08-23 15:00,55.8,中,0.58,0.341,0.579,0.042,0.010,0.010,0.010,0.009,35.0,中,drought,64.7,13.3,1.00,0.91,0.71,0.29,环境和视觉存在冲突，降低直接执行可靠性,P(healthy)=0.22；P(drought)=0.72；P(heat)=0.01；P(pest)=0.01；P(waterlogging)=0.01；P(low_light)=0.01；P(sensor_anomaly)=0.01,P(healthy)=0.91；P(drought)=0.01；P(heat)=0.01；P(pest)=0.01；P(waterlogging)=0.01；P(low_light)=0.01；P(sensor_anomaly)=0.01,P(healthy)=0.42；P(drought)=0.52；P(heat)=0.01；P(pest)=0.01；P(waterlogging)=0.01；P(low_light)=0.01；P(sensor_anomaly)=0.01,P(healthy)=0.34；P(drought)=0.58；P(heat)=0.04；P(pest)=0.01；P(waterlogging)=0.01；P(low_light)=0.01；P(sensor_anomaly)=0.01,,same_risk_state_consistent_with_previous_belief,图像显示健康，但环境传感器提示较高风险,hold,resample_before_action,中风险 + 高不确定性 → 重新采样后再决策,土壤湿度偏低；图像标签显示作物状态健康；环境和视觉存在冲突，降低直接执行可靠性；数据冲突：图像显示健康，但环境传感器提示较高风险；当前主风险与上一时刻状态信念一致，系统置信度上升,优先让机器人复查该区域并重新采样；若低湿状态连续出现，触发灌溉提醒,normal
2026-08-23 16:00,55.2,中,0.58,0.351,0.584,0.027,0.010,0.010,0.010,0.009,35.0,中,drought,64.7,12.5,1.00,0.96,0.70,0.30,环境和视觉存在冲突，降低直接执行可靠性,P(healthy)=0.22；P(drought)=0.72；P(heat)=0.01；P(pest)=0.01；P(waterlogging)=0.01；P(low_light)=0.01；P(sensor_anomaly)=0.01,P(healthy)=0.93；P(drought)=0.01；P(heat)=0.01；P(pest)=0.01；P(waterlogging)=0.01；P(low_light)=0.01；P(sensor_anomaly)=0.01,P(healthy)=0.43；P(drought)=0.51；P(heat)=0.01；P(pest)=0.01；P(waterlogging)=0.01；P(low_light)=0.01；P(sensor_anomaly)=0.01,P(healthy)=0.35；P(drought)=0.58；P(heat)=0.03；P(pest)=0.01；P(waterlogging)=0.01；P(low_light)=0.01；P(sensor_anomaly)=0.01,,same_risk_state_consistent_with_previous_belief,图像显示健康，但环境传感器提示较高风险,hold,resample_before_action,中风险 + 高不确定性 → 重新采样后再决策,土壤湿度偏低；图像标签显示作物状态健康；环境和视觉存在冲突，降低直接执行可靠性；数据冲突：图像显示健康，但环境传感器提示较高风险；当前主风险与上一时刻状态信念一致，系统置信度上升,优先让机器人复查该区域并重新采样；若低湿状态连续出现，触发灌溉提醒,normal
2026-08-23 17:00,54.7,中,0.59,0.358,0.585,0.019,0.010,0.010,0.010,0.009,35.0,中,drought,64.7,12.3,1.00,0.97,0.70,0.30,环境和视觉存在冲突，降低直接执行可靠性,P(healthy)=0.22；P(drought)=0.72；P(heat)=0.01；P(pest)=0.01；P(waterlogging)=0.01；P(low_light)=0.01；P(sensor_anomaly)=0.01,P(healthy)=0.93；P(drought)=0.01；P(heat)=0.01；P(pest)=0.01；P(waterlogging)=0.01；P(low_light)=0.01；P(sensor_anomaly)=0.01,P(healthy)=0.43；P(drought)=0.51；P(heat)=0.01；P(pest)=0.01；P(waterlogging)=0.01；P(low_light)=0.01；P(sensor_anomaly)=0.01,P(healthy)=0.36；P(drought)=0.59；P(heat)=0.02；P(pest)=0.01；P(waterlogging)=0.01；P(low_light)=0.01；P(sensor_anomaly)=0.01,,same_risk_state_consistent_with_previous_belief,图像显示健康，但环境传感器提示较高风险,hold,resample_before_action,中风险 + 高不确定性 → 重新采样后再决策,土壤湿度偏低；图像标签显示作物状态健康；环境和视觉存在冲突，降低直接执行可靠性；数据冲突：图像显示健康，但环境传感器提示较高风险；当前主风险与上一时刻状态信念一致，系统置信度上升,优先让机器人复查该区域并重新采样；若低湿状态连续出现，触发灌溉提醒,normal
2026-08-23 18:00,55.3,中,0.60,0.349,0.595,0.015,0.010,0.010,0.010,0.009,35.0,中,drought,64.7,14.5,1.00,0.84,0.73,0.27,环境和视觉存在冲突，降低直接执行可靠性,P(healthy)=0.22；P(drought)=0.72；P(heat)=0.01；P(pest)=0.01；P(waterlogging)=0.01；P(low_light)=0.01；P(sensor_anomaly)=0.01,P(healthy)=0.89；P(drought)=0.02；P(heat)=0.02；P(pest)=0.02；P(waterlogging)=0.02；P(low_light)=0.02；P(sensor_anomaly)=0.01,P(healthy)=0.40；P(drought)=0.53；P(heat)=0.01；P(pest)=0.01；P(waterlogging)=0.01；P(low_light)=0.01；P(sensor_anomaly)=0.01,P(healthy)=0.35；P(drought)=0.60；P(heat)=0.02；P(pest)=0.01；P(waterlogging)=0.01；P(low_light)=0.01；P(sensor_anomaly)=0.01,,same_risk_state_consistent_with_previous_belief,图像显示健康，但环境传感器提示较高风险,hold,resample_before_action,中风险 + 高不确定性 → 重新采样后再决策,土壤湿度偏低；图像标签显示作物状态健康；环境和视觉存在冲突，降低直接执行可靠性；数据冲突：图像显示健康，但环境传感器提示较高风险；当前主风险与上一时刻状态信念一致，系统置信度上升,优先让机器人复查该区域并重新采样；若低湿状态连续出现，触发灌溉提醒,normal
2026-08-23 19:00,58.3,中,0.64,0.310,0.641,0.012,0.010,0.010,0.010,0.008,35.0,中,drought,64.7,14.7,1.00,0.83,0.73,0.27,环境和视觉存在冲突，降低直接执行可靠性,P(healthy)=0.22；P(drought)=0.72；P(heat)=0.01；P(pest)=0.01；P(waterlogging)=0.01；P(low_light)=0.01；P(sensor_anomaly)=0.01,P(healthy)=0.89；P(drought)=0.02；P(heat)=0.02；P(pest)=0.02；P(waterlogging)=0.02；P(low_light)=0.02；P(sensor_anomaly)=0.01,P(healthy)=0.40；P(drought)=0.53；P(heat)=0.01；P(pest)=0.01；P(waterlogging)=0.01；P(low_light)=0.01；P(sensor_anomaly)=0.01,P(healthy)=0.31；P(drought)=0.64；P(heat)=0.01；P(pest)=0.01；P(waterlogging)=0.01；P(low_light)=0.01；P(sensor_anomaly)=0.01,soil_moisture_decreasing_6h,same_risk_state_consistent_with_previous_belief；temporal_trend_supports_dominant_state,图像显示健康，但环境传感器提示较高风险,hold,resample_before_action,中风险 + 高不确定性 → 重新采样后再决策,土壤湿度偏低；图像标签显示作物状态健康；环境和视觉存在冲突，降低直接执行可靠性；数据冲突：图像显示健康，但环境传感器提示较高风险；最近 6 小时土壤湿度持续下降，干旱状态概率上升；当前主风险与上一时刻状态信念一致，系统置信度上升；时间趋势支持当前主风险，系统置信度上升,优先让机器人复查该区域并重新采样；若低湿状态连续出现，触发灌溉提醒,normal
2026-08-23 20:00,56.7,中,0.62,0.332,0.619,0.011,0.010,0.010,0.010,0.009,35.0,中,drought,64.7,13.0,1.00,0.93,0.71,0.29,环境和视觉存在冲突，降低直接执行可靠性,P(healthy)=0.22；P(drought)=0.72；P(heat)=0.01；P(pest)=0.01；P(waterlogging)=0.01；P(low_light)=0.01；P(sensor_anomaly)=0.01,P(healthy)=0.92；P(drought)=0.01；P(heat)=0.01；P(pest)=0.01；P(waterlogging)=0.01；P(low_light)=0.01；P(sensor_anomaly)=0.01,P(healthy)=0.43；P(drought)=0.52；P(heat)=0.01；P(pest)=0.01；P(waterlogging)=0.01；P(low_light)=0.01；P(sensor_anomaly)=0.01,P(healthy)=0.33；P(drought)=0.62；P(heat)=0.01；P(pest)=0.01；P(waterlogging)=0.01；P(low_light)=0.01；P(sensor_anomaly)=0.01,,same_risk_state_consistent_with_previous_belief,图像显示健康，但环境传感器提示较高风险,hold,resample_before_action,中风险 + 高不确定性 → 重新采样后再决策,土壤湿度偏低；图像标签显示作物状态健康；环境和视觉存在冲突，降低直接执行可靠性；数据冲突：图像显示健康，但环境传感器提示较高风险；当前主风险与上一时刻状态信念一致，系统置信度上升,优先让机器人复查该区域并重新采样；若低湿状态连续出现，触发灌溉提醒,normal
2026-08-23 21:00,56.0,中,0.61,0.341,0.609,0.011,0.010,0.010,0.010,0.009,35.0,中,drought,64.7,13.4,1.00,0.90,0.72,0.28,环境和视觉存在冲突，降低直接执行可靠性,P(healthy)=0.22；P(drought)=0.72；P(heat)=0.01；P(pest)=0.01；P(waterlogging)=0.01；P(low_light)=0.01；P(sensor_anomaly)=0.01,P(healthy)=0.91；P(drought)=0.02；P(heat)=0.02；P(pest)=0.02；P(waterlogging)=0.02；P(low_light)=0.02；P(sensor_anomaly)=0.01,P(healthy)=0.42；P(drought)=0.52；P(heat)=0.01；P(pest)=0.01；P(waterlogging)=0.01；P(low_light)=0.01；P(sensor_anomaly)=0.01,P(healthy)=0.34；P(drought)=0.61；P(heat)=0.01；P(pest)=0.01；P(waterlogging)=0.01；P(low_light)=0.01；P(sensor_anomaly)=0.01,,same_risk_state_consistent_with_previous_belief,图像显示健康，但环境传感器提示较高风险,hold,resample_before_action,中风险 + 高不确定性 → 重新采样后再决策,土壤湿度偏低；图像标签显示作物状态健康；环境和视觉存在冲突，降低直接执行可靠性；数据冲突：图像显示健康，但环境传感器提示较高风险；当前主风险与上一时刻状态信念一致，系统置信度上升,优先让机器人复查该区域并重新采样；若低湿状态连续出现，触发灌溉提醒,normal
2026-08-23 22:00,55.6,中,0.60,0.347,0.603,0.011,0.010,0.010,0.010,0.009,35.0,中,drought,64.7,13.3,1.00,0.91,0.71,0.29,环境和视觉存在冲突，降低直接执行可靠性,P(healthy)=0.22；P(drought)=0.72；P(heat)=0.01；P(pest)=0.01；P(waterlogging)=0.01；P(low_light)=0.01；P(sensor_anomaly)=0.01,P(healthy)=0.91；P(drought)=0.01；P(heat)=0.01；P(pest)=0.01；P(waterlogging)=0.01；P(low_light)=0.01；P(sensor_anomaly)=0.01,P(healthy)=0.42；P(drought)=0.52；P(heat)=0.01；P(pest)=0.01；P(waterlogging)=0.01；P(low_light)=0.01；P(sensor_anomaly)=0.01,P(healthy)=0.35；P(drought)=0.60；P(heat)=0.01；P(pest)=0.01；P(waterlogging)=0.01；P(low_light)=0.01；P(sensor_anomaly)=0.01,,same_risk_state_consistent_with_previous_belief,图像显示健康，但环境传感器提示较高风险,hold,resample_before_action,中风险 + 高不确定性 → 重新采样后再决策,土壤湿度偏低；图像标签显示作物状态健康；环境和视觉存在冲突，降低直接执行可靠性；数据冲突：图像显示健康，但环境传感器提示较高风险；当前主风险与上一时刻状态信念一致，系统置信度上升,优先让机器人复查该区域并重新采样；若低湿状态连续出现，触发灌溉提醒,normal
2026-08-23 23:00,55.1,中,0.60,0.353,0.598,0.010,0.010,0.010,0.010,0.009,35.0,中,drought,64.7,12.8,1.00,0.94,0.71,0.29,环境和视觉存在冲突，降低直接执行可靠性,P(healthy)=0.22；P(drought)=0.72；P(heat)=0.01；P(pest)=0.01；P(waterlogging)=0.01；P(low_light)=0.01；P(sensor_anomaly)=0.01,P(healthy)=0.92；P(drought)=0.01；P(heat)=0.01；P(pest)=0.01；P(waterlogging)=0.01；P(low_light)=0.01；P(sensor_anomaly)=0.01,P(healthy)=0.43；P(drought)=0.51；P(heat)=0.01；P(pest)=0.01；P(waterlogging)=0.01；P(low_light)=0.01；P(sensor_anomaly)=0.01,P(healthy)=0.35；P(drought)=0.60；P(heat)=0.01；P(pest)=0.01；P(waterlogging)=0.01；P(low_light)=0.01；P(sensor_anomaly)=0.01,,same_risk_state_consistent_with_previous_belief,图像显示健康，但环境传感器提示较高风险,hold,resample_before_action,中风险 + 高不确定性 → 重新采样后再决策,土壤湿度偏低；图像标签显示作物状态健康；环境和视觉存在冲突，降低直接执行可靠性；数据冲突：图像显示健康，但环境传感器提示较高风险；当前主风险与上一时刻状态信念一致，系统置信度上升,优先让机器人复查该区域并重新采样；若低湿状态连续出现，触发灌溉提醒,normal
2026-08-24 00:00,55.2,中,0.60,0.351,0.598,0.010,0.010,0.010,0.010,0.009,35.0,中,drought,64.7,13.6,1.00,0.89,0.72,0.28,环境和视觉存在冲突，降低直接执行可靠性,P(healthy)=0.22；P(drought)=0.72；P(heat)=0.01；P(pest)=0.01；P(waterlogging)=0.01；P(low_light)=0.01；P(sensor_anomaly)=0.01,P(healthy)=0.91；P(drought)=0.02；P(heat)=0.02；P(pest)=0.02；P(waterlogging)=0.02；P(low_light)=0.02；P(sensor_anomaly)=0.01,P(healthy)=0.42；P(drought)=0.52；P(heat)=0.01；P(pest)=0.01；P(waterlogging)=0.01；P(low_light)=0.01；P(sensor_anomaly)=0.01,P(healthy)=0.35；P(drought)=0.60；P(heat)=0.01；P(pest)=0.01；P(waterlogging)=0.01；P(low_light)=0.01；P(sensor_anomaly)=0.01,,same_risk_state_consistent_with_previous_belief,图像显示健康，但环境传感器提示较高风险,hold,resample_before_action,中风险 + 高不确定性 → 重新采样后再决策,土壤湿度偏低；图像标签显示作物状态健康；环境和视觉存在冲突，降低直接执行可靠性；数据冲突：图像显示健康，但环境传感器提示较高风险；当前主风险与上一时刻状态信念一致，系统置信度上升,优先让机器人复查该区域并重新采样；若低湿状态连续出现，触发灌溉提醒,normal
2026-08-24 01:00,55.4,中,0.60,0.349,0.600,0.011,0.010,0.010,0.010,0.009,35.0,中,drought,64.7,14.0,1.00,0.87,0.72,0.28,环境和视觉存在冲突，降低直接执行可靠性,P(healthy)=0.22；P(drought)=0.72；P(heat)=0.01；P(pest)=0.01；P(waterlogging)=0.01；P(low_light)=0.01；P(sensor_anomaly)=0.01,P(healthy)=0.90；P(drought)=0.02；P(heat)=0.02；P(pest)=0.02；P(waterlogging)=0.02；P(low_light)=0.02；P(sensor_anomaly)=0.01,P(healthy)=0.41；P(drought)=0.53；P(heat)=0.01；P(pest)=0.01；P(waterlogging)=0.01；P(low_light)=0.01；P(sensor_anomaly)=0.01,P(healthy)=0.35；P(drought)=0.60；P(heat)=0.01；P(pest)=0.01；P(waterlogging)=0.01；P(low_light)=0.01；P(sensor_anomaly)=0.01,,same_risk_state_consistent_with_previous_belief,图像显示健康，但环境传感器提示较高风险,hold,resample_before_action,中风险 + 高不确定性 → 重新采样后再决策,土壤湿度偏低；图像标签显示作物状态健康；环境和视觉存在冲突，降低直接执行可靠性；数据冲突：图像显示健康，但环境传感器提示较高风险；当前主风险与上一时刻状态信念一致，系统置信度上升,优先让机器人复查该区域并重新采样；若低湿状态连续出现，触发灌溉提醒,normal
2026-08-24 02:00,55.4,中,0.60,0.349,0.600,0.011,0.010,0.010,0.010,0.009,35.0,中,drought,64.7,13.6,1.00,0.89,0.72,0.28,环境和视觉存在冲突，降低直接执行可靠性,P(healthy)=0.22；P(drought)=0.72；P(heat)=0.01；P(pest)=0.01；P(waterlogging)=0.01；P(low_light)=0.01；P(sensor_anomaly)=0.01,P(healthy)=0.91；P(drought)=0.02；P(heat)=0.02；P(pest)=0.02；P(waterlogging)=0.02；P(low_light)=0.02；P(sensor_anomaly)=0.01,P(healthy)=0.42；P(drought)=0.52；P(heat)=0.01；P(pest)=0.01；P(waterlogging)=0.01；P(low_light)=0.01；P(sensor_anomaly)=0.01,P(healthy)=0.35；P(drought)=0.60；P(heat)=0.01；P(pest)=0.01；P(waterlogging)=0.01；P(low_light)=0.01；P(sensor_anomaly)=0.01,,same_risk_state_consistent_with_previous_belief,图像显示健康，但环境传感器提示较高风险,hold,resample_before_action,中风险 + 高不确定性 → 重新采样后再决策,土壤湿度偏低；图像标签显示作物状态健康；环境和视觉存在冲突，降低直接执行可靠性；数据冲突：图像显示健康，但环境传感器提示较高风险；当前主风险与上一时刻状态信念一致，系统置信度上升,优先让机器人复查该区域并重新采样；若低湿状态连续出现，触发灌溉提醒,normal
2026-08-24 03:00,55.0,中,0.60,0.354,0.596,0.010,0.010,0.010,0.010,0.009,35.0,中,drought,64.7,12.8,1.00,0.94,0.71,0.29,环境和视觉存在冲突，降低直接执行可靠性,P(healthy)=0.22；P(drought)=0.72；P(heat)=0.01；P(pest)=0.01；P(waterlogging)=0.01；P(low_light)=0.01；P(sensor_anomaly)=0.01,P(healthy)=0.92；P(drought)=0.01；P(heat)=0.01；P(pest)=0.01；P(waterlogging)=0.01；P(low_light)=0.01；P(sensor_anomaly)=0.01,P(healthy)=0.43；P(drought)=0.51；P(heat)=0.01；P(pest)=0.01；P(waterlogging)=0.01；P(low_light)=0.01；P(sensor_anomaly)=0.01,P(healthy)=0.35；P(drought)=0.60；P(heat)=0.01；P(pest)=0.01；P(waterlogging)=0.01；P(low_light)=0.01；P(sensor_anomaly)=0.01,,same_risk_state_consistent_with_previous_belief,图像显示健康，但环境传感器提示较高风险,hold,resample_before_action,中风险 + 高不确定性 → 重新采样后再决策,土壤湿度偏低；图像标签显示作物状态健康；环境和视觉存在冲突，降低直接执行可靠性；数据冲突：图像显示健康，但环境传感器提示较高风险；当前主风险与上一时刻状态信念一致，系统置信度上升,优先让机器人复查该区域并重新采样；若低湿状态连续出现，触发灌溉提醒,normal
2026-08-24 04:00,54.8,中,0.59,0.357,0.593,0.010,0.010,0.010,0.010,0.009,35.0,中,drought,64.7,12.6,1.00,0.95,0.70,0.30,环境和视觉存在冲突，降低直接执行可靠性,P(healthy)=0.22；P(drought)=0.72；P(heat)=0.01；P(pest)=0.01；P(waterlogging)=0.01；P(low_light)=0.01；P(sensor_anomaly)=0.01,P(healthy)=0.92；P(drought)=0.01；P(heat)=0.01；P(pest)=0.01；P(waterlogging)=0.01；P(low_light)=0.01；P(sensor_anomaly)=0.01,P(healthy)=0.43；P(drought)=0.51；P(heat)=0.01；P(pest)=0.01；P(waterlogging)=0.01；P(low_light)=0.01；P(sensor_anomaly)=0.01,P(healthy)=0.36；P(drought)=0.59；P(heat)=0.01；P(pest)=0.01；P(waterlogging)=0.01；P(low_light)=0.01；P(sensor_anomaly)=0.01,,same_risk_state_consistent_with_previous_belief,图像显示健康，但环境传感器提示较高风险,hold,resample_before_action,中风险 + 高不确定性 → 重新采样后再决策,土壤湿度偏低；图像标签显示作物状态健康；环境和视觉存在冲突，降低直接执行可靠性；数据冲突：图像显示健康，但环境传感器提示较高风险；当前主风险与上一时刻状态信念一致，系统置信度上升,优先让机器人复查该区域并重新采样；若低湿状态连续出现，触发灌溉提醒,normal
2026-08-24 05:00,55.4,中,0.60,0.348,0.600,0.011,0.011,0.011,0.011,0.009,35.0,中,drought,64.7,14.7,1.00,0.83,0.73,0.27,环境和视觉存在冲突，降低直接执行可靠性,P(healthy)=0.22；P(drought)=0.72；P(heat)=0.01；P(pest)=0.01；P(waterlogging)=0.01；P(low_light)=0.01；P(sensor_anomaly)=0.01,P(healthy)=0.89；P(drought)=0.02；P(heat)=0.02；P(pest)=0.02；P(waterlogging)=0.02；P(low_light)=0.02；P(sensor_anomaly)=0.01,P(healthy)=0.40；P(drought)=0.53；P(heat)=0.01；P(pest)=0.01；P(waterlogging)=0.01；P(low_light)=0.01；P(sensor_anomaly)=0.01,P(healthy)=0.35；P(drought)=0.60；P(heat)=0.01；P(pest)=0.01；P(waterlogging)=0.01；P(low_light)=0.01；P(sensor_anomaly)=0.01,,same_risk_state_consistent_with_previous_belief,图像显示健康，但环境传感器提示较高风险,hold,resample_before_action,中风险 + 高不确定性 → 重新采样后再决策,土壤湿度偏低；图像标签显示作物状态健康；环境和视觉存在冲突，降低直接执行可靠性；数据冲突：图像显示健康，但环境传感器提示较高风险；当前主风险与上一时刻状态信念一致，系统置信度上升,优先让机器人复查该区域并重新采样；若低湿状态连续出现，触发灌溉提醒,normal
2026-08-24 06:00,55.3,中,0.60,0.350,0.599,0.010,0.010,0.010,0.010,0.009,35.0,中,drought,64.7,13.4,1.00,0.90,0.72,0.28,环境和视觉存在冲突，降低直接执行可靠性,P(healthy)=0.22；P(drought)=0.72；P(heat)=0.01；P(pest)=0.01；P(waterlogging)=0.01；P(low_light)=0.01；P(sensor_anomaly)=0.01,P(healthy)=0.91；P(drought)=0.02；P(heat)=0.02；P(pest)=0.02；P(waterlogging)=0.02；P(low_light)=0.02；P(sensor_anomaly)=0.01,P(healthy)=0.42；P(drought)=0.52；P(heat)=0.01；P(pest)=0.01；P(waterlogging)=0.01；P(low_light)=0.01；P(sensor_anomaly)=0.01,P(healthy)=0.35；P(drought)=0.60；P(heat)=0.01；P(pest)=0.01；P(waterlogging)=0.01；P(low_light)=0.01；P(sensor_anomaly)=0.01,,same_risk_state_consistent_with_previous_belief,图像显示健康，但环境传感器提示较高风险,hold,resample_before_action,中风险 + 高不确定性 → 重新采样后再决策,土壤湿度偏低；图像标签显示作物状态健康；环境和视觉存在冲突，降低直接执行可靠性；数据冲突：图像显示健康，但环境传感器提示较高风险；当前主风险与上一时刻状态信念一致，系统置信度上升,优先让机器人复查该区域并重新采样；若低湿状态连续出现，触发灌溉提醒,normal
2026-08-24 07:00,37.0,低,0.60,0.598,0.352,0.010,0.010,0.010,0.010,0.009,0.0,低,healthy,10.5,13.6,1.00,0.89,0.65,0.35,,P(healthy)=0.96；P(drought)=0.01；P(heat)=0.01；P(pest)=0.01；P(waterlogging)=0.01；P(low_light)=0.01；P(sensor_anomaly)=0.01,P(healthy)=0.91；P(drought)=0.02；P(heat)=0.02；P(pest)=0.02；P(waterlogging)=0.02；P(low_light)=0.02；P(sensor_anomaly)=0.01,P(healthy)=0.94；P(drought)=0.01；P(heat)=0.01；P(pest)=0.01；P(waterlogging)=0.01；P(low_light)=0.01；P(sensor_anomaly)=0.01,P(healthy)=0.60；P(drought)=0.35；P(heat)=0.01；P(pest)=0.01；P(waterlogging)=0.01；P(low_light)=0.01；P(sensor_anomaly)=0.01,,,,observe,routine_patrol,低风险 + 低不确定性 → 常规巡检,环境传感器指标处于正常范围；图像标签显示作物状态健康,继续常规巡检,normal
2026-08-24 08:00,28.9,低,0.70,0.705,0.208,0.010,0.010,0.048,0.010,0.008,0.0,低,healthy,10.5,14.5,1.00,0.84,0.66,0.34,,P(healthy)=0.96；P(drought)=0.01；P(heat)=0.01；P(pest)=0.01；P(waterlogging)=0.01；P(low_light)=0.01；P(sensor_anomaly)=0.01,P(healthy)=0.89；P(drought)=0.02；P(heat)=0.02；P(pest)=0.02；P(waterlogging)=0.02；P(low_light)=0.02；P(sensor_anomaly)=0.01,P(healthy)=0.94；P(drought)=0.01；P(heat)=0.01；P(pest)=0.01；P(waterlogging)=0.01；P(low_light)=0.01；P(sensor_anomaly)=0.01,P(healthy)=0.70；P(drought)=0.21；P(heat)=0.01；P(pest)=0.01；P(waterlogging)=0.05；P(low_light)=0.01；P(sensor_anomaly)=0.01,persistent_wet_condition_6h,,,observe,routine_patrol,低风险 + 低不确定性 → 常规巡检,环境传感器指标处于正常范围；图像标签显示作物状态健康；最近 6 小时存在持续湿润或降雨，积水状态概率上升,继续常规巡检,normal
2026-08-24 09:00,24.1,低,0.77,0.770,0.124,0.009,0.009,0.070,0.009,0.008,0.0,低,healthy,10.5,12.5,1.00,0.96,0.63,0.37,,P(healthy)=0.96；P(drought)=0.01；P(heat)=0.01；P(pest)=0.01；P(waterlogging)=0.01；P(low_light)=0.01；P(sensor_anomaly)=0.01,P(healthy)=0.93；P(drought)=0.01；P(heat)=0.01；P(pest)=0.01；P(waterlogging)=0.01；P(low_light)=0.01；P(sensor_anomaly)=0.01,P(healthy)=0.95；P(drought)=0.01；P(heat)=0.01；P(pest)=0.01；P(waterlogging)=0.01；P(low_light)=0.01；P(sensor_anomaly)=0.01,P(healthy)=0.77；P(drought)=0.12；P(heat)=0.01；P(pest)=0.01；P(waterlogging)=0.07；P(low_light)=0.01；P(sensor_anomaly)=0.01,persistent_wet_condition_6h,,,observe,routine_patrol,低风险 + 低不确定性 → 常规巡检,环境传感器指标处于正常范围；图像标签显示作物状态健康；最近 6 小时存在持续湿润或降雨，积水状态概率上升,继续常规巡检,normal
2026-08-24 10:00,21.3,低,0.81,0.807,0.076,0.009,0.009,0.082,0.009,0.008,0.0,低,healthy,10.5,13.1,1.00,0.92,0.64,0.36,,P(healthy)=0.96；P(drought)=0.01；P(heat)=0.01；P(pest)=0.01；P(waterlogging)=0.01；P(low_light)=0.01；P(sensor_anomaly)=0.01,P(healthy)=0.92；P(drought)=0.01；P(heat)=0.01；P(pest)=0.01；P(waterlogging)=0.01；P(low_light)=0.01；P(sensor_anomaly)=0.01,P(healthy)=0.94；P(drought)=0.01；P(heat)=0.01；P(pest)=0.01；P(waterlogging)=0.01；P(low_light)=0.01；P(sensor_anomaly)=0.01,P(healthy)=0.81；P(drought)=0.08；P(heat)=0.01；P(pest)=0.01；P(waterlogging)=0.08；P(low_light)=0.01；P(sensor_anomaly)=0.01,persistent_wet_condition_6h,,,observe,routine_patrol,低风险 + 低不确定性 → 常规巡检,环境传感器指标处于正常范围；图像标签显示作物状态健康；最近 6 小时存在持续湿润或降雨，积水状态概率上升,继续常规巡检,normal
2026-08-24 11:00,19.7,很低,0.83,0.829,0.047,0.009,0.009,0.089,0.009,0.008,0.0,低,healthy,10.5,12.8,1.00,0.94,0.63,0.37,,P(healthy)=0.96；P(drought)=0.01；P(heat)=0.01；P(pest)=0.01；P(waterlogging)=0.01；P(low_light)=0.01；P(sensor_anomaly)=0.01,P(healthy)=0.92；P(drought)=0.01；P(heat)=0.01；P(pest)=0.01；P(waterlogging)=0.01；P(low_light)=0.01；P(sensor_anomaly)=0.01,P(healthy)=0.95；P(drought)=0.01；P(heat)=0.01；P(pest)=0.01；P(waterlogging)=0.01；P(low_light)=0.01；P(sensor_anomaly)=0.01,P(healthy)=0.83；P(drought)=0.05；P(heat)=0.01；P(pest)=0.01；P(waterlogging)=0.09；P(low_light)=0.01；P(sensor_anomaly)=0.01,persistent_wet_condition_6h,,,observe,routine_patrol,低风险 + 低不确定性 → 常规巡检,环境传感器指标处于正常范围；图像标签显示作物状态健康；最近 6 小时存在持续湿润或降雨，积水状态概率上升,继续常规巡检,normal
2026-08-24 12:00,16.4,很低,0.87,0.874,0.032,0.010,0.010,0.057,0.010,0.008,0.0,低,healthy,10.5,14.8,1.00,0.82,0.67,0.33,,P(healthy)=0.96；P(drought)=0.01；P(heat)=0.01；P(pest)=0.01；P(waterlogging)=0.01；P(low_light)=0.01；P(sensor_anomaly)=0.01,P(healthy)=0.89；P(drought)=0.02；P(heat)=0.02；P(pest)=0.02；P(waterlogging)=0.02；P(low_light)=0.02；P(sensor_anomaly)=0.01,P(healthy)=0.94；P(drought)=0.01；P(heat)=0.01；P(pest)=0.01；P(waterlogging)=0.01；P(low_light)=0.01；P(sensor_anomaly)=0.01,P(healthy)=0.87；P(drought)=0.03；P(heat)=0.01；P(pest)=0.01；P(waterlogging)=0.06；P(low_light)=0.01；P(sensor_anomaly)=0.01,,,,observe,routine_patrol,低风险 + 低不确定性 → 常规巡检,环境传感器指标处于正常范围；图像标签显示作物状态健康,继续常规巡检,normal
2026-08-24 13:00,14.5,很低,0.90,0.901,0.023,0.010,0.010,0.037,0.010,0.008,0.0,低,healthy,10.5,14.1,1.00,0.86,0.65,0.35,,P(healthy)=0.96；P(drought)=0.01；P(heat)=0.01；P(pest)=0.01；P(waterlogging)=0.01；P(low_light)=0.01；P(sensor_anomaly)=0.01,P(healthy)=0.90；P(drought)=0.02；P(heat)=0.02；P(pest)=0.02；P(waterlogging)=0.02；P(low_light)=0.02；P(sensor_anomaly)=0.01,P(healthy)=0.94；P(drought)=0.01；P(heat)=0.01；P(pest)=0.01；P(waterlogging)=0.01；P(low_light)=0.01；P(sensor_anomaly)=0.01,P(healthy)=0.90；P(drought)=0.02；P(heat)=0.01；P(pest)=0.01；P(waterlogging)=0.04；P(low_light)=0.01；P(sensor_anomaly)=0.01,,,,observe,routine_patrol,低风险 + 低不确定性 → 常规巡检,环境传感器指标处于正常范围；图像标签显示作物状态健康,继续常规巡检,normal
2026-08-24 14:00,16.4,很低,0.88,0.877,0.062,0.009,0.009,0.025,0.009,0.008,0.0,低,healthy,10.5,13.0,1.00,0.93,0.64,0.36,,P(healthy)=0.96；P(drought)=0.01；P(heat)=0.01；P(pest)=0.01；P(waterlogging)=0.01；P(low_light)=0.01；P(sensor_anomaly)=0.01,P(healthy)=0.92；P(drought)=0.01；P(heat)=0.01；P(pest)=0.01；P(waterlogging)=0.01；P(low_light)=0.01；P(sensor_anomaly)=0.01,P(healthy)=0.94；P(drought)=0.01；P(heat)=0.01；P(pest)=0.01；P(waterlogging)=0.01；P(low_light)=0.01；P(sensor_anomaly)=0.01,P(healthy)=0.88；P(drought)=0.06；P(heat)=0.01；P(pest)=0.01；P(waterlogging)=0.03；P(low_light)=0.01；P(sensor_anomaly)=0.01,soil_moisture_decreasing_6h,,,observe,routine_patrol,低风险 + 低不确定性 → 常规巡检,环境传感器指标处于正常范围；图像标签显示作物状态健康；最近 6 小时土壤湿度持续下降，干旱状态概率上升,继续常规巡检,normal
2026-08-24 15:00,22.1,低,0.79,0.790,0.088,0.009,0.076,0.021,0.009,0.008,0.0,低,healthy,10.5,66.3,1.00,0.66,0.76,0.24,视觉置信度中等，轻微降低视觉模态权重,P(healthy)=0.96；P(drought)=0.01；P(heat)=0.01；P(pest)=0.01；P(waterlogging)=0.01；P(low_light)=0.01；P(sensor_anomaly)=0.01,P(healthy)=0.10；P(drought)=0.05；P(heat)=0.01；P(pest)=0.76；P(waterlogging)=0.05；P(low_light)=0.01；P(sensor_anomaly)=0.01,P(healthy)=0.75；P(drought)=0.02；P(heat)=0.01；P(pest)=0.19；P(waterlogging)=0.02；P(low_light)=0.01；P(sensor_anomaly)=0.01,P(healthy)=0.79；P(drought)=0.09；P(heat)=0.01；P(pest)=0.08；P(waterlogging)=0.02；P(low_light)=0.01；P(sensor_anomaly)=0.01,soil_moisture_decreasing_6h,,,observe,routine_patrol,低风险 + 低不确定性 → 常规巡检,环境传感器指标处于正常范围；图像标签疑似病虫害；视觉置信度中等，轻微降低视觉模态权重；最近 6 小时土壤湿度持续下降，干旱状态概率上升,继续常规巡检,normal
2026-08-24 16:00,45.0,中,0.29,0.617,0.290,0.009,0.048,0.017,0.009,0.009,47.0,中,drought,64.7,13.1,1.00,0.92,0.71,0.29,环境和视觉存在冲突，降低直接执行可靠性,P(healthy)=0.22；P(drought)=0.72；P(heat)=0.01；P(pest)=0.01；P(waterlogging)=0.01；P(low_light)=0.01；P(sensor_anomaly)=0.01,P(healthy)=0.92；P(drought)=0.01；P(heat)=0.01；P(pest)=0.01；P(waterlogging)=0.01；P(low_light)=0.01；P(sensor_anomaly)=0.01,P(healthy)=0.42；P(drought)=0.52；P(heat)=0.01；P(pest)=0.01；P(waterlogging)=0.01；P(low_light)=0.01；P(sensor_anomaly)=0.01,P(healthy)=0.62；P(drought)=0.29；P(heat)=0.01；P(pest)=0.05；P(waterlogging)=0.02；P(low_light)=0.01；P(sensor_anomaly)=0.01,soil_moisture_decreasing_6h,,图像显示健康，但环境传感器提示较高风险,hold,resample_before_action,中风险 + 高不确定性 → 重新采样后再决策,土壤湿度偏低；图像标签显示作物状态健康；环境和视觉存在冲突，降低直接执行可靠性；数据冲突：图像显示健康，但环境传感器提示较高风险；最近 6 小时土壤湿度持续下降，干旱状态概率上升,优先让机器人复查该区域并重新采样；若低湿状态连续出现，触发灌溉提醒,normal
2026-08-24 17:00,45.0,中,0.44,0.489,0.439,0.009,0.031,0.013,0.009,0.009,47.0,中,drought,64.7,12.8,1.00,0.94,0.71,0.29,环境和视觉存在冲突，降低直接执行可靠性,P(healthy)=0.22；P(drought)=0.72；P(heat)=0.01；P(pest)=0.01；P(waterlogging)=0.01；P(low_light)=0.01；P(sensor_anomaly)=0.01,P(healthy)=0.92；P(drought)=0.01；P(heat)=0.01；P(pest)=0.01；P(waterlogging)=0.01；P(low_light)=0.01；P(sensor_anomaly)=0.01,P(healthy)=0.43；P(drought)=0.51；P(heat)=0.01；P(pest)=0.01；P(waterlogging)=0.01；P(low_light)=0.01；P(sensor_anomaly)=0.01,P(healthy)=0.49；P(drought)=0.44；P(heat)=0.01；P(pest)=0.03；P(waterlogging)=0.01；P(low_light)=0.01；P(sensor_anomaly)=0.01,soil_moisture_decreasing_6h,temporal_trend_supports_dominant_state,图像显示健康，但环境传感器提示较高风险,hold,resample_before_action,中风险 + 高不确定性 → 重新采样后再决策,土壤湿度偏低；图像标签显示作物状态健康；环境和视觉存在冲突，降低直接执行可靠性；数据冲突：图像显示健康，但环境传感器提示较高风险；最近 6 小时土壤湿度持续下降，干旱状态概率上升；时间趋势支持当前主风险，系统置信度上升,优先让机器人复查该区域并重新采样；若低湿状态连续出现，触发灌溉提醒,normal
2026-08-24 18:00,57.7,中,0.56,0.307,0.556,0.009,0.097,0.015,0.009,0.008,0.0,低,drought,64.7,67.4,1.00,0.72,0.69,0.31,,P(healthy)=0.22；P(drought)=0.72；P(heat)=0.01；P(pest)=0.01；P(waterlogging)=0.01；P(low_light)=0.01；P(sensor_anomaly)=0.01,P(healthy)=0.08；P(drought)=0.05；P(heat)=0.01；P(pest)=0.78；P(waterlogging)=0.05；P(low_light)=0.01；P(sensor_anomaly)=0.01,P(healthy)=0.18；P(drought)=0.52；P(heat)=0.01；P(pest)=0.25；P(waterlogging)=0.02；P(low_light)=0.01；P(sensor_anomaly)=0.01,P(healthy)=0.31；P(drought)=0.56；P(heat)=0.01；P(pest)=0.10；P(waterlogging)=0.01；P(low_light)=0.01；P(sensor_anomaly)=0.01,soil_moisture_decreasing_6h,same_risk_state_consistent_with_previous_belief；temporal_trend_supports_dominant_state,,hold,monitor_more_context,风险或不确定性处于中间状态 → 继续观察并收集更多上下文,土壤湿度偏低；图像标签疑似病虫害；最近 6 小时土壤湿度持续下降，干旱状态概率上升；当前主风险与上一时刻状态信念一致，系统置信度上升；时间趋势支持当前主风险，系统置信度上升,若低湿状态连续出现，触发灌溉提醒,normal
2026-08-24 19:00,59.3,中,0.62,0.292,0.618,0.009,0.054,0.012,0.009,0.008,35.0,中,drought,64.7,14.0,1.00,0.87,0.72,0.28,环境和视觉存在冲突，降低直接执行可靠性,P(healthy)=0.22；P(drought)=0.72；P(heat)=0.01；P(pest)=0.01；P(waterlogging)=0.01；P(low_light)=0.01；P(sensor_anomaly)=0.01,P(healthy)=0.90；P(drought)=0.02；P(heat)=0.02；P(pest)=0.02；P(waterlogging)=0.02；P(low_light)=0.02；P(sensor_anomaly)=0.01,P(healthy)=0.41；P(drought)=0.53；P(heat)=0.01；P(pest)=0.01；P(waterlogging)=0.01；P(low_light)=0.01；P(sensor_anomaly)=0.01,P(healthy)=0.29；P(drought)=0.62；P(heat)=0.01；P(pest)=0.05；P(waterlogging)=0.01；P(low_light)=0.01；P(sensor_anomaly)=0.01,soil_moisture_decreasing_6h,same_risk_state_consistent_with_previous_belief；temporal_trend_supports_dominant_state,图像显示健康，但环境传感器提示较高风险,hold,resample_before_action,中风险 + 高不确定性 → 重新采样后再决策,土壤湿度偏低；图像标签显示作物状态健康；环境和视觉存在冲突，降低直接执行可靠性；数据冲突：图像显示健康，但环境传感器提示较高风险；最近 6 小时土壤湿度持续下降，干旱状态概率上升；当前主风险与上一时刻状态信念一致，系统置信度上升；时间趋势支持当前主风险，系统置信度上升,优先让机器人复查该区域并重新采样；若低湿状态连续出现，触发灌溉提醒,normal
2026-08-24 20:00,57.1,中,0.61,0.324,0.605,0.009,0.033,0.011,0.009,0.009,35.0,中,drought,64.7,12.6,1.00,0.95,0.70,0.30,环境和视觉存在冲突，降低直接执行可靠性,P(healthy)=0.22；P(drought)=0.72；P(heat)=0.01；P(pest)=0.01；P(waterlogging)=0.01；P(low_light)=0.01；P(sensor_anomaly)=0.01,P(healthy)=0.92；P(drought)=0.01；P(heat)=0.01；P(pest)=0.01；P(waterlogging)=0.01；P(low_light)=0.01；P(sensor_anomaly)=0.01,P(healthy)=0.43；P(drought)=0.51；P(heat)=0.01；P(pest)=0.01；P(waterlogging)=0.01；P(low_light)=0.01；P(sensor_anomaly)=0.01,P(healthy)=0.32；P(drought)=0.61；P(heat)=0.01；P(pest)=0.03；P(waterlogging)=0.01；P(low_light)=0.01；P(sensor_anomaly)=0.01,,same_risk_state_consistent_with_previous_belief,图像显示健康，但环境传感器提示较高风险,hold,resample_before_action,中风险 + 高不确定性 → 重新采样后再决策,土壤湿度偏低；图像标签显示作物状态健康；环境和视觉存在冲突，降低直接执行可靠性；数据冲突：图像显示健康，但环境传感器提示较高风险；当前主风险与上一时刻状态信念一致，系统置信度上升,优先让机器人复查该区域并重新采样；若低湿状态连续出现，触发灌溉提醒,normal
2026-08-24 21:00,56.0,中,0.60,0.339,0.600,0.010,0.023,0.010,0.010,0.009,35.0,中,drought,64.7,13.0,1.00,0.93,0.71,0.29,环境和视觉存在冲突，降低直接执行可靠性,P(healthy)=0.22；P(drought)=0.72；P(heat)=0.01；P(pest)=0.01；P(waterlogging)=0.01；P(low_light)=0.01；P(sensor_anomaly)=0.01,P(healthy)=0.92；P(drought)=0.01；P(heat)=0.01；P(pest)=0.01；P(waterlogging)=0.01；P(low_light)=0.01；P(sensor_anomaly)=0.01,P(healthy)=0.43；P(drought)=0.52；P(heat)=0.01；P(pest)=0.01；P(waterlogging)=0.01；P(low_light)=0.01；P(sensor_anomaly)=0.01,P(healthy)=0.34；P(drought)=0.60；P(heat)=0.01；P(pest)=0.02；P(waterlogging)=0.01；P(low_light)=0.01；P(sensor_anomaly)=0.01,,same_risk_state_consistent_with_previous_belief,图像显示健康，但环境传感器提示较高风险,hold,resample_before_action,中风险 + 高不确定性 → 重新采样后再决策,土壤湿度偏低；图像标签显示作物状态健康；环境和视觉存在冲突，降低直接执行可靠性；数据冲突：图像显示健康，但环境传感器提示较高风险；当前主风险与上一时刻状态信念一致，系统置信度上升,优先让机器人复查该区域并重新采样；若低湿状态连续出现，触发灌溉提醒,normal
2026-08-24 22:00,55.3,中,0.60,0.350,0.595,0.010,0.017,0.010,0.010,0.009,35.0,中,drought,64.7,12.6,1.00,0.95,0.70,0.30,环境和视觉存在冲突，降低直接执行可靠性,P(healthy)=0.22；P(drought)=0.72；P(heat)=0.01；P(pest)=0.01；P(waterlogging)=0.01；P(low_light)=0.01；P(sensor_anomaly)=0.01,P(healthy)=0.92；P(drought)=0.01；P(heat)=0.01；P(pest)=0.01；P(waterlogging)=0.01；P(low_light)=0.01；P(sensor_anomaly)=0.01,P(healthy)=0.43；P(drought)=0.51；P(heat)=0.01；P(pest)=0.01；P(waterlogging)=0.01；P(low_light)=0.01；P(sensor_anomaly)=0.01,P(healthy)=0.35；P(drought)=0.60；P(heat)=0.01；P(pest)=0.02；P(waterlogging)=0.01；P(low_light)=0.01；P(sensor_anomaly)=0.01,,same_risk_state_consistent_with_previous_belief,图像显示健康，但环境传感器提示较高风险,hold,resample_before_action,中风险 + 高不确定性 → 重新采样后再决策,土壤湿度偏低；图像标签显示作物状态健康；环境和视觉存在冲突，降低直接执行可靠性；数据冲突：图像显示健康，但环境传感器提示较高风险；当前主风险与上一时刻状态信念一致，系统置信度上升,优先让机器人复查该区域并重新采样；若低湿状态连续出现，触发灌溉提醒,normal
2026-08-24 23:00,55.1,中,0.59,0.353,0.594,0.010,0.014,0.010,0.010,0.009,35.0,中,drought,64.7,13.0,1.00,0.93,0.71,0.29,环境和视觉存在冲突，降低直接执行可靠性,P(healthy)=0.22；P(drought)=0.72；P(heat)=0.01；P(pest)=0.01；P(waterlogging)=0.01；P(low_light)=0.01；P(sensor_anomaly)=0.01,P(healthy)=0.92；P(drought)=0.01；P(heat)=0.01；P(pest)=0.01；P(waterlogging)=0.01；P(low_light)=0.01；P(sensor_anomaly)=0.01,P(healthy)=0.43；P(drought)=0.52；P(heat)=0.01；P(pest)=0.01；P(waterlogging)=0.01；P(low_light)=0.01；P(sensor_anomaly)=0.01,P(healthy)=0.35；P(drought)=0.59；P(heat)=0.01；P(pest)=0.01；P(waterlogging)=0.01；P(low_light)=0.01；P(sensor_anomaly)=0.01,,same_risk_state_consistent_with_previous_belief,图像显示健康，但环境传感器提示较高风险,hold,resample_before_action,中风险 + 高不确定性 → 重新采样后再决策,土壤湿度偏低；图像标签显示作物状态健康；环境和视觉存在冲突，降低直接执行可靠性；数据冲突：图像显示健康，但环境传感器提示较高风险；当前主风险与上一时刻状态信念一致，系统置信度上升,优先让机器人复查该区域并重新采样；若低湿状态连续出现，触发灌溉提醒,normal
2026-08-25 00:00,55.0,中,0.59,0.354,0.594,0.010,0.012,0.010,0.010,0.009,35.0,中,drought,64.7,13.1,1.00,0.92,0.71,0.29,环境和视觉存在冲突，降低直接执行可靠性,P(healthy)=0.22；P(drought)=0.72；P(heat)=0.01；P(pest)=0.01；P(waterlogging)=0.01；P(low_light)=0.01；P(sensor_anomaly)=0.01,P(healthy)=0.92；P(drought)=0.01；P(heat)=0.01；P(pest)=0.01；P(waterlogging)=0.01；P(low_light)=0.01；P(sensor_anomaly)=0.01,P(healthy)=0.42；P(drought)=0.52；P(heat)=0.01；P(pest)=0.01；P(waterlogging)=0.01；P(low_light)=0.01；P(sensor_anomaly)=0.01,P(healthy)=0.35；P(drought)=0.59；P(heat)=0.01；P(pest)=0.01；P(waterlogging)=0.01；P(low_light)=0.01；P(sensor_anomaly)=0.01,,same_risk_state_consistent_with_previous_belief,图像显示健康，但环境传感器提示较高风险,hold,resample_before_action,中风险 + 高不确定性 → 重新采样后再决策,土壤湿度偏低；图像标签显示作物状态健康；环境和视觉存在冲突，降低直接执行可靠性；数据冲突：图像显示健康，但环境传感器提示较高风险；当前主风险与上一时刻状态信念一致，系统置信度上升,优先让机器人复查该区域并重新采样；若低湿状态连续出现，触发灌溉提醒,normal
2026-08-25 01:00,55.1,中,0.60,0.353,0.596,0.010,0.011,0.010,0.010,0.009,35.0,中,drought,64.7,13.4,1.00,0.90,0.72,0.28,环境和视觉存在冲突，降低直接执行可靠性,P(healthy)=0.22；P(drought)=0.72；P(heat)=0.01；P(pest)=0.01；P(waterlogging)=0.01；P(low_light)=0.01；P(sensor_anomaly)=0.01,P(healthy)=0.91；P(drought)=0.02；P(heat)=0.02；P(pest)=0.02；P(waterlogging)=0.02；P(low_light)=0.02；P(sensor_anomaly)=0.01,P(healthy)=0.42；P(drought)=0.52；P(heat)=0.01；P(pest)=0.01；P(waterlogging)=0.01；P(low_light)=0.01；P(sensor_anomaly)=0.01,P(healthy)=0.35；P(drought)=0.60；P(heat)=0.01；P(pest)=0.01；P(waterlogging)=0.01；P(low_light)=0.01；P(sensor_anomaly)=0.01,,same_risk_state_consistent_with_previous_belief,图像显示健康，但环境传感器提示较高风险,hold,resample_before_action,中风险 + 高不确定性 → 重新采样后再决策,土壤湿度偏低；图像标签显示作物状态健康；环境和视觉存在冲突，降低直接执行可靠性；数据冲突：图像显示健康，但环境传感器提示较高风险；当前主风险与上一时刻状态信念一致，系统置信度上升,优先让机器人复查该区域并重新采样；若低湿状态连续出现，触发灌溉提醒,normal
2026-08-25 02:00,61.3,中高,0.59,0.256,0.591,0.010,0.109,0.015,0.010,0.009,0.0,低,drought,64.7,68.3,1.00,0.77,0.68,0.32,,P(healthy)=0.22；P(drought)=0.72；P(heat)=0.01；P(pest)=0.01；P(waterlogging)=0.01；P(low_light)=0.01；P(sensor_anomaly)=0.01,P(healthy)=0.06；P(drought)=0.05；P(heat)=0.01；P(pest)=0.80；P(waterlogging)=0.05；P(low_light)=0.01；P(sensor_anomaly)=0.01,P(healthy)=0.17；P(drought)=0.51；P(heat)=0.01；P(pest)=0.26；P(waterlogging)=0.02；P(low_light)=0.01；P(sensor_anomaly)=0.01,P(healthy)=0.26；P(drought)=0.59；P(heat)=0.01；P(pest)=0.11；P(waterlogging)=0.01；P(low_light)=0.01；P(sensor_anomaly)=0.01,,same_risk_state_consistent_with_previous_belief,,execute,execute_recommended_action,高风险 + 低不确定性 → 允许执行建议动作,土壤湿度偏低；图像标签疑似病虫害；当前主风险与上一时刻状态信念一致，系统置信度上升,若低湿状态连续出现，触发灌溉提醒,normal
2026-08-25 03:00,58.8,中,0.60,0.296,0.598,0.010,0.063,0.013,0.010,0.009,35.0,中,drought,64.7,14.3,1.00,0.85,0.73,0.27,环境和视觉存在冲突，降低直接执行可靠性,P(healthy)=0.22；P(drought)=0.72；P(heat)=0.01；P(pest)=0.01；P(waterlogging)=0.01；P(low_light)=0.01；P(sensor_anomaly)=0.01,P(healthy)=0.90；P(drought)=0.02；P(heat)=0.02；P(pest)=0.02；P(waterlogging)=0.02；P(low_light)=0.02；P(sensor_anomaly)=0.01,P(healthy)=0.41；P(drought)=0.53；P(heat)=0.01；P(pest)=0.01；P(waterlogging)=0.01；P(low_light)=0.01；P(sensor_anomaly)=0.01,P(healthy)=0.30；P(drought)=0.60；P(heat)=0.01；P(pest)=0.06；P(waterlogging)=0.01；P(low_light)=0.01；P(sensor_anomaly)=0.01,,same_risk_state_consistent_with_previous_belief,图像显示健康，但环境传感器提示较高风险,hold,resample_before_action,中风险 + 高不确定性 → 重新采样后再决策,土壤湿度偏低；图像标签显示作物状态健康；环境和视觉存在冲突，降低直接执行可靠性；数据冲突：图像显示健康，但环境传感器提示较高风险；当前主风险与上一时刻状态信念一致，系统置信度上升,优先让机器人复查该区域并重新采样；若低湿状态连续出现，触发灌溉提醒,normal
2026-08-25 04:00,48.5,中,0.40,0.427,0.403,0.009,0.129,0.015,0.009,0.008,2.0,低,drought,10.5,67.4,1.00,0.72,0.69,0.31,,P(healthy)=0.96；P(drought)=0.01；P(heat)=0.01；P(pest)=0.01；P(waterlogging)=0.01；P(low_light)=0.01；P(sensor_anomaly)=0.01,P(healthy)=0.08；P(drought)=0.05；P(heat)=0.01；P(pest)=0.78；P(waterlogging)=0.05；P(low_light)=0.01；P(sensor_anomaly)=0.01,P(healthy)=0.69；P(drought)=0.02；P(heat)=0.01；P(pest)=0.24；P(waterlogging)=0.02；P(low_light)=0.01；P(sensor_anomaly)=0.01,P(healthy)=0.43；P(drought)=0.40；P(heat)=0.01；P(pest)=0.13；P(waterlogging)=0.01；P(low_light)=0.01；P(sensor_anomaly)=0.01,,same_risk_state_consistent_with_previous_belief,,hold,monitor_more_context,风险或不确定性处于中间状态 → 继续观察并收集更多上下文,环境传感器指标处于正常范围；图像标签疑似病虫害；当前主风险与上一时刻状态信念一致，系统置信度上升,若低湿状态连续出现，触发灌溉提醒,normal
2026-08-25 05:00,47.0,中,0.24,0.441,0.241,0.012,0.082,0.202,0.012,0.011,47.0,中,drought,56.0,14.7,1.00,0.83,0.73,0.27,环境和视觉存在冲突，降低直接执行可靠性,P(healthy)=0.30；P(drought)=0.02；P(heat)=0.02；P(pest)=0.02；P(waterlogging)=0.62；P(low_light)=0.02；P(sensor_anomaly)=0.02,P(healthy)=0.89；P(drought)=0.02；P(heat)=0.02；P(pest)=0.02；P(waterlogging)=0.02；P(low_light)=0.02；P(sensor_anomaly)=0.01,P(healthy)=0.46；P(drought)=0.02；P(heat)=0.02；P(pest)=0.02；P(waterlogging)=0.46；P(low_light)=0.02；P(sensor_anomaly)=0.01,P(healthy)=0.44；P(drought)=0.24；P(heat)=0.01；P(pest)=0.08；P(waterlogging)=0.20；P(low_light)=0.01；P(sensor_anomaly)=0.01,,,图像显示健康，但环境传感器提示较高风险,hold,resample_before_action,中风险 + 高不确定性 → 重新采样后再决策,短时降雨量较高；图像标签显示作物状态健康；环境和视觉存在冲突，降低直接执行可靠性；数据冲突：图像显示健康，但环境传感器提示较高风险,优先让机器人复查该区域并重新采样；若低湿状态连续出现，触发灌溉提醒,normal
2026-08-25 06:00,32.2,低,0.65,0.651,0.144,0.011,0.052,0.121,0.011,0.010,0.0,低,healthy,10.5,14.0,1.00,0.87,0.65,0.35,,P(healthy)=0.96；P(drought)=0.01；P(heat)=0.01；P(pest)=0.01；P(waterlogging)=0.01；P(low_light)=0.01；P(sensor_anomaly)=0.01,P(healthy)=0.90；P(drought)=0.02；P(heat)=0.02；P(pest)=0.02；P(waterlogging)=0.02；P(low_light)=0.02；P(sensor_anomaly)=0.01,P(healthy)=0.94；P(drought)=0.01；P(heat)=0.01；P(pest)=0.01；P(waterlogging)=0.01；P(low_light)=0.01；P(sensor_anomaly)=0.01,P(healthy)=0.65；P(drought)=0.14；P(heat)=0.01；P(pest)=0.05；P(waterlogging)=0.12；P(low_light)=0.01；P(sensor_anomaly)=0.01,,,,observe,routine_patrol,低风险 + 低不确定性 → 常规巡检,环境传感器指标处于正常范围；图像标签显示作物状态健康,继续常规巡检,normal
2026-08-25 07:00,23.5,低,0.77,0.772,0.088,0.011,0.034,0.075,0.011,0.009,0.0,低,healthy,10.5,13.8,1.00,0.88,0.65,0.35,,P(healthy)=0.96；P(drought)=0.01；P(heat)=0.01；P(pest)=0.01；P(waterlogging)=0.01；P(low_light)=0.01；P(sensor_anomaly)=0.01,P(healthy)=0.91；P(drought)=0.02；P(heat)=0.02；P(pest)=0.02；P(waterlogging)=0.02；P(low_light)=0.02；P(sensor_anomaly)=0.01,P(healthy)=0.94；P(drought)=0.01；P(heat)=0.01；P(pest)=0.01；P(waterlogging)=0.01；P(low_light)=0.01；P(sensor_anomaly)=0.01,P(healthy)=0.77；P(drought)=0.09；P(heat)=0.01；P(pest)=0.03；P(waterlogging)=0.07；P(low_light)=0.01；P(sensor_anomaly)=0.01,,,,observe,routine_patrol,低风险 + 低不确定性 → 常规巡检,环境传感器指标处于正常范围；图像标签显示作物状态健康,继续常规巡检,normal
2026-08-25 08:00,25.4,低,0.74,0.737,0.059,0.010,0.123,0.052,0.010,0.009,0.0,低,healthy,10.5,67.4,1.00,0.72,0.69,0.31,,P(healthy)=0.96；P(drought)=0.01；P(heat)=0.01；P(pest)=0.01；P(waterlogging)=0.01；P(low_light)=0.01；P(sensor_anomaly)=0.01,P(healthy)=0.08；P(drought)=0.05；P(heat)=0.01；P(pest)=0.78；P(waterlogging)=0.05；P(low_light)=0.01；P(sensor_anomaly)=0.01,P(healthy)=0.69；P(drought)=0.02；P(heat)=0.01；P(pest)=0.24；P(waterlogging)=0.02；P(low_light)=0.01；P(sensor_anomaly)=0.01,P(healthy)=0.74；P(drought)=0.06；P(heat)=0.01；P(pest)=0.12；P(waterlogging)=0.05；P(low_light)=0.01；P(sensor_anomaly)=0.01,,,,observe,routine_patrol,低风险 + 低不确定性 → 常规巡检,环境传感器指标处于正常范围；图像标签疑似病虫害,继续常规巡检,normal
2026-08-25 09:00,19.7,很低,0.82,0.821,0.039,0.010,0.076,0.035,0.010,0.009,0.0,低,healthy,10.5,14.5,1.00,0.84,0.66,0.34,,P(healthy)=0.96；P(drought)=0.01；P(heat)=0.01；P(pest)=0.01；P(waterlogging)=0.01；P(low_light)=0.01；P(sensor_anomaly)=0.01,P(healthy)=0.89；P(drought)=0.02；P(heat)=0.02；P(pest)=0.02；P(waterlogging)=0.02；P(low_light)=0.02；P(sensor_anomaly)=0.01,P(healthy)=0.94；P(drought)=0.01；P(heat)=0.01；P(pest)=0.01；P(waterlogging)=0.01；P(low_light)=0.01；P(sensor_anomaly)=0.01,P(healthy)=0.82；P(drought)=0.04；P(heat)=0.01；P(pest)=0.08；P(waterlogging)=0.03；P(low_light)=0.01；P(sensor_anomaly)=0.01,,,,observe,routine_patrol,低风险 + 低不确定性 → 常规巡检,环境传感器指标处于正常范围；图像标签显示作物状态健康,继续常规巡检,normal
2026-08-25 10:00,16.4,很低,0.87,0.870,0.027,0.010,0.048,0.025,0.010,0.009,0.0,低,healthy,10.5,14.3,1.00,0.85,0.66,0.34,,P(healthy)=0.96；P(drought)=0.01；P(heat)=0.01；P(pest)=0.01；P(waterlogging)=0.01；P(low_light)=0.01；P(sensor_anomaly)=0.01,P(healthy)=0.90；P(drought)=0.02；P(heat)=0.02；P(pest)=0.02；P(waterlogging)=0.02；P(low_light)=0.02；P(sensor_anomaly)=0.01,P(healthy)=0.94；P(drought)=0.01；P(heat)=0.01；P(pest)=0.01；P(waterlogging)=0.01；P(low_light)=0.01；P(sensor_anomaly)=0.01,P(healthy)=0.87；P(drought)=0.03；P(heat)=0.01；P(pest)=0.05；P(waterlogging)=0.02；P(low_light)=0.01；P(sensor_anomaly)=0.01,,,,observe,routine_patrol,低风险 + 低不确定性 → 常规巡检,环境传感器指标处于正常范围；图像标签显示作物状态健康,继续常规巡检,normal
2026-08-25 11:00,17.5,很低,0.86,0.859,0.064,0.010,0.032,0.018,0.010,0.008,0.0,低,healthy,10.5,13.0,1.00,0.93,0.64,0.36,,P(healthy)=0.96；P(drought)=0.01；P(heat)=0.01；P(pest)=0.01；P(waterlogging)=0.01；P(low_light)=0.01；P(sensor_anomaly)=0.01,P(healthy)=0.92；P(drought)=0.01；P(heat)=0.01；P(pest)=0.01；P(waterlogging)=0.01；P(low_light)=0.01；P(sensor_anomaly)=0.01,P(healthy)=0.94；P(drought)=0.01；P(heat)=0.01；P(pest)=0.01；P(waterlogging)=0.01；P(low_light)=0.01；P(sensor_anomaly)=0.01,P(healthy)=0.86；P(drought)=0.06；P(heat)=0.01；P(pest)=0.03；P(waterlogging)=0.02；P(low_light)=0.01；P(sensor_anomaly)=0.01,soil_moisture_decreasing_6h,,,observe,routine_patrol,低风险 + 低不确定性 → 常规巡检,环境传感器指标处于正常范围；图像标签显示作物状态健康；最近 6 小时土壤湿度持续下降，干旱状态概率上升,继续常规巡检,normal
2026-08-25 12:00,45.0,中,0.19,0.663,0.087,0.192,0.023,0.015,0.010,0.009,47.0,中,heat,58.9,13.0,1.00,0.93,0.71,0.29,环境和视觉存在冲突，降低直接执行可靠性,P(healthy)=0.24；P(drought)=0.01；P(heat)=0.70；P(pest)=0.01；P(waterlogging)=0.01；P(low_light)=0.01；P(sensor_anomaly)=0.01,P(healthy)=0.92；P(drought)=0.01；P(heat)=0.01；P(pest)=0.01；P(waterlogging)=0.01；P(low_light)=0.01；P(sensor_anomaly)=0.01,P(healthy)=0.44；P(drought)=0.01；P(heat)=0.50；P(pest)=0.01；P(waterlogging)=0.01；P(low_light)=0.01；P(sensor_anomaly)=0.01,P(healthy)=0.66；P(drought)=0.09；P(heat)=0.19；P(pest)=0.02；P(waterlogging)=0.02；P(low_light)=0.01；P(sensor_anomaly)=0.01,soil_moisture_decreasing_6h,,图像显示健康，但环境传感器提示较高风险,hold,resample_before_action,中风险 + 高不确定性 → 重新采样后再决策,温度偏高；图像标签显示作物状态健康；环境和视觉存在冲突，降低直接执行可靠性；数据冲突：图像显示健康，但环境传感器提示较高风险；最近 6 小时土壤湿度持续下降，干旱状态概率上升,优先让机器人复查该区域并重新采样；增加高温巡检频率并检查遮阴或降温条件,normal
2026-08-25 13:00,26.0,低,0.74,0.738,0.099,0.115,0.017,0.013,0.010,0.008,0.0,低,healthy,10.5,13.6,1.00,0.89,0.65,0.35,,P(healthy)=0.96；P(drought)=0.01；P(heat)=0.01；P(pest)=0.01；P(waterlogging)=0.01；P(low_light)=0.01；P(sensor_anomaly)=0.01,P(healthy)=0.91；P(drought)=0.02；P(heat)=0.02；P(pest)=0.02；P(waterlogging)=0.02；P(low_light)=0.02；P(sensor_anomaly)=0.01,P(healthy)=0.94；P(drought)=0.01；P(heat)=0.01；P(pest)=0.01；P(waterlogging)=0.01；P(low_light)=0.01；P(sensor_anomaly)=0.01,P(healthy)=0.74；P(drought)=0.10；P(heat)=0.11；P(pest)=0.02；P(waterlogging)=0.01；P(low_light)=0.01；P(sensor_anomaly)=0.01,soil_moisture_decreasing_6h,,,observe,routine_patrol,低风险 + 低不确定性 → 常规巡检,环境传感器指标处于正常范围；图像标签显示作物状态健康；最近 6 小时土壤湿度持续下降，干旱状态概率上升,继续常规巡检,normal
2026-08-25 14:00,45.0,中,0.30,0.580,0.302,0.072,0.015,0.012,0.011,0.009,47.0,中,drought,64.7,14.5,1.00,0.84,0.73,0.27,环境和视觉存在冲突，降低直接执行可靠性,P(healthy)=0.22；P(drought)=0.72；P(heat)=0.01；P(pest)=0.01；P(waterlogging)=0.01；P(low_light)=0.01；P(sensor_anomaly)=0.01,P(healthy)=0.89；P(drought)=0.02；P(heat)=0.02；P(pest)=0.02；P(waterlogging)=0.02；P(low_light)=0.02；P(sensor_anomaly)=0.01,P(healthy)=0.40；P(drought)=0.53；P(heat)=0.01；P(pest)=0.01；P(waterlogging)=0.01；P(low_light)=0.01；P(sensor_anomaly)=0.01,P(healthy)=0.58；P(drought)=0.30；P(heat)=0.07；P(pest)=0.01；P(waterlogging)=0.01；P(low_light)=0.01；P(sensor_anomaly)=0.01,soil_moisture_decreasing_6h,,图像显示健康，但环境传感器提示较高风险,hold,resample_before_action,中风险 + 高不确定性 → 重新采样后再决策,土壤湿度偏低；图像标签显示作物状态健康；环境和视觉存在冲突，降低直接执行可靠性；数据冲突：图像显示健康，但环境传感器提示较高风险；最近 6 小时土壤湿度持续下降，干旱状态概率上升,优先让机器人复查该区域并重新采样；若低湿状态连续出现，触发灌溉提醒,normal
2026-08-25 15:00,47.0,中,0.45,0.459,0.453,0.044,0.013,0.011,0.011,0.009,35.0,中,drought,64.7,14.7,1.00,0.83,0.73,0.27,环境和视觉存在冲突，降低直接执行可靠性,P(healthy)=0.22；P(drought)=0.72；P(heat)=0.01；P(pest)=0.01；P(waterlogging)=0.01；P(low_light)=0.01；P(sensor_anomaly)=0.01,P(healthy)=0.89；P(drought)=0.02；P(heat)=0.02；P(pest)=0.02；P(waterlogging)=0.02；P(low_light)=0.02；P(sensor_anomaly)=0.01,P(healthy)=0.40；P(drought)=0.53；P(heat)=0.01；P(pest)=0.01；P(waterlogging)=0.01；P(low_light)=0.01；P(sensor_anomaly)=0.01,P(healthy)=0.46；P(drought)=0.45；P(heat)=0.04；P(pest)=0.01；P(waterlogging)=0.01；P(low_light)=0.01；P(sensor_anomaly)=0.01,soil_moisture_decreasing_6h,temporal_trend_supports_dominant_state,图像显示健康，但环境传感器提示较高风险,hold,resample_before_action,中风险 + 高不确定性 → 重新采样后再决策,土壤湿度偏低；图像标签显示作物状态健康；环境和视觉存在冲突，降低直接执行可靠性；数据冲突：图像显示健康，但环境传感器提示较高风险；最近 6 小时土壤湿度持续下降，干旱状态概率上升；时间趋势支持当前主风险，系统置信度上升,优先让机器人复查该区域并重新采样；若低湿状态连续出现，触发灌溉提醒,normal
2026-08-25 16:00,53.4,中,0.56,0.375,0.561,0.026,0.010,0.010,0.009,0.008,35.0,中,drought,64.7,12.6,1.00,0.95,0.70,0.30,环境和视觉存在冲突，降低直接执行可靠性,P(healthy)=0.22；P(drought)=0.72；P(heat)=0.01；P(pest)=0.01；P(waterlogging)=0.01；P(low_light)=0.01；P(sensor_anomaly)=0.01,P(healthy)=0.92；P(drought)=0.01；P(heat)=0.01；P(pest)=0.01；P(waterlogging)=0.01；P(low_light)=0.01；P(sensor_anomaly)=0.01,P(healthy)=0.43；P(drought)=0.51；P(heat)=0.01；P(pest)=0.01；P(waterlogging)=0.01；P(low_light)=0.01；P(sensor_anomaly)=0.01,P(healthy)=0.38；P(drought)=0.56；P(heat)=0.03；P(pest)=0.01；P(waterlogging)=0.01；P(low_light)=0.01；P(sensor_anomaly)=0.01,soil_moisture_decreasing_6h,same_risk_state_consistent_with_previous_belief；temporal_trend_supports_dominant_state,图像显示健康，但环境传感器提示较高风险,hold,resample_before_action,中风险 + 高不确定性 → 重新采样后再决策,土壤湿度偏低；图像标签显示作物状态健康；环境和视觉存在冲突，降低直接执行可靠性；数据冲突：图像显示健康，但环境传感器提示较高风险；最近 6 小时土壤湿度持续下降，干旱状态概率上升；当前主风险与上一时刻状态信念一致，系统置信度上升；时间趋势支持当前主风险，系统置信度上升,优先让机器人复查该区域并重新采样；若低湿状态连续出现，触发灌溉提醒,normal
2026-08-25 17:00,57.3,中,0.62,0.323,0.623,0.018,0.010,0.009,0.009,0.008,35.0,中,drought,64.7,14.7,1.00,0.83,0.73,0.27,环境和视觉存在冲突，降低直接执行可靠性,P(healthy)=0.22；P(drought)=0.72；P(heat)=0.01；P(pest)=0.01；P(waterlogging)=0.01；P(low_light)=0.01；P(sensor_anomaly)=0.01,P(healthy)=0.89；P(drought)=0.02；P(heat)=0.02；P(pest)=0.02；P(waterlogging)=0.02；P(low_light)=0.02；P(sensor_anomaly)=0.01,P(healthy)=0.40；P(drought)=0.53；P(heat)=0.01；P(pest)=0.01；P(waterlogging)=0.01；P(low_light)=0.01；P(sensor_anomaly)=0.01,P(healthy)=0.32；P(drought)=0.62；P(heat)=0.02；P(pest)=0.01；P(waterlogging)=0.01；P(low_light)=0.01；P(sensor_anomaly)=0.01,soil_moisture_decreasing_6h,same_risk_state_consistent_with_previous_belief；temporal_trend_supports_dominant_state,图像显示健康，但环境传感器提示较高风险,hold,resample_before_action,中风险 + 高不确定性 → 重新采样后再决策,土壤湿度偏低；图像标签显示作物状态健康；环境和视觉存在冲突，降低直接执行可靠性；数据冲突：图像显示健康，但环境传感器提示较高风险；最近 6 小时土壤湿度持续下降，干旱状态概率上升；当前主风险与上一时刻状态信念一致，系统置信度上升；时间趋势支持当前主风险，系统置信度上升,优先让机器人复查该区域并重新采样；若低湿状态连续出现，触发灌溉提醒,normal
2026-08-25 18:00,59.2,中,0.65,0.299,0.653,0.013,0.009,0.009,0.009,0.008,35.0,中,drought,64.7,14.1,1.00,0.86,0.72,0.28,环境和视觉存在冲突，降低直接执行可靠性,P(healthy)=0.22；P(drought)=0.72；P(heat)=0.01；P(pest)=0.01；P(waterlogging)=0.01；P(low_light)=0.01；P(sensor_anomaly)=0.01,P(healthy)=0.90；P(drought)=0.02；P(heat)=0.02；P(pest)=0.02；P(waterlogging)=0.02；P(low_light)=0.02；P(sensor_anomaly)=0.01,P(healthy)=0.41；P(drought)=0.53；P(heat)=0.01；P(pest)=0.01；P(waterlogging)=0.01；P(low_light)=0.01；P(sensor_anomaly)=0.01,P(healthy)=0.30；P(drought)=0.65；P(heat)=0.01；P(pest)=0.01；P(waterlogging)=0.01；P(low_light)=0.01；P(sensor_anomaly)=0.01,soil_moisture_decreasing_6h,same_risk_state_consistent_with_previous_belief；temporal_trend_supports_dominant_state,图像显示健康，但环境传感器提示较高风险,hold,resample_before_action,中风险 + 高不确定性 → 重新采样后再决策,土壤湿度偏低；图像标签显示作物状态健康；环境和视觉存在冲突，降低直接执行可靠性；数据冲突：图像显示健康，但环境传感器提示较高风险；最近 6 小时土壤湿度持续下降，干旱状态概率上升；当前主风险与上一时刻状态信念一致，系统置信度上升；时间趋势支持当前主风险，系统置信度上升,优先让机器人复查该区域并重新采样；若低湿状态连续出现，触发灌溉提醒,normal
2026-08-25 19:00,57.7,中,0.63,0.319,0.631,0.012,0.010,0.010,0.010,0.009,35.0,中,drought,64.7,14.3,1.00,0.85,0.73,0.27,环境和视觉存在冲突，降低直接执行可靠性,P(healthy)=0.22；P(drought)=0.72；P(heat)=0.01；P(pest)=0.01；P(waterlogging)=0.01；P(low_light)=0.01；P(sensor_anomaly)=0.01,P(healthy)=0.90；P(drought)=0.02；P(heat)=0.02；P(pest)=0.02；P(waterlogging)=0.02；P(low_light)=0.02；P(sensor_anomaly)=0.01,P(healthy)=0.41；P(drought)=0.53；P(heat)=0.01；P(pest)=0.01；P(waterlogging)=0.01；P(low_light)=0.01；P(sensor_anomaly)=0.01,P(healthy)=0.32；P(drought)=0.63；P(heat)=0.01；P(pest)=0.01；P(waterlogging)=0.01；P(low_light)=0.01；P(sensor_anomaly)=0.01,,same_risk_state_consistent_with_previous_belief,图像显示健康，但环境传感器提示较高风险,hold,resample_before_action,中风险 + 高不确定性 → 重新采样后再决策,土壤湿度偏低；图像标签显示作物状态健康；环境和视觉存在冲突，降低直接执行可靠性；数据冲突：图像显示健康，但环境传感器提示较高风险；当前主风险与上一时刻状态信念一致，系统置信度上升,优先让机器人复查该区域并重新采样；若低湿状态连续出现，触发灌溉提醒,normal
2026-08-25 20:00,56.3,中,0.61,0.337,0.613,0.011,0.010,0.010,0.010,0.009,35.0,中,drought,64.7,13.0,1.00,0.93,0.71,0.29,环境和视觉存在冲突，降低直接执行可靠性,P(healthy)=0.22；P(drought)=0.72；P(heat)=0.01；P(pest)=0.01；P(waterlogging)=0.01；P(low_light)=0.01；P(sensor_anomaly)=0.01,P(healthy)=0.92；P(drought)=0.01；P(heat)=0.01；P(pest)=0.01；P(waterlogging)=0.01；P(low_light)=0.01；P(sensor_anomaly)=0.01,P(healthy)=0.43；P(drought)=0.52；P(heat)=0.01；P(pest)=0.01；P(waterlogging)=0.01；P(low_light)=0.01；P(sensor_anomaly)=0.01,P(healthy)=0.34；P(drought)=0.61；P(heat)=0.01；P(pest)=0.01；P(waterlogging)=0.01；P(low_light)=0.01；P(sensor_anomaly)=0.01,,same_risk_state_consistent_with_previous_belief,图像显示健康，但环境传感器提示较高风险,hold,resample_before_action,中风险 + 高不确定性 → 重新采样后再决策,土壤湿度偏低；图像标签显示作物状态健康；环境和视觉存在冲突，降低直接执行可靠性；数据冲突：图像显示健康，但环境传感器提示较高风险；当前主风险与上一时刻状态信念一致，系统置信度上升,优先让机器人复查该区域并重新采样；若低湿状态连续出现，触发灌溉提醒,normal
2026-08-25 21:00,55.8,中,0.61,0.344,0.606,0.011,0.010,0.010,0.010,0.009,35.0,中,drought,64.7,13.4,1.00,0.90,0.72,0.28,环境和视觉存在冲突，降低直接执行可靠性,P(healthy)=0.22；P(drought)=0.72；P(heat)=0.01；P(pest)=0.01；P(waterlogging)=0.01；P(low_light)=0.01；P(sensor_anomaly)=0.01,P(healthy)=0.91；P(drought)=0.02；P(heat)=0.02；P(pest)=0.02；P(waterlogging)=0.02；P(low_light)=0.02；P(sensor_anomaly)=0.01,P(healthy)=0.42；P(drought)=0.52；P(heat)=0.01；P(pest)=0.01；P(waterlogging)=0.01；P(low_light)=0.01；P(sensor_anomaly)=0.01,P(healthy)=0.34；P(drought)=0.61；P(heat)=0.01；P(pest)=0.01；P(waterlogging)=0.01；P(low_light)=0.01；P(sensor_anomaly)=0.01,,same_risk_state_consistent_with_previous_belief,图像显示健康，但环境传感器提示较高风险,hold,resample_before_action,中风险 + 高不确定性 → 重新采样后再决策,土壤湿度偏低；图像标签显示作物状态健康；环境和视觉存在冲突，降低直接执行可靠性；数据冲突：图像显示健康，但环境传感器提示较高风险；当前主风险与上一时刻状态信念一致，系统置信度上升,优先让机器人复查该区域并重新采样；若低湿状态连续出现，触发灌溉提醒,normal
2026-08-25 22:00,55.1,中,0.60,0.354,0.597,0.010,0.010,0.010,0.010,0.009,35.0,中,drought,64.7,12.3,1.00,0.97,0.70,0.30,环境和视觉存在冲突，降低直接执行可靠性,P(healthy)=0.22；P(drought)=0.72；P(heat)=0.01；P(pest)=0.01；P(waterlogging)=0.01；P(low_light)=0.01；P(sensor_anomaly)=0.01,P(healthy)=0.93；P(drought)=0.01；P(heat)=0.01；P(pest)=0.01；P(waterlogging)=0.01；P(low_light)=0.01；P(sensor_anomaly)=0.01,P(healthy)=0.43；P(drought)=0.51；P(heat)=0.01；P(pest)=0.01；P(waterlogging)=0.01；P(low_light)=0.01；P(sensor_anomaly)=0.01,P(healthy)=0.35；P(drought)=0.60；P(heat)=0.01；P(pest)=0.01；P(waterlogging)=0.01；P(low_light)=0.01；P(sensor_anomaly)=0.01,,same_risk_state_consistent_with_previous_belief,图像显示健康，但环境传感器提示较高风险,hold,resample_before_action,中风险 + 高不确定性 → 重新采样后再决策,土壤湿度偏低；图像标签显示作物状态健康；环境和视觉存在冲突，降低直接执行可靠性；数据冲突：图像显示健康，但环境传感器提示较高风险；当前主风险与上一时刻状态信念一致，系统置信度上升,优先让机器人复查该区域并重新采样；若低湿状态连续出现，触发灌溉提醒,normal
2026-08-25 23:00,55.5,中,0.60,0.347,0.602,0.011,0.010,0.010,0.010,0.009,35.0,中,drought,64.7,14.5,1.00,0.84,0.73,0.27,环境和视觉存在冲突，降低直接执行可靠性,P(healthy)=0.22；P(drought)=0.72；P(heat)=0.01；P(pest)=0.01；P(waterlogging)=0.01；P(low_light)=0.01；P(sensor_anomaly)=0.01,P(healthy)=0.89；P(drought)=0.02；P(heat)=0.02；P(pest)=0.02；P(waterlogging)=0.02；P(low_light)=0.02；P(sensor_anomaly)=0.01,P(healthy)=0.40；P(drought)=0.53；P(heat)=0.01；P(pest)=0.01；P(waterlogging)=0.01；P(low_light)=0.01；P(sensor_anomaly)=0.01,P(healthy)=0.35；P(drought)=0.60；P(heat)=0.01；P(pest)=0.01；P(waterlogging)=0.01；P(low_light)=0.01；P(sensor_anomaly)=0.01,,same_risk_state_consistent_with_previous_belief,图像显示健康，但环境传感器提示较高风险,hold,resample_before_action,中风险 + 高不确定性 → 重新采样后再决策,土壤湿度偏低；图像标签显示作物状态健康；环境和视觉存在冲突，降低直接执行可靠性；数据冲突：图像显示健康，但环境传感器提示较高风险；当前主风险与上一时刻状态信念一致，系统置信度上升,优先让机器人复查该区域并重新采样；若低湿状态连续出现，触发灌溉提醒,normal
2026-08-26 00:00,55.4,中,0.60,0.348,0.600,0.011,0.010,0.010,0.010,0.009,35.0,中,drought,64.7,13.6,1.00,0.89,0.72,0.28,环境和视觉存在冲突，降低直接执行可靠性,P(healthy)=0.22；P(drought)=0.72；P(heat)=0.01；P(pest)=0.01；P(waterlogging)=0.01；P(low_light)=0.01；P(sensor_anomaly)=0.01,P(healthy)=0.91；P(drought)=0.02；P(heat)=0.02；P(pest)=0.02；P(waterlogging)=0.02；P(low_light)=0.02；P(sensor_anomaly)=0.01,P(healthy)=0.42；P(drought)=0.52；P(heat)=0.01；P(pest)=0.01；P(waterlogging)=0.01；P(low_light)=0.01；P(sensor_anomaly)=0.01,P(healthy)=0.35；P(drought)=0.60；P(heat)=0.01；P(pest)=0.01；P(waterlogging)=0.01；P(low_light)=0.01；P(sensor_anomaly)=0.01,,same_risk_state_consistent_with_previous_belief,图像显示健康，但环境传感器提示较高风险,hold,resample_before_action,中风险 + 高不确定性 → 重新采样后再决策,土壤湿度偏低；图像标签显示作物状态健康；环境和视觉存在冲突，降低直接执行可靠性；数据冲突：图像显示健康，但环境传感器提示较高风险；当前主风险与上一时刻状态信念一致，系统置信度上升,优先让机器人复查该区域并重新采样；若低湿状态连续出现，触发灌溉提醒,normal
2026-08-26 01:00,55.6,中,0.60,0.346,0.602,0.011,0.011,0.011,0.011,0.009,35.0,中,drought,64.7,14.1,1.00,0.86,0.72,0.28,环境和视觉存在冲突，降低直接执行可靠性,P(healthy)=0.22；P(drought)=0.72；P(heat)=0.01；P(pest)=0.01；P(waterlogging)=0.01；P(low_light)=0.01；P(sensor_anomaly)=0.01,P(healthy)=0.90；P(drought)=0.02；P(heat)=0.02；P(pest)=0.02；P(waterlogging)=0.02；P(low_light)=0.02；P(sensor_anomaly)=0.01,P(healthy)=0.41；P(drought)=0.53；P(heat)=0.01；P(pest)=0.01；P(waterlogging)=0.01；P(low_light)=0.01；P(sensor_anomaly)=0.01,P(healthy)=0.35；P(drought)=0.60；P(heat)=0.01；P(pest)=0.01；P(waterlogging)=0.01；P(low_light)=0.01；P(sensor_anomaly)=0.01,,same_risk_state_consistent_with_previous_belief,图像显示健康，但环境传感器提示较高风险,hold,resample_before_action,中风险 + 高不确定性 → 重新采样后再决策,土壤湿度偏低；图像标签显示作物状态健康；环境和视觉存在冲突，降低直接执行可靠性；数据冲突：图像显示健康，但环境传感器提示较高风险；当前主风险与上一时刻状态信念一致，系统置信度上升,优先让机器人复查该区域并重新采样；若低湿状态连续出现，触发灌溉提醒,normal
2026-08-26 02:00,55.6,中,0.60,0.346,0.602,0.011,0.011,0.011,0.011,0.009,35.0,中,drought,64.7,14.0,1.00,0.87,0.72,0.28,环境和视觉存在冲突，降低直接执行可靠性,P(healthy)=0.22；P(drought)=0.72；P(heat)=0.01；P(pest)=0.01；P(waterlogging)=0.01；P(low_light)=0.01；P(sensor_anomaly)=0.01,P(healthy)=0.90；P(drought)=0.02；P(heat)=0.02；P(pest)=0.02；P(waterlogging)=0.02；P(low_light)=0.02；P(sensor_anomaly)=0.01,P(healthy)=0.41；P(drought)=0.53；P(heat)=0.01；P(pest)=0.01；P(waterlogging)=0.01；P(low_light)=0.01；P(sensor_anomaly)=0.01,P(healthy)=0.35；P(drought)=0.60；P(heat)=0.01；P(pest)=0.01；P(waterlogging)=0.01；P(low_light)=0.01；P(sensor_anomaly)=0.01,,same_risk_state_consistent_with_previous_belief,图像显示健康，但环境传感器提示较高风险,hold,resample_before_action,中风险 + 高不确定性 → 重新采样后再决策,土壤湿度偏低；图像标签显示作物状态健康；环境和视觉存在冲突，降低直接执行可靠性；数据冲突：图像显示健康，但环境传感器提示较高风险；当前主风险与上一时刻状态信念一致，系统置信度上升,优先让机器人复查该区域并重新采样；若低湿状态连续出现，触发灌溉提醒,normal
2026-08-26 03:00,55.9,中,0.60,0.342,0.605,0.011,0.011,0.011,0.011,0.009,35.0,中,drought,64.7,14.7,1.00,0.83,0.73,0.27,环境和视觉存在冲突，降低直接执行可靠性,P(healthy)=0.22；P(drought)=0.72；P(heat)=0.01；P(pest)=0.01；P(waterlogging)=0.01；P(low_light)=0.01；P(sensor_anomaly)=0.01,P(healthy)=0.89；P(drought)=0.02；P(heat)=0.02；P(pest)=0.02；P(waterlogging)=0.02；P(low_light)=0.02；P(sensor_anomaly)=0.01,P(healthy)=0.40；P(drought)=0.53；P(heat)=0.01；P(pest)=0.01；P(waterlogging)=0.01；P(low_light)=0.01；P(sensor_anomaly)=0.01,P(healthy)=0.34；P(drought)=0.60；P(heat)=0.01；P(pest)=0.01；P(waterlogging)=0.01；P(low_light)=0.01；P(sensor_anomaly)=0.01,,same_risk_state_consistent_with_previous_belief,图像显示健康，但环境传感器提示较高风险,hold,resample_before_action,中风险 + 高不确定性 → 重新采样后再决策,土壤湿度偏低；图像标签显示作物状态健康；环境和视觉存在冲突，降低直接执行可靠性；数据冲突：图像显示健康，但环境传感器提示较高风险；当前主风险与上一时刻状态信念一致，系统置信度上升,优先让机器人复查该区域并重新采样；若低湿状态连续出现，触发灌溉提醒,normal
2026-08-26 04:00,55.9,中,0.60,0.342,0.605,0.011,0.011,0.011,0.011,0.009,35.0,中,drought,64.7,14.3,1.00,0.85,0.73,0.27,环境和视觉存在冲突，降低直接执行可靠性,P(healthy)=0.22；P(drought)=0.72；P(heat)=0.01；P(pest)=0.01；P(waterlogging)=0.01；P(low_light)=0.01；P(sensor_anomaly)=0.01,P(healthy)=0.90；P(drought)=0.02；P(heat)=0.02；P(pest)=0.02；P(waterlogging)=0.02；P(low_light)=0.02；P(sensor_anomaly)=0.01,P(healthy)=0.41；P(drought)=0.53；P(heat)=0.01；P(pest)=0.01；P(waterlogging)=0.01；P(low_light)=0.01；P(sensor_anomaly)=0.01,P(healthy)=0.34；P(drought)=0.60；P(heat)=0.01；P(pest)=0.01；P(waterlogging)=0.01；P(low_light)=0.01；P(sensor_anomaly)=0.01,,same_risk_state_consistent_with_previous_belief,图像显示健康，但环境传感器提示较高风险,hold,resample_before_action,中风险 + 高不确定性 → 重新采样后再决策,土壤湿度偏低；图像标签显示作物状态健康；环境和视觉存在冲突，降低直接执行可靠性；数据冲突：图像显示健康，但环境传感器提示较高风险；当前主风险与上一时刻状态信念一致，系统置信度上升,优先让机器人复查该区域并重新采样；若低湿状态连续出现，触发灌溉提醒,normal
2026-08-26 05:00,55.2,中,0.60,0.351,0.598,0.010,0.010,0.010,0.010,0.009,35.0,中,drought,64.7,12.6,1.00,0.95,0.70,0.30,环境和视觉存在冲突，降低直接执行可靠性,P(healthy)=0.22；P(drought)=0.72；P(heat)=0.01；P(pest)=0.01；P(waterlogging)=0.01；P(low_light)=0.01；P(sensor_anomaly)=0.01,P(healthy)=0.92；P(drought)=0.01；P(heat)=0.01；P(pest)=0.01；P(waterlogging)=0.01；P(low_light)=0.01；P(sensor_anomaly)=0.01,P(healthy)=0.43；P(drought)=0.51；P(heat)=0.01；P(pest)=0.01；P(waterlogging)=0.01；P(low_light)=0.01；P(sensor_anomaly)=0.01,P(healthy)=0.35；P(drought)=0.60；P(heat)=0.01；P(pest)=0.01；P(waterlogging)=0.01；P(low_light)=0.01；P(sensor_anomaly)=0.01,,same_risk_state_consistent_with_previous_belief,图像显示健康，但环境传感器提示较高风险,hold,resample_before_action,中风险 + 高不确定性 → 重新采样后再决策,土壤湿度偏低；图像标签显示作物状态健康；环境和视觉存在冲突，降低直接执行可靠性；数据冲突：图像显示健康，但环境传感器提示较高风险；当前主风险与上一时刻状态信念一致，系统置信度上升,优先让机器人复查该区域并重新采样；若低湿状态连续出现，触发灌溉提醒,normal
2026-08-26 06:00,60.6,中高,0.66,0.277,0.659,0.010,0.017,0.017,0.010,0.010,44.0,中,drought,64.7,57.4,1.00,0.29,0.91,0.09,视觉置信度低，降低视觉模态权重,P(healthy)=0.22；P(drought)=0.72；P(heat)=0.01；P(pest)=0.01；P(waterlogging)=0.01；P(low_light)=0.01；P(sensor_anomaly)=0.01,P(healthy)=0.27；P(drought)=0.22；P(heat)=0.02；P(pest)=0.22；P(waterlogging)=0.22；P(low_light)=0.02；P(sensor_anomaly)=0.02,P(healthy)=0.23；P(drought)=0.68；P(heat)=0.01；P(pest)=0.03；P(waterlogging)=0.03；P(low_light)=0.01；P(sensor_anomaly)=0.01,P(healthy)=0.28；P(drought)=0.66；P(heat)=0.01；P(pest)=0.02；P(waterlogging)=0.02；P(low_light)=0.01；P(sensor_anomaly)=0.01,,same_risk_state_consistent_with_previous_belief,,hold,recheck_before_action,高风险 + 高不确定性 → 先复查，不直接执行动作,土壤湿度偏低；图像标签未知；视觉置信度不足，不能单独作为强决策依据；视觉置信度低，降低视觉模态权重；当前主风险与上一时刻状态信念一致，系统置信度上升,优先让机器人复查该区域并重新采样；若低湿状态连续出现，触发灌溉提醒,normal
2026-08-26 07:00,57.9,中,0.63,0.315,0.628,0.010,0.014,0.014,0.010,0.009,35.0,中,drought,64.7,12.8,1.00,0.94,0.71,0.29,环境和视觉存在冲突，降低直接执行可靠性,P(healthy)=0.22；P(drought)=0.72；P(heat)=0.01；P(pest)=0.01；P(waterlogging)=0.01；P(low_light)=0.01；P(sensor_anomaly)=0.01,P(healthy)=0.92；P(drought)=0.01；P(heat)=0.01；P(pest)=0.01；P(waterlogging)=0.01；P(low_light)=0.01；P(sensor_anomaly)=0.01,P(healthy)=0.43；P(drought)=0.51；P(heat)=0.01；P(pest)=0.01；P(waterlogging)=0.01；P(low_light)=0.01；P(sensor_anomaly)=0.01,P(healthy)=0.31；P(drought)=0.63；P(heat)=0.01；P(pest)=0.01；P(waterlogging)=0.01；P(low_light)=0.01；P(sensor_anomaly)=0.01,,same_risk_state_consistent_with_previous_belief,图像显示健康，但环境传感器提示较高风险,hold,resample_before_action,中风险 + 高不确定性 → 重新采样后再决策,土壤湿度偏低；图像标签显示作物状态健康；环境和视觉存在冲突，降低直接执行可靠性；数据冲突：图像显示健康，但环境传感器提示较高风险；当前主风险与上一时刻状态信念一致，系统置信度上升,优先让机器人复查该区域并重新采样；若低湿状态连续出现，触发灌溉提醒,normal
2026-08-26 08:00,62.7,中高,0.61,0.237,0.611,0.010,0.106,0.017,0.010,0.010,0.0,低,drought,64.7,67.8,1.00,0.74,0.69,0.31,,P(healthy)=0.22；P(drought)=0.72；P(heat)=0.01；P(pest)=0.01；P(waterlogging)=0.01；P(low_light)=0.01；P(sensor_anomaly)=0.01,P(healthy)=0.07；P(drought)=0.05；P(heat)=0.01；P(pest)=0.79；P(waterlogging)=0.05；P(low_light)=0.01；P(sensor_anomaly)=0.01,P(healthy)=0.18；P(drought)=0.51；P(heat)=0.01；P(pest)=0.25；P(waterlogging)=0.02；P(low_light)=0.01；P(sensor_anomaly)=0.01,P(healthy)=0.24；P(drought)=0.61；P(heat)=0.01；P(pest)=0.11；P(waterlogging)=0.02；P(low_light)=0.01；P(sensor_anomaly)=0.01,,same_risk_state_consistent_with_previous_belief,,execute,execute_recommended_action,高风险 + 低不确定性 → 允许执行建议动作,土壤湿度偏低；图像标签疑似病虫害；当前主风险与上一时刻状态信念一致，系统置信度上升,若低湿状态连续出现，触发灌溉提醒,normal
2026-08-26 09:00,59.4,中,0.61,0.288,0.607,0.010,0.062,0.014,0.010,0.009,35.0,中,drought,64.7,14.0,1.00,0.87,0.72,0.28,环境和视觉存在冲突，降低直接执行可靠性,P(healthy)=0.22；P(drought)=0.72；P(heat)=0.01；P(pest)=0.01；P(waterlogging)=0.01；P(low_light)=0.01；P(sensor_anomaly)=0.01,P(healthy)=0.90；P(drought)=0.02；P(heat)=0.02；P(pest)=0.02；P(waterlogging)=0.02；P(low_light)=0.02；P(sensor_anomaly)=0.01,P(healthy)=0.41；P(drought)=0.53；P(heat)=0.01；P(pest)=0.01；P(waterlogging)=0.01；P(low_light)=0.01；P(sensor_anomaly)=0.01,P(healthy)=0.29；P(drought)=0.61；P(heat)=0.01；P(pest)=0.06；P(waterlogging)=0.01；P(low_light)=0.01；P(sensor_anomaly)=0.01,,same_risk_state_consistent_with_previous_belief,图像显示健康，但环境传感器提示较高风险,hold,resample_before_action,中风险 + 高不确定性 → 重新采样后再决策,土壤湿度偏低；图像标签显示作物状态健康；环境和视觉存在冲突，降低直接执行可靠性；数据冲突：图像显示健康，但环境传感器提示较高风险；当前主风险与上一时刻状态信念一致，系统置信度上升,优先让机器人复查该区域并重新采样；若低湿状态连续出现，触发灌溉提醒,normal
2026-08-26 10:00,64.4,中高,0.69,0.222,0.689,0.010,0.042,0.017,0.010,0.010,0.0,低,drought,64.7,75.4,1.00,0.75,0.69,0.31,,P(healthy)=0.22；P(drought)=0.72；P(heat)=0.01；P(pest)=0.01；P(waterlogging)=0.01；P(low_light)=0.01；P(sensor_anomaly)=0.01,P(healthy)=0.07；P(drought)=0.79；P(heat)=0.01；P(pest)=0.05；P(waterlogging)=0.05；P(low_light)=0.01；P(sensor_anomaly)=0.01,P(healthy)=0.17；P(drought)=0.74；P(heat)=0.01；P(pest)=0.02；P(waterlogging)=0.02；P(low_light)=0.01；P(sensor_anomaly)=0.01,P(healthy)=0.22；P(drought)=0.69；P(heat)=0.01；P(pest)=0.04；P(waterlogging)=0.02；P(low_light)=0.01；P(sensor_anomaly)=0.01,,same_risk_state_consistent_with_previous_belief,,execute,execute_recommended_action,高风险 + 低不确定性 → 允许执行建议动作,土壤湿度偏低；图像标签疑似干旱；当前主风险与上一时刻状态信念一致，系统置信度上升,若低湿状态连续出现，触发灌溉提醒,normal
2026-08-26 11:00,70.0,中高,0.78,0.151,0.781,0.008,0.029,0.015,0.008,0.008,0.0,低,drought,70.4,76.8,1.00,0.82,0.67,0.33,,P(healthy)=0.15；P(drought)=0.81；P(heat)=0.01；P(pest)=0.01；P(waterlogging)=0.01；P(low_light)=0.01；P(sensor_anomaly)=0.01,P(healthy)=0.05；P(drought)=0.82；P(heat)=0.01；P(pest)=0.05；P(waterlogging)=0.05；P(low_light)=0.01；P(sensor_anomaly)=0.01,P(healthy)=0.12；P(drought)=0.81；P(heat)=0.01；P(pest)=0.02；P(waterlogging)=0.02；P(low_light)=0.01；P(sensor_anomaly)=0.01,P(healthy)=0.15；P(drought)=0.78；P(heat)=0.01；P(pest)=0.03；P(waterlogging)=0.02；P(low_light)=0.01；P(sensor_anomaly)=0.01,soil_moisture_decreasing_6h,same_risk_state_consistent_with_previous_belief；temporal_trend_supports_dominant_state,,execute,execute_recommended_action,高风险 + 低不确定性 → 允许执行建议动作,土壤湿度严重偏低；图像标签疑似干旱；最近 6 小时土壤湿度持续下降，干旱状态概率上升；当前主风险与上一时刻状态信念一致，系统置信度上升；时间趋势支持当前主风险，系统置信度上升,若低湿状态连续出现，触发灌溉提醒,normal
2026-08-26 12:00,72.7,中高,0.83,0.116,0.827,0.007,0.021,0.015,0.007,0.007,0.0,低,drought,70.4,76.2,1.00,0.79,0.67,0.33,,P(healthy)=0.15；P(drought)=0.81；P(heat)=0.01；P(pest)=0.01；P(waterlogging)=0.01；P(low_light)=0.01；P(sensor_anomaly)=0.01,P(healthy)=0.06；P(drought)=0.81；P(heat)=0.01；P(pest)=0.05；P(waterlogging)=0.05；P(low_light)=0.01；P(sensor_anomaly)=0.01,P(healthy)=0.12；P(drought)=0.81；P(heat)=0.01；P(pest)=0.02；P(waterlogging)=0.02；P(low_light)=0.01；P(sensor_anomaly)=0.01,P(healthy)=0.12；P(drought)=0.83；P(heat)=0.01；P(pest)=0.02；P(waterlogging)=0.01；P(low_light)=0.01；P(sensor_anomaly)=0.01,soil_moisture_decreasing_6h,same_risk_state_consistent_with_previous_belief；temporal_trend_supports_dominant_state,,execute,execute_recommended_action,高风险 + 低不确定性 → 允许执行建议动作,土壤湿度严重偏低；图像标签疑似干旱；最近 6 小时土壤湿度持续下降，干旱状态概率上升；当前主风险与上一时刻状态信念一致，系统置信度上升；时间趋势支持当前主风险，系统置信度上升,若低湿状态连续出现，触发灌溉提醒,normal
2026-08-26 13:00,72.6,中高,0.75,0.112,0.748,0.007,0.020,0.098,0.007,0.007,0.0,低,drought,68.8,75.2,1.00,0.74,0.69,0.31,,P(healthy)=0.15；P(drought)=0.50；P(heat)=0.01；P(pest)=0.01；P(waterlogging)=0.32；P(low_light)=0.01；P(sensor_anomaly)=0.01,P(healthy)=0.07；P(drought)=0.79；P(heat)=0.01；P(pest)=0.05；P(waterlogging)=0.05；P(low_light)=0.01；P(sensor_anomaly)=0.01,P(healthy)=0.13；P(drought)=0.59；P(heat)=0.01；P(pest)=0.02；P(waterlogging)=0.23；P(low_light)=0.01；P(sensor_anomaly)=0.01,P(healthy)=0.11；P(drought)=0.75；P(heat)=0.01；P(pest)=0.02；P(waterlogging)=0.10；P(low_light)=0.01；P(sensor_anomaly)=0.01,,same_risk_state_consistent_with_previous_belief,,execute,execute_recommended_action,高风险 + 低不确定性 → 允许执行建议动作,土壤湿度偏低；图像标签疑似干旱；当前主风险与上一时刻状态信念一致，系统置信度上升,若低湿状态连续出现，触发灌溉提醒,normal
2026-08-26 14:00,64.8,中高,0.68,0.220,0.681,0.009,0.016,0.058,0.009,0.008,35.0,中,drought,64.7,14.1,1.00,0.86,0.72,0.28,环境和视觉存在冲突，降低直接执行可靠性,P(healthy)=0.22；P(drought)=0.72；P(heat)=0.01；P(pest)=0.01；P(waterlogging)=0.01；P(low_light)=0.01；P(sensor_anomaly)=0.01,P(healthy)=0.90；P(drought)=0.02；P(heat)=0.02；P(pest)=0.02；P(waterlogging)=0.02；P(low_light)=0.02；P(sensor_anomaly)=0.01,P(healthy)=0.41；P(drought)=0.53；P(heat)=0.01；P(pest)=0.01；P(waterlogging)=0.01；P(low_light)=0.01；P(sensor_anomaly)=0.01,P(healthy)=0.22；P(drought)=0.68；P(heat)=0.01；P(pest)=0.02；P(waterlogging)=0.06；P(low_light)=0.01；P(sensor_anomaly)=0.01,,same_risk_state_consistent_with_previous_belief,图像显示健康，但环境传感器提示较高风险,hold,recheck_before_action,高风险 + 高不确定性 → 先复查，不直接执行动作,土壤湿度偏低；图像标签显示作物状态健康；环境和视觉存在冲突，降低直接执行可靠性；数据冲突：图像显示健康，但环境传感器提示较高风险；当前主风险与上一时刻状态信念一致，系统置信度上升,优先让机器人复查该区域并重新采样；若低湿状态连续出现，触发灌溉提醒,normal
2026-08-26 15:00,57.9,中,0.45,0.303,0.446,0.011,0.014,0.206,0.011,0.010,47.0,中,drought,56.0,13.4,1.00,0.90,0.72,0.28,环境和视觉存在冲突，降低直接执行可靠性,P(healthy)=0.30；P(drought)=0.02；P(heat)=0.02；P(pest)=0.02；P(waterlogging)=0.62；P(low_light)=0.02；P(sensor_anomaly)=0.02,P(healthy)=0.91；P(drought)=0.02；P(heat)=0.02；P(pest)=0.02；P(waterlogging)=0.02；P(low_light)=0.02；P(sensor_anomaly)=0.01,P(healthy)=0.48；P(drought)=0.02；P(heat)=0.02；P(pest)=0.02；P(waterlogging)=0.45；P(low_light)=0.02；P(sensor_anomaly)=0.01,P(healthy)=0.30；P(drought)=0.45；P(heat)=0.01；P(pest)=0.01；P(waterlogging)=0.21；P(low_light)=0.01；P(sensor_anomaly)=0.01,,same_risk_state_consistent_with_previous_belief,图像显示健康，但环境传感器提示较高风险,hold,resample_before_action,中风险 + 高不确定性 → 重新采样后再决策,短时降雨量较高；图像标签显示作物状态健康；环境和视觉存在冲突，降低直接执行可靠性；数据冲突：图像显示健康，但环境传感器提示较高风险；当前主风险与上一时刻状态信念一致，系统置信度上升,优先让机器人复查该区域并重新采样；若低湿状态连续出现，触发灌溉提醒,normal
2026-08-26 16:00,40.9,中,0.26,0.537,0.262,0.010,0.012,0.161,0.010,0.009,12.0,低,drought,10.5,12.5,1.00,0.96,0.63,0.37,,P(healthy)=0.96；P(drought)=0.01；P(heat)=0.01；P(pest)=0.01；P(waterlogging)=0.01；P(low_light)=0.01；P(sensor_anomaly)=0.01,P(healthy)=0.93；P(drought)=0.01；P(heat)=0.01；P(pest)=0.01；P(waterlogging)=0.01；P(low_light)=0.01；P(sensor_anomaly)=0.01,P(healthy)=0.95；P(drought)=0.01；P(heat)=0.01；P(pest)=0.01；P(waterlogging)=0.01；P(low_light)=0.01；P(sensor_anomaly)=0.01,P(healthy)=0.54；P(drought)=0.26；P(heat)=0.01；P(pest)=0.01；P(waterlogging)=0.16；P(low_light)=0.01；P(sensor_anomaly)=0.01,persistent_wet_condition_6h,,,hold,monitor_more_context,风险或不确定性处于中间状态 → 继续观察并收集更多上下文,环境传感器指标处于正常范围；图像标签显示作物状态健康；最近 6 小时存在持续湿润或降雨，积水状态概率上升,若低湿状态连续出现，触发灌溉提醒,normal
2026-08-26 17:00,31.1,低,0.67,0.671,0.156,0.009,0.011,0.135,0.009,0.008,0.0,低,healthy,10.5,13.8,1.00,0.88,0.65,0.35,,P(healthy)=0.96；P(drought)=0.01；P(heat)=0.01；P(pest)=0.01；P(waterlogging)=0.01；P(low_light)=0.01；P(sensor_anomaly)=0.01,P(healthy)=0.91；P(drought)=0.02；P(heat)=0.02；P(pest)=0.02；P(waterlogging)=0.02；P(low_light)=0.02；P(sensor_anomaly)=0.01,P(healthy)=0.94；P(drought)=0.01；P(heat)=0.01；P(pest)=0.01；P(waterlogging)=0.01；P(low_light)=0.01；P(sensor_anomaly)=0.01,P(healthy)=0.67；P(drought)=0.16；P(heat)=0.01；P(pest)=0.01；P(waterlogging)=0.14；P(low_light)=0.01；P(sensor_anomaly)=0.01,persistent_wet_condition_6h,,,observe,routine_patrol,低风险 + 低不确定性 → 常规巡检,环境传感器指标处于正常范围；图像标签显示作物状态健康；最近 6 小时存在持续湿润或降雨，积水状态概率上升,继续常规巡检,normal
2026-08-26 18:00,25.4,低,0.75,0.749,0.094,0.009,0.010,0.120,0.009,0.008,0.0,低,healthy,10.5,13.3,1.00,0.91,0.64,0.36,,P(healthy)=0.96；P(drought)=0.01；P(heat)=0.01；P(pest)=0.01；P(waterlogging)=0.01；P(low_light)=0.01；P(sensor_anomaly)=0.01,P(healthy)=0.91；P(drought)=0.01；P(heat)=0.01；P(pest)=0.01；P(waterlogging)=0.01；P(low_light)=0.01；P(sensor_anomaly)=0.01,P(healthy)=0.94；P(drought)=0.01；P(heat)=0.01；P(pest)=0.01；P(waterlogging)=0.01；P(low_light)=0.01；P(sensor_anomaly)=0.01,P(healthy)=0.75；P(drought)=0.09；P(heat)=0.01；P(pest)=0.01；P(waterlogging)=0.12；P(low_light)=0.01；P(sensor_anomaly)=0.01,persistent_wet_condition_6h,,,observe,routine_patrol,低风险 + 低不确定性 → 常规巡检,环境传感器指标处于正常范围；图像标签显示作物状态健康；最近 6 小时存在持续湿润或降雨，积水状态概率上升,继续常规巡检,normal
2026-08-26 19:00,19.5,很低,0.83,0.831,0.058,0.009,0.010,0.074,0.009,0.008,0.0,低,healthy,10.5,12.8,1.00,0.94,0.63,0.37,,P(healthy)=0.96；P(drought)=0.01；P(heat)=0.01；P(pest)=0.01；P(waterlogging)=0.01；P(low_light)=0.01；P(sensor_anomaly)=0.01,P(healthy)=0.92；P(drought)=0.01；P(heat)=0.01；P(pest)=0.01；P(waterlogging)=0.01；P(low_light)=0.01；P(sensor_anomaly)=0.01,P(healthy)=0.95；P(drought)=0.01；P(heat)=0.01；P(pest)=0.01；P(waterlogging)=0.01；P(low_light)=0.01；P(sensor_anomaly)=0.01,P(healthy)=0.83；P(drought)=0.06；P(heat)=0.01；P(pest)=0.01；P(waterlogging)=0.07；P(low_light)=0.01；P(sensor_anomaly)=0.01,,,,observe,routine_patrol,低风险 + 低不确定性 → 常规巡检,环境传感器指标处于正常范围；图像标签显示作物状态健康,继续常规巡检,normal
2026-08-26 20:00,16.1,很低,0.88,0.879,0.038,0.009,0.010,0.047,0.009,0.008,0.0,低,healthy,10.5,13.0,1.00,0.93,0.64,0.36,,P(healthy)=0.96；P(drought)=0.01；P(heat)=0.01；P(pest)=0.01；P(waterlogging)=0.01；P(low_light)=0.01；P(sensor_anomaly)=0.01,P(healthy)=0.92；P(drought)=0.01；P(heat)=0.01；P(pest)=0.01；P(waterlogging)=0.01；P(low_light)=0.01；P(sensor_anomaly)=0.01,P(healthy)=0.94；P(drought)=0.01；P(heat)=0.01；P(pest)=0.01；P(waterlogging)=0.01；P(low_light)=0.01；P(sensor_anomaly)=0.01,P(healthy)=0.88；P(drought)=0.04；P(heat)=0.01；P(pest)=0.01；P(waterlogging)=0.05；P(low_light)=0.01；P(sensor_anomaly)=0.01,,,,observe,routine_patrol,低风险 + 低不确定性 → 常规巡检,环境传感器指标处于正常范围；图像标签显示作物状态健康,继续常规巡检,normal
2026-08-26 21:00,14.1,很低,0.91,0.908,0.026,0.009,0.009,0.031,0.009,0.008,0.0,低,healthy,10.5,12.5,1.00,0.96,0.63,0.37,,P(healthy)=0.96；P(drought)=0.01；P(heat)=0.01；P(pest)=0.01；P(waterlogging)=0.01；P(low_light)=0.01；P(sensor_anomaly)=0.01,P(healthy)=0.93；P(drought)=0.01；P(heat)=0.01；P(pest)=0.01；P(waterlogging)=0.01；P(low_light)=0.01；P(sensor_anomaly)=0.01,P(healthy)=0.95；P(drought)=0.01；P(heat)=0.01；P(pest)=0.01；P(waterlogging)=0.01；P(low_light)=0.01；P(sensor_anomaly)=0.01,P(healthy)=0.91；P(drought)=0.03；P(heat)=0.01；P(pest)=0.01；P(waterlogging)=0.03；P(low_light)=0.01；P(sensor_anomaly)=0.01,,,,observe,routine_patrol,低风险 + 低不确定性 → 常规巡检,环境传感器指标处于正常范围；图像标签显示作物状态健康,继续常规巡检,normal
2026-08-26 22:00,12.9,很低,0.92,0.924,0.019,0.009,0.009,0.022,0.009,0.008,0.0,低,healthy,10.5,12.5,1.00,0.96,0.63,0.37,,P(healthy)=0.96；P(drought)=0.01；P(heat)=0.01；P(pest)=0.01；P(waterlogging)=0.01；P(low_light)=0.01；P(sensor_anomaly)=0.01,P(healthy)=0.93；P(drought)=0.01；P(heat)=0.01；P(pest)=0.01；P(waterlogging)=0.01；P(low_light)=0.01；P(sensor_anomaly)=0.01,P(healthy)=0.95；P(drought)=0.01；P(heat)=0.01；P(pest)=0.01；P(waterlogging)=0.01；P(low_light)=0.01；P(sensor_anomaly)=0.01,P(healthy)=0.92；P(drought)=0.02；P(heat)=0.01；P(pest)=0.01；P(waterlogging)=0.02；P(low_light)=0.01；P(sensor_anomaly)=0.01,,,,observe,routine_patrol,低风险 + 低不确定性 → 常规巡检,环境传感器指标处于正常范围；图像标签显示作物状态健康,继续常规巡检,normal
2026-08-26 23:00,12.3,很低,0.93,0.931,0.015,0.009,0.010,0.017,0.009,0.008,0.0,低,healthy,10.5,13.6,1.00,0.89,0.65,0.35,,P(healthy)=0.96；P(drought)=0.01；P(heat)=0.01；P(pest)=0.01；P(waterlogging)=0.01；P(low_light)=0.01；P(sensor_anomaly)=0.01,P(healthy)=0.91；P(drought)=0.02；P(heat)=0.02；P(pest)=0.02；P(waterlogging)=0.02；P(low_light)=0.02；P(sensor_anomaly)=0.01,P(healthy)=0.94；P(drought)=0.01；P(heat)=0.01；P(pest)=0.01；P(waterlogging)=0.01；P(low_light)=0.01；P(sensor_anomaly)=0.01,P(healthy)=0.93；P(drought)=0.02；P(heat)=0.01；P(pest)=0.01；P(waterlogging)=0.02；P(low_light)=0.01；P(sensor_anomaly)=0.01,,,,observe,routine_patrol,低风险 + 低不确定性 → 常规巡检,环境传感器指标处于正常范围；图像标签显示作物状态健康,继续常规巡检,normal
2026-08-27 00:00,11.9,很低,0.94,0.937,0.013,0.009,0.009,0.014,0.009,0.008,0.0,低,healthy,10.5,12.8,1.00,0.94,0.63,0.37,,P(healthy)=0.96；P(drought)=0.01；P(heat)=0.01；P(pest)=0.01；P(waterlogging)=0.01；P(low_light)=0.01；P(sensor_anomaly)=0.01,P(healthy)=0.92；P(drought)=0.01；P(heat)=0.01；P(pest)=0.01；P(waterlogging)=0.01；P(low_light)=0.01；P(sensor_anomaly)=0.01,P(healthy)=0.95；P(drought)=0.01；P(heat)=0.01；P(pest)=0.01；P(waterlogging)=0.01；P(low_light)=0.01；P(sensor_anomaly)=0.01,P(healthy)=0.94；P(drought)=0.01；P(heat)=0.01；P(pest)=0.01；P(waterlogging)=0.01；P(low_light)=0.01；P(sensor_anomaly)=0.01,,,,observe,routine_patrol,低风险 + 低不确定性 → 常规巡检,环境传感器指标处于正常范围；图像标签显示作物状态健康,继续常规巡检,normal
2026-08-27 01:00,11.9,很低,0.94,0.938,0.012,0.010,0.010,0.012,0.010,0.008,0.0,低,healthy,10.5,14.1,1.00,0.86,0.65,0.35,,P(healthy)=0.96；P(drought)=0.01；P(heat)=0.01；P(pest)=0.01；P(waterlogging)=0.01；P(low_light)=0.01；P(sensor_anomaly)=0.01,P(healthy)=0.90；P(drought)=0.02；P(heat)=0.02；P(pest)=0.02；P(waterlogging)=0.02；P(low_light)=0.02；P(sensor_anomaly)=0.01,P(healthy)=0.94；P(drought)=0.01；P(heat)=0.01；P(pest)=0.01；P(waterlogging)=0.01；P(low_light)=0.01；P(sensor_anomaly)=0.01,P(healthy)=0.94；P(drought)=0.01；P(heat)=0.01；P(pest)=0.01；P(waterlogging)=0.01；P(low_light)=0.01；P(sensor_anomaly)=0.01,,,,observe,routine_patrol,低风险 + 低不确定性 → 常规巡检,环境传感器指标处于正常范围；图像标签显示作物状态健康,继续常规巡检,normal
2026-08-27 02:00,11.7,很低,0.94,0.940,0.011,0.010,0.010,0.011,0.010,0.008,0.0,低,healthy,10.5,13.4,1.00,0.90,0.64,0.36,,P(healthy)=0.96；P(drought)=0.01；P(heat)=0.01；P(pest)=0.01；P(waterlogging)=0.01；P(low_light)=0.01；P(sensor_anomaly)=0.01,P(healthy)=0.91；P(drought)=0.02；P(heat)=0.02；P(pest)=0.02；P(waterlogging)=0.02；P(low_light)=0.02；P(sensor_anomaly)=0.01,P(healthy)=0.94；P(drought)=0.01；P(heat)=0.01；P(pest)=0.01；P(waterlogging)=0.01；P(low_light)=0.01；P(sensor_anomaly)=0.01,P(healthy)=0.94；P(drought)=0.01；P(heat)=0.01；P(pest)=0.01；P(waterlogging)=0.01；P(low_light)=0.01；P(sensor_anomaly)=0.01,,,,observe,routine_patrol,低风险 + 低不确定性 → 常规巡检,环境传感器指标处于正常范围；图像标签显示作物状态健康,继续常规巡检,normal
2026-08-27 03:00,11.8,很低,0.94,0.938,0.011,0.010,0.010,0.011,0.010,0.008,0.0,低,healthy,10.5,14.8,1.00,0.82,0.67,0.33,,P(healthy)=0.96；P(drought)=0.01；P(heat)=0.01；P(pest)=0.01；P(waterlogging)=0.01；P(low_light)=0.01；P(sensor_anomaly)=0.01,P(healthy)=0.89；P(drought)=0.02；P(heat)=0.02；P(pest)=0.02；P(waterlogging)=0.02；P(low_light)=0.02；P(sensor_anomaly)=0.01,P(healthy)=0.94；P(drought)=0.01；P(heat)=0.01；P(pest)=0.01；P(waterlogging)=0.01；P(low_light)=0.01；P(sensor_anomaly)=0.01,P(healthy)=0.94；P(drought)=0.01；P(heat)=0.01；P(pest)=0.01；P(waterlogging)=0.01；P(low_light)=0.01；P(sensor_anomaly)=0.01,,,,observe,routine_patrol,低风险 + 低不确定性 → 常规巡检,环境传感器指标处于正常范围；图像标签显示作物状态健康,继续常规巡检,normal
2026-08-27 04:00,11.8,很低,0.94,0.938,0.011,0.010,0.010,0.011,0.010,0.008,0.0,低,healthy,10.5,14.1,1.00,0.86,0.65,0.35,,P(healthy)=0.96；P(drought)=0.01；P(heat)=0.01；P(pest)=0.01；P(waterlogging)=0.01；P(low_light)=0.01；P(sensor_anomaly)=0.01,P(healthy)=0.90；P(drought)=0.02；P(heat)=0.02；P(pest)=0.02；P(waterlogging)=0.02；P(low_light)=0.02；P(sensor_anomaly)=0.01,P(healthy)=0.94；P(drought)=0.01；P(heat)=0.01；P(pest)=0.01；P(waterlogging)=0.01；P(low_light)=0.01；P(sensor_anomaly)=0.01,P(healthy)=0.94；P(drought)=0.01；P(heat)=0.01；P(pest)=0.01；P(waterlogging)=0.01；P(low_light)=0.01；P(sensor_anomaly)=0.01,,,,observe,routine_patrol,低风险 + 低不确定性 → 常规巡检,环境传感器指标处于正常范围；图像标签显示作物状态健康,继续常规巡检,normal
2026-08-27 05:00,45.0,中,0.20,0.737,0.013,0.013,0.013,0.200,0.013,0.011,47.0,中,waterlogging,56.0,14.8,1.00,0.82,0.73,0.27,环境和视觉存在冲突，降低直接执行可靠性,P(healthy)=0.30；P(drought)=0.02；P(heat)=0.02；P(pest)=0.02；P(waterlogging)=0.62；P(low_light)=0.02；P(sensor_anomaly)=0.02,P(healthy)=0.89；P(drought)=0.02；P(heat)=0.02；P(pest)=0.02；P(waterlogging)=0.02；P(low_light)=0.02；P(sensor_anomaly)=0.01,P(healthy)=0.46；P(drought)=0.02；P(heat)=0.02；P(pest)=0.02；P(waterlogging)=0.46；P(low_light)=0.02；P(sensor_anomaly)=0.01,P(healthy)=0.74；P(drought)=0.01；P(heat)=0.01；P(pest)=0.01；P(waterlogging)=0.20；P(low_light)=0.01；P(sensor_anomaly)=0.01,,,图像显示健康，但环境传感器提示较高风险,hold,resample_before_action,中风险 + 高不确定性 → 重新采样后再决策,短时降雨量较高；图像标签显示作物状态健康；环境和视觉存在冲突，降低直接执行可靠性；数据冲突：图像显示健康，但环境传感器提示较高风险,优先让机器人复查该区域并重新采样；检查排水情况并降低灌溉优先级,normal
2026-08-27 06:00,19.8,很低,0.82,0.823,0.012,0.012,0.012,0.120,0.012,0.010,0.0,低,healthy,10.5,13.3,1.00,0.91,0.64,0.36,,P(healthy)=0.96；P(drought)=0.01；P(heat)=0.01；P(pest)=0.01；P(waterlogging)=0.01；P(low_light)=0.01；P(sensor_anomaly)=0.01,P(healthy)=0.91；P(drought)=0.01；P(heat)=0.01；P(pest)=0.01；P(waterlogging)=0.01；P(low_light)=0.01；P(sensor_anomaly)=0.01,P(healthy)=0.94；P(drought)=0.01；P(heat)=0.01；P(pest)=0.01；P(waterlogging)=0.01；P(low_light)=0.01；P(sensor_anomaly)=0.01,P(healthy)=0.82；P(drought)=0.01；P(heat)=0.01；P(pest)=0.01；P(waterlogging)=0.12；P(low_light)=0.01；P(sensor_anomaly)=0.01,,,,observe,routine_patrol,低风险 + 低不确定性 → 常规巡检,环境传感器指标处于正常范围；图像标签显示作物状态健康,继续常规巡检,normal
2026-08-27 07:00,16.3,很低,0.87,0.873,0.011,0.011,0.011,0.074,0.011,0.009,0.0,低,healthy,10.5,13.6,1.00,0.89,0.65,0.35,,P(healthy)=0.96；P(drought)=0.01；P(heat)=0.01；P(pest)=0.01；P(waterlogging)=0.01；P(low_light)=0.01；P(sensor_anomaly)=0.01,P(healthy)=0.91；P(drought)=0.02；P(heat)=0.02；P(pest)=0.02；P(waterlogging)=0.02；P(low_light)=0.02；P(sensor_anomaly)=0.01,P(healthy)=0.94；P(drought)=0.01；P(heat)=0.01；P(pest)=0.01；P(waterlogging)=0.01；P(low_light)=0.01；P(sensor_anomaly)=0.01,P(healthy)=0.87；P(drought)=0.01；P(heat)=0.01；P(pest)=0.01；P(waterlogging)=0.07；P(low_light)=0.01；P(sensor_anomaly)=0.01,,,,observe,routine_patrol,低风险 + 低不确定性 → 常规巡检,环境传感器指标处于正常范围；图像标签显示作物状态健康,继续常规巡检,normal
2026-08-27 08:00,14.3,很低,0.90,0.902,0.011,0.011,0.011,0.047,0.011,0.009,0.0,低,healthy,10.5,13.4,1.00,0.90,0.64,0.36,,P(healthy)=0.96；P(drought)=0.01；P(heat)=0.01；P(pest)=0.01；P(waterlogging)=0.01；P(low_light)=0.01；P(sensor_anomaly)=0.01,P(healthy)=0.91；P(drought)=0.02；P(heat)=0.02；P(pest)=0.02；P(waterlogging)=0.02；P(low_light)=0.02；P(sensor_anomaly)=0.01,P(healthy)=0.94；P(drought)=0.01；P(heat)=0.01；P(pest)=0.01；P(waterlogging)=0.01；P(low_light)=0.01；P(sensor_anomaly)=0.01,P(healthy)=0.90；P(drought)=0.01；P(heat)=0.01；P(pest)=0.01；P(waterlogging)=0.05；P(low_light)=0.01；P(sensor_anomaly)=0.01,,,,observe,routine_patrol,低风险 + 低不确定性 → 常规巡检,环境传感器指标处于正常范围；图像标签显示作物状态健康,继续常规巡检,normal
2026-08-27 09:00,13.3,很低,0.92,0.917,0.011,0.011,0.011,0.032,0.011,0.009,0.0,低,healthy,10.5,14.5,1.00,0.84,0.66,0.34,,P(healthy)=0.96；P(drought)=0.01；P(heat)=0.01；P(pest)=0.01；P(waterlogging)=0.01；P(low_light)=0.01；P(sensor_anomaly)=0.01,P(healthy)=0.89；P(drought)=0.02；P(heat)=0.02；P(pest)=0.02；P(waterlogging)=0.02；P(low_light)=0.02；P(sensor_anomaly)=0.01,P(healthy)=0.94；P(drought)=0.01；P(heat)=0.01；P(pest)=0.01；P(waterlogging)=0.01；P(low_light)=0.01；P(sensor_anomaly)=0.01,P(healthy)=0.92；P(drought)=0.01；P(heat)=0.01；P(pest)=0.01；P(waterlogging)=0.03；P(low_light)=0.01；P(sensor_anomaly)=0.01,,,,observe,routine_patrol,低风险 + 低不确定性 → 常规巡检,环境传感器指标处于正常范围；图像标签显示作物状态健康,继续常规巡检,normal
2026-08-27 10:00,12.6,很低,0.93,0.927,0.011,0.010,0.010,0.023,0.010,0.009,0.0,低,healthy,10.5,13.8,1.00,0.88,0.65,0.35,,P(healthy)=0.96；P(drought)=0.01；P(heat)=0.01；P(pest)=0.01；P(waterlogging)=0.01；P(low_light)=0.01；P(sensor_anomaly)=0.01,P(healthy)=0.91；P(drought)=0.02；P(heat)=0.02；P(pest)=0.02；P(waterlogging)=0.02；P(low_light)=0.02；P(sensor_anomaly)=0.01,P(healthy)=0.94；P(drought)=0.01；P(heat)=0.01；P(pest)=0.01；P(waterlogging)=0.01；P(low_light)=0.01；P(sensor_anomaly)=0.01,P(healthy)=0.93；P(drought)=0.01；P(heat)=0.01；P(pest)=0.01；P(waterlogging)=0.02；P(low_light)=0.01；P(sensor_anomaly)=0.01,,,,observe,routine_patrol,低风险 + 低不确定性 → 常规巡检,环境传感器指标处于正常范围；图像标签显示作物状态健康,继续常规巡检,normal
2026-08-27 11:00,12.3,很低,0.93,0.931,0.011,0.011,0.011,0.018,0.011,0.009,0.0,低,healthy,10.5,14.3,1.00,0.85,0.66,0.34,,P(healthy)=0.96；P(drought)=0.01；P(heat)=0.01；P(pest)=0.01；P(waterlogging)=0.01；P(low_light)=0.01；P(sensor_anomaly)=0.01,P(healthy)=0.90；P(drought)=0.02；P(heat)=0.02；P(pest)=0.02；P(waterlogging)=0.02；P(low_light)=0.02；P(sensor_anomaly)=0.01,P(healthy)=0.94；P(drought)=0.01；P(heat)=0.01；P(pest)=0.01；P(waterlogging)=0.01；P(low_light)=0.01；P(sensor_anomaly)=0.01,P(healthy)=0.93；P(drought)=0.01；P(heat)=0.01；P(pest)=0.01；P(waterlogging)=0.02；P(low_light)=0.01；P(sensor_anomaly)=0.01,,,,observe,routine_patrol,低风险 + 低不确定性 → 常规巡检,环境传感器指标处于正常范围；图像标签显示作物状态健康,继续常规巡检,normal
2026-08-27 12:00,15.2,很低,0.89,0.893,0.055,0.010,0.010,0.014,0.010,0.008,0.0,低,healthy,10.5,13.6,1.00,0.89,0.65,0.35,,P(healthy)=0.96；P(drought)=0.01；P(heat)=0.01；P(pest)=0.01；P(waterlogging)=0.01；P(low_light)=0.01；P(sensor_anomaly)=0.01,P(healthy)=0.91；P(drought)=0.02；P(heat)=0.02；P(pest)=0.02；P(waterlogging)=0.02；P(low_light)=0.02；P(sensor_anomaly)=0.01,P(healthy)=0.94；P(drought)=0.01；P(heat)=0.01；P(pest)=0.01；P(waterlogging)=0.01；P(low_light)=0.01；P(sensor_anomaly)=0.01,P(healthy)=0.89；P(drought)=0.05；P(heat)=0.01；P(pest)=0.01；P(waterlogging)=0.01；P(low_light)=0.01；P(sensor_anomaly)=0.01,soil_moisture_decreasing_6h,,,observe,routine_patrol,低风险 + 低不确定性 → 常规巡检,环境传感器指标处于正常范围；图像标签显示作物状态健康；最近 6 小时土壤湿度持续下降，干旱状态概率上升,继续常规巡检,normal
2026-08-27 13:00,16.8,很低,0.87,0.871,0.081,0.009,0.009,0.012,0.009,0.008,0.0,低,healthy,10.5,13.4,1.00,0.90,0.64,0.36,,P(healthy)=0.96；P(drought)=0.01；P(heat)=0.01；P(pest)=0.01；P(waterlogging)=0.01；P(low_light)=0.01；P(sensor_anomaly)=0.01,P(healthy)=0.91；P(drought)=0.02；P(heat)=0.02；P(pest)=0.02；P(waterlogging)=0.02；P(low_light)=0.02；P(sensor_anomaly)=0.01,P(healthy)=0.94；P(drought)=0.01；P(heat)=0.01；P(pest)=0.01；P(waterlogging)=0.01；P(low_light)=0.01；P(sensor_anomaly)=0.01,P(healthy)=0.87；P(drought)=0.08；P(heat)=0.01；P(pest)=0.01；P(waterlogging)=0.01；P(low_light)=0.01；P(sensor_anomaly)=0.01,soil_moisture_decreasing_6h,,,observe,routine_patrol,低风险 + 低不确定性 → 常规巡检,环境传感器指标处于正常范围；图像标签显示作物状态健康；最近 6 小时土壤湿度持续下降，干旱状态概率上升,继续常规巡检,normal
2026-08-27 14:00,17.7,很低,0.86,0.860,0.095,0.009,0.009,0.010,0.009,0.008,0.0,低,healthy,10.5,12.8,1.00,0.94,0.63,0.37,,P(healthy)=0.96；P(drought)=0.01；P(heat)=0.01；P(pest)=0.01；P(waterlogging)=0.01；P(low_light)=0.01；P(sensor_anomaly)=0.01,P(healthy)=0.92；P(drought)=0.01；P(heat)=0.01；P(pest)=0.01；P(waterlogging)=0.01；P(low_light)=0.01；P(sensor_anomaly)=0.01,P(healthy)=0.95；P(drought)=0.01；P(heat)=0.01；P(pest)=0.01；P(waterlogging)=0.01；P(low_light)=0.01；P(sensor_anomaly)=0.01,P(healthy)=0.86；P(drought)=0.10；P(heat)=0.01；P(pest)=0.01；P(waterlogging)=0.01；P(low_light)=0.01；P(sensor_anomaly)=0.01,soil_moisture_decreasing_6h,,,observe,routine_patrol,低风险 + 低不确定性 → 常规巡检,环境传感器指标处于正常范围；图像标签显示作物状态健康；最近 6 小时土壤湿度持续下降，干旱状态概率上升,继续常规巡检,normal
2026-08-27 15:00,18.3,很低,0.85,0.852,0.104,0.009,0.009,0.010,0.009,0.008,0.0,低,healthy,10.5,13.6,1.00,0.89,0.65,0.35,,P(healthy)=0.96；P(drought)=0.01；P(heat)=0.01；P(pest)=0.01；P(waterlogging)=0.01；P(low_light)=0.01；P(sensor_anomaly)=0.01,P(healthy)=0.91；P(drought)=0.02；P(heat)=0.02；P(pest)=0.02；P(waterlogging)=0.02；P(low_light)=0.02；P(sensor_anomaly)=0.01,P(healthy)=0.94；P(drought)=0.01；P(heat)=0.01；P(pest)=0.01；P(waterlogging)=0.01；P(low_light)=0.01；P(sensor_anomaly)=0.01,P(healthy)=0.85；P(drought)=0.10；P(heat)=0.01；P(pest)=0.01；P(waterlogging)=0.01；P(low_light)=0.01；P(sensor_anomaly)=0.01,soil_moisture_decreasing_6h,,,observe,routine_patrol,低风险 + 低不确定性 → 常规巡检,环境传感器指标处于正常范围；图像标签显示作物状态健康；最近 6 小时土壤湿度持续下降，干旱状态概率上升,继续常规巡检,normal
2026-08-27 16:00,18.7,很低,0.85,0.846,0.109,0.009,0.009,0.010,0.009,0.008,0.0,低,healthy,10.5,14.1,1.00,0.86,0.65,0.35,,P(healthy)=0.96；P(drought)=0.01；P(heat)=0.01；P(pest)=0.01；P(waterlogging)=0.01；P(low_light)=0.01；P(sensor_anomaly)=0.01,P(healthy)=0.90；P(drought)=0.02；P(heat)=0.02；P(pest)=0.02；P(waterlogging)=0.02；P(low_light)=0.02；P(sensor_anomaly)=0.01,P(healthy)=0.94；P(drought)=0.01；P(heat)=0.01；P(pest)=0.01；P(waterlogging)=0.01；P(low_light)=0.01；P(sensor_anomaly)=0.01,P(healthy)=0.85；P(drought)=0.11；P(heat)=0.01；P(pest)=0.01；P(waterlogging)=0.01；P(low_light)=0.01；P(sensor_anomaly)=0.01,soil_moisture_decreasing_6h,,,observe,routine_patrol,低风险 + 低不确定性 → 常规巡检,环境传感器指标处于正常范围；图像标签显示作物状态健康；最近 6 小时土壤湿度持续下降，干旱状态概率上升,继续常规巡检,normal
2026-08-27 17:00,18.9,很低,0.84,0.844,0.112,0.009,0.009,0.009,0.009,0.008,0.0,低,healthy,10.5,13.3,1.00,0.91,0.64,0.36,,P(healthy)=0.96；P(drought)=0.01；P(heat)=0.01；P(pest)=0.01；P(waterlogging)=0.01；P(low_light)=0.01；P(sensor_anomaly)=0.01,P(healthy)=0.91；P(drought)=0.01；P(heat)=0.01；P(pest)=0.01；P(waterlogging)=0.01；P(low_light)=0.01；P(sensor_anomaly)=0.01,P(healthy)=0.94；P(drought)=0.01；P(heat)=0.01；P(pest)=0.01；P(waterlogging)=0.01；P(low_light)=0.01；P(sensor_anomaly)=0.01,P(healthy)=0.84；P(drought)=0.11；P(heat)=0.01；P(pest)=0.01；P(waterlogging)=0.01；P(low_light)=0.01；P(sensor_anomaly)=0.01,soil_moisture_decreasing_6h,,,observe,routine_patrol,低风险 + 低不确定性 → 常规巡检,环境传感器指标处于正常范围；图像标签显示作物状态健康；最近 6 小时土壤湿度持续下降，干旱状态概率上升,继续常规巡检,normal
2026-08-27 18:00,20.3,低,0.82,0.823,0.121,0.008,0.016,0.016,0.008,0.007,44.0,中,healthy,10.5,57.4,1.00,0.33,0.90,0.10,视觉置信度低，降低视觉模态权重,P(healthy)=0.96；P(drought)=0.01；P(heat)=0.01；P(pest)=0.01；P(waterlogging)=0.01；P(low_light)=0.01；P(sensor_anomaly)=0.01,P(healthy)=0.27；P(drought)=0.22；P(heat)=0.02；P(pest)=0.22；P(waterlogging)=0.22；P(low_light)=0.02；P(sensor_anomaly)=0.02,P(healthy)=0.89；P(drought)=0.03；P(heat)=0.01；P(pest)=0.03；P(waterlogging)=0.03；P(low_light)=0.01；P(sensor_anomaly)=0.01,P(healthy)=0.82；P(drought)=0.12；P(heat)=0.01；P(pest)=0.02；P(waterlogging)=0.02；P(low_light)=0.01；P(sensor_anomaly)=0.01,soil_moisture_decreasing_6h,,,hold,monitor_more_context,风险或不确定性处于中间状态 → 继续观察并收集更多上下文,环境传感器指标处于正常范围；图像标签未知；视觉置信度不足，不能单独作为强决策依据；视觉置信度低，降低视觉模态权重；最近 6 小时土壤湿度持续下降，干旱状态概率上升,优先让机器人复查该区域并重新采样,normal
2026-08-27 19:00,23.4,低,0.77,0.768,0.079,0.008,0.110,0.018,0.008,0.008,0.0,低,healthy,10.5,67.2,1.00,0.71,0.70,0.30,,P(healthy)=0.96；P(drought)=0.01；P(heat)=0.01；P(pest)=0.01；P(waterlogging)=0.01；P(low_light)=0.01；P(sensor_anomaly)=0.01,P(healthy)=0.08；P(drought)=0.05；P(heat)=0.01；P(pest)=0.78；P(waterlogging)=0.05；P(low_light)=0.01；P(sensor_anomaly)=0.01,P(healthy)=0.69；P(drought)=0.02；P(heat)=0.01；P(pest)=0.24；P(waterlogging)=0.02；P(low_light)=0.01；P(sensor_anomaly)=0.01,P(healthy)=0.77；P(drought)=0.08；P(heat)=0.01；P(pest)=0.11；P(waterlogging)=0.02；P(low_light)=0.01；P(sensor_anomaly)=0.01,,,,observe,routine_patrol,低风险 + 低不确定性 → 常规巡检,环境传感器指标处于正常范围；图像标签疑似病虫害,继续常规巡检,normal
2026-08-27 20:00,18.5,很低,0.84,0.840,0.050,0.009,0.068,0.015,0.009,0.008,0.0,低,healthy,10.5,14.1,1.00,0.86,0.65,0.35,,P(healthy)=0.96；P(drought)=0.01；P(heat)=0.01；P(pest)=0.01；P(waterlogging)=0.01；P(low_light)=0.01；P(sensor_anomaly)=0.01,P(healthy)=0.90；P(drought)=0.02；P(heat)=0.02；P(pest)=0.02；P(waterlogging)=0.02；P(low_light)=0.02；P(sensor_anomaly)=0.01,P(healthy)=0.94；P(drought)=0.01；P(heat)=0.01；P(pest)=0.01；P(waterlogging)=0.01；P(low_light)=0.01；P(sensor_anomaly)=0.01,P(healthy)=0.84；P(drought)=0.05；P(heat)=0.01；P(pest)=0.07；P(waterlogging)=0.01；P(low_light)=0.01；P(sensor_anomaly)=0.01,,,,observe,routine_patrol,低风险 + 低不确定性 → 常规巡检,环境传感器指标处于正常范围；图像标签显示作物状态健康,继续常规巡检,normal
2026-08-27 21:00,15.6,很低,0.88,0.883,0.033,0.010,0.044,0.013,0.010,0.008,0.0,低,healthy,10.5,13.4,1.00,0.90,0.64,0.36,,P(healthy)=0.96；P(drought)=0.01；P(heat)=0.01；P(pest)=0.01；P(waterlogging)=0.01；P(low_light)=0.01；P(sensor_anomaly)=0.01,P(healthy)=0.91；P(drought)=0.02；P(heat)=0.02；P(pest)=0.02；P(waterlogging)=0.02；P(low_light)=0.02；P(sensor_anomaly)=0.01,P(healthy)=0.94；P(drought)=0.01；P(heat)=0.01；P(pest)=0.01；P(waterlogging)=0.01；P(low_light)=0.01；P(sensor_anomaly)=0.01,P(healthy)=0.88；P(drought)=0.03；P(heat)=0.01；P(pest)=0.04；P(waterlogging)=0.01；P(low_light)=0.01；P(sensor_anomaly)=0.01,,,,observe,routine_patrol,低风险 + 低不确定性 → 常规巡检,环境传感器指标处于正常范围；图像标签显示作物状态健康,继续常规巡检,normal
2026-08-27 22:00,13.9,很低,0.91,0.907,0.024,0.010,0.030,0.012,0.010,0.008,0.0,低,healthy,10.5,13.8,1.00,0.88,0.65,0.35,,P(healthy)=0.96；P(drought)=0.01；P(heat)=0.01；P(pest)=0.01；P(waterlogging)=0.01；P(low_light)=0.01；P(sensor_anomaly)=0.01,P(healthy)=0.91；P(drought)=0.02；P(heat)=0.02；P(pest)=0.02；P(waterlogging)=0.02；P(low_light)=0.02；P(sensor_anomaly)=0.01,P(healthy)=0.94；P(drought)=0.01；P(heat)=0.01；P(pest)=0.01；P(waterlogging)=0.01；P(low_light)=0.01；P(sensor_anomaly)=0.01,P(healthy)=0.91；P(drought)=0.02；P(heat)=0.01；P(pest)=0.03；P(waterlogging)=0.01；P(low_light)=0.01；P(sensor_anomaly)=0.01,,,,observe,routine_patrol,低风险 + 低不确定性 → 常规巡检,环境传感器指标处于正常范围；图像标签显示作物状态健康,继续常规巡检,normal
2026-08-27 23:00,12.9,很低,0.92,0.922,0.018,0.010,0.021,0.011,0.010,0.008,0.0,低,healthy,10.5,13.4,1.00,0.90,0.64,0.36,,P(healthy)=0.96；P(drought)=0.01；P(heat)=0.01；P(pest)=0.01；P(waterlogging)=0.01；P(low_light)=0.01；P(sensor_anomaly)=0.01,P(healthy)=0.91；P(drought)=0.02；P(heat)=0.02；P(pest)=0.02；P(waterlogging)=0.02；P(low_light)=0.02；P(sensor_anomaly)=0.01,P(healthy)=0.94；P(drought)=0.01；P(heat)=0.01；P(pest)=0.01；P(waterlogging)=0.01；P(low_light)=0.01；P(sensor_anomaly)=0.01,P(healthy)=0.92；P(drought)=0.02；P(heat)=0.01；P(pest)=0.02；P(waterlogging)=0.01；P(low_light)=0.01；P(sensor_anomaly)=0.01,,,,observe,routine_patrol,低风险 + 低不确定性 → 常规巡检,环境传感器指标处于正常范围；图像标签显示作物状态健康,继续常规巡检,normal
2026-08-28 00:00,14.0,很低,0.91,0.907,0.023,0.009,0.025,0.019,0.009,0.008,44.0,中,healthy,10.5,57.4,1.00,0.35,0.89,0.11,视觉置信度低，降低视觉模态权重,P(healthy)=0.96；P(drought)=0.01；P(heat)=0.01；P(pest)=0.01；P(waterlogging)=0.01；P(low_light)=0.01；P(sensor_anomaly)=0.01,P(healthy)=0.27；P(drought)=0.22；P(heat)=0.02；P(pest)=0.22；P(waterlogging)=0.22；P(low_light)=0.02；P(sensor_anomaly)=0.02,P(healthy)=0.89；P(drought)=0.03；P(heat)=0.01；P(pest)=0.03；P(waterlogging)=0.03；P(low_light)=0.01；P(sensor_anomaly)=0.01,P(healthy)=0.91；P(drought)=0.02；P(heat)=0.01；P(pest)=0.02；P(waterlogging)=0.02；P(low_light)=0.01；P(sensor_anomaly)=0.01,,,,hold,monitor_more_context,风险或不确定性处于中间状态 → 继续观察并收集更多上下文,环境传感器指标处于正常范围；图像标签未知；视觉置信度不足，不能单独作为强决策依据；视觉置信度低，降低视觉模态权重,优先让机器人复查该区域并重新采样,low_vision_confidence
2026-08-28 01:00,20.9,低,0.80,0.800,0.022,0.009,0.133,0.020,0.009,0.008,0.0,低,healthy,10.5,69.3,1.00,0.83,0.66,0.34,,P(healthy)=0.96；P(drought)=0.01；P(heat)=0.01；P(pest)=0.01；P(waterlogging)=0.01；P(low_light)=0.01；P(sensor_anomaly)=0.01,P(healthy)=0.05；P(drought)=0.05；P(heat)=0.01；P(pest)=0.82；P(waterlogging)=0.05；P(low_light)=0.01；P(sensor_anomaly)=0.01,P(healthy)=0.65；P(drought)=0.02；P(heat)=0.01；P(pest)=0.28；P(waterlogging)=0.02；P(low_light)=0.01；P(sensor_anomaly)=0.01,P(healthy)=0.80；P(drought)=0.02；P(heat)=0.01；P(pest)=0.13；P(waterlogging)=0.02；P(low_light)=0.01；P(sensor_anomaly)=0.01,,,,observe,routine_patrol,低风险 + 低不确定性 → 常规巡检,环境传感器指标处于正常范围；图像标签疑似病虫害,继续常规巡检,normal
2026-08-28 02:00,16.9,很低,0.86,0.860,0.017,0.009,0.081,0.015,0.009,0.008,0.0,低,healthy,10.5,13.1,1.00,0.92,0.64,0.36,,P(healthy)=0.96；P(drought)=0.01；P(heat)=0.01；P(pest)=0.01；P(waterlogging)=0.01；P(low_light)=0.01；P(sensor_anomaly)=0.01,P(healthy)=0.92；P(drought)=0.01；P(heat)=0.01；P(pest)=0.01；P(waterlogging)=0.01；P(low_light)=0.01；P(sensor_anomaly)=0.01,P(healthy)=0.94；P(drought)=0.01；P(heat)=0.01；P(pest)=0.01；P(waterlogging)=0.01；P(low_light)=0.01；P(sensor_anomaly)=0.01,P(healthy)=0.86；P(drought)=0.02；P(heat)=0.01；P(pest)=0.08；P(waterlogging)=0.02；P(low_light)=0.01；P(sensor_anomaly)=0.01,,,,observe,routine_patrol,低风险 + 低不确定性 → 常规巡检,环境传感器指标处于正常范围；图像标签显示作物状态健康,继续常规巡检,normal
2026-08-28 03:00,14.7,很低,0.89,0.895,0.014,0.009,0.051,0.013,0.009,0.008,0.0,低,healthy,10.5,13.4,1.00,0.90,0.64,0.36,,P(healthy)=0.96；P(drought)=0.01；P(heat)=0.01；P(pest)=0.01；P(waterlogging)=0.01；P(low_light)=0.01；P(sensor_anomaly)=0.01,P(healthy)=0.91；P(drought)=0.02；P(heat)=0.02；P(pest)=0.02；P(waterlogging)=0.02；P(low_light)=0.02；P(sensor_anomaly)=0.01,P(healthy)=0.94；P(drought)=0.01；P(heat)=0.01；P(pest)=0.01；P(waterlogging)=0.01；P(low_light)=0.01；P(sensor_anomaly)=0.01,P(healthy)=0.89；P(drought)=0.01；P(heat)=0.01；P(pest)=0.05；P(waterlogging)=0.01；P(low_light)=0.01；P(sensor_anomaly)=0.01,,,,observe,routine_patrol,低风险 + 低不确定性 → 常规巡检,环境传感器指标处于正常范围；图像标签显示作物状态健康,继续常规巡检,normal
2026-08-28 04:00,37.7,低,0.57,0.567,0.017,0.009,0.038,0.351,0.009,0.008,0.0,低,healthy,67.8,73.2,1.00,0.79,0.67,0.33,,P(healthy)=0.14；P(drought)=0.01；P(heat)=0.01；P(pest)=0.01；P(waterlogging)=0.82；P(low_light)=0.01；P(sensor_anomaly)=0.01,P(healthy)=0.06；P(drought)=0.05；P(heat)=0.01；P(pest)=0.05；P(waterlogging)=0.81；P(low_light)=0.01；P(sensor_anomaly)=0.01,P(healthy)=0.11；P(drought)=0.02；P(heat)=0.01；P(pest)=0.02；P(waterlogging)=0.82；P(low_light)=0.01；P(sensor_anomaly)=0.01,P(healthy)=0.57；P(drought)=0.02；P(heat)=0.01；P(pest)=0.04；P(waterlogging)=0.35；P(low_light)=0.01；P(sensor_anomaly)=0.01,,,,observe,routine_patrol,低风险 + 低不确定性 → 常规巡检,降雨量较高且土壤湿度偏高；图像标签疑似积水,继续常规巡检,normal
2026-08-28 05:00,45.4,中,0.48,0.458,0.013,0.009,0.025,0.477,0.009,0.008,35.0,中,waterlogging,63.2,13.1,1.00,0.92,0.71,0.29,环境和视觉存在冲突，降低直接执行可靠性,P(healthy)=0.20；P(drought)=0.01；P(heat)=0.01；P(pest)=0.01；P(waterlogging)=0.74；P(low_light)=0.01；P(sensor_anomaly)=0.01,P(healthy)=0.92；P(drought)=0.01；P(heat)=0.01；P(pest)=0.01；P(waterlogging)=0.01；P(low_light)=0.01；P(sensor_anomaly)=0.01,P(healthy)=0.41；P(drought)=0.01；P(heat)=0.01；P(pest)=0.01；P(waterlogging)=0.53；P(low_light)=0.01；P(sensor_anomaly)=0.01,P(healthy)=0.46；P(drought)=0.01；P(heat)=0.01；P(pest)=0.03；P(waterlogging)=0.48；P(low_light)=0.01；P(sensor_anomaly)=0.01,persistent_wet_condition_6h,temporal_trend_supports_dominant_state,图像显示健康，但环境传感器提示较高风险,hold,resample_before_action,中风险 + 高不确定性 → 重新采样后再决策,土壤湿度过高；图像标签显示作物状态健康；环境和视觉存在冲突，降低直接执行可靠性；数据冲突：图像显示健康，但环境传感器提示较高风险；最近 6 小时存在持续湿润或降雨，积水状态概率上升；时间趋势支持当前主风险，系统置信度上升,优先让机器人复查该区域并重新采样；检查排水情况并降低灌溉优先级,normal
2026-08-28 06:00,58.1,中,0.66,0.278,0.017,0.007,0.023,0.661,0.007,0.007,44.0,中,waterlogging,69.6,57.4,1.00,0.39,0.88,0.12,视觉置信度低，降低视觉模态权重,P(healthy)=0.11；P(drought)=0.01；P(heat)=0.01；P(pest)=0.01；P(waterlogging)=0.86；P(low_light)=0.01；P(sensor_anomaly)=0.01,P(healthy)=0.27；P(drought)=0.22；P(heat)=0.02；P(pest)=0.22；P(waterlogging)=0.22；P(low_light)=0.02；P(sensor_anomaly)=0.02,P(healthy)=0.13；P(drought)=0.03；P(heat)=0.01；P(pest)=0.03；P(waterlogging)=0.78；P(low_light)=0.01；P(sensor_anomaly)=0.01,P(healthy)=0.28；P(drought)=0.02；P(heat)=0.01；P(pest)=0.02；P(waterlogging)=0.66；P(low_light)=0.01；P(sensor_anomaly)=0.01,persistent_wet_condition_6h,same_risk_state_consistent_with_previous_belief；temporal_trend_supports_dominant_state,,hold,resample_before_action,中风险 + 高不确定性 → 重新采样后再决策,降雨量较高且土壤湿度偏高；图像标签未知；视觉置信度不足，不能单独作为强决策依据；视觉置信度低，降低视觉模态权重；最近 6 小时存在持续湿润或降雨，积水状态概率上升；当前主风险与上一时刻状态信念一致，系统置信度上升；时间趋势支持当前主风险，系统置信度上升,优先让机器人复查该区域并重新采样；检查排水情况并降低灌溉优先级,normal
2026-08-28 07:00,58.0,中,0.67,0.280,0.012,0.007,0.015,0.670,0.007,0.007,35.0,中,waterlogging,63.2,12.8,1.00,0.94,0.71,0.29,环境和视觉存在冲突，降低直接执行可靠性,P(healthy)=0.20；P(drought)=0.01；P(heat)=0.01；P(pest)=0.01；P(waterlogging)=0.74；P(low_light)=0.01；P(sensor_anomaly)=0.01,P(healthy)=0.92；P(drought)=0.01；P(heat)=0.01；P(pest)=0.01；P(waterlogging)=0.01；P(low_light)=0.01；P(sensor_anomaly)=0.01,P(healthy)=0.41；P(drought)=0.01；P(heat)=0.01；P(pest)=0.01；P(waterlogging)=0.53；P(low_light)=0.01；P(sensor_anomaly)=0.01,P(healthy)=0.28；P(drought)=0.01；P(heat)=0.01；P(pest)=0.02；P(waterlogging)=0.67；P(low_light)=0.01；P(sensor_anomaly)=0.01,persistent_wet_condition_6h,same_risk_state_consistent_with_previous_belief；temporal_trend_supports_dominant_state,图像显示健康，但环境传感器提示较高风险,hold,resample_before_action,中风险 + 高不确定性 → 重新采样后再决策,土壤湿度过高；图像标签显示作物状态健康；环境和视觉存在冲突，降低直接执行可靠性；数据冲突：图像显示健康，但环境传感器提示较高风险；最近 6 小时存在持续湿润或降雨，积水状态概率上升；当前主风险与上一时刻状态信念一致，系统置信度上升；时间趋势支持当前主风险，系统置信度上升,优先让机器人复查该区域并重新采样；检查排水情况并降低灌溉优先级,normal
2026-08-28 08:00,58.2,中,0.68,0.277,0.010,0.008,0.012,0.678,0.008,0.007,35.0,中,waterlogging,63.2,13.8,1.00,0.88,0.72,0.28,环境和视觉存在冲突，降低直接执行可靠性,P(healthy)=0.20；P(drought)=0.01；P(heat)=0.01；P(pest)=0.01；P(waterlogging)=0.74；P(low_light)=0.01；P(sensor_anomaly)=0.01,P(healthy)=0.91；P(drought)=0.02；P(heat)=0.02；P(pest)=0.02；P(waterlogging)=0.02；P(low_light)=0.02；P(sensor_anomaly)=0.01,P(healthy)=0.40；P(drought)=0.01；P(heat)=0.01；P(pest)=0.01；P(waterlogging)=0.54；P(low_light)=0.01；P(sensor_anomaly)=0.01,P(healthy)=0.28；P(drought)=0.01；P(heat)=0.01；P(pest)=0.01；P(waterlogging)=0.68；P(low_light)=0.01；P(sensor_anomaly)=0.01,persistent_wet_condition_6h,same_risk_state_consistent_with_previous_belief；temporal_trend_supports_dominant_state,图像显示健康，但环境传感器提示较高风险,hold,resample_before_action,中风险 + 高不确定性 → 重新采样后再决策,土壤湿度过高；图像标签显示作物状态健康；环境和视觉存在冲突，降低直接执行可靠性；数据冲突：图像显示健康，但环境传感器提示较高风险；最近 6 小时存在持续湿润或降雨，积水状态概率上升；当前主风险与上一时刻状态信念一致，系统置信度上升；时间趋势支持当前主风险，系统置信度上升,优先让机器人复查该区域并重新采样；检查排水情况并降低灌溉优先级,normal
2026-08-28 09:00,58.4,中,0.68,0.274,0.009,0.008,0.010,0.684,0.008,0.007,35.0,中,waterlogging,63.2,14.1,1.00,0.86,0.72,0.28,环境和视觉存在冲突，降低直接执行可靠性,P(healthy)=0.20；P(drought)=0.01；P(heat)=0.01；P(pest)=0.01；P(waterlogging)=0.74；P(low_light)=0.01；P(sensor_anomaly)=0.01,P(healthy)=0.90；P(drought)=0.02；P(heat)=0.02；P(pest)=0.02；P(waterlogging)=0.02；P(low_light)=0.02；P(sensor_anomaly)=0.01,P(healthy)=0.40；P(drought)=0.01；P(heat)=0.01；P(pest)=0.01；P(waterlogging)=0.54；P(low_light)=0.01；P(sensor_anomaly)=0.01,P(healthy)=0.27；P(drought)=0.01；P(heat)=0.01；P(pest)=0.01；P(waterlogging)=0.68；P(low_light)=0.01；P(sensor_anomaly)=0.01,persistent_wet_condition_6h,same_risk_state_consistent_with_previous_belief；temporal_trend_supports_dominant_state,图像显示健康，但环境传感器提示较高风险,hold,resample_before_action,中风险 + 高不确定性 → 重新采样后再决策,土壤湿度过高；图像标签显示作物状态健康；环境和视觉存在冲突，降低直接执行可靠性；数据冲突：图像显示健康，但环境传感器提示较高风险；最近 6 小时存在持续湿润或降雨，积水状态概率上升；当前主风险与上一时刻状态信念一致，系统置信度上升；时间趋势支持当前主风险，系统置信度上升,优先让机器人复查该区域并重新采样；检查排水情况并降低灌溉优先级,normal
2026-08-28 10:00,66.2,中高,0.79,0.164,0.011,0.006,0.012,0.794,0.006,0.006,0.0,低,waterlogging,71.2,74.7,1.00,0.88,0.65,0.35,,P(healthy)=0.09；P(drought)=0.00；P(heat)=0.00；P(pest)=0.00；P(waterlogging)=0.88；P(low_light)=0.00；P(sensor_anomaly)=0.00,P(healthy)=0.04；P(drought)=0.05；P(heat)=0.01；P(pest)=0.05；P(waterlogging)=0.84；P(low_light)=0.01；P(sensor_anomaly)=0.01,P(healthy)=0.07；P(drought)=0.02；P(heat)=0.01；P(pest)=0.02；P(waterlogging)=0.87；P(low_light)=0.01；P(sensor_anomaly)=0.01,P(healthy)=0.16；P(drought)=0.01；P(heat)=0.01；P(pest)=0.01；P(waterlogging)=0.79；P(low_light)=0.01；P(sensor_anomaly)=0.01,persistent_wet_condition_6h,same_risk_state_consistent_with_previous_belief；temporal_trend_supports_dominant_state,,execute,execute_recommended_action,高风险 + 低不确定性 → 允许执行建议动作,降雨量较高且土壤湿度偏高；图像标签疑似积水；最近 6 小时存在持续湿润或降雨，积水状态概率上升；当前主风险与上一时刻状态信念一致，系统置信度上升；时间趋势支持当前主风险，系统置信度上升,检查排水情况并降低灌溉优先级,normal
2026-08-28 11:00,69.8,中高,0.85,0.113,0.012,0.006,0.012,0.846,0.006,0.005,0.0,低,waterlogging,71.2,71.8,1.00,0.72,0.69,0.31,,P(healthy)=0.09；P(drought)=0.00；P(heat)=0.00；P(pest)=0.00；P(waterlogging)=0.88；P(low_light)=0.00；P(sensor_anomaly)=0.00,P(healthy)=0.08；P(drought)=0.05；P(heat)=0.01；P(pest)=0.05；P(waterlogging)=0.78；P(low_light)=0.01；P(sensor_anomaly)=0.01,P(healthy)=0.09；P(drought)=0.02；P(heat)=0.01；P(pest)=0.02；P(waterlogging)=0.85；P(low_light)=0.01；P(sensor_anomaly)=0.01,P(healthy)=0.11；P(drought)=0.01；P(heat)=0.01；P(pest)=0.01；P(waterlogging)=0.85；P(low_light)=0.01；P(sensor_anomaly)=0.01,persistent_wet_condition_6h,same_risk_state_consistent_with_previous_belief；temporal_trend_supports_dominant_state,,execute,execute_recommended_action,高风险 + 低不确定性 → 允许执行建议动作,降雨量较高且土壤湿度偏高；图像标签疑似积水；最近 6 小时存在持续湿润或降雨，积水状态概率上升；当前主风险与上一时刻状态信念一致，系统置信度上升；时间趋势支持当前主风险，系统置信度上升,检查排水情况并降低灌溉优先级,normal
2026-08-28 12:00,64.1,中高,0.77,0.193,0.010,0.007,0.010,0.767,0.007,0.006,35.0,中,waterlogging,63.2,13.4,1.00,0.90,0.72,0.28,环境和视觉存在冲突，降低直接执行可靠性,P(healthy)=0.20；P(drought)=0.01；P(heat)=0.01；P(pest)=0.01；P(waterlogging)=0.74；P(low_light)=0.01；P(sensor_anomaly)=0.01,P(healthy)=0.91；P(drought)=0.02；P(heat)=0.02；P(pest)=0.02；P(waterlogging)=0.02；P(low_light)=0.02；P(sensor_anomaly)=0.01,P(healthy)=0.41；P(drought)=0.01；P(heat)=0.01；P(pest)=0.01；P(waterlogging)=0.54；P(low_light)=0.01；P(sensor_anomaly)=0.01,P(healthy)=0.19；P(drought)=0.01；P(heat)=0.01；P(pest)=0.01；P(waterlogging)=0.77；P(low_light)=0.01；P(sensor_anomaly)=0.01,persistent_wet_condition_6h,same_risk_state_consistent_with_previous_belief；temporal_trend_supports_dominant_state,图像显示健康，但环境传感器提示较高风险,hold,recheck_before_action,高风险 + 高不确定性 → 先复查，不直接执行动作,土壤湿度过高；图像标签显示作物状态健康；环境和视觉存在冲突，降低直接执行可靠性；数据冲突：图像显示健康，但环境传感器提示较高风险；最近 6 小时存在持续湿润或降雨，积水状态概率上升；当前主风险与上一时刻状态信念一致，系统置信度上升；时间趋势支持当前主风险，系统置信度上升,优先让机器人复查该区域并重新采样；检查排水情况并降低灌溉优先级,normal
2026-08-28 13:00,60.9,中高,0.72,0.239,0.009,0.007,0.009,0.723,0.007,0.007,35.0,中,waterlogging,63.2,12.5,1.00,0.96,0.70,0.30,环境和视觉存在冲突，降低直接执行可靠性,P(healthy)=0.20；P(drought)=0.01；P(heat)=0.01；P(pest)=0.01；P(waterlogging)=0.74；P(low_light)=0.01；P(sensor_anomaly)=0.01,P(healthy)=0.93；P(drought)=0.01；P(heat)=0.01；P(pest)=0.01；P(waterlogging)=0.01；P(low_light)=0.01；P(sensor_anomaly)=0.01,P(healthy)=0.42；P(drought)=0.01；P(heat)=0.01；P(pest)=0.01；P(waterlogging)=0.53；P(low_light)=0.01；P(sensor_anomaly)=0.01,P(healthy)=0.24；P(drought)=0.01；P(heat)=0.01；P(pest)=0.01；P(waterlogging)=0.72；P(low_light)=0.01；P(sensor_anomaly)=0.01,persistent_wet_condition_6h,same_risk_state_consistent_with_previous_belief；temporal_trend_supports_dominant_state,图像显示健康，但环境传感器提示较高风险,hold,recheck_before_action,高风险 + 高不确定性 → 先复查，不直接执行动作,土壤湿度过高；图像标签显示作物状态健康；环境和视觉存在冲突，降低直接执行可靠性；数据冲突：图像显示健康，但环境传感器提示较高风险；最近 6 小时存在持续湿润或降雨，积水状态概率上升；当前主风险与上一时刻状态信念一致，系统置信度上升；时间趋势支持当前主风险，系统置信度上升,优先让机器人复查该区域并重新采样；检查排水情况并降低灌溉优先级,normal
2026-08-28 14:00,59.7,中,0.71,0.256,0.008,0.008,0.008,0.705,0.008,0.007,35.0,中,waterlogging,63.2,13.8,1.00,0.88,0.72,0.28,环境和视觉存在冲突，降低直接执行可靠性,P(healthy)=0.20；P(drought)=0.01；P(heat)=0.01；P(pest)=0.01；P(waterlogging)=0.74；P(low_light)=0.01；P(sensor_anomaly)=0.01,P(healthy)=0.91；P(drought)=0.02；P(heat)=0.02；P(pest)=0.02；P(waterlogging)=0.02；P(low_light)=0.02；P(sensor_anomaly)=0.01,P(healthy)=0.40；P(drought)=0.01；P(heat)=0.01；P(pest)=0.01；P(waterlogging)=0.54；P(low_light)=0.01；P(sensor_anomaly)=0.01,P(healthy)=0.26；P(drought)=0.01；P(heat)=0.01；P(pest)=0.01；P(waterlogging)=0.71；P(low_light)=0.01；P(sensor_anomaly)=0.01,persistent_wet_condition_6h,same_risk_state_consistent_with_previous_belief；temporal_trend_supports_dominant_state,图像显示健康，但环境传感器提示较高风险,hold,resample_before_action,中风险 + 高不确定性 → 重新采样后再决策,土壤湿度过高；图像标签显示作物状态健康；环境和视觉存在冲突，降低直接执行可靠性；数据冲突：图像显示健康，但环境传感器提示较高风险；最近 6 小时存在持续湿润或降雨，积水状态概率上升；当前主风险与上一时刻状态信念一致，系统置信度上升；时间趋势支持当前主风险，系统置信度上升,优先让机器人复查该区域并重新采样；检查排水情况并降低灌溉优先级,normal
2026-08-28 15:00,66.5,中高,0.80,0.160,0.011,0.006,0.011,0.800,0.006,0.006,0.0,低,waterlogging,71.2,71.6,1.00,0.71,0.70,0.30,,P(healthy)=0.09；P(drought)=0.00；P(heat)=0.00；P(pest)=0.00；P(waterlogging)=0.88；P(low_light)=0.00；P(sensor_anomaly)=0.00,P(healthy)=0.08；P(drought)=0.05；P(heat)=0.01；P(pest)=0.05；P(waterlogging)=0.78；P(low_light)=0.01；P(sensor_anomaly)=0.01,P(healthy)=0.09；P(drought)=0.02；P(heat)=0.01；P(pest)=0.02；P(waterlogging)=0.85；P(low_light)=0.01；P(sensor_anomaly)=0.01,P(healthy)=0.16；P(drought)=0.01；P(heat)=0.01；P(pest)=0.01；P(waterlogging)=0.80；P(low_light)=0.01；P(sensor_anomaly)=0.01,persistent_wet_condition_6h,same_risk_state_consistent_with_previous_belief；temporal_trend_supports_dominant_state,,execute,execute_recommended_action,高风险 + 低不确定性 → 允许执行建议动作,降雨量较高且土壤湿度偏高；图像标签疑似积水；最近 6 小时存在持续湿润或降雨，积水状态概率上升；当前主风险与上一时刻状态信念一致，系统置信度上升；时间趋势支持当前主风险，系统置信度上升,检查排水情况并降低灌溉优先级,normal
2026-08-28 16:00,62.4,中高,0.74,0.218,0.009,0.007,0.009,0.743,0.007,0.007,35.0,中,waterlogging,63.2,13.3,1.00,0.91,0.71,0.29,环境和视觉存在冲突，降低直接执行可靠性,P(healthy)=0.20；P(drought)=0.01；P(heat)=0.01；P(pest)=0.01；P(waterlogging)=0.74；P(low_light)=0.01；P(sensor_anomaly)=0.01,P(healthy)=0.91；P(drought)=0.01；P(heat)=0.01；P(pest)=0.01；P(waterlogging)=0.01；P(low_light)=0.01；P(sensor_anomaly)=0.01,P(healthy)=0.41；P(drought)=0.01；P(heat)=0.01；P(pest)=0.01；P(waterlogging)=0.54；P(low_light)=0.01；P(sensor_anomaly)=0.01,P(healthy)=0.22；P(drought)=0.01；P(heat)=0.01；P(pest)=0.01；P(waterlogging)=0.74；P(low_light)=0.01；P(sensor_anomaly)=0.01,persistent_wet_condition_6h,same_risk_state_consistent_with_previous_belief；temporal_trend_supports_dominant_state,图像显示健康，但环境传感器提示较高风险,hold,recheck_before_action,高风险 + 高不确定性 → 先复查，不直接执行动作,土壤湿度过高；图像标签显示作物状态健康；环境和视觉存在冲突，降低直接执行可靠性；数据冲突：图像显示健康，但环境传感器提示较高风险；最近 6 小时存在持续湿润或降雨，积水状态概率上升；当前主风险与上一时刻状态信念一致，系统置信度上升；时间趋势支持当前主风险，系统置信度上升,优先让机器人复查该区域并重新采样；检查排水情况并降低灌溉优先级,normal
2026-08-28 17:00,60.5,中高,0.72,0.244,0.009,0.008,0.009,0.716,0.008,0.007,35.0,中,waterlogging,63.2,14.0,1.00,0.87,0.72,0.28,环境和视觉存在冲突，降低直接执行可靠性,P(healthy)=0.20；P(drought)=0.01；P(heat)=0.01；P(pest)=0.01；P(waterlogging)=0.74；P(low_light)=0.01；P(sensor_anomaly)=0.01,P(healthy)=0.90；P(drought)=0.02；P(heat)=0.02；P(pest)=0.02；P(waterlogging)=0.02；P(low_light)=0.02；P(sensor_anomaly)=0.01,P(healthy)=0.40；P(drought)=0.01；P(heat)=0.01；P(pest)=0.01；P(waterlogging)=0.54；P(low_light)=0.01；P(sensor_anomaly)=0.01,P(healthy)=0.24；P(drought)=0.01；P(heat)=0.01；P(pest)=0.01；P(waterlogging)=0.72；P(low_light)=0.01；P(sensor_anomaly)=0.01,persistent_wet_condition_6h,same_risk_state_consistent_with_previous_belief；temporal_trend_supports_dominant_state,图像显示健康，但环境传感器提示较高风险,hold,recheck_before_action,高风险 + 高不确定性 → 先复查，不直接执行动作,土壤湿度过高；图像标签显示作物状态健康；环境和视觉存在冲突，降低直接执行可靠性；数据冲突：图像显示健康，但环境传感器提示较高风险；最近 6 小时存在持续湿润或降雨，积水状态概率上升；当前主风险与上一时刻状态信念一致，系统置信度上升；时间趋势支持当前主风险，系统置信度上升,优先让机器人复查该区域并重新采样；检查排水情况并降低灌溉优先级,normal
2026-08-28 18:00,59.3,中,0.70,0.261,0.008,0.008,0.008,0.700,0.008,0.007,35.0,中,waterlogging,63.2,13.3,1.00,0.91,0.71,0.29,环境和视觉存在冲突，降低直接执行可靠性,P(healthy)=0.20；P(drought)=0.01；P(heat)=0.01；P(pest)=0.01；P(waterlogging)=0.74；P(low_light)=0.01；P(sensor_anomaly)=0.01,P(healthy)=0.91；P(drought)=0.01；P(heat)=0.01；P(pest)=0.01；P(waterlogging)=0.01；P(low_light)=0.01；P(sensor_anomaly)=0.01,P(healthy)=0.41；P(drought)=0.01；P(heat)=0.01；P(pest)=0.01；P(waterlogging)=0.54；P(low_light)=0.01；P(sensor_anomaly)=0.01,P(healthy)=0.26；P(drought)=0.01；P(heat)=0.01；P(pest)=0.01；P(waterlogging)=0.70；P(low_light)=0.01；P(sensor_anomaly)=0.01,persistent_wet_condition_6h,same_risk_state_consistent_with_previous_belief；temporal_trend_supports_dominant_state,图像显示健康，但环境传感器提示较高风险,hold,resample_before_action,中风险 + 高不确定性 → 重新采样后再决策,土壤湿度过高；图像标签显示作物状态健康；环境和视觉存在冲突，降低直接执行可靠性；数据冲突：图像显示健康，但环境传感器提示较高风险；最近 6 小时存在持续湿润或降雨，积水状态概率上升；当前主风险与上一时刻状态信念一致，系统置信度上升；时间趋势支持当前主风险，系统置信度上升,优先让机器人复查该区域并重新采样；检查排水情况并降低灌溉优先级,normal
2026-08-28 19:00,59.0,中,0.69,0.265,0.008,0.008,0.008,0.695,0.008,0.007,35.0,中,waterlogging,63.2,14.1,1.00,0.86,0.72,0.28,环境和视觉存在冲突，降低直接执行可靠性,P(healthy)=0.20；P(drought)=0.01；P(heat)=0.01；P(pest)=0.01；P(waterlogging)=0.74；P(low_light)=0.01；P(sensor_anomaly)=0.01,P(healthy)=0.90；P(drought)=0.02；P(heat)=0.02；P(pest)=0.02；P(waterlogging)=0.02；P(low_light)=0.02；P(sensor_anomaly)=0.01,P(healthy)=0.40；P(drought)=0.01；P(heat)=0.01；P(pest)=0.01；P(waterlogging)=0.54；P(low_light)=0.01；P(sensor_anomaly)=0.01,P(healthy)=0.27；P(drought)=0.01；P(heat)=0.01；P(pest)=0.01；P(waterlogging)=0.69；P(low_light)=0.01；P(sensor_anomaly)=0.01,persistent_wet_condition_6h,same_risk_state_consistent_with_previous_belief；temporal_trend_supports_dominant_state,图像显示健康，但环境传感器提示较高风险,hold,resample_before_action,中风险 + 高不确定性 → 重新采样后再决策,土壤湿度过高；图像标签显示作物状态健康；环境和视觉存在冲突，降低直接执行可靠性；数据冲突：图像显示健康，但环境传感器提示较高风险；最近 6 小时存在持续湿润或降雨，积水状态概率上升；当前主风险与上一时刻状态信念一致，系统置信度上升；时间趋势支持当前主风险，系统置信度上升,优先让机器人复查该区域并重新采样；检查排水情况并降低灌溉优先级,normal
2026-08-28 20:00,63.9,中高,0.68,0.188,0.012,0.008,0.093,0.685,0.008,0.007,0.0,低,waterlogging,63.2,68.3,1.00,0.77,0.68,0.32,,P(healthy)=0.20；P(drought)=0.01；P(heat)=0.01；P(pest)=0.01；P(waterlogging)=0.74；P(low_light)=0.01；P(sensor_anomaly)=0.01,P(healthy)=0.06；P(drought)=0.05；P(heat)=0.01；P(pest)=0.80；P(waterlogging)=0.05；P(low_light)=0.01；P(sensor_anomaly)=0.01,P(healthy)=0.16；P(drought)=0.02；P(heat)=0.01；P(pest)=0.26；P(waterlogging)=0.52；P(low_light)=0.01；P(sensor_anomaly)=0.01,P(healthy)=0.19；P(drought)=0.01；P(heat)=0.01；P(pest)=0.09；P(waterlogging)=0.68；P(low_light)=0.01；P(sensor_anomaly)=0.01,persistent_wet_condition_6h,same_risk_state_consistent_with_previous_belief；temporal_trend_supports_dominant_state,,execute,execute_recommended_action,高风险 + 低不确定性 → 允许执行建议动作,土壤湿度过高；图像标签疑似病虫害；最近 6 小时存在持续湿润或降雨，积水状态概率上升；当前主风险与上一时刻状态信念一致，系统置信度上升；时间趋势支持当前主风险，系统置信度上升,检查排水情况并降低灌溉优先级,normal
2026-08-28 21:00,66.3,中高,0.68,0.150,0.014,0.008,0.132,0.682,0.008,0.007,0.0,低,waterlogging,63.2,67.8,1.00,0.74,0.69,0.31,,P(healthy)=0.20；P(drought)=0.01；P(heat)=0.01；P(pest)=0.01；P(waterlogging)=0.74；P(low_light)=0.01；P(sensor_anomaly)=0.01,P(healthy)=0.07；P(drought)=0.05；P(heat)=0.01；P(pest)=0.79；P(waterlogging)=0.05；P(low_light)=0.01；P(sensor_anomaly)=0.01,P(healthy)=0.16；P(drought)=0.02；P(heat)=0.01；P(pest)=0.25；P(waterlogging)=0.53；P(low_light)=0.01；P(sensor_anomaly)=0.01,P(healthy)=0.15；P(drought)=0.01；P(heat)=0.01；P(pest)=0.13；P(waterlogging)=0.68；P(low_light)=0.01；P(sensor_anomaly)=0.01,persistent_wet_condition_6h,same_risk_state_consistent_with_previous_belief；temporal_trend_supports_dominant_state,,execute,execute_recommended_action,高风险 + 低不确定性 → 允许执行建议动作,土壤湿度过高；图像标签疑似病虫害；最近 6 小时存在持续湿润或降雨，积水状态概率上升；当前主风险与上一时刻状态信念一致，系统置信度上升；时间趋势支持当前主风险，系统置信度上升,检查排水情况并降低灌溉优先级,normal
2026-08-28 22:00,62.3,中高,0.68,0.213,0.011,0.008,0.071,0.682,0.008,0.007,35.0,中,waterlogging,63.2,13.3,1.00,0.91,0.71,0.29,环境和视觉存在冲突，降低直接执行可靠性,P(healthy)=0.20；P(drought)=0.01；P(heat)=0.01；P(pest)=0.01；P(waterlogging)=0.74；P(low_light)=0.01；P(sensor_anomaly)=0.01,P(healthy)=0.91；P(drought)=0.01；P(heat)=0.01；P(pest)=0.01；P(waterlogging)=0.01；P(low_light)=0.01；P(sensor_anomaly)=0.01,P(healthy)=0.41；P(drought)=0.01；P(heat)=0.01；P(pest)=0.01；P(waterlogging)=0.54；P(low_light)=0.01；P(sensor_anomaly)=0.01,P(healthy)=0.21；P(drought)=0.01；P(heat)=0.01；P(pest)=0.07；P(waterlogging)=0.68；P(low_light)=0.01；P(sensor_anomaly)=0.01,persistent_wet_condition_6h,same_risk_state_consistent_with_previous_belief；temporal_trend_supports_dominant_state,图像显示健康，但环境传感器提示较高风险,hold,recheck_before_action,高风险 + 高不确定性 → 先复查，不直接执行动作,土壤湿度过高；图像标签显示作物状态健康；环境和视觉存在冲突，降低直接执行可靠性；数据冲突：图像显示健康，但环境传感器提示较高风险；最近 6 小时存在持续湿润或降雨，积水状态概率上升；当前主风险与上一时刻状态信念一致，系统置信度上升；时间趋势支持当前主风险，系统置信度上升,优先让机器人复查该区域并重新采样；检查排水情况并降低灌溉优先级,normal
2026-08-28 23:00,60.1,中高,0.68,0.247,0.009,0.008,0.040,0.681,0.008,0.007,35.0,中,waterlogging,63.2,12.8,1.00,0.94,0.71,0.29,环境和视觉存在冲突，降低直接执行可靠性,P(healthy)=0.20；P(drought)=0.01；P(heat)=0.01；P(pest)=0.01；P(waterlogging)=0.74；P(low_light)=0.01；P(sensor_anomaly)=0.01,P(healthy)=0.92；P(drought)=0.01；P(heat)=0.01；P(pest)=0.01；P(waterlogging)=0.01；P(low_light)=0.01；P(sensor_anomaly)=0.01,P(healthy)=0.41；P(drought)=0.01；P(heat)=0.01；P(pest)=0.01；P(waterlogging)=0.53；P(low_light)=0.01；P(sensor_anomaly)=0.01,P(healthy)=0.25；P(drought)=0.01；P(heat)=0.01；P(pest)=0.04；P(waterlogging)=0.68；P(low_light)=0.01；P(sensor_anomaly)=0.01,persistent_wet_condition_6h,same_risk_state_consistent_with_previous_belief；temporal_trend_supports_dominant_state,图像显示健康，但环境传感器提示较高风险,hold,recheck_before_action,高风险 + 高不确定性 → 先复查，不直接执行动作,土壤湿度过高；图像标签显示作物状态健康；环境和视觉存在冲突，降低直接执行可靠性；数据冲突：图像显示健康，但环境传感器提示较高风险；最近 6 小时存在持续湿润或降雨，积水状态概率上升；当前主风险与上一时刻状态信念一致，系统置信度上升；时间趋势支持当前主风险，系统置信度上升,优先让机器人复查该区域并重新采样；检查排水情况并降低灌溉优先级,normal
2026-08-29 00:00,64.4,中高,0.68,0.180,0.012,0.008,0.105,0.680,0.008,0.007,0.0,低,waterlogging,63.2,67.8,1.00,0.74,0.69,0.31,,P(healthy)=0.20；P(drought)=0.01；P(heat)=0.01；P(pest)=0.01；P(waterlogging)=0.74；P(low_light)=0.01；P(sensor_anomaly)=0.01,P(healthy)=0.07；P(drought)=0.05；P(heat)=0.01；P(pest)=0.79；P(waterlogging)=0.05；P(low_light)=0.01；P(sensor_anomaly)=0.01,P(healthy)=0.16；P(drought)=0.02；P(heat)=0.01；P(pest)=0.25；P(waterlogging)=0.53；P(low_light)=0.01；P(sensor_anomaly)=0.01,P(healthy)=0.18；P(drought)=0.01；P(heat)=0.01；P(pest)=0.11；P(waterlogging)=0.68；P(low_light)=0.01；P(sensor_anomaly)=0.01,persistent_wet_condition_6h,same_risk_state_consistent_with_previous_belief；temporal_trend_supports_dominant_state,,execute,execute_recommended_action,高风险 + 低不确定性 → 允许执行建议动作,土壤湿度过高；图像标签疑似病虫害；最近 6 小时存在持续湿润或降雨，积水状态概率上升；当前主风险与上一时刻状态信念一致，系统置信度上升；时间趋势支持当前主风险，系统置信度上升,检查排水情况并降低灌溉优先级,normal
2026-08-29 01:00,61.1,中高,0.68,0.232,0.010,0.008,0.057,0.679,0.008,0.007,35.0,中,waterlogging,63.2,12.6,1.00,0.95,0.70,0.30,环境和视觉存在冲突，降低直接执行可靠性,P(healthy)=0.20；P(drought)=0.01；P(heat)=0.01；P(pest)=0.01；P(waterlogging)=0.74；P(low_light)=0.01；P(sensor_anomaly)=0.01,P(healthy)=0.92；P(drought)=0.01；P(heat)=0.01；P(pest)=0.01；P(waterlogging)=0.01；P(low_light)=0.01；P(sensor_anomaly)=0.01,P(healthy)=0.42；P(drought)=0.01；P(heat)=0.01；P(pest)=0.01；P(waterlogging)=0.53；P(low_light)=0.01；P(sensor_anomaly)=0.01,P(healthy)=0.23；P(drought)=0.01；P(heat)=0.01；P(pest)=0.06；P(waterlogging)=0.68；P(low_light)=0.01；P(sensor_anomaly)=0.01,persistent_wet_condition_6h,same_risk_state_consistent_with_previous_belief；temporal_trend_supports_dominant_state,图像显示健康，但环境传感器提示较高风险,hold,recheck_before_action,高风险 + 高不确定性 → 先复查，不直接执行动作,土壤湿度过高；图像标签显示作物状态健康；环境和视觉存在冲突，降低直接执行可靠性；数据冲突：图像显示健康，但环境传感器提示较高风险；最近 6 小时存在持续湿润或降雨，积水状态概率上升；当前主风险与上一时刻状态信念一致，系统置信度上升；时间趋势支持当前主风险，系统置信度上升,优先让机器人复查该区域并重新采样；检查排水情况并降低灌溉优先级,normal
2026-08-29 02:00,59.9,中,0.68,0.250,0.009,0.008,0.033,0.684,0.008,0.007,35.0,中,waterlogging,63.2,14.1,1.00,0.86,0.72,0.28,环境和视觉存在冲突，降低直接执行可靠性,P(healthy)=0.20；P(drought)=0.01；P(heat)=0.01；P(pest)=0.01；P(waterlogging)=0.74；P(low_light)=0.01；P(sensor_anomaly)=0.01,P(healthy)=0.90；P(drought)=0.02；P(heat)=0.02；P(pest)=0.02；P(waterlogging)=0.02；P(low_light)=0.02；P(sensor_anomaly)=0.01,P(healthy)=0.40；P(drought)=0.01；P(heat)=0.01；P(pest)=0.01；P(waterlogging)=0.54；P(low_light)=0.01；P(sensor_anomaly)=0.01,P(healthy)=0.25；P(drought)=0.01；P(heat)=0.01；P(pest)=0.03；P(waterlogging)=0.68；P(low_light)=0.01；P(sensor_anomaly)=0.01,persistent_wet_condition_6h,same_risk_state_consistent_with_previous_belief；temporal_trend_supports_dominant_state,图像显示健康，但环境传感器提示较高风险,hold,resample_before_action,中风险 + 高不确定性 → 重新采样后再决策,土壤湿度过高；图像标签显示作物状态健康；环境和视觉存在冲突，降低直接执行可靠性；数据冲突：图像显示健康，但环境传感器提示较高风险；最近 6 小时存在持续湿润或降雨，积水状态概率上升；当前主风险与上一时刻状态信念一致，系统置信度上升；时间趋势支持当前主风险，系统置信度上升,优先让机器人复查该区域并重新采样；检查排水情况并降低灌溉优先级,normal
2026-08-29 03:00,58.8,中,0.68,0.268,0.008,0.008,0.021,0.681,0.008,0.007,35.0,中,waterlogging,63.2,12.5,1.00,0.96,0.70,0.30,环境和视觉存在冲突，降低直接执行可靠性,P(healthy)=0.20；P(drought)=0.01；P(heat)=0.01；P(pest)=0.01；P(waterlogging)=0.74；P(low_light)=0.01；P(sensor_anomaly)=0.01,P(healthy)=0.93；P(drought)=0.01；P(heat)=0.01；P(pest)=0.01；P(waterlogging)=0.01；P(low_light)=0.01；P(sensor_anomaly)=0.01,P(healthy)=0.42；P(drought)=0.01；P(heat)=0.01；P(pest)=0.01；P(waterlogging)=0.53；P(low_light)=0.01；P(sensor_anomaly)=0.01,P(healthy)=0.27；P(drought)=0.01；P(heat)=0.01；P(pest)=0.02；P(waterlogging)=0.68；P(low_light)=0.01；P(sensor_anomaly)=0.01,persistent_wet_condition_6h,same_risk_state_consistent_with_previous_belief；temporal_trend_supports_dominant_state,图像显示健康，但环境传感器提示较高风险,hold,resample_before_action,中风险 + 高不确定性 → 重新采样后再决策,土壤湿度过高；图像标签显示作物状态健康；环境和视觉存在冲突，降低直接执行可靠性；数据冲突：图像显示健康，但环境传感器提示较高风险；最近 6 小时存在持续湿润或降雨，积水状态概率上升；当前主风险与上一时刻状态信念一致，系统置信度上升；时间趋势支持当前主风险，系统置信度上升,优先让机器人复查该区域并重新采样；检查排水情况并降低灌溉优先级,normal
2026-08-29 04:00,58.6,中,0.68,0.271,0.008,0.008,0.014,0.684,0.008,0.007,35.0,中,waterlogging,63.2,13.8,1.00,0.88,0.72,0.28,环境和视觉存在冲突，降低直接执行可靠性,P(healthy)=0.20；P(drought)=0.01；P(heat)=0.01；P(pest)=0.01；P(waterlogging)=0.74；P(low_light)=0.01；P(sensor_anomaly)=0.01,P(healthy)=0.91；P(drought)=0.02；P(heat)=0.02；P(pest)=0.02；P(waterlogging)=0.02；P(low_light)=0.02；P(sensor_anomaly)=0.01,P(healthy)=0.40；P(drought)=0.01；P(heat)=0.01；P(pest)=0.01；P(waterlogging)=0.54；P(low_light)=0.01；P(sensor_anomaly)=0.01,P(healthy)=0.27；P(drought)=0.01；P(heat)=0.01；P(pest)=0.01；P(waterlogging)=0.68；P(low_light)=0.01；P(sensor_anomaly)=0.01,persistent_wet_condition_6h,same_risk_state_consistent_with_previous_belief；temporal_trend_supports_dominant_state,图像显示健康，但环境传感器提示较高风险,hold,resample_before_action,中风险 + 高不确定性 → 重新采样后再决策,土壤湿度过高；图像标签显示作物状态健康；环境和视觉存在冲突，降低直接执行可靠性；数据冲突：图像显示健康，但环境传感器提示较高风险；最近 6 小时存在持续湿润或降雨，积水状态概率上升；当前主风险与上一时刻状态信念一致，系统置信度上升；时间趋势支持当前主风险，系统置信度上升,优先让机器人复查该区域并重新采样；检查排水情况并降低灌溉优先级,normal
2026-08-29 05:00,58.8,中,0.69,0.268,0.008,0.008,0.012,0.688,0.008,0.007,35.0,中,waterlogging,63.2,14.7,1.00,0.83,0.73,0.27,环境和视觉存在冲突，降低直接执行可靠性,P(healthy)=0.20；P(drought)=0.01；P(heat)=0.01；P(pest)=0.01；P(waterlogging)=0.74；P(low_light)=0.01；P(sensor_anomaly)=0.01,P(healthy)=0.89；P(drought)=0.02；P(heat)=0.02；P(pest)=0.02；P(waterlogging)=0.02；P(low_light)=0.02；P(sensor_anomaly)=0.01,P(healthy)=0.39；P(drought)=0.01；P(heat)=0.01；P(pest)=0.01；P(waterlogging)=0.55；P(low_light)=0.01；P(sensor_anomaly)=0.01,P(healthy)=0.27；P(drought)=0.01；P(heat)=0.01；P(pest)=0.01；P(waterlogging)=0.69；P(low_light)=0.01；P(sensor_anomaly)=0.01,persistent_wet_condition_6h,same_risk_state_consistent_with_previous_belief；temporal_trend_supports_dominant_state,图像显示健康，但环境传感器提示较高风险,hold,resample_before_action,中风险 + 高不确定性 → 重新采样后再决策,土壤湿度过高；图像标签显示作物状态健康；环境和视觉存在冲突，降低直接执行可靠性；数据冲突：图像显示健康，但环境传感器提示较高风险；最近 6 小时存在持续湿润或降雨，积水状态概率上升；当前主风险与上一时刻状态信念一致，系统置信度上升；时间趋势支持当前主风险，系统置信度上升,优先让机器人复查该区域并重新采样；检查排水情况并降低灌溉优先级,normal
2026-08-29 06:00,58.3,中,0.68,0.276,0.008,0.008,0.010,0.683,0.008,0.007,35.0,中,waterlogging,63.2,12.6,1.00,0.95,0.70,0.30,环境和视觉存在冲突，降低直接执行可靠性,P(healthy)=0.20；P(drought)=0.01；P(heat)=0.01；P(pest)=0.01；P(waterlogging)=0.74；P(low_light)=0.01；P(sensor_anomaly)=0.01,P(healthy)=0.92；P(drought)=0.01；P(heat)=0.01；P(pest)=0.01；P(waterlogging)=0.01；P(low_light)=0.01；P(sensor_anomaly)=0.01,P(healthy)=0.42；P(drought)=0.01；P(heat)=0.01；P(pest)=0.01；P(waterlogging)=0.53；P(low_light)=0.01；P(sensor_anomaly)=0.01,P(healthy)=0.28；P(drought)=0.01；P(heat)=0.01；P(pest)=0.01；P(waterlogging)=0.68；P(low_light)=0.01；P(sensor_anomaly)=0.01,persistent_wet_condition_6h,same_risk_state_consistent_with_previous_belief；temporal_trend_supports_dominant_state,图像显示健康，但环境传感器提示较高风险,hold,resample_before_action,中风险 + 高不确定性 → 重新采样后再决策,土壤湿度过高；图像标签显示作物状态健康；环境和视觉存在冲突，降低直接执行可靠性；数据冲突：图像显示健康，但环境传感器提示较高风险；最近 6 小时存在持续湿润或降雨，积水状态概率上升；当前主风险与上一时刻状态信念一致，系统置信度上升；时间趋势支持当前主风险，系统置信度上升,优先让机器人复查该区域并重新采样；检查排水情况并降低灌溉优先级,normal
2026-08-29 07:00,58.2,中,0.68,0.276,0.008,0.008,0.009,0.684,0.008,0.007,35.0,中,waterlogging,63.2,13.4,1.00,0.90,0.72,0.28,环境和视觉存在冲突，降低直接执行可靠性,P(healthy)=0.20；P(drought)=0.01；P(heat)=0.01；P(pest)=0.01；P(waterlogging)=0.74；P(low_light)=0.01；P(sensor_anomaly)=0.01,P(healthy)=0.91；P(drought)=0.02；P(heat)=0.02；P(pest)=0.02；P(waterlogging)=0.02；P(low_light)=0.02；P(sensor_anomaly)=0.01,P(healthy)=0.41；P(drought)=0.01；P(heat)=0.01；P(pest)=0.01；P(waterlogging)=0.54；P(low_light)=0.01；P(sensor_anomaly)=0.01,P(healthy)=0.28；P(drought)=0.01；P(heat)=0.01；P(pest)=0.01；P(waterlogging)=0.68；P(low_light)=0.01；P(sensor_anomaly)=0.01,persistent_wet_condition_6h,same_risk_state_consistent_with_previous_belief；temporal_trend_supports_dominant_state,图像显示健康，但环境传感器提示较高风险,hold,resample_before_action,中风险 + 高不确定性 → 重新采样后再决策,土壤湿度过高；图像标签显示作物状态健康；环境和视觉存在冲突，降低直接执行可靠性；数据冲突：图像显示健康，但环境传感器提示较高风险；最近 6 小时存在持续湿润或降雨，积水状态概率上升；当前主风险与上一时刻状态信念一致，系统置信度上升；时间趋势支持当前主风险，系统置信度上升,优先让机器人复查该区域并重新采样；检查排水情况并降低灌溉优先级,normal
2026-08-29 08:00,58.3,中,0.69,0.275,0.008,0.008,0.008,0.685,0.008,0.007,35.0,中,waterlogging,63.2,13.8,1.00,0.88,0.72,0.28,环境和视觉存在冲突，降低直接执行可靠性,P(healthy)=0.20；P(drought)=0.01；P(heat)=0.01；P(pest)=0.01；P(waterlogging)=0.74；P(low_light)=0.01；P(sensor_anomaly)=0.01,P(healthy)=0.91；P(drought)=0.02；P(heat)=0.02；P(pest)=0.02；P(waterlogging)=0.02；P(low_light)=0.02；P(sensor_anomaly)=0.01,P(healthy)=0.40；P(drought)=0.01；P(heat)=0.01；P(pest)=0.01；P(waterlogging)=0.54；P(low_light)=0.01；P(sensor_anomaly)=0.01,P(healthy)=0.27；P(drought)=0.01；P(heat)=0.01；P(pest)=0.01；P(waterlogging)=0.69；P(low_light)=0.01；P(sensor_anomaly)=0.01,persistent_wet_condition_6h,same_risk_state_consistent_with_previous_belief；temporal_trend_supports_dominant_state,图像显示健康，但环境传感器提示较高风险,hold,resample_before_action,中风险 + 高不确定性 → 重新采样后再决策,土壤湿度过高；图像标签显示作物状态健康；环境和视觉存在冲突，降低直接执行可靠性；数据冲突：图像显示健康，但环境传感器提示较高风险；最近 6 小时存在持续湿润或降雨，积水状态概率上升；当前主风险与上一时刻状态信念一致，系统置信度上升；时间趋势支持当前主风险，系统置信度上升,优先让机器人复查该区域并重新采样；检查排水情况并降低灌溉优先级,normal
2026-08-29 09:00,58.5,中,0.69,0.272,0.008,0.008,0.008,0.687,0.008,0.007,35.0,中,waterlogging,63.2,14.1,1.00,0.86,0.72,0.28,环境和视觉存在冲突，降低直接执行可靠性,P(healthy)=0.20；P(drought)=0.01；P(heat)=0.01；P(pest)=0.01；P(waterlogging)=0.74；P(low_light)=0.01；P(sensor_anomaly)=0.01,P(healthy)=0.90；P(drought)=0.02；P(heat)=0.02；P(pest)=0.02；P(waterlogging)=0.02；P(low_light)=0.02；P(sensor_anomaly)=0.01,P(healthy)=0.40；P(drought)=0.01；P(heat)=0.01；P(pest)=0.01；P(waterlogging)=0.54；P(low_light)=0.01；P(sensor_anomaly)=0.01,P(healthy)=0.27；P(drought)=0.01；P(heat)=0.01；P(pest)=0.01；P(waterlogging)=0.69；P(low_light)=0.01；P(sensor_anomaly)=0.01,persistent_wet_condition_6h,same_risk_state_consistent_with_previous_belief；temporal_trend_supports_dominant_state,图像显示健康，但环境传感器提示较高风险,hold,resample_before_action,中风险 + 高不确定性 → 重新采样后再决策,土壤湿度过高；图像标签显示作物状态健康；环境和视觉存在冲突，降低直接执行可靠性；数据冲突：图像显示健康，但环境传感器提示较高风险；最近 6 小时存在持续湿润或降雨，积水状态概率上升；当前主风险与上一时刻状态信念一致，系统置信度上升；时间趋势支持当前主风险，系统置信度上升,优先让机器人复查该区域并重新采样；检查排水情况并降低灌溉优先级,normal
2026-08-29 10:00,59.7,中,0.67,0.258,0.044,0.008,0.008,0.668,0.008,0.007,35.0,中,waterlogging,63.2,14.3,1.00,0.85,0.73,0.27,环境和视觉存在冲突，降低直接执行可靠性,P(healthy)=0.20；P(drought)=0.01；P(heat)=0.01；P(pest)=0.01；P(waterlogging)=0.74；P(low_light)=0.01；P(sensor_anomaly)=0.01,P(healthy)=0.90；P(drought)=0.02；P(heat)=0.02；P(pest)=0.02；P(waterlogging)=0.02；P(low_light)=0.02；P(sensor_anomaly)=0.01,P(healthy)=0.39；P(drought)=0.01；P(heat)=0.01；P(pest)=0.01；P(waterlogging)=0.55；P(low_light)=0.01；P(sensor_anomaly)=0.01,P(healthy)=0.26；P(drought)=0.04；P(heat)=0.01；P(pest)=0.01；P(waterlogging)=0.67；P(low_light)=0.01；P(sensor_anomaly)=0.01,soil_moisture_decreasing_6h；persistent_wet_condition_6h,same_risk_state_consistent_with_previous_belief；temporal_trend_supports_dominant_state,图像显示健康，但环境传感器提示较高风险,hold,resample_before_action,中风险 + 高不确定性 → 重新采样后再决策,土壤湿度过高；图像标签显示作物状态健康；环境和视觉存在冲突，降低直接执行可靠性；数据冲突：图像显示健康，但环境传感器提示较高风险；最近 6 小时土壤湿度持续下降，干旱状态概率上升；最近 6 小时存在持续湿润或降雨，积水状态概率上升；当前主风险与上一时刻状态信念一致，系统置信度上升；时间趋势支持当前主风险，系统置信度上升,优先让机器人复查该区域并重新采样；检查排水情况并降低灌溉优先级,normal
2026-08-29 11:00,48.7,中,0.50,0.416,0.062,0.007,0.007,0.496,0.007,0.006,0.0,低,waterlogging,10.5,13.1,1.00,0.92,0.64,0.36,,P(healthy)=0.96；P(drought)=0.01；P(heat)=0.01；P(pest)=0.01；P(waterlogging)=0.01；P(low_light)=0.01；P(sensor_anomaly)=0.01,P(healthy)=0.92；P(drought)=0.01；P(heat)=0.01；P(pest)=0.01；P(waterlogging)=0.01；P(low_light)=0.01；P(sensor_anomaly)=0.01,P(healthy)=0.94；P(drought)=0.01；P(heat)=0.01；P(pest)=0.01；P(waterlogging)=0.01；P(low_light)=0.01；P(sensor_anomaly)=0.01,P(healthy)=0.42；P(drought)=0.06；P(heat)=0.01；P(pest)=0.01；P(waterlogging)=0.50；P(low_light)=0.01；P(sensor_anomaly)=0.01,soil_moisture_decreasing_6h；persistent_wet_condition_6h,same_risk_state_consistent_with_previous_belief；temporal_trend_supports_dominant_state,,hold,monitor_more_context,风险或不确定性处于中间状态 → 继续观察并收集更多上下文,环境传感器指标处于正常范围；图像标签显示作物状态健康；最近 6 小时土壤湿度持续下降，干旱状态概率上升；最近 6 小时存在持续湿润或降雨，积水状态概率上升；当前主风险与上一时刻状态信念一致，系统置信度上升；时间趋势支持当前主风险，系统置信度上升,检查排水情况并降低灌溉优先级,normal
2026-08-29 12:00,38.3,低,0.57,0.566,0.080,0.007,0.007,0.325,0.007,0.006,0.0,低,healthy,10.5,13.1,1.00,0.92,0.64,0.36,,P(healthy)=0.96；P(drought)=0.01；P(heat)=0.01；P(pest)=0.01；P(waterlogging)=0.01；P(low_light)=0.01；P(sensor_anomaly)=0.01,P(healthy)=0.92；P(drought)=0.01；P(heat)=0.01；P(pest)=0.01；P(waterlogging)=0.01；P(low_light)=0.01；P(sensor_anomaly)=0.01,P(healthy)=0.94；P(drought)=0.01；P(heat)=0.01；P(pest)=0.01；P(waterlogging)=0.01；P(low_light)=0.01；P(sensor_anomaly)=0.01,P(healthy)=0.57；P(drought)=0.08；P(heat)=0.01；P(pest)=0.01；P(waterlogging)=0.33；P(low_light)=0.01；P(sensor_anomaly)=0.01,soil_moisture_decreasing_6h；persistent_wet_condition_6h,,,observe,routine_patrol,低风险 + 低不确定性 → 常规巡检,环境传感器指标处于正常范围；图像标签显示作物状态健康；最近 6 小时土壤湿度持续下降，干旱状态概率上升；最近 6 小时存在持续湿润或降雨，积水状态概率上升,继续常规巡检,normal
2026-08-29 13:00,32.2,低,0.65,0.653,0.091,0.008,0.008,0.226,0.008,0.007,0.0,低,healthy,10.5,13.1,1.00,0.92,0.64,0.36,,P(healthy)=0.96；P(drought)=0.01；P(heat)=0.01；P(pest)=0.01；P(waterlogging)=0.01；P(low_light)=0.01；P(sensor_anomaly)=0.01,P(healthy)=0.92；P(drought)=0.01；P(heat)=0.01；P(pest)=0.01；P(waterlogging)=0.01；P(low_light)=0.01；P(sensor_anomaly)=0.01,P(healthy)=0.94；P(drought)=0.01；P(heat)=0.01；P(pest)=0.01；P(waterlogging)=0.01；P(low_light)=0.01；P(sensor_anomaly)=0.01,P(healthy)=0.65；P(drought)=0.09；P(heat)=0.01；P(pest)=0.01；P(waterlogging)=0.23；P(low_light)=0.01；P(sensor_anomaly)=0.01,soil_moisture_decreasing_6h；persistent_wet_condition_6h,,,observe,routine_patrol,低风险 + 低不确定性 → 常规巡检,环境传感器指标处于正常范围；图像标签显示作物状态健康；最近 6 小时土壤湿度持续下降，干旱状态概率上升；最近 6 小时存在持续湿润或降雨，积水状态概率上升,继续常规巡检,normal
2026-08-29 14:00,34.5,低,0.61,0.614,0.101,0.007,0.091,0.173,0.007,0.007,0.0,低,healthy,10.5,67.8,1.00,0.74,0.69,0.31,,P(healthy)=0.96；P(drought)=0.01；P(heat)=0.01；P(pest)=0.01；P(waterlogging)=0.01；P(low_light)=0.01；P(sensor_anomaly)=0.01,P(healthy)=0.07；P(drought)=0.05；P(heat)=0.01；P(pest)=0.79；P(waterlogging)=0.05；P(low_light)=0.01；P(sensor_anomaly)=0.01,P(healthy)=0.68；P(drought)=0.02；P(heat)=0.01；P(pest)=0.25；P(waterlogging)=0.02；P(low_light)=0.01；P(sensor_anomaly)=0.01,P(healthy)=0.61；P(drought)=0.10；P(heat)=0.01；P(pest)=0.09；P(waterlogging)=0.17；P(low_light)=0.01；P(sensor_anomaly)=0.01,soil_moisture_decreasing_6h；persistent_wet_condition_6h,,,observe,routine_patrol,低风险 + 低不确定性 → 常规巡检,环境传感器指标处于正常范围；图像标签疑似病虫害；最近 6 小时土壤湿度持续下降，干旱状态概率上升；最近 6 小时存在持续湿润或降雨，积水状态概率上升,继续常规巡检,normal
2026-08-29 15:00,30.1,低,0.68,0.679,0.104,0.008,0.056,0.138,0.008,0.007,0.0,低,healthy,10.5,14.1,1.00,0.86,0.65,0.35,,P(healthy)=0.96；P(drought)=0.01；P(heat)=0.01；P(pest)=0.01；P(waterlogging)=0.01；P(low_light)=0.01；P(sensor_anomaly)=0.01,P(healthy)=0.90；P(drought)=0.02；P(heat)=0.02；P(pest)=0.02；P(waterlogging)=0.02；P(low_light)=0.02；P(sensor_anomaly)=0.01,P(healthy)=0.94；P(drought)=0.01；P(heat)=0.01；P(pest)=0.01；P(waterlogging)=0.01；P(low_light)=0.01；P(sensor_anomaly)=0.01,P(healthy)=0.68；P(drought)=0.10；P(heat)=0.01；P(pest)=0.06；P(waterlogging)=0.14；P(low_light)=0.01；P(sensor_anomaly)=0.01,soil_moisture_decreasing_6h；persistent_wet_condition_6h,,,observe,routine_patrol,低风险 + 低不确定性 → 常规巡检,环境传感器指标处于正常范围；图像标签显示作物状态健康；最近 6 小时土壤湿度持续下降，干旱状态概率上升；最近 6 小时存在持续湿润或降雨，积水状态概率上升,继续常规巡检,normal
2026-08-29 16:00,33.8,低,0.62,0.621,0.109,0.007,0.127,0.122,0.007,0.007,0.0,低,healthy,10.5,68.9,1.00,0.81,0.67,0.33,,P(healthy)=0.96；P(drought)=0.01；P(heat)=0.01；P(pest)=0.01；P(waterlogging)=0.01；P(low_light)=0.01；P(sensor_anomaly)=0.01,P(healthy)=0.05；P(drought)=0.05；P(heat)=0.01；P(pest)=0.81；P(waterlogging)=0.05；P(low_light)=0.01；P(sensor_anomaly)=0.01,P(healthy)=0.66；P(drought)=0.02；P(heat)=0.01；P(pest)=0.27；P(waterlogging)=0.02；P(low_light)=0.01；P(sensor_anomaly)=0.01,P(healthy)=0.62；P(drought)=0.11；P(heat)=0.01；P(pest)=0.13；P(waterlogging)=0.12；P(low_light)=0.01；P(sensor_anomaly)=0.01,soil_moisture_decreasing_6h；persistent_wet_condition_6h,,,observe,routine_patrol,低风险 + 低不确定性 → 常规巡检,环境传感器指标处于正常范围；图像标签疑似病虫害；最近 6 小时土壤湿度持续下降，干旱状态概率上升；最近 6 小时存在持续湿润或降雨，积水状态概率上升,继续常规巡检,normal
2026-08-29 17:00,28.5,低,0.70,0.699,0.074,0.007,0.085,0.120,0.007,0.007,44.0,中,healthy,10.5,57.4,1.00,0.34,0.90,0.10,视觉置信度低，降低视觉模态权重,P(healthy)=0.96；P(drought)=0.01；P(heat)=0.01；P(pest)=0.01；P(waterlogging)=0.01；P(low_light)=0.01；P(sensor_anomaly)=0.01,P(healthy)=0.27；P(drought)=0.22；P(heat)=0.02；P(pest)=0.22；P(waterlogging)=0.22；P(low_light)=0.02；P(sensor_anomaly)=0.02,P(healthy)=0.89；P(drought)=0.03；P(heat)=0.01；P(pest)=0.03；P(waterlogging)=0.03；P(low_light)=0.01；P(sensor_anomaly)=0.01,P(healthy)=0.70；P(drought)=0.07；P(heat)=0.01；P(pest)=0.08；P(waterlogging)=0.12；P(low_light)=0.01；P(sensor_anomaly)=0.01,persistent_wet_condition_6h,,,hold,monitor_more_context,风险或不确定性处于中间状态 → 继续观察并收集更多上下文,环境传感器指标处于正常范围；图像标签未知；视觉置信度不足，不能单独作为强决策依据；视觉置信度低，降低视觉模态权重；最近 6 小时存在持续湿润或降雨，积水状态概率上升,优先让机器人复查该区域并重新采样,normal
2026-08-29 18:00,23.8,低,0.77,0.767,0.046,0.008,0.053,0.111,0.008,0.007,0.0,低,healthy,10.5,12.5,1.00,0.96,0.63,0.37,,P(healthy)=0.96；P(drought)=0.01；P(heat)=0.01；P(pest)=0.01；P(waterlogging)=0.01；P(low_light)=0.01；P(sensor_anomaly)=0.01,P(healthy)=0.93；P(drought)=0.01；P(heat)=0.01；P(pest)=0.01；P(waterlogging)=0.01；P(low_light)=0.01；P(sensor_anomaly)=0.01,P(healthy)=0.95；P(drought)=0.01；P(heat)=0.01；P(pest)=0.01；P(waterlogging)=0.01；P(low_light)=0.01；P(sensor_anomaly)=0.01,P(healthy)=0.77；P(drought)=0.05；P(heat)=0.01；P(pest)=0.05；P(waterlogging)=0.11；P(low_light)=0.01；P(sensor_anomaly)=0.01,persistent_wet_condition_6h,,,observe,routine_patrol,低风险 + 低不确定性 → 常规巡检,环境传感器指标处于正常范围；图像标签显示作物状态健康；最近 6 小时存在持续湿润或降雨，积水状态概率上升,继续常规巡检,normal
2026-08-29 19:00,21.3,低,0.80,0.803,0.031,0.009,0.035,0.107,0.009,0.007,0.0,低,healthy,10.5,14.3,1.00,0.85,0.66,0.34,,P(healthy)=0.96；P(drought)=0.01；P(heat)=0.01；P(pest)=0.01；P(waterlogging)=0.01；P(low_light)=0.01；P(sensor_anomaly)=0.01,P(healthy)=0.90；P(drought)=0.02；P(heat)=0.02；P(pest)=0.02；P(waterlogging)=0.02；P(low_light)=0.02；P(sensor_anomaly)=0.01,P(healthy)=0.94；P(drought)=0.01；P(heat)=0.01；P(pest)=0.01；P(waterlogging)=0.01；P(low_light)=0.01；P(sensor_anomaly)=0.01,P(healthy)=0.80；P(drought)=0.03；P(heat)=0.01；P(pest)=0.03；P(waterlogging)=0.11；P(low_light)=0.01；P(sensor_anomaly)=0.01,persistent_wet_condition_6h,,,observe,routine_patrol,低风险 + 低不确定性 → 常规巡检,环境传感器指标处于正常范围；图像标签显示作物状态健康；最近 6 小时存在持续湿润或降雨，积水状态概率上升,继续常规巡检,normal
2026-08-29 20:00,19.7,很低,0.83,0.825,0.022,0.009,0.024,0.104,0.009,0.008,0.0,低,healthy,10.5,13.6,1.00,0.89,0.65,0.35,,P(healthy)=0.96；P(drought)=0.01；P(heat)=0.01；P(pest)=0.01；P(waterlogging)=0.01；P(low_light)=0.01；P(sensor_anomaly)=0.01,P(healthy)=0.91；P(drought)=0.02；P(heat)=0.02；P(pest)=0.02；P(waterlogging)=0.02；P(low_light)=0.02；P(sensor_anomaly)=0.01,P(healthy)=0.94；P(drought)=0.01；P(heat)=0.01；P(pest)=0.01；P(waterlogging)=0.01；P(low_light)=0.01；P(sensor_anomaly)=0.01,P(healthy)=0.83；P(drought)=0.02；P(heat)=0.01；P(pest)=0.02；P(waterlogging)=0.10；P(low_light)=0.01；P(sensor_anomaly)=0.01,persistent_wet_condition_6h,,,observe,routine_patrol,低风险 + 低不确定性 → 常规巡检,环境传感器指标处于正常范围；图像标签显示作物状态健康；最近 6 小时存在持续湿润或降雨，积水状态概率上升,继续常规巡检,normal
2026-08-29 21:00,18.7,很低,0.84,0.840,0.016,0.009,0.017,0.102,0.009,0.008,0.0,低,healthy,10.5,12.5,1.00,0.96,0.63,0.37,,P(healthy)=0.96；P(drought)=0.01；P(heat)=0.01；P(pest)=0.01；P(waterlogging)=0.01；P(low_light)=0.01；P(sensor_anomaly)=0.01,P(healthy)=0.93；P(drought)=0.01；P(heat)=0.01；P(pest)=0.01；P(waterlogging)=0.01；P(low_light)=0.01；P(sensor_anomaly)=0.01,P(healthy)=0.95；P(drought)=0.01；P(heat)=0.01；P(pest)=0.01；P(waterlogging)=0.01；P(low_light)=0.01；P(sensor_anomaly)=0.01,P(healthy)=0.84；P(drought)=0.02；P(heat)=0.01；P(pest)=0.02；P(waterlogging)=0.10；P(low_light)=0.01；P(sensor_anomaly)=0.01,persistent_wet_condition_6h,,,observe,routine_patrol,低风险 + 低不确定性 → 常规巡检,环境传感器指标处于正常范围；图像标签显示作物状态健康；最近 6 小时存在持续湿润或降雨，积水状态概率上升,继续常规巡检,normal
2026-08-29 22:00,18.3,很低,0.85,0.845,0.013,0.009,0.014,0.101,0.009,0.008,0.0,低,healthy,10.5,14.3,1.00,0.85,0.66,0.34,,P(healthy)=0.96；P(drought)=0.01；P(heat)=0.01；P(pest)=0.01；P(waterlogging)=0.01；P(low_light)=0.01；P(sensor_anomaly)=0.01,P(healthy)=0.90；P(drought)=0.02；P(heat)=0.02；P(pest)=0.02；P(waterlogging)=0.02；P(low_light)=0.02；P(sensor_anomaly)=0.01,P(healthy)=0.94；P(drought)=0.01；P(heat)=0.01；P(pest)=0.01；P(waterlogging)=0.01；P(low_light)=0.01；P(sensor_anomaly)=0.01,P(healthy)=0.85；P(drought)=0.01；P(heat)=0.01；P(pest)=0.01；P(waterlogging)=0.10；P(low_light)=0.01；P(sensor_anomaly)=0.01,persistent_wet_condition_6h,,,observe,routine_patrol,低风险 + 低不确定性 → 常规巡检,环境传感器指标处于正常范围；图像标签显示作物状态健康；最近 6 小时存在持续湿润或降雨，积水状态概率上升,继续常规巡检,normal
2026-08-29 23:00,17.9,很低,0.85,0.852,0.011,0.009,0.012,0.100,0.009,0.008,0.0,低,healthy,10.5,12.5,1.00,0.96,0.63,0.37,,P(healthy)=0.96；P(drought)=0.01；P(heat)=0.01；P(pest)=0.01；P(waterlogging)=0.01；P(low_light)=0.01；P(sensor_anomaly)=0.01,P(healthy)=0.93；P(drought)=0.01；P(heat)=0.01；P(pest)=0.01；P(waterlogging)=0.01；P(low_light)=0.01；P(sensor_anomaly)=0.01,P(healthy)=0.95；P(drought)=0.01；P(heat)=0.01；P(pest)=0.01；P(waterlogging)=0.01；P(low_light)=0.01；P(sensor_anomaly)=0.01,P(healthy)=0.85；P(drought)=0.01；P(heat)=0.01；P(pest)=0.01；P(waterlogging)=0.10；P(low_light)=0.01；P(sensor_anomaly)=0.01,persistent_wet_condition_6h,,,observe,routine_patrol,低风险 + 低不确定性 → 常规巡检,环境传感器指标处于正常范围；图像标签显示作物状态健康；最近 6 小时存在持续湿润或降雨，积水状态概率上升,继续常规巡检,normal
2026-08-30 00:00,19.8,很低,0.82,0.824,0.020,0.008,0.021,0.110,0.008,0.008,44.0,中,healthy,10.5,57.4,1.00,0.47,0.86,0.14,视觉置信度低，降低视觉模态权重,P(healthy)=0.96；P(drought)=0.01；P(heat)=0.01；P(pest)=0.01；P(waterlogging)=0.01；P(low_light)=0.01；P(sensor_anomaly)=0.01,P(healthy)=0.27；P(drought)=0.22；P(heat)=0.02；P(pest)=0.22；P(waterlogging)=0.22；P(low_light)=0.02；P(sensor_anomaly)=0.02,P(healthy)=0.87；P(drought)=0.04；P(heat)=0.01；P(pest)=0.04；P(waterlogging)=0.04；P(low_light)=0.01；P(sensor_anomaly)=0.01,P(healthy)=0.82；P(drought)=0.02；P(heat)=0.01；P(pest)=0.02；P(waterlogging)=0.11；P(low_light)=0.01；P(sensor_anomaly)=0.01,persistent_wet_condition_6h,,,hold,monitor_more_context,风险或不确定性处于中间状态 → 继续观察并收集更多上下文,环境传感器指标处于正常范围；图像标签未知；视觉置信度不足，不能单独作为强决策依据；视觉置信度低，降低视觉模态权重；最近 6 小时存在持续湿润或降雨，积水状态概率上升,优先让机器人复查该区域并重新采样,normal
2026-08-30 01:00,18.8,很低,0.84,0.840,0.015,0.008,0.015,0.106,0.008,0.008,0.0,低,healthy,10.5,12.5,1.00,0.96,0.63,0.37,,P(healthy)=0.96；P(drought)=0.01；P(heat)=0.01；P(pest)=0.01；P(waterlogging)=0.01；P(low_light)=0.01；P(sensor_anomaly)=0.01,P(healthy)=0.93；P(drought)=0.01；P(heat)=0.01；P(pest)=0.01；P(waterlogging)=0.01；P(low_light)=0.01；P(sensor_anomaly)=0.01,P(healthy)=0.95；P(drought)=0.01；P(heat)=0.01；P(pest)=0.01；P(waterlogging)=0.01；P(low_light)=0.01；P(sensor_anomaly)=0.01,P(healthy)=0.84；P(drought)=0.02；P(heat)=0.01；P(pest)=0.02；P(waterlogging)=0.11；P(low_light)=0.01；P(sensor_anomaly)=0.01,persistent_wet_condition_6h,,,observe,routine_patrol,低风险 + 低不确定性 → 常规巡检,环境传感器指标处于正常范围；图像标签显示作物状态健康；最近 6 小时存在持续湿润或降雨，积水状态概率上升,继续常规巡检,normal
2026-08-30 02:00,18.3,很低,0.85,0.846,0.013,0.009,0.013,0.103,0.009,0.008,0.0,低,healthy,10.5,14.0,1.00,0.87,0.65,0.35,,P(healthy)=0.96；P(drought)=0.01；P(heat)=0.01；P(pest)=0.01；P(waterlogging)=0.01；P(low_light)=0.01；P(sensor_anomaly)=0.01,P(healthy)=0.90；P(drought)=0.02；P(heat)=0.02；P(pest)=0.02；P(waterlogging)=0.02；P(low_light)=0.02；P(sensor_anomaly)=0.01,P(healthy)=0.94；P(drought)=0.01；P(heat)=0.01；P(pest)=0.01；P(waterlogging)=0.01；P(low_light)=0.01；P(sensor_anomaly)=0.01,P(healthy)=0.85；P(drought)=0.01；P(heat)=0.01；P(pest)=0.01；P(waterlogging)=0.10；P(low_light)=0.01；P(sensor_anomaly)=0.01,persistent_wet_condition_6h,,,observe,routine_patrol,低风险 + 低不确定性 → 常规巡检,环境传感器指标处于正常范围；图像标签显示作物状态健康；最近 6 小时存在持续湿润或降雨，积水状态概率上升,继续常规巡检,normal
2026-08-30 03:00,43.3,中,0.46,0.491,0.014,0.007,0.014,0.460,0.007,0.007,0.0,低,waterlogging,71.2,74.1,1.00,0.84,0.66,0.34,,P(healthy)=0.09；P(drought)=0.00；P(heat)=0.00；P(pest)=0.00；P(waterlogging)=0.88；P(low_light)=0.00；P(sensor_anomaly)=0.00,P(healthy)=0.05；P(drought)=0.05；P(heat)=0.01；P(pest)=0.05；P(waterlogging)=0.82；P(low_light)=0.01；P(sensor_anomaly)=0.01,P(healthy)=0.08；P(drought)=0.02；P(heat)=0.01；P(pest)=0.02；P(waterlogging)=0.86；P(low_light)=0.01；P(sensor_anomaly)=0.01,P(healthy)=0.49；P(drought)=0.01；P(heat)=0.01；P(pest)=0.01；P(waterlogging)=0.46；P(low_light)=0.01；P(sensor_anomaly)=0.01,persistent_wet_condition_6h,temporal_trend_supports_dominant_state,,hold,monitor_more_context,风险或不确定性处于中间状态 → 继续观察并收集更多上下文,降雨量较高且土壤湿度偏高；图像标签疑似积水；最近 6 小时存在持续湿润或降雨，积水状态概率上升；时间趋势支持当前主风险，系统置信度上升,检查排水情况并降低灌溉优先级,normal
2026-08-30 04:00,52.0,中,0.60,0.366,0.010,0.006,0.010,0.596,0.006,0.006,35.0,中,waterlogging,69.6,13.1,1.00,0.92,0.71,0.29,环境和视觉存在冲突，降低直接执行可靠性,P(healthy)=0.11；P(drought)=0.01；P(heat)=0.01；P(pest)=0.01；P(waterlogging)=0.86；P(low_light)=0.01；P(sensor_anomaly)=0.01,P(healthy)=0.92；P(drought)=0.01；P(heat)=0.01；P(pest)=0.01；P(waterlogging)=0.01；P(low_light)=0.01；P(sensor_anomaly)=0.01,P(healthy)=0.35；P(drought)=0.01；P(heat)=0.01；P(pest)=0.01；P(waterlogging)=0.61；P(low_light)=0.01；P(sensor_anomaly)=0.01,P(healthy)=0.37；P(drought)=0.01；P(heat)=0.01；P(pest)=0.01；P(waterlogging)=0.60；P(low_light)=0.01；P(sensor_anomaly)=0.01,persistent_wet_condition_6h,same_risk_state_consistent_with_previous_belief；temporal_trend_supports_dominant_state,图像显示健康，但环境传感器提示较高风险,hold,resample_before_action,中风险 + 高不确定性 → 重新采样后再决策,降雨量较高且土壤湿度偏高；图像标签显示作物状态健康；环境和视觉存在冲突，降低直接执行可靠性；数据冲突：图像显示健康，但环境传感器提示较高风险；最近 6 小时存在持续湿润或降雨，积水状态概率上升；当前主风险与上一时刻状态信念一致，系统置信度上升；时间趋势支持当前主风险，系统置信度上升,优先让机器人复查该区域并重新采样；检查排水情况并降低灌溉优先级,normal
2026-08-30 05:00,54.9,中,0.64,0.325,0.009,0.007,0.009,0.637,0.007,0.006,35.0,中,waterlogging,63.2,12.8,1.00,0.94,0.71,0.29,环境和视觉存在冲突，降低直接执行可靠性,P(healthy)=0.20；P(drought)=0.01；P(heat)=0.01；P(pest)=0.01；P(waterlogging)=0.74；P(low_light)=0.01；P(sensor_anomaly)=0.01,P(healthy)=0.92；P(drought)=0.01；P(heat)=0.01；P(pest)=0.01；P(waterlogging)=0.01；P(low_light)=0.01；P(sensor_anomaly)=0.01,P(healthy)=0.41；P(drought)=0.01；P(heat)=0.01；P(pest)=0.01；P(waterlogging)=0.53；P(low_light)=0.01；P(sensor_anomaly)=0.01,P(healthy)=0.33；P(drought)=0.01；P(heat)=0.01；P(pest)=0.01；P(waterlogging)=0.64；P(low_light)=0.01；P(sensor_anomaly)=0.01,persistent_wet_condition_6h,same_risk_state_consistent_with_previous_belief；temporal_trend_supports_dominant_state,图像显示健康，但环境传感器提示较高风险,hold,resample_before_action,中风险 + 高不确定性 → 重新采样后再决策,土壤湿度过高；图像标签显示作物状态健康；环境和视觉存在冲突，降低直接执行可靠性；数据冲突：图像显示健康，但环境传感器提示较高风险；最近 6 小时存在持续湿润或降雨，积水状态概率上升；当前主风险与上一时刻状态信念一致，系统置信度上升；时间趋势支持当前主风险，系统置信度上升,优先让机器人复查该区域并重新采样；检查排水情况并降低灌溉优先级,normal
2026-08-30 06:00,56.5,中,0.66,0.301,0.008,0.008,0.008,0.660,0.008,0.007,35.0,中,waterlogging,63.2,13.4,1.00,0.90,0.72,0.28,环境和视觉存在冲突，降低直接执行可靠性,P(healthy)=0.20；P(drought)=0.01；P(heat)=0.01；P(pest)=0.01；P(waterlogging)=0.74；P(low_light)=0.01；P(sensor_anomaly)=0.01,P(healthy)=0.91；P(drought)=0.02；P(heat)=0.02；P(pest)=0.02；P(waterlogging)=0.02；P(low_light)=0.02；P(sensor_anomaly)=0.01,P(healthy)=0.41；P(drought)=0.01；P(heat)=0.01；P(pest)=0.01；P(waterlogging)=0.54；P(low_light)=0.01；P(sensor_anomaly)=0.01,P(healthy)=0.30；P(drought)=0.01；P(heat)=0.01；P(pest)=0.01；P(waterlogging)=0.66；P(low_light)=0.01；P(sensor_anomaly)=0.01,persistent_wet_condition_6h,same_risk_state_consistent_with_previous_belief；temporal_trend_supports_dominant_state,图像显示健康，但环境传感器提示较高风险,hold,resample_before_action,中风险 + 高不确定性 → 重新采样后再决策,土壤湿度过高；图像标签显示作物状态健康；环境和视觉存在冲突，降低直接执行可靠性；数据冲突：图像显示健康，但环境传感器提示较高风险；最近 6 小时存在持续湿润或降雨，积水状态概率上升；当前主风险与上一时刻状态信念一致，系统置信度上升；时间趋势支持当前主风险，系统置信度上升,优先让机器人复查该区域并重新采样；检查排水情况并降低灌溉优先级,normal
2026-08-30 07:00,57.7,中,0.68,0.284,0.008,0.008,0.008,0.676,0.008,0.007,35.0,中,waterlogging,63.2,14.7,1.00,0.83,0.73,0.27,环境和视觉存在冲突，降低直接执行可靠性,P(healthy)=0.20；P(drought)=0.01；P(heat)=0.01；P(pest)=0.01；P(waterlogging)=0.74；P(low_light)=0.01；P(sensor_anomaly)=0.01,P(healthy)=0.89；P(drought)=0.02；P(heat)=0.02；P(pest)=0.02；P(waterlogging)=0.02；P(low_light)=0.02；P(sensor_anomaly)=0.01,P(healthy)=0.39；P(drought)=0.01；P(heat)=0.01；P(pest)=0.01；P(waterlogging)=0.55；P(low_light)=0.01；P(sensor_anomaly)=0.01,P(healthy)=0.28；P(drought)=0.01；P(heat)=0.01；P(pest)=0.01；P(waterlogging)=0.68；P(low_light)=0.01；P(sensor_anomaly)=0.01,persistent_wet_condition_6h,same_risk_state_consistent_with_previous_belief；temporal_trend_supports_dominant_state,图像显示健康，但环境传感器提示较高风险,hold,resample_before_action,中风险 + 高不确定性 → 重新采样后再决策,土壤湿度过高；图像标签显示作物状态健康；环境和视觉存在冲突，降低直接执行可靠性；数据冲突：图像显示健康，但环境传感器提示较高风险；最近 6 小时存在持续湿润或降雨，积水状态概率上升；当前主风险与上一时刻状态信念一致，系统置信度上升；时间趋势支持当前主风险，系统置信度上升,优先让机器人复查该区域并重新采样；检查排水情况并降低灌溉优先级,normal
2026-08-30 08:00,58.1,中,0.68,0.278,0.008,0.008,0.008,0.682,0.008,0.007,35.0,中,waterlogging,63.2,14.0,1.00,0.87,0.72,0.28,环境和视觉存在冲突，降低直接执行可靠性,P(healthy)=0.20；P(drought)=0.01；P(heat)=0.01；P(pest)=0.01；P(waterlogging)=0.74；P(low_light)=0.01；P(sensor_anomaly)=0.01,P(healthy)=0.90；P(drought)=0.02；P(heat)=0.02；P(pest)=0.02；P(waterlogging)=0.02；P(low_light)=0.02；P(sensor_anomaly)=0.01,P(healthy)=0.40；P(drought)=0.01；P(heat)=0.01；P(pest)=0.01；P(waterlogging)=0.54；P(low_light)=0.01；P(sensor_anomaly)=0.01,P(healthy)=0.28；P(drought)=0.01；P(heat)=0.01；P(pest)=0.01；P(waterlogging)=0.68；P(low_light)=0.01；P(sensor_anomaly)=0.01,persistent_wet_condition_6h,same_risk_state_consistent_with_previous_belief；temporal_trend_supports_dominant_state,图像显示健康，但环境传感器提示较高风险,hold,resample_before_action,中风险 + 高不确定性 → 重新采样后再决策,土壤湿度过高；图像标签显示作物状态健康；环境和视觉存在冲突，降低直接执行可靠性；数据冲突：图像显示健康，但环境传感器提示较高风险；最近 6 小时存在持续湿润或降雨，积水状态概率上升；当前主风险与上一时刻状态信念一致，系统置信度上升；时间趋势支持当前主风险，系统置信度上升,优先让机器人复查该区域并重新采样；检查排水情况并降低灌溉优先级,normal
2026-08-30 09:00,58.6,中,0.69,0.272,0.008,0.008,0.008,0.688,0.008,0.007,35.0,中,waterlogging,63.2,14.7,1.00,0.83,0.73,0.27,环境和视觉存在冲突，降低直接执行可靠性,P(healthy)=0.20；P(drought)=0.01；P(heat)=0.01；P(pest)=0.01；P(waterlogging)=0.74；P(low_light)=0.01；P(sensor_anomaly)=0.01,P(healthy)=0.89；P(drought)=0.02；P(heat)=0.02；P(pest)=0.02；P(waterlogging)=0.02；P(low_light)=0.02；P(sensor_anomaly)=0.01,P(healthy)=0.39；P(drought)=0.01；P(heat)=0.01；P(pest)=0.01；P(waterlogging)=0.55；P(low_light)=0.01；P(sensor_anomaly)=0.01,P(healthy)=0.27；P(drought)=0.01；P(heat)=0.01；P(pest)=0.01；P(waterlogging)=0.69；P(low_light)=0.01；P(sensor_anomaly)=0.01,persistent_wet_condition_6h,same_risk_state_consistent_with_previous_belief；temporal_trend_supports_dominant_state,图像显示健康，但环境传感器提示较高风险,hold,resample_before_action,中风险 + 高不确定性 → 重新采样后再决策,土壤湿度过高；图像标签显示作物状态健康；环境和视觉存在冲突，降低直接执行可靠性；数据冲突：图像显示健康，但环境传感器提示较高风险；最近 6 小时存在持续湿润或降雨，积水状态概率上升；当前主风险与上一时刻状态信念一致，系统置信度上升；时间趋势支持当前主风险，系统置信度上升,优先让机器人复查该区域并重新采样；检查排水情况并降低灌溉优先级,normal
2026-08-30 10:00,59.7,中,0.67,0.258,0.044,0.008,0.008,0.667,0.008,0.007,35.0,中,waterlogging,63.2,14.1,1.00,0.86,0.72,0.28,环境和视觉存在冲突，降低直接执行可靠性,P(healthy)=0.20；P(drought)=0.01；P(heat)=0.01；P(pest)=0.01；P(waterlogging)=0.74；P(low_light)=0.01；P(sensor_anomaly)=0.01,P(healthy)=0.90；P(drought)=0.02；P(heat)=0.02；P(pest)=0.02；P(waterlogging)=0.02；P(low_light)=0.02；P(sensor_anomaly)=0.01,P(healthy)=0.40；P(drought)=0.01；P(heat)=0.01；P(pest)=0.01；P(waterlogging)=0.54；P(low_light)=0.01；P(sensor_anomaly)=0.01,P(healthy)=0.26；P(drought)=0.04；P(heat)=0.01；P(pest)=0.01；P(waterlogging)=0.67；P(low_light)=0.01；P(sensor_anomaly)=0.01,soil_moisture_decreasing_6h；persistent_wet_condition_6h,same_risk_state_consistent_with_previous_belief；temporal_trend_supports_dominant_state,图像显示健康，但环境传感器提示较高风险,hold,resample_before_action,中风险 + 高不确定性 → 重新采样后再决策,土壤湿度过高；图像标签显示作物状态健康；环境和视觉存在冲突，降低直接执行可靠性；数据冲突：图像显示健康，但环境传感器提示较高风险；最近 6 小时土壤湿度持续下降，干旱状态概率上升；最近 6 小时存在持续湿润或降雨，积水状态概率上升；当前主风险与上一时刻状态信念一致，系统置信度上升；时间趋势支持当前主风险，系统置信度上升,优先让机器人复查该区域并重新采样；检查排水情况并降低灌溉优先级,normal
2026-08-30 11:00,60.1,中高,0.65,0.254,0.062,0.008,0.008,0.655,0.008,0.007,35.0,中,waterlogging,63.2,13.4,1.00,0.90,0.72,0.28,环境和视觉存在冲突，降低直接执行可靠性,P(healthy)=0.20；P(drought)=0.01；P(heat)=0.01；P(pest)=0.01；P(waterlogging)=0.74；P(low_light)=0.01；P(sensor_anomaly)=0.01,P(healthy)=0.91；P(drought)=0.02；P(heat)=0.02；P(pest)=0.02；P(waterlogging)=0.02；P(low_light)=0.02；P(sensor_anomaly)=0.01,P(healthy)=0.41；P(drought)=0.01；P(heat)=0.01；P(pest)=0.01；P(waterlogging)=0.54；P(low_light)=0.01；P(sensor_anomaly)=0.01,P(healthy)=0.25；P(drought)=0.06；P(heat)=0.01；P(pest)=0.01；P(waterlogging)=0.65；P(low_light)=0.01；P(sensor_anomaly)=0.01,soil_moisture_decreasing_6h；persistent_wet_condition_6h,same_risk_state_consistent_with_previous_belief；temporal_trend_supports_dominant_state,图像显示健康，但环境传感器提示较高风险,hold,recheck_before_action,高风险 + 高不确定性 → 先复查，不直接执行动作,土壤湿度过高；图像标签显示作物状态健康；环境和视觉存在冲突，降低直接执行可靠性；数据冲突：图像显示健康，但环境传感器提示较高风险；最近 6 小时土壤湿度持续下降，干旱状态概率上升；最近 6 小时存在持续湿润或降雨，积水状态概率上升；当前主风险与上一时刻状态信念一致，系统置信度上升；时间趋势支持当前主风险，系统置信度上升,优先让机器人复查该区域并重新采样；检查排水情况并降低灌溉优先级,normal
2026-08-30 12:00,59.7,中,0.49,0.255,0.072,0.159,0.008,0.490,0.008,0.007,35.0,中,waterlogging,58.9,14.7,1.00,0.83,0.73,0.27,环境和视觉存在冲突，降低直接执行可靠性,P(healthy)=0.24；P(drought)=0.01；P(heat)=0.70；P(pest)=0.01；P(waterlogging)=0.01；P(low_light)=0.01；P(sensor_anomaly)=0.01,P(healthy)=0.89；P(drought)=0.02；P(heat)=0.02；P(pest)=0.02；P(waterlogging)=0.02；P(low_light)=0.02；P(sensor_anomaly)=0.01,P(healthy)=0.42；P(drought)=0.01；P(heat)=0.51；P(pest)=0.01；P(waterlogging)=0.01；P(low_light)=0.01；P(sensor_anomaly)=0.01,P(healthy)=0.26；P(drought)=0.07；P(heat)=0.16；P(pest)=0.01；P(waterlogging)=0.49；P(low_light)=0.01；P(sensor_anomaly)=0.01,soil_moisture_decreasing_6h；persistent_wet_condition_6h,same_risk_state_consistent_with_previous_belief；temporal_trend_supports_dominant_state,图像显示健康，但环境传感器提示较高风险,hold,resample_before_action,中风险 + 高不确定性 → 重新采样后再决策,温度偏高；图像标签显示作物状态健康；环境和视觉存在冲突，降低直接执行可靠性；数据冲突：图像显示健康，但环境传感器提示较高风险；最近 6 小时土壤湿度持续下降，干旱状态概率上升；最近 6 小时存在持续湿润或降雨，积水状态概率上升；当前主风险与上一时刻状态信念一致，系统置信度上升；时间趋势支持当前主风险，系统置信度上升,优先让机器人复查该区域并重新采样；检查排水情况并降低灌溉优先级,normal
2026-08-30 13:00,46.6,中,0.36,0.445,0.082,0.090,0.008,0.361,0.008,0.007,2.0,低,waterlogging,10.5,14.1,1.00,0.86,0.65,0.35,,P(healthy)=0.96；P(drought)=0.01；P(heat)=0.01；P(pest)=0.01；P(waterlogging)=0.01；P(low_light)=0.01；P(sensor_anomaly)=0.01,P(healthy)=0.90；P(drought)=0.02；P(heat)=0.02；P(pest)=0.02；P(waterlogging)=0.02；P(low_light)=0.02；P(sensor_anomaly)=0.01,P(healthy)=0.94；P(drought)=0.01；P(heat)=0.01；P(pest)=0.01；P(waterlogging)=0.01；P(low_light)=0.01；P(sensor_anomaly)=0.01,P(healthy)=0.44；P(drought)=0.08；P(heat)=0.09；P(pest)=0.01；P(waterlogging)=0.36；P(low_light)=0.01；P(sensor_anomaly)=0.01,soil_moisture_decreasing_6h；persistent_wet_condition_6h,temporal_trend_supports_dominant_state,,hold,monitor_more_context,风险或不确定性处于中间状态 → 继续观察并收集更多上下文,环境传感器指标处于正常范围；图像标签显示作物状态健康；最近 6 小时土壤湿度持续下降，干旱状态概率上升；最近 6 小时存在持续湿润或降雨，积水状态概率上升；时间趋势支持当前主风险，系统置信度上升,检查排水情况并降低灌溉优先级,normal
2026-08-30 14:00,37.2,低,0.58,0.581,0.093,0.056,0.008,0.247,0.008,0.007,0.0,低,healthy,10.5,14.3,1.00,0.85,0.66,0.34,,P(healthy)=0.96；P(drought)=0.01；P(heat)=0.01；P(pest)=0.01；P(waterlogging)=0.01；P(low_light)=0.01；P(sensor_anomaly)=0.01,P(healthy)=0.90；P(drought)=0.02；P(heat)=0.02；P(pest)=0.02；P(waterlogging)=0.02；P(low_light)=0.02；P(sensor_anomaly)=0.01,P(healthy)=0.94；P(drought)=0.01；P(heat)=0.01；P(pest)=0.01；P(waterlogging)=0.01；P(low_light)=0.01；P(sensor_anomaly)=0.01,P(healthy)=0.58；P(drought)=0.09；P(heat)=0.06；P(pest)=0.01；P(waterlogging)=0.25；P(low_light)=0.01；P(sensor_anomaly)=0.01,soil_moisture_decreasing_6h；persistent_wet_condition_6h,,,observe,routine_patrol,低风险 + 低不确定性 → 常规巡检,环境传感器指标处于正常范围；图像标签显示作物状态健康；最近 6 小时土壤湿度持续下降，干旱状态概率上升；最近 6 小时存在持续湿润或降雨，积水状态概率上升,继续常规巡检,normal
2026-08-30 15:00,31.5,低,0.66,0.663,0.098,0.036,0.008,0.181,0.008,0.007,0.0,低,healthy,10.5,12.5,1.00,0.96,0.63,0.37,,P(healthy)=0.96；P(drought)=0.01；P(heat)=0.01；P(pest)=0.01；P(waterlogging)=0.01；P(low_light)=0.01；P(sensor_anomaly)=0.01,P(healthy)=0.93；P(drought)=0.01；P(heat)=0.01；P(pest)=0.01；P(waterlogging)=0.01；P(low_light)=0.01；P(sensor_anomaly)=0.01,P(healthy)=0.95；P(drought)=0.01；P(heat)=0.01；P(pest)=0.01；P(waterlogging)=0.01；P(low_light)=0.01；P(sensor_anomaly)=0.01,P(healthy)=0.66；P(drought)=0.10；P(heat)=0.04；P(pest)=0.01；P(waterlogging)=0.18；P(low_light)=0.01；P(sensor_anomaly)=0.01,soil_moisture_decreasing_6h；persistent_wet_condition_6h,,,observe,routine_patrol,低风险 + 低不确定性 → 常规巡检,环境传感器指标处于正常范围；图像标签显示作物状态健康；最近 6 小时土壤湿度持续下降，干旱状态概率上升；最近 6 小时存在持续湿润或降雨，积水状态概率上升,继续常规巡检,normal
2026-08-30 16:00,28.4,低,0.71,0.707,0.102,0.024,0.008,0.143,0.008,0.007,0.0,低,healthy,10.5,14.3,1.00,0.85,0.66,0.34,,P(healthy)=0.96；P(drought)=0.01；P(heat)=0.01；P(pest)=0.01；P(waterlogging)=0.01；P(low_light)=0.01；P(sensor_anomaly)=0.01,P(healthy)=0.90；P(drought)=0.02；P(heat)=0.02；P(pest)=0.02；P(waterlogging)=0.02；P(low_light)=0.02；P(sensor_anomaly)=0.01,P(healthy)=0.94；P(drought)=0.01；P(heat)=0.01；P(pest)=0.01；P(waterlogging)=0.01；P(low_light)=0.01；P(sensor_anomaly)=0.01,P(healthy)=0.71；P(drought)=0.10；P(heat)=0.02；P(pest)=0.01；P(waterlogging)=0.14；P(low_light)=0.01；P(sensor_anomaly)=0.01,soil_moisture_decreasing_6h；persistent_wet_condition_6h,,,observe,routine_patrol,低风险 + 低不确定性 → 常规巡检,环境传感器指标处于正常范围；图像标签显示作物状态健康；最近 6 小时土壤湿度持续下降，干旱状态概率上升；最近 6 小时存在持续湿润或降雨，积水状态概率上升,继续常规巡检,normal
2026-08-30 17:00,26.6,低,0.73,0.733,0.104,0.018,0.008,0.121,0.008,0.007,0.0,低,healthy,10.5,14.3,1.00,0.85,0.66,0.34,,P(healthy)=0.96；P(drought)=0.01；P(heat)=0.01；P(pest)=0.01；P(waterlogging)=0.01；P(low_light)=0.01；P(sensor_anomaly)=0.01,P(healthy)=0.90；P(drought)=0.02；P(heat)=0.02；P(pest)=0.02；P(waterlogging)=0.02；P(low_light)=0.02；P(sensor_anomaly)=0.01,P(healthy)=0.94；P(drought)=0.01；P(heat)=0.01；P(pest)=0.01；P(waterlogging)=0.01；P(low_light)=0.01；P(sensor_anomaly)=0.01,P(healthy)=0.73；P(drought)=0.10；P(heat)=0.02；P(pest)=0.01；P(waterlogging)=0.12；P(low_light)=0.01；P(sensor_anomaly)=0.01,soil_moisture_decreasing_6h；persistent_wet_condition_6h,,,observe,routine_patrol,低风险 + 低不确定性 → 常规巡检,环境传感器指标处于正常范围；图像标签显示作物状态健康；最近 6 小时土壤湿度持续下降，干旱状态概率上升；最近 6 小时存在持续湿润或降雨，积水状态概率上升,继续常规巡检,normal
2026-08-30 18:00,23.4,低,0.78,0.779,0.109,0.014,0.008,0.074,0.008,0.007,0.0,低,healthy,10.5,13.0,1.00,0.93,0.64,0.36,,P(healthy)=0.96；P(drought)=0.01；P(heat)=0.01；P(pest)=0.01；P(waterlogging)=0.01；P(low_light)=0.01；P(sensor_anomaly)=0.01,P(healthy)=0.92；P(drought)=0.01；P(heat)=0.01；P(pest)=0.01；P(waterlogging)=0.01；P(low_light)=0.01；P(sensor_anomaly)=0.01,P(healthy)=0.94；P(drought)=0.01；P(heat)=0.01；P(pest)=0.01；P(waterlogging)=0.01；P(low_light)=0.01；P(sensor_anomaly)=0.01,P(healthy)=0.78；P(drought)=0.11；P(heat)=0.01；P(pest)=0.01；P(waterlogging)=0.07；P(low_light)=0.01；P(sensor_anomaly)=0.01,soil_moisture_decreasing_6h,,,observe,routine_patrol,低风险 + 低不确定性 → 常规巡检,环境传感器指标处于正常范围；图像标签显示作物状态健康；最近 6 小时土壤湿度持续下降，干旱状态概率上升,继续常规巡检,normal
2026-08-30 19:00,21.7,低,0.80,0.803,0.112,0.012,0.009,0.047,0.009,0.007,0.0,低,healthy,10.5,14.5,1.00,0.84,0.66,0.34,,P(healthy)=0.96；P(drought)=0.01；P(heat)=0.01；P(pest)=0.01；P(waterlogging)=0.01；P(low_light)=0.01；P(sensor_anomaly)=0.01,P(healthy)=0.89；P(drought)=0.02；P(heat)=0.02；P(pest)=0.02；P(waterlogging)=0.02；P(low_light)=0.02；P(sensor_anomaly)=0.01,P(healthy)=0.94；P(drought)=0.01；P(heat)=0.01；P(pest)=0.01；P(waterlogging)=0.01；P(low_light)=0.01；P(sensor_anomaly)=0.01,P(healthy)=0.80；P(drought)=0.11；P(heat)=0.01；P(pest)=0.01；P(waterlogging)=0.05；P(low_light)=0.01；P(sensor_anomaly)=0.01,soil_moisture_decreasing_6h,,,observe,routine_patrol,低风险 + 低不确定性 → 常规巡检,环境传感器指标处于正常范围；图像标签显示作物状态健康；最近 6 小时土壤湿度持续下降，干旱状态概率上升,继续常规巡检,normal
2026-08-30 20:00,20.5,低,0.82,0.821,0.114,0.010,0.009,0.031,0.009,0.007,0.0,低,healthy,10.5,12.6,1.00,0.95,0.63,0.37,,P(healthy)=0.96；P(drought)=0.01；P(heat)=0.01；P(pest)=0.01；P(waterlogging)=0.01；P(low_light)=0.01；P(sensor_anomaly)=0.01,P(healthy)=0.92；P(drought)=0.01；P(heat)=0.01；P(pest)=0.01；P(waterlogging)=0.01；P(low_light)=0.01；P(sensor_anomaly)=0.01,P(healthy)=0.95；P(drought)=0.01；P(heat)=0.01；P(pest)=0.01；P(waterlogging)=0.01；P(low_light)=0.01；P(sensor_anomaly)=0.01,P(healthy)=0.82；P(drought)=0.11；P(heat)=0.01；P(pest)=0.01；P(waterlogging)=0.03；P(low_light)=0.01；P(sensor_anomaly)=0.01,soil_moisture_decreasing_6h,,,observe,routine_patrol,低风险 + 低不确定性 → 常规巡检,环境传感器指标处于正常范围；图像标签显示作物状态健康；最近 6 小时土壤湿度持续下降，干旱状态概率上升,继续常规巡检,normal
2026-08-30 21:00,16.9,很低,0.87,0.869,0.070,0.011,0.010,0.022,0.010,0.008,0.0,低,healthy,10.5,14.7,1.00,0.83,0.66,0.34,,P(healthy)=0.96；P(drought)=0.01；P(heat)=0.01；P(pest)=0.01；P(waterlogging)=0.01；P(low_light)=0.01；P(sensor_anomaly)=0.01,P(healthy)=0.89；P(drought)=0.02；P(heat)=0.02；P(pest)=0.02；P(waterlogging)=0.02；P(low_light)=0.02；P(sensor_anomaly)=0.01,P(healthy)=0.94；P(drought)=0.01；P(heat)=0.01；P(pest)=0.01；P(waterlogging)=0.01；P(low_light)=0.01；P(sensor_anomaly)=0.01,P(healthy)=0.87；P(drought)=0.07；P(heat)=0.01；P(pest)=0.01；P(waterlogging)=0.02；P(low_light)=0.01；P(sensor_anomaly)=0.01,,,,observe,routine_patrol,低风险 + 低不确定性 → 常规巡检,环境传感器指标处于正常范围；图像标签显示作物状态健康,继续常规巡检,normal
2026-08-30 22:00,14.6,很低,0.90,0.900,0.045,0.010,0.010,0.017,0.010,0.008,0.0,低,healthy,10.5,13.3,1.00,0.91,0.64,0.36,,P(healthy)=0.96；P(drought)=0.01；P(heat)=0.01；P(pest)=0.01；P(waterlogging)=0.01；P(low_light)=0.01；P(sensor_anomaly)=0.01,P(healthy)=0.91；P(drought)=0.01；P(heat)=0.01；P(pest)=0.01；P(waterlogging)=0.01；P(low_light)=0.01；P(sensor_anomaly)=0.01,P(healthy)=0.94；P(drought)=0.01；P(heat)=0.01；P(pest)=0.01；P(waterlogging)=0.01；P(low_light)=0.01；P(sensor_anomaly)=0.01,P(healthy)=0.90；P(drought)=0.04；P(heat)=0.01；P(pest)=0.01；P(waterlogging)=0.02；P(low_light)=0.01；P(sensor_anomaly)=0.01,,,,observe,routine_patrol,低风险 + 低不确定性 → 常规巡检,环境传感器指标处于正常范围；图像标签显示作物状态健康,继续常规巡检,normal
2026-08-30 23:00,13.4,很低,0.92,0.917,0.030,0.010,0.010,0.014,0.010,0.008,0.0,低,healthy,10.5,13.6,1.00,0.89,0.65,0.35,,P(healthy)=0.96；P(drought)=0.01；P(heat)=0.01；P(pest)=0.01；P(waterlogging)=0.01；P(low_light)=0.01；P(sensor_anomaly)=0.01,P(healthy)=0.91；P(drought)=0.02；P(heat)=0.02；P(pest)=0.02；P(waterlogging)=0.02；P(low_light)=0.02；P(sensor_anomaly)=0.01,P(healthy)=0.94；P(drought)=0.01；P(heat)=0.01；P(pest)=0.01；P(waterlogging)=0.01；P(low_light)=0.01；P(sensor_anomaly)=0.01,P(healthy)=0.92；P(drought)=0.03；P(heat)=0.01；P(pest)=0.01；P(waterlogging)=0.01；P(low_light)=0.01；P(sensor_anomaly)=0.01,,,,observe,routine_patrol,低风险 + 低不确定性 → 常规巡检,环境传感器指标处于正常范围；图像标签显示作物状态健康,继续常规巡检,normal
2026-08-31 00:00,12.7,很低,0.93,0.926,0.022,0.010,0.010,0.013,0.010,0.008,0.0,低,healthy,10.5,14.1,1.00,0.86,0.65,0.35,,P(healthy)=0.96；P(drought)=0.01；P(heat)=0.01；P(pest)=0.01；P(waterlogging)=0.01；P(low_light)=0.01；P(sensor_anomaly)=0.01,P(healthy)=0.90；P(drought)=0.02；P(heat)=0.02；P(pest)=0.02；P(waterlogging)=0.02；P(low_light)=0.02；P(sensor_anomaly)=0.01,P(healthy)=0.94；P(drought)=0.01；P(heat)=0.01；P(pest)=0.01；P(waterlogging)=0.01；P(low_light)=0.01；P(sensor_anomaly)=0.01,P(healthy)=0.93；P(drought)=0.02；P(heat)=0.01；P(pest)=0.01；P(waterlogging)=0.01；P(low_light)=0.01；P(sensor_anomaly)=0.01,,,,observe,routine_patrol,低风险 + 低不确定性 → 常规巡检,环境传感器指标处于正常范围；图像标签显示作物状态健康,继续常规巡检,normal
2026-08-31 01:00,12.3,很低,0.93,0.932,0.017,0.010,0.010,0.012,0.010,0.008,0.0,低,healthy,10.5,14.0,1.00,0.87,0.65,0.35,,P(healthy)=0.96；P(drought)=0.01；P(heat)=0.01；P(pest)=0.01；P(waterlogging)=0.01；P(low_light)=0.01；P(sensor_anomaly)=0.01,P(healthy)=0.90；P(drought)=0.02；P(heat)=0.02；P(pest)=0.02；P(waterlogging)=0.02；P(low_light)=0.02；P(sensor_anomaly)=0.01,P(healthy)=0.94；P(drought)=0.01；P(heat)=0.01；P(pest)=0.01；P(waterlogging)=0.01；P(low_light)=0.01；P(sensor_anomaly)=0.01,P(healthy)=0.93；P(drought)=0.02；P(heat)=0.01；P(pest)=0.01；P(waterlogging)=0.01；P(low_light)=0.01；P(sensor_anomaly)=0.01,,,,observe,routine_patrol,低风险 + 低不确定性 → 常规巡检,环境传感器指标处于正常范围；图像标签显示作物状态健康,继续常规巡检,normal
2026-08-31 02:00,11.9,很低,0.94,0.938,0.014,0.010,0.010,0.011,0.010,0.008,0.0,低,healthy,10.5,12.6,1.00,0.95,0.63,0.37,,P(healthy)=0.96；P(drought)=0.01；P(heat)=0.01；P(pest)=0.01；P(waterlogging)=0.01；P(low_light)=0.01；P(sensor_anomaly)=0.01,P(healthy)=0.92；P(drought)=0.01；P(heat)=0.01；P(pest)=0.01；P(waterlogging)=0.01；P(low_light)=0.01；P(sensor_anomaly)=0.01,P(healthy)=0.95；P(drought)=0.01；P(heat)=0.01；P(pest)=0.01；P(waterlogging)=0.01；P(low_light)=0.01；P(sensor_anomaly)=0.01,P(healthy)=0.94；P(drought)=0.01；P(heat)=0.01；P(pest)=0.01；P(waterlogging)=0.01；P(low_light)=0.01；P(sensor_anomaly)=0.01,,,,observe,routine_patrol,低风险 + 低不确定性 → 常规巡检,环境传感器指标处于正常范围；图像标签显示作物状态健康,继续常规巡检,normal
2026-08-31 03:00,11.6,很低,0.94,0.941,0.012,0.010,0.009,0.010,0.009,0.008,0.0,低,healthy,10.5,12.6,1.00,0.95,0.63,0.37,,P(healthy)=0.96；P(drought)=0.01；P(heat)=0.01；P(pest)=0.01；P(waterlogging)=0.01；P(low_light)=0.01；P(sensor_anomaly)=0.01,P(healthy)=0.92；P(drought)=0.01；P(heat)=0.01；P(pest)=0.01；P(waterlogging)=0.01；P(low_light)=0.01；P(sensor_anomaly)=0.01,P(healthy)=0.95；P(drought)=0.01；P(heat)=0.01；P(pest)=0.01；P(waterlogging)=0.01；P(low_light)=0.01；P(sensor_anomaly)=0.01,P(healthy)=0.94；P(drought)=0.01；P(heat)=0.01；P(pest)=0.01；P(waterlogging)=0.01；P(low_light)=0.01；P(sensor_anomaly)=0.01,,,,observe,routine_patrol,低风险 + 低不确定性 → 常规巡检,环境传感器指标处于正常范围；图像标签显示作物状态健康,继续常规巡检,normal
2026-08-31 04:00,13.1,很低,0.92,0.921,0.019,0.009,0.017,0.017,0.009,0.008,44.0,中,healthy,10.5,57.4,1.00,0.32,0.90,0.10,视觉置信度低，降低视觉模态权重,P(healthy)=0.96；P(drought)=0.01；P(heat)=0.01；P(pest)=0.01；P(waterlogging)=0.01；P(low_light)=0.01；P(sensor_anomaly)=0.01,P(healthy)=0.27；P(drought)=0.22；P(heat)=0.02；P(pest)=0.22；P(waterlogging)=0.22；P(low_light)=0.02；P(sensor_anomaly)=0.02,P(healthy)=0.89；P(drought)=0.03；P(heat)=0.01；P(pest)=0.03；P(waterlogging)=0.03；P(low_light)=0.01；P(sensor_anomaly)=0.01,P(healthy)=0.92；P(drought)=0.02；P(heat)=0.01；P(pest)=0.02；P(waterlogging)=0.02；P(low_light)=0.01；P(sensor_anomaly)=0.01,,,,hold,monitor_more_context,风险或不确定性处于中间状态 → 继续观察并收集更多上下文,环境传感器指标处于正常范围；图像标签未知；视觉置信度不足，不能单独作为强决策依据；视觉置信度低，降低视觉模态权重,优先让机器人复查该区域并重新采样,normal
2026-08-31 05:00,12.4,很低,0.93,0.930,0.015,0.009,0.014,0.014,0.009,0.008,0.0,低,healthy,10.5,13.1,1.00,0.92,0.64,0.36,,P(healthy)=0.96；P(drought)=0.01；P(heat)=0.01；P(pest)=0.01；P(waterlogging)=0.01；P(low_light)=0.01；P(sensor_anomaly)=0.01,P(healthy)=0.92；P(drought)=0.01；P(heat)=0.01；P(pest)=0.01；P(waterlogging)=0.01；P(low_light)=0.01；P(sensor_anomaly)=0.01,P(healthy)=0.94；P(drought)=0.01；P(heat)=0.01；P(pest)=0.01；P(waterlogging)=0.01；P(low_light)=0.01；P(sensor_anomaly)=0.01,P(healthy)=0.93；P(drought)=0.01；P(heat)=0.01；P(pest)=0.01；P(waterlogging)=0.01；P(low_light)=0.01；P(sensor_anomaly)=0.01,,,,observe,routine_patrol,低风险 + 低不确定性 → 常规巡检,环境传感器指标处于正常范围；图像标签显示作物状态健康,继续常规巡检,normal
2026-08-31 06:00,12.0,很低,0.94,0.936,0.013,0.009,0.012,0.012,0.009,0.008,0.0,低,healthy,10.5,13.0,1.00,0.93,0.64,0.36,,P(healthy)=0.96；P(drought)=0.01；P(heat)=0.01；P(pest)=0.01；P(waterlogging)=0.01；P(low_light)=0.01；P(sensor_anomaly)=0.01,P(healthy)=0.92；P(drought)=0.01；P(heat)=0.01；P(pest)=0.01；P(waterlogging)=0.01；P(low_light)=0.01；P(sensor_anomaly)=0.01,P(healthy)=0.94；P(drought)=0.01；P(heat)=0.01；P(pest)=0.01；P(waterlogging)=0.01；P(low_light)=0.01；P(sensor_anomaly)=0.01,P(healthy)=0.94；P(drought)=0.01；P(heat)=0.01；P(pest)=0.01；P(waterlogging)=0.01；P(low_light)=0.01；P(sensor_anomaly)=0.01,,,,observe,routine_patrol,低风险 + 低不确定性 → 常规巡检,环境传感器指标处于正常范围；图像标签显示作物状态健康,继续常规巡检,normal
2026-08-31 07:00,11.8,很低,0.94,0.939,0.011,0.009,0.011,0.011,0.009,0.008,0.0,低,healthy,10.5,13.1,1.00,0.92,0.64,0.36,,P(healthy)=0.96；P(drought)=0.01；P(heat)=0.01；P(pest)=0.01；P(waterlogging)=0.01；P(low_light)=0.01；P(sensor_anomaly)=0.01,P(healthy)=0.92；P(drought)=0.01；P(heat)=0.01；P(pest)=0.01；P(waterlogging)=0.01；P(low_light)=0.01；P(sensor_anomaly)=0.01,P(healthy)=0.94；P(drought)=0.01；P(heat)=0.01；P(pest)=0.01；P(waterlogging)=0.01；P(low_light)=0.01；P(sensor_anomaly)=0.01,P(healthy)=0.94；P(drought)=0.01；P(heat)=0.01；P(pest)=0.01；P(waterlogging)=0.01；P(low_light)=0.01；P(sensor_anomaly)=0.01,,,,observe,routine_patrol,低风险 + 低不确定性 → 常规巡检,环境传感器指标处于正常范围；图像标签显示作物状态健康,继续常规巡检,normal
2026-08-31 08:00,11.6,很低,0.94,0.941,0.011,0.009,0.010,0.010,0.009,0.008,0.0,低,healthy,10.5,13.1,1.00,0.92,0.64,0.36,,P(healthy)=0.96；P(drought)=0.01；P(heat)=0.01；P(pest)=0.01；P(waterlogging)=0.01；P(low_light)=0.01；P(sensor_anomaly)=0.01,P(healthy)=0.92；P(drought)=0.01；P(heat)=0.01；P(pest)=0.01；P(waterlogging)=0.01；P(low_light)=0.01；P(sensor_anomaly)=0.01,P(healthy)=0.94；P(drought)=0.01；P(heat)=0.01；P(pest)=0.01；P(waterlogging)=0.01；P(low_light)=0.01；P(sensor_anomaly)=0.01,P(healthy)=0.94；P(drought)=0.01；P(heat)=0.01；P(pest)=0.01；P(waterlogging)=0.01；P(low_light)=0.01；P(sensor_anomaly)=0.01,,,,observe,routine_patrol,低风险 + 低不确定性 → 常规巡检,环境传感器指标处于正常范围；图像标签显示作物状态健康,继续常规巡检,normal
2026-08-31 09:00,14.7,很低,0.90,0.900,0.055,0.009,0.010,0.010,0.009,0.008,0.0,低,healthy,10.5,12.8,1.00,0.94,0.63,0.37,,P(healthy)=0.96；P(drought)=0.01；P(heat)=0.01；P(pest)=0.01；P(waterlogging)=0.01；P(low_light)=0.01；P(sensor_anomaly)=0.01,P(healthy)=0.92；P(drought)=0.01；P(heat)=0.01；P(pest)=0.01；P(waterlogging)=0.01；P(low_light)=0.01；P(sensor_anomaly)=0.01,P(healthy)=0.95；P(drought)=0.01；P(heat)=0.01；P(pest)=0.01；P(waterlogging)=0.01；P(low_light)=0.01；P(sensor_anomaly)=0.01,P(healthy)=0.90；P(drought)=0.05；P(heat)=0.01；P(pest)=0.01；P(waterlogging)=0.01；P(low_light)=0.01；P(sensor_anomaly)=0.01,soil_moisture_decreasing_6h,,,observe,routine_patrol,低风险 + 低不确定性 → 常规巡检,环境传感器指标处于正常范围；图像标签显示作物状态健康；最近 6 小时土壤湿度持续下降，干旱状态概率上升,继续常规巡检,normal
2026-08-31 10:00,16.5,很低,0.88,0.877,0.080,0.009,0.009,0.009,0.009,0.008,0.0,低,healthy,10.5,12.8,1.00,0.94,0.63,0.37,,P(healthy)=0.96；P(drought)=0.01；P(heat)=0.01；P(pest)=0.01；P(waterlogging)=0.01；P(low_light)=0.01；P(sensor_anomaly)=0.01,P(healthy)=0.92；P(drought)=0.01；P(heat)=0.01；P(pest)=0.01；P(waterlogging)=0.01；P(low_light)=0.01；P(sensor_anomaly)=0.01,P(healthy)=0.95；P(drought)=0.01；P(heat)=0.01；P(pest)=0.01；P(waterlogging)=0.01；P(low_light)=0.01；P(sensor_anomaly)=0.01,P(healthy)=0.88；P(drought)=0.08；P(heat)=0.01；P(pest)=0.01；P(waterlogging)=0.01；P(low_light)=0.01；P(sensor_anomaly)=0.01,soil_moisture_decreasing_6h,,,observe,routine_patrol,低风险 + 低不确定性 → 常规巡检,环境传感器指标处于正常范围；图像标签显示作物状态健康；最近 6 小时土壤湿度持续下降，干旱状态概率上升,继续常规巡检,normal
2026-08-31 11:00,17.5,很低,0.86,0.862,0.095,0.009,0.009,0.009,0.009,0.008,0.0,低,healthy,10.5,13.1,1.00,0.92,0.64,0.36,,P(healthy)=0.96；P(drought)=0.01；P(heat)=0.01；P(pest)=0.01；P(waterlogging)=0.01；P(low_light)=0.01；P(sensor_anomaly)=0.01,P(healthy)=0.92；P(drought)=0.01；P(heat)=0.01；P(pest)=0.01；P(waterlogging)=0.01；P(low_light)=0.01；P(sensor_anomaly)=0.01,P(healthy)=0.94；P(drought)=0.01；P(heat)=0.01；P(pest)=0.01；P(waterlogging)=0.01；P(low_light)=0.01；P(sensor_anomaly)=0.01,P(healthy)=0.86；P(drought)=0.10；P(heat)=0.01；P(pest)=0.01；P(waterlogging)=0.01；P(low_light)=0.01；P(sensor_anomaly)=0.01,soil_moisture_decreasing_6h,,,observe,routine_patrol,低风险 + 低不确定性 → 常规巡检,环境传感器指标处于正常范围；图像标签显示作物状态健康；最近 6 小时土壤湿度持续下降，干旱状态概率上升,继续常规巡检,normal
2026-08-31 12:00,18.2,很低,0.85,0.853,0.104,0.009,0.009,0.009,0.009,0.008,0.0,低,healthy,10.5,13.6,1.00,0.89,0.65,0.35,,P(healthy)=0.96；P(drought)=0.01；P(heat)=0.01；P(pest)=0.01；P(waterlogging)=0.01；P(low_light)=0.01；P(sensor_anomaly)=0.01,P(healthy)=0.91；P(drought)=0.02；P(heat)=0.02；P(pest)=0.02；P(waterlogging)=0.02；P(low_light)=0.02；P(sensor_anomaly)=0.01,P(healthy)=0.94；P(drought)=0.01；P(heat)=0.01；P(pest)=0.01；P(waterlogging)=0.01；P(low_light)=0.01；P(sensor_anomaly)=0.01,P(healthy)=0.85；P(drought)=0.10；P(heat)=0.01；P(pest)=0.01；P(waterlogging)=0.01；P(low_light)=0.01；P(sensor_anomaly)=0.01,soil_moisture_decreasing_6h,,,observe,routine_patrol,低风险 + 低不确定性 → 常规巡检,环境传感器指标处于正常范围；图像标签显示作物状态健康；最近 6 小时土壤湿度持续下降，干旱状态概率上升,继续常规巡检,normal
2026-08-31 13:00,45.0,中,0.15,0.657,0.064,0.145,0.009,0.106,0.009,0.008,47.0,中,heat,65.2,12.8,1.00,0.94,0.71,0.29,环境和视觉存在冲突，降低直接执行可靠性,P(healthy)=0.16；P(drought)=0.01；P(heat)=0.47；P(pest)=0.01；P(waterlogging)=0.34；P(low_light)=0.01；P(sensor_anomaly)=0.01,P(healthy)=0.92；P(drought)=0.01；P(heat)=0.01；P(pest)=0.01；P(waterlogging)=0.01；P(low_light)=0.01；P(sensor_anomaly)=0.01,P(healthy)=0.39；P(drought)=0.01；P(heat)=0.33；P(pest)=0.01；P(waterlogging)=0.24；P(low_light)=0.01；P(sensor_anomaly)=0.01,P(healthy)=0.66；P(drought)=0.06；P(heat)=0.15；P(pest)=0.01；P(waterlogging)=0.11；P(low_light)=0.01；P(sensor_anomaly)=0.01,,,图像显示健康，但环境传感器提示较高风险,hold,resample_before_action,中风险 + 高不确定性 → 重新采样后再决策,温度偏高；图像标签显示作物状态健康；环境和视觉存在冲突，降低直接执行可靠性；数据冲突：图像显示健康，但环境传感器提示较高风险,优先让机器人复查该区域并重新采样；增加高温巡检频率并检查遮阴或降温条件,normal
2026-08-31 14:00,24.7,低,0.75,0.754,0.050,0.088,0.018,0.074,0.009,0.008,44.0,中,healthy,10.5,57.4,1.00,0.34,0.90,0.10,视觉置信度低，降低视觉模态权重,P(healthy)=0.96；P(drought)=0.01；P(heat)=0.01；P(pest)=0.01；P(waterlogging)=0.01；P(low_light)=0.01；P(sensor_anomaly)=0.01,P(healthy)=0.27；P(drought)=0.22；P(heat)=0.02；P(pest)=0.22；P(waterlogging)=0.22；P(low_light)=0.02；P(sensor_anomaly)=0.02,P(healthy)=0.89；P(drought)=0.03；P(heat)=0.01；P(pest)=0.03；P(waterlogging)=0.03；P(low_light)=0.01；P(sensor_anomaly)=0.01,P(healthy)=0.75；P(drought)=0.05；P(heat)=0.09；P(pest)=0.02；P(waterlogging)=0.07；P(low_light)=0.01；P(sensor_anomaly)=0.01,,,,hold,monitor_more_context,风险或不确定性处于中间状态 → 继续观察并收集更多上下文,环境传感器指标处于正常范围；图像标签未知；视觉置信度不足，不能单独作为强决策依据；视觉置信度低，降低视觉模态权重,优先让机器人复查该区域并重新采样,normal
2026-08-31 15:00,45.0,中,0.27,0.604,0.034,0.056,0.015,0.272,0.010,0.009,47.0,中,waterlogging,63.7,13.6,1.00,0.89,0.72,0.28,环境和视觉存在冲突，降低直接执行可靠性,P(healthy)=0.20；P(drought)=0.01；P(heat)=0.01；P(pest)=0.01；P(waterlogging)=0.75；P(low_light)=0.01；P(sensor_anomaly)=0.01,P(healthy)=0.91；P(drought)=0.02；P(heat)=0.02；P(pest)=0.02；P(waterlogging)=0.02；P(low_light)=0.02；P(sensor_anomaly)=0.01,P(healthy)=0.40；P(drought)=0.01；P(heat)=0.01；P(pest)=0.01；P(waterlogging)=0.55；P(low_light)=0.01；P(sensor_anomaly)=0.01,P(healthy)=0.60；P(drought)=0.03；P(heat)=0.06；P(pest)=0.02；P(waterlogging)=0.27；P(low_light)=0.01；P(sensor_anomaly)=0.01,,,图像显示健康，但环境传感器提示较高风险,hold,resample_before_action,中风险 + 高不确定性 → 重新采样后再决策,降雨量较高且土壤湿度偏高；图像标签显示作物状态健康；环境和视觉存在冲突，降低直接执行可靠性；数据冲突：图像显示健康，但环境传感器提示较高风险,优先让机器人复查该区域并重新采样；检查排水情况并降低灌溉优先级,normal
2026-08-31 16:00,51.5,中,0.52,0.353,0.025,0.033,0.015,0.519,0.048,0.007,0.0,低,waterlogging,66.9,74.7,1.00,0.88,0.65,0.35,,P(healthy)=0.08；P(drought)=0.00；P(heat)=0.00；P(pest)=0.00；P(waterlogging)=0.73；P(low_light)=0.17；P(sensor_anomaly)=0.00,P(healthy)=0.04；P(drought)=0.05；P(heat)=0.01；P(pest)=0.05；P(waterlogging)=0.84；P(low_light)=0.01；P(sensor_anomaly)=0.01,P(healthy)=0.06；P(drought)=0.02；P(heat)=0.01；P(pest)=0.02；P(waterlogging)=0.77；P(low_light)=0.12；P(sensor_anomaly)=0.01,P(healthy)=0.35；P(drought)=0.03；P(heat)=0.03；P(pest)=0.02；P(waterlogging)=0.52；P(low_light)=0.05；P(sensor_anomaly)=0.01,persistent_wet_condition_6h,temporal_trend_supports_dominant_state,,hold,monitor_more_context,风险或不确定性处于中间状态 → 继续观察并收集更多上下文,降雨量较高且土壤湿度偏高；图像标签疑似积水；最近 6 小时存在持续湿润或降雨，积水状态概率上升；时间趋势支持当前主风险，系统置信度上升,检查排水情况并降低灌溉优先级,normal
2026-08-31 17:00,54.7,中,0.60,0.318,0.017,0.020,0.011,0.598,0.028,0.007,35.0,中,waterlogging,63.2,13.0,1.00,0.93,0.71,0.29,环境和视觉存在冲突，降低直接执行可靠性,P(healthy)=0.20；P(drought)=0.01；P(heat)=0.01；P(pest)=0.01；P(waterlogging)=0.74；P(low_light)=0.01；P(sensor_anomaly)=0.01,P(healthy)=0.92；P(drought)=0.01；P(heat)=0.01；P(pest)=0.01；P(waterlogging)=0.01；P(low_light)=0.01；P(sensor_anomaly)=0.01,P(healthy)=0.41；P(drought)=0.01；P(heat)=0.01；P(pest)=0.01；P(waterlogging)=0.53；P(low_light)=0.01；P(sensor_anomaly)=0.01,P(healthy)=0.32；P(drought)=0.02；P(heat)=0.02；P(pest)=0.01；P(waterlogging)=0.60；P(low_light)=0.03；P(sensor_anomaly)=0.01,persistent_wet_condition_6h,same_risk_state_consistent_with_previous_belief；temporal_trend_supports_dominant_state,图像显示健康，但环境传感器提示较高风险,hold,resample_before_action,中风险 + 高不确定性 → 重新采样后再决策,土壤湿度过高；图像标签显示作物状态健康；环境和视觉存在冲突，降低直接执行可靠性；数据冲突：图像显示健康，但环境传感器提示较高风险；最近 6 小时存在持续湿润或降雨，积水状态概率上升；当前主风险与上一时刻状态信念一致，系统置信度上升；时间趋势支持当前主风险，系统置信度上升,优先让机器人复查该区域并重新采样；检查排水情况并降低灌溉优先级,normal
2026-08-31 18:00,56.1,中,0.64,0.302,0.012,0.014,0.009,0.637,0.018,0.007,35.0,中,waterlogging,63.2,12.5,1.00,0.96,0.70,0.30,环境和视觉存在冲突，降低直接执行可靠性,P(healthy)=0.20；P(drought)=0.01；P(heat)=0.01；P(pest)=0.01；P(waterlogging)=0.74；P(low_light)=0.01；P(sensor_anomaly)=0.01,P(healthy)=0.93；P(drought)=0.01；P(heat)=0.01；P(pest)=0.01；P(waterlogging)=0.01；P(low_light)=0.01；P(sensor_anomaly)=0.01,P(healthy)=0.42；P(drought)=0.01；P(heat)=0.01；P(pest)=0.01；P(waterlogging)=0.53；P(low_light)=0.01；P(sensor_anomaly)=0.01,P(healthy)=0.30；P(drought)=0.01；P(heat)=0.01；P(pest)=0.01；P(waterlogging)=0.64；P(low_light)=0.02；P(sensor_anomaly)=0.01,persistent_wet_condition_6h,same_risk_state_consistent_with_previous_belief；temporal_trend_supports_dominant_state,图像显示健康，但环境传感器提示较高风险,hold,resample_before_action,中风险 + 高不确定性 → 重新采样后再决策,土壤湿度过高；图像标签显示作物状态健康；环境和视觉存在冲突，降低直接执行可靠性；数据冲突：图像显示健康，但环境传感器提示较高风险；最近 6 小时存在持续湿润或降雨，积水状态概率上升；当前主风险与上一时刻状态信念一致，系统置信度上升；时间趋势支持当前主风险，系统置信度上升,优先让机器人复查该区域并重新采样；检查排水情况并降低灌溉优先级,normal
2026-08-31 19:00,57.1,中,0.66,0.290,0.010,0.011,0.009,0.660,0.013,0.007,35.0,中,waterlogging,63.2,13.3,1.00,0.91,0.71,0.29,环境和视觉存在冲突，降低直接执行可靠性,P(healthy)=0.20；P(drought)=0.01；P(heat)=0.01；P(pest)=0.01；P(waterlogging)=0.74；P(low_light)=0.01；P(sensor_anomaly)=0.01,P(healthy)=0.91；P(drought)=0.01；P(heat)=0.01；P(pest)=0.01；P(waterlogging)=0.01；P(low_light)=0.01；P(sensor_anomaly)=0.01,P(healthy)=0.41；P(drought)=0.01；P(heat)=0.01；P(pest)=0.01；P(waterlogging)=0.54；P(low_light)=0.01；P(sensor_anomaly)=0.01,P(healthy)=0.29；P(drought)=0.01；P(heat)=0.01；P(pest)=0.01；P(waterlogging)=0.66；P(low_light)=0.01；P(sensor_anomaly)=0.01,persistent_wet_condition_6h,same_risk_state_consistent_with_previous_belief；temporal_trend_supports_dominant_state,图像显示健康，但环境传感器提示较高风险,hold,resample_before_action,中风险 + 高不确定性 → 重新采样后再决策,土壤湿度过高；图像标签显示作物状态健康；环境和视觉存在冲突，降低直接执行可靠性；数据冲突：图像显示健康，但环境传感器提示较高风险；最近 6 小时存在持续湿润或降雨，积水状态概率上升；当前主风险与上一时刻状态信念一致，系统置信度上升；时间趋势支持当前主风险，系统置信度上升,优先让机器人复查该区域并重新采样；检查排水情况并降低灌溉优先级,normal
2026-08-31 20:00,57.5,中,0.67,0.285,0.009,0.009,0.008,0.671,0.010,0.007,35.0,中,waterlogging,63.2,13.1,1.00,0.92,0.71,0.29,环境和视觉存在冲突，降低直接执行可靠性,P(healthy)=0.20；P(drought)=0.01；P(heat)=0.01；P(pest)=0.01；P(waterlogging)=0.74；P(low_light)=0.01；P(sensor_anomaly)=0.01,P(healthy)=0.92；P(drought)=0.01；P(heat)=0.01；P(pest)=0.01；P(waterlogging)=0.01；P(low_light)=0.01；P(sensor_anomaly)=0.01,P(healthy)=0.41；P(drought)=0.01；P(heat)=0.01；P(pest)=0.01；P(waterlogging)=0.53；P(low_light)=0.01；P(sensor_anomaly)=0.01,P(healthy)=0.29；P(drought)=0.01；P(heat)=0.01；P(pest)=0.01；P(waterlogging)=0.67；P(low_light)=0.01；P(sensor_anomaly)=0.01,persistent_wet_condition_6h,same_risk_state_consistent_with_previous_belief；temporal_trend_supports_dominant_state,图像显示健康，但环境传感器提示较高风险,hold,resample_before_action,中风险 + 高不确定性 → 重新采样后再决策,土壤湿度过高；图像标签显示作物状态健康；环境和视觉存在冲突，降低直接执行可靠性；数据冲突：图像显示健康，但环境传感器提示较高风险；最近 6 小时存在持续湿润或降雨，积水状态概率上升；当前主风险与上一时刻状态信念一致，系统置信度上升；时间趋势支持当前主风险，系统置信度上升,优先让机器人复查该区域并重新采样；检查排水情况并降低灌溉优先级,normal
2026-08-31 21:00,57.7,中,0.68,0.283,0.008,0.009,0.008,0.676,0.009,0.007,35.0,中,waterlogging,63.2,13.0,1.00,0.93,0.71,0.29,环境和视觉存在冲突，降低直接执行可靠性,P(healthy)=0.20；P(drought)=0.01；P(heat)=0.01；P(pest)=0.01；P(waterlogging)=0.74；P(low_light)=0.01；P(sensor_anomaly)=0.01,P(healthy)=0.92；P(drought)=0.01；P(heat)=0.01；P(pest)=0.01；P(waterlogging)=0.01；P(low_light)=0.01；P(sensor_anomaly)=0.01,P(healthy)=0.41；P(drought)=0.01；P(heat)=0.01；P(pest)=0.01；P(waterlogging)=0.53；P(low_light)=0.01；P(sensor_anomaly)=0.01,P(healthy)=0.28；P(drought)=0.01；P(heat)=0.01；P(pest)=0.01；P(waterlogging)=0.68；P(low_light)=0.01；P(sensor_anomaly)=0.01,persistent_wet_condition_6h,same_risk_state_consistent_with_previous_belief；temporal_trend_supports_dominant_state,图像显示健康，但环境传感器提示较高风险,hold,resample_before_action,中风险 + 高不确定性 → 重新采样后再决策,土壤湿度过高；图像标签显示作物状态健康；环境和视觉存在冲突，降低直接执行可靠性；数据冲突：图像显示健康，但环境传感器提示较高风险；最近 6 小时存在持续湿润或降雨，积水状态概率上升；当前主风险与上一时刻状态信念一致，系统置信度上升；时间趋势支持当前主风险，系统置信度上升,优先让机器人复查该区域并重新采样；检查排水情况并降低灌溉优先级,normal
2026-08-31 22:00,65.6,中高,0.79,0.172,0.011,0.007,0.010,0.788,0.007,0.006,0.0,低,waterlogging,71.2,73.2,1.00,0.79,0.67,0.33,,P(healthy)=0.09；P(drought)=0.00；P(heat)=0.00；P(pest)=0.00；P(waterlogging)=0.88；P(low_light)=0.00；P(sensor_anomaly)=0.00,P(healthy)=0.06；P(drought)=0.05；P(heat)=0.01；P(pest)=0.05；P(waterlogging)=0.81；P(low_light)=0.01；P(sensor_anomaly)=0.01,P(healthy)=0.08；P(drought)=0.02；P(heat)=0.01；P(pest)=0.02；P(waterlogging)=0.86；P(low_light)=0.01；P(sensor_anomaly)=0.01,P(healthy)=0.17；P(drought)=0.01；P(heat)=0.01；P(pest)=0.01；P(waterlogging)=0.79；P(low_light)=0.01；P(sensor_anomaly)=0.01,persistent_wet_condition_6h,same_risk_state_consistent_with_previous_belief；temporal_trend_supports_dominant_state,,execute,execute_recommended_action,高风险 + 低不确定性 → 允许执行建议动作,降雨量较高且土壤湿度偏高；图像标签疑似积水；最近 6 小时存在持续湿润或降雨，积水状态概率上升；当前主风险与上一时刻状态信念一致，系统置信度上升；时间趋势支持当前主风险，系统置信度上升,检查排水情况并降低灌溉优先级,normal
2026-08-31 23:00,61.7,中高,0.73,0.227,0.009,0.007,0.009,0.734,0.007,0.007,35.0,中,waterlogging,63.2,12.6,1.00,0.95,0.70,0.30,环境和视觉存在冲突，降低直接执行可靠性,P(healthy)=0.20；P(drought)=0.01；P(heat)=0.01；P(pest)=0.01；P(waterlogging)=0.74；P(low_light)=0.01；P(sensor_anomaly)=0.01,P(healthy)=0.92；P(drought)=0.01；P(heat)=0.01；P(pest)=0.01；P(waterlogging)=0.01；P(low_light)=0.01；P(sensor_anomaly)=0.01,P(healthy)=0.42；P(drought)=0.01；P(heat)=0.01；P(pest)=0.01；P(waterlogging)=0.53；P(low_light)=0.01；P(sensor_anomaly)=0.01,P(healthy)=0.23；P(drought)=0.01；P(heat)=0.01；P(pest)=0.01；P(waterlogging)=0.73；P(low_light)=0.01；P(sensor_anomaly)=0.01,persistent_wet_condition_6h,same_risk_state_consistent_with_previous_belief；temporal_trend_supports_dominant_state,图像显示健康，但环境传感器提示较高风险,hold,recheck_before_action,高风险 + 高不确定性 → 先复查，不直接执行动作,土壤湿度过高；图像标签显示作物状态健康；环境和视觉存在冲突，降低直接执行可靠性；数据冲突：图像显示健康，但环境传感器提示较高风险；最近 6 小时存在持续湿润或降雨，积水状态概率上升；当前主风险与上一时刻状态信念一致，系统置信度上升；时间趋势支持当前主风险，系统置信度上升,优先让机器人复查该区域并重新采样；检查排水情况并降低灌溉优先级,normal
2026-09-01 00:00,59.7,中,0.71,0.255,0.008,0.007,0.008,0.707,0.007,0.007,35.0,中,waterlogging,63.2,12.6,1.00,0.95,0.70,0.30,环境和视觉存在冲突，降低直接执行可靠性,P(healthy)=0.20；P(drought)=0.01；P(heat)=0.01；P(pest)=0.01；P(waterlogging)=0.74；P(low_light)=0.01；P(sensor_anomaly)=0.01,P(healthy)=0.92；P(drought)=0.01；P(heat)=0.01；P(pest)=0.01；P(waterlogging)=0.01；P(low_light)=0.01；P(sensor_anomaly)=0.01,P(healthy)=0.42；P(drought)=0.01；P(heat)=0.01；P(pest)=0.01；P(waterlogging)=0.53；P(low_light)=0.01；P(sensor_anomaly)=0.01,P(healthy)=0.26；P(drought)=0.01；P(heat)=0.01；P(pest)=0.01；P(waterlogging)=0.71；P(low_light)=0.01；P(sensor_anomaly)=0.01,persistent_wet_condition_6h,same_risk_state_consistent_with_previous_belief；temporal_trend_supports_dominant_state,图像显示健康，但环境传感器提示较高风险,hold,resample_before_action,中风险 + 高不确定性 → 重新采样后再决策,土壤湿度过高；图像标签显示作物状态健康；环境和视觉存在冲突，降低直接执行可靠性；数据冲突：图像显示健康，但环境传感器提示较高风险；最近 6 小时存在持续湿润或降雨，积水状态概率上升；当前主风险与上一时刻状态信念一致，系统置信度上升；时间趋势支持当前主风险，系统置信度上升,优先让机器人复查该区域并重新采样；检查排水情况并降低灌溉优先级,normal
2026-09-01 01:00,59.0,中,0.70,0.265,0.008,0.008,0.008,0.696,0.008,0.007,35.0,中,waterlogging,63.2,13.6,1.00,0.89,0.72,0.28,环境和视觉存在冲突，降低直接执行可靠性,P(healthy)=0.20；P(drought)=0.01；P(heat)=0.01；P(pest)=0.01；P(waterlogging)=0.74；P(low_light)=0.01；P(sensor_anomaly)=0.01,P(healthy)=0.91；P(drought)=0.02；P(heat)=0.02；P(pest)=0.02；P(waterlogging)=0.02；P(low_light)=0.02；P(sensor_anomaly)=0.01,P(healthy)=0.40；P(drought)=0.01；P(heat)=0.01；P(pest)=0.01；P(waterlogging)=0.54；P(low_light)=0.01；P(sensor_anomaly)=0.01,P(healthy)=0.26；P(drought)=0.01；P(heat)=0.01；P(pest)=0.01；P(waterlogging)=0.70；P(low_light)=0.01；P(sensor_anomaly)=0.01,persistent_wet_condition_6h,same_risk_state_consistent_with_previous_belief；temporal_trend_supports_dominant_state,图像显示健康，但环境传感器提示较高风险,hold,resample_before_action,中风险 + 高不确定性 → 重新采样后再决策,土壤湿度过高；图像标签显示作物状态健康；环境和视觉存在冲突，降低直接执行可靠性；数据冲突：图像显示健康，但环境传感器提示较高风险；最近 6 小时存在持续湿润或降雨，积水状态概率上升；当前主风险与上一时刻状态信念一致，系统置信度上升；时间趋势支持当前主风险，系统置信度上升,优先让机器人复查该区域并重新采样；检查排水情况并降低灌溉优先级,normal
2026-09-01 02:00,58.5,中,0.69,0.273,0.008,0.008,0.008,0.689,0.008,0.007,35.0,中,waterlogging,63.2,13.0,1.00,0.93,0.71,0.29,环境和视觉存在冲突，降低直接执行可靠性,P(healthy)=0.20；P(drought)=0.01；P(heat)=0.01；P(pest)=0.01；P(waterlogging)=0.74；P(low_light)=0.01；P(sensor_anomaly)=0.01,P(healthy)=0.92；P(drought)=0.01；P(heat)=0.01；P(pest)=0.01；P(waterlogging)=0.01；P(low_light)=0.01；P(sensor_anomaly)=0.01,P(healthy)=0.41；P(drought)=0.01；P(heat)=0.01；P(pest)=0.01；P(waterlogging)=0.53；P(low_light)=0.01；P(sensor_anomaly)=0.01,P(healthy)=0.27；P(drought)=0.01；P(heat)=0.01；P(pest)=0.01；P(waterlogging)=0.69；P(low_light)=0.01；P(sensor_anomaly)=0.01,persistent_wet_condition_6h,same_risk_state_consistent_with_previous_belief；temporal_trend_supports_dominant_state,图像显示健康，但环境传感器提示较高风险,hold,resample_before_action,中风险 + 高不确定性 → 重新采样后再决策,土壤湿度过高；图像标签显示作物状态健康；环境和视觉存在冲突，降低直接执行可靠性；数据冲突：图像显示健康，但环境传感器提示较高风险；最近 6 小时存在持续湿润或降雨，积水状态概率上升；当前主风险与上一时刻状态信念一致，系统置信度上升；时间趋势支持当前主风险，系统置信度上升,优先让机器人复查该区域并重新采样；检查排水情况并降低灌溉优先级,normal
2026-09-01 03:00,58.6,中,0.69,0.272,0.008,0.008,0.008,0.689,0.008,0.007,35.0,中,waterlogging,63.2,14.1,1.00,0.86,0.72,0.28,环境和视觉存在冲突，降低直接执行可靠性,P(healthy)=0.20；P(drought)=0.01；P(heat)=0.01；P(pest)=0.01；P(waterlogging)=0.74；P(low_light)=0.01；P(sensor_anomaly)=0.01,P(healthy)=0.90；P(drought)=0.02；P(heat)=0.02；P(pest)=0.02；P(waterlogging)=0.02；P(low_light)=0.02；P(sensor_anomaly)=0.01,P(healthy)=0.40；P(drought)=0.01；P(heat)=0.01；P(pest)=0.01；P(waterlogging)=0.54；P(low_light)=0.01；P(sensor_anomaly)=0.01,P(healthy)=0.27；P(drought)=0.01；P(heat)=0.01；P(pest)=0.01；P(waterlogging)=0.69；P(low_light)=0.01；P(sensor_anomaly)=0.01,persistent_wet_condition_6h,same_risk_state_consistent_with_previous_belief；temporal_trend_supports_dominant_state,图像显示健康，但环境传感器提示较高风险,hold,resample_before_action,中风险 + 高不确定性 → 重新采样后再决策,土壤湿度过高；图像标签显示作物状态健康；环境和视觉存在冲突，降低直接执行可靠性；数据冲突：图像显示健康，但环境传感器提示较高风险；最近 6 小时存在持续湿润或降雨，积水状态概率上升；当前主风险与上一时刻状态信念一致，系统置信度上升；时间趋势支持当前主风险，系统置信度上升,优先让机器人复查该区域并重新采样；检查排水情况并降低灌溉优先级,normal
2026-09-01 04:00,58.6,中,0.69,0.272,0.008,0.008,0.008,0.689,0.008,0.007,35.0,中,waterlogging,63.2,14.0,1.00,0.87,0.72,0.28,环境和视觉存在冲突，降低直接执行可靠性,P(healthy)=0.20；P(drought)=0.01；P(heat)=0.01；P(pest)=0.01；P(waterlogging)=0.74；P(low_light)=0.01；P(sensor_anomaly)=0.01,P(healthy)=0.90；P(drought)=0.02；P(heat)=0.02；P(pest)=0.02；P(waterlogging)=0.02；P(low_light)=0.02；P(sensor_anomaly)=0.01,P(healthy)=0.40；P(drought)=0.01；P(heat)=0.01；P(pest)=0.01；P(waterlogging)=0.54；P(low_light)=0.01；P(sensor_anomaly)=0.01,P(healthy)=0.27；P(drought)=0.01；P(heat)=0.01；P(pest)=0.01；P(waterlogging)=0.69；P(low_light)=0.01；P(sensor_anomaly)=0.01,persistent_wet_condition_6h,same_risk_state_consistent_with_previous_belief；temporal_trend_supports_dominant_state,图像显示健康，但环境传感器提示较高风险,hold,resample_before_action,中风险 + 高不确定性 → 重新采样后再决策,土壤湿度过高；图像标签显示作物状态健康；环境和视觉存在冲突，降低直接执行可靠性；数据冲突：图像显示健康，但环境传感器提示较高风险；最近 6 小时存在持续湿润或降雨，积水状态概率上升；当前主风险与上一时刻状态信念一致，系统置信度上升；时间趋势支持当前主风险，系统置信度上升,优先让机器人复查该区域并重新采样；检查排水情况并降低灌溉优先级,normal
2026-09-01 05:00,58.1,中,0.68,0.278,0.008,0.008,0.008,0.684,0.008,0.007,35.0,中,waterlogging,63.2,12.6,1.00,0.95,0.70,0.30,环境和视觉存在冲突，降低直接执行可靠性,P(healthy)=0.20；P(drought)=0.01；P(heat)=0.01；P(pest)=0.01；P(waterlogging)=0.74；P(low_light)=0.01；P(sensor_anomaly)=0.01,P(healthy)=0.92；P(drought)=0.01；P(heat)=0.01；P(pest)=0.01；P(waterlogging)=0.01；P(low_light)=0.01；P(sensor_anomaly)=0.01,P(healthy)=0.42；P(drought)=0.01；P(heat)=0.01；P(pest)=0.01；P(waterlogging)=0.53；P(low_light)=0.01；P(sensor_anomaly)=0.01,P(healthy)=0.28；P(drought)=0.01；P(heat)=0.01；P(pest)=0.01；P(waterlogging)=0.68；P(low_light)=0.01；P(sensor_anomaly)=0.01,persistent_wet_condition_6h,same_risk_state_consistent_with_previous_belief；temporal_trend_supports_dominant_state,图像显示健康，但环境传感器提示较高风险,hold,resample_before_action,中风险 + 高不确定性 → 重新采样后再决策,土壤湿度过高；图像标签显示作物状态健康；环境和视觉存在冲突，降低直接执行可靠性；数据冲突：图像显示健康，但环境传感器提示较高风险；最近 6 小时存在持续湿润或降雨，积水状态概率上升；当前主风险与上一时刻状态信念一致，系统置信度上升；时间趋势支持当前主风险，系统置信度上升,优先让机器人复查该区域并重新采样；检查排水情况并降低灌溉优先级,normal
2026-09-01 06:00,58.0,中,0.68,0.280,0.008,0.008,0.008,0.682,0.008,0.007,35.0,中,waterlogging,63.2,13.0,1.00,0.93,0.71,0.29,环境和视觉存在冲突，降低直接执行可靠性,P(healthy)=0.20；P(drought)=0.01；P(heat)=0.01；P(pest)=0.01；P(waterlogging)=0.74；P(low_light)=0.01；P(sensor_anomaly)=0.01,P(healthy)=0.92；P(drought)=0.01；P(heat)=0.01；P(pest)=0.01；P(waterlogging)=0.01；P(low_light)=0.01；P(sensor_anomaly)=0.01,P(healthy)=0.41；P(drought)=0.01；P(heat)=0.01；P(pest)=0.01；P(waterlogging)=0.53；P(low_light)=0.01；P(sensor_anomaly)=0.01,P(healthy)=0.28；P(drought)=0.01；P(heat)=0.01；P(pest)=0.01；P(waterlogging)=0.68；P(low_light)=0.01；P(sensor_anomaly)=0.01,persistent_wet_condition_6h,same_risk_state_consistent_with_previous_belief；temporal_trend_supports_dominant_state,图像显示健康，但环境传感器提示较高风险,hold,resample_before_action,中风险 + 高不确定性 → 重新采样后再决策,土壤湿度过高；图像标签显示作物状态健康；环境和视觉存在冲突，降低直接执行可靠性；数据冲突：图像显示健康，但环境传感器提示较高风险；最近 6 小时存在持续湿润或降雨，积水状态概率上升；当前主风险与上一时刻状态信念一致，系统置信度上升；时间趋势支持当前主风险，系统置信度上升,优先让机器人复查该区域并重新采样；检查排水情况并降低灌溉优先级,normal
2026-09-01 07:00,58.1,中,0.68,0.279,0.008,0.008,0.008,0.683,0.008,0.007,35.0,中,waterlogging,63.2,13.3,1.00,0.91,0.71,0.29,环境和视觉存在冲突，降低直接执行可靠性,P(healthy)=0.20；P(drought)=0.01；P(heat)=0.01；P(pest)=0.01；P(waterlogging)=0.74；P(low_light)=0.01；P(sensor_anomaly)=0.01,P(healthy)=0.91；P(drought)=0.01；P(heat)=0.01；P(pest)=0.01；P(waterlogging)=0.01；P(low_light)=0.01；P(sensor_anomaly)=0.01,P(healthy)=0.41；P(drought)=0.01；P(heat)=0.01；P(pest)=0.01；P(waterlogging)=0.54；P(low_light)=0.01；P(sensor_anomaly)=0.01,P(healthy)=0.28；P(drought)=0.01；P(heat)=0.01；P(pest)=0.01；P(waterlogging)=0.68；P(low_light)=0.01；P(sensor_anomaly)=0.01,persistent_wet_condition_6h,same_risk_state_consistent_with_previous_belief；temporal_trend_supports_dominant_state,图像显示健康，但环境传感器提示较高风险,hold,resample_before_action,中风险 + 高不确定性 → 重新采样后再决策,土壤湿度过高；图像标签显示作物状态健康；环境和视觉存在冲突，降低直接执行可靠性；数据冲突：图像显示健康，但环境传感器提示较高风险；最近 6 小时存在持续湿润或降雨，积水状态概率上升；当前主风险与上一时刻状态信念一致，系统置信度上升；时间趋势支持当前主风险，系统置信度上升,优先让机器人复查该区域并重新采样；检查排水情况并降低灌溉优先级,normal
2026-09-01 08:00,58.2,中,0.68,0.277,0.008,0.008,0.008,0.684,0.008,0.007,35.0,中,waterlogging,63.2,13.6,1.00,0.89,0.72,0.28,环境和视觉存在冲突，降低直接执行可靠性,P(healthy)=0.20；P(drought)=0.01；P(heat)=0.01；P(pest)=0.01；P(waterlogging)=0.74；P(low_light)=0.01；P(sensor_anomaly)=0.01,P(healthy)=0.91；P(drought)=0.02；P(heat)=0.02；P(pest)=0.02；P(waterlogging)=0.02；P(low_light)=0.02；P(sensor_anomaly)=0.01,P(healthy)=0.40；P(drought)=0.01；P(heat)=0.01；P(pest)=0.01；P(waterlogging)=0.54；P(low_light)=0.01；P(sensor_anomaly)=0.01,P(healthy)=0.28；P(drought)=0.01；P(heat)=0.01；P(pest)=0.01；P(waterlogging)=0.68；P(low_light)=0.01；P(sensor_anomaly)=0.01,persistent_wet_condition_6h,same_risk_state_consistent_with_previous_belief；temporal_trend_supports_dominant_state,图像显示健康，但环境传感器提示较高风险,hold,resample_before_action,中风险 + 高不确定性 → 重新采样后再决策,土壤湿度过高；图像标签显示作物状态健康；环境和视觉存在冲突，降低直接执行可靠性；数据冲突：图像显示健康，但环境传感器提示较高风险；最近 6 小时存在持续湿润或降雨，积水状态概率上升；当前主风险与上一时刻状态信念一致，系统置信度上升；时间趋势支持当前主风险，系统置信度上升,优先让机器人复查该区域并重新采样；检查排水情况并降低灌溉优先级,normal
2026-09-01 09:00,63.8,中高,0.68,0.194,0.046,0.007,0.062,0.675,0.007,0.007,0.0,低,waterlogging,63.2,66.5,1.00,0.67,0.76,0.24,视觉置信度中等，轻微降低视觉模态权重,P(healthy)=0.20；P(drought)=0.01；P(heat)=0.01；P(pest)=0.01；P(waterlogging)=0.74；P(low_light)=0.01；P(sensor_anomaly)=0.01,P(healthy)=0.09；P(drought)=0.05；P(heat)=0.01；P(pest)=0.76；P(waterlogging)=0.05；P(low_light)=0.01；P(sensor_anomaly)=0.01,P(healthy)=0.18；P(drought)=0.02；P(heat)=0.01；P(pest)=0.19；P(waterlogging)=0.58；P(low_light)=0.01；P(sensor_anomaly)=0.01,P(healthy)=0.19；P(drought)=0.05；P(heat)=0.01；P(pest)=0.06；P(waterlogging)=0.68；P(low_light)=0.01；P(sensor_anomaly)=0.01,soil_moisture_decreasing_6h；persistent_wet_condition_6h,same_risk_state_consistent_with_previous_belief；temporal_trend_supports_dominant_state,,execute,execute_recommended_action,高风险 + 低不确定性 → 允许执行建议动作,土壤湿度过高；图像标签疑似病虫害；视觉置信度中等，轻微降低视觉模态权重；最近 6 小时土壤湿度持续下降，干旱状态概率上升；最近 6 小时存在持续湿润或降雨，积水状态概率上升；当前主风险与上一时刻状态信念一致，系统置信度上升；时间趋势支持当前主风险，系统置信度上升,检查排水情况并降低灌溉优先级,normal
2026-09-01 10:00,66.1,中高,0.50,0.155,0.067,0.147,0.113,0.504,0.007,0.007,0.0,低,waterlogging,58.9,68.5,1.00,0.78,0.68,0.32,,P(healthy)=0.24；P(drought)=0.01；P(heat)=0.70；P(pest)=0.01；P(waterlogging)=0.01；P(low_light)=0.01；P(sensor_anomaly)=0.01,P(healthy)=0.06；P(drought)=0.05；P(heat)=0.01；P(pest)=0.80；P(waterlogging)=0.05；P(low_light)=0.01；P(sensor_anomaly)=0.01,P(healthy)=0.18；P(drought)=0.02；P(heat)=0.47；P(pest)=0.27；P(waterlogging)=0.02；P(low_light)=0.01；P(sensor_anomaly)=0.01,P(healthy)=0.15；P(drought)=0.07；P(heat)=0.15；P(pest)=0.11；P(waterlogging)=0.50；P(low_light)=0.01；P(sensor_anomaly)=0.01,soil_moisture_decreasing_6h；persistent_wet_condition_6h,same_risk_state_consistent_with_previous_belief；temporal_trend_supports_dominant_state,,execute,execute_recommended_action,高风险 + 低不确定性 → 允许执行建议动作,温度偏高；图像标签疑似病虫害；最近 6 小时土壤湿度持续下降，干旱状态概率上升；最近 6 小时存在持续湿润或降雨，积水状态概率上升；当前主风险与上一时刻状态信念一致，系统置信度上升；时间趋势支持当前主风险，系统置信度上升,检查排水情况并降低灌溉优先级,normal
2026-09-01 11:00,53.9,中,0.37,0.331,0.082,0.083,0.121,0.371,0.007,0.007,2.0,低,waterlogging,10.5,65.9,1.00,0.64,0.77,0.23,视觉置信度中等，轻微降低视觉模态权重,P(healthy)=0.96；P(drought)=0.01；P(heat)=0.01；P(pest)=0.01；P(waterlogging)=0.01；P(low_light)=0.01；P(sensor_anomaly)=0.01,P(healthy)=0.10；P(drought)=0.05；P(heat)=0.01；P(pest)=0.75；P(waterlogging)=0.05；P(low_light)=0.01；P(sensor_anomaly)=0.01,P(healthy)=0.76；P(drought)=0.02；P(heat)=0.01；P(pest)=0.18；P(waterlogging)=0.02；P(low_light)=0.01；P(sensor_anomaly)=0.01,P(healthy)=0.33；P(drought)=0.08；P(heat)=0.08；P(pest)=0.12；P(waterlogging)=0.37；P(low_light)=0.01；P(sensor_anomaly)=0.01,soil_moisture_decreasing_6h；persistent_wet_condition_6h,temporal_trend_supports_dominant_state,,hold,monitor_more_context,风险或不确定性处于中间状态 → 继续观察并收集更多上下文,环境传感器指标处于正常范围；图像标签疑似病虫害；视觉置信度中等，轻微降低视觉模态权重；最近 6 小时土壤湿度持续下降，干旱状态概率上升；最近 6 小时存在持续湿润或降雨，积水状态概率上升；时间趋势支持当前主风险，系统置信度上升,检查排水情况并降低灌溉优先级,normal
2026-09-01 12:00,47.4,中,0.30,0.425,0.089,0.048,0.127,0.298,0.006,0.006,2.0,低,waterlogging,10.5,66.3,1.00,0.66,0.76,0.24,视觉置信度中等，轻微降低视觉模态权重,P(healthy)=0.96；P(drought)=0.01；P(heat)=0.01；P(pest)=0.01；P(waterlogging)=0.01；P(low_light)=0.01；P(sensor_anomaly)=0.01,P(healthy)=0.10；P(drought)=0.05；P(heat)=0.01；P(pest)=0.76；P(waterlogging)=0.05；P(low_light)=0.01；P(sensor_anomaly)=0.01,P(healthy)=0.75；P(drought)=0.02；P(heat)=0.01；P(pest)=0.19；P(waterlogging)=0.02；P(low_light)=0.01；P(sensor_anomaly)=0.01,P(healthy)=0.43；P(drought)=0.09；P(heat)=0.05；P(pest)=0.13；P(waterlogging)=0.30；P(low_light)=0.01；P(sensor_anomaly)=0.01,soil_moisture_decreasing_6h；persistent_wet_condition_6h,temporal_trend_supports_dominant_state,,hold,monitor_more_context,风险或不确定性处于中间状态 → 继续观察并收集更多上下文,环境传感器指标处于正常范围；图像标签疑似病虫害；视觉置信度中等，轻微降低视觉模态权重；最近 6 小时土壤湿度持续下降，干旱状态概率上升；最近 6 小时存在持续湿润或降雨，积水状态概率上升；时间趋势支持当前主风险，系统置信度上升,检查排水情况并降低灌溉优先级,normal
2026-09-01 13:00,50.8,中,0.26,0.377,0.092,0.187,0.073,0.256,0.008,0.007,47.0,中,waterlogging,58.9,12.6,1.00,0.95,0.70,0.30,环境和视觉存在冲突，降低直接执行可靠性,P(healthy)=0.24；P(drought)=0.01；P(heat)=0.70；P(pest)=0.01；P(waterlogging)=0.01；P(low_light)=0.01；P(sensor_anomaly)=0.01,P(healthy)=0.92；P(drought)=0.01；P(heat)=0.01；P(pest)=0.01；P(waterlogging)=0.01；P(low_light)=0.01；P(sensor_anomaly)=0.01,P(healthy)=0.45；P(drought)=0.01；P(heat)=0.49；P(pest)=0.01；P(waterlogging)=0.01；P(low_light)=0.01；P(sensor_anomaly)=0.01,P(healthy)=0.38；P(drought)=0.09；P(heat)=0.19；P(pest)=0.07；P(waterlogging)=0.26；P(low_light)=0.01；P(sensor_anomaly)=0.01,soil_moisture_decreasing_6h；persistent_wet_condition_6h,temporal_trend_supports_dominant_state,图像显示健康，但环境传感器提示较高风险,hold,resample_before_action,中风险 + 高不确定性 → 重新采样后再决策,温度偏高；图像标签显示作物状态健康；环境和视觉存在冲突，降低直接执行可靠性；数据冲突：图像显示健康，但环境传感器提示较高风险；最近 6 小时土壤湿度持续下降，干旱状态概率上升；最近 6 小时存在持续湿润或降雨，积水状态概率上升；时间趋势支持当前主风险，系统置信度上升,优先让机器人复查该区域并重新采样；检查排水情况并降低灌溉优先级,normal
2026-09-01 14:00,54.3,中,0.45,0.330,0.053,0.105,0.043,0.455,0.007,0.007,35.0,中,waterlogging,69.6,13.4,1.00,0.90,0.72,0.28,环境和视觉存在冲突，降低直接执行可靠性,P(healthy)=0.11；P(drought)=0.01；P(heat)=0.01；P(pest)=0.01；P(waterlogging)=0.86；P(low_light)=0.01；P(sensor_anomaly)=0.01,P(healthy)=0.91；P(drought)=0.02；P(heat)=0.02；P(pest)=0.02；P(waterlogging)=0.02；P(low_light)=0.02；P(sensor_anomaly)=0.01,P(healthy)=0.34；P(drought)=0.01；P(heat)=0.01；P(pest)=0.01；P(waterlogging)=0.62；P(low_light)=0.01；P(sensor_anomaly)=0.01,P(healthy)=0.33；P(drought)=0.05；P(heat)=0.11；P(pest)=0.04；P(waterlogging)=0.45；P(low_light)=0.01；P(sensor_anomaly)=0.01,persistent_wet_condition_6h,temporal_trend_supports_dominant_state,图像显示健康，但环境传感器提示较高风险,hold,resample_before_action,中风险 + 高不确定性 → 重新采样后再决策,降雨量较高且土壤湿度偏高；图像标签显示作物状态健康；环境和视觉存在冲突，降低直接执行可靠性；数据冲突：图像显示健康，但环境传感器提示较高风险；最近 6 小时存在持续湿润或降雨，积水状态概率上升；时间趋势支持当前主风险，系统置信度上升,优先让机器人复查该区域并重新采样；检查排水情况并降低灌溉优先级,normal
2026-09-01 15:00,58.0,中,0.60,0.280,0.030,0.056,0.025,0.596,0.007,0.006,35.0,中,waterlogging,69.6,14.0,1.00,0.87,0.72,0.28,环境和视觉存在冲突，降低直接执行可靠性,P(healthy)=0.11；P(drought)=0.01；P(heat)=0.01；P(pest)=0.01；P(waterlogging)=0.86；P(low_light)=0.01；P(sensor_anomaly)=0.01,P(healthy)=0.90；P(drought)=0.02；P(heat)=0.02；P(pest)=0.02；P(waterlogging)=0.02；P(low_light)=0.02；P(sensor_anomaly)=0.01,P(healthy)=0.33；P(drought)=0.01；P(heat)=0.01；P(pest)=0.01；P(waterlogging)=0.62；P(low_light)=0.01；P(sensor_anomaly)=0.01,P(healthy)=0.28；P(drought)=0.03；P(heat)=0.06；P(pest)=0.02；P(waterlogging)=0.60；P(low_light)=0.01；P(sensor_anomaly)=0.01,persistent_wet_condition_6h,same_risk_state_consistent_with_previous_belief；temporal_trend_supports_dominant_state,图像显示健康，但环境传感器提示较高风险,hold,resample_before_action,中风险 + 高不确定性 → 重新采样后再决策,降雨量较高且土壤湿度偏高；图像标签显示作物状态健康；环境和视觉存在冲突，降低直接执行可靠性；数据冲突：图像显示健康，但环境传感器提示较高风险；最近 6 小时存在持续湿润或降雨，积水状态概率上升；当前主风险与上一时刻状态信念一致，系统置信度上升；时间趋势支持当前主风险，系统置信度上升,优先让机器人复查该区域并重新采样；检查排水情况并降低灌溉优先级,normal
2026-09-01 16:00,59.4,中,0.66,0.261,0.018,0.031,0.015,0.663,0.006,0.005,35.0,中,waterlogging,69.6,12.6,1.00,0.95,0.70,0.30,环境和视觉存在冲突，降低直接执行可靠性,P(healthy)=0.11；P(drought)=0.01；P(heat)=0.01；P(pest)=0.01；P(waterlogging)=0.86；P(low_light)=0.01；P(sensor_anomaly)=0.01,P(healthy)=0.92；P(drought)=0.01；P(heat)=0.01；P(pest)=0.01；P(waterlogging)=0.01；P(low_light)=0.01；P(sensor_anomaly)=0.01,P(healthy)=0.35；P(drought)=0.01；P(heat)=0.01；P(pest)=0.01；P(waterlogging)=0.61；P(low_light)=0.01；P(sensor_anomaly)=0.01,P(healthy)=0.26；P(drought)=0.02；P(heat)=0.03；P(pest)=0.02；P(waterlogging)=0.66；P(low_light)=0.01；P(sensor_anomaly)=0.01,persistent_wet_condition_6h,same_risk_state_consistent_with_previous_belief；temporal_trend_supports_dominant_state,图像显示健康，但环境传感器提示较高风险,hold,resample_before_action,中风险 + 高不确定性 → 重新采样后再决策,降雨量较高且土壤湿度偏高；图像标签显示作物状态健康；环境和视觉存在冲突，降低直接执行可靠性；数据冲突：图像显示健康，但环境传感器提示较高风险；最近 6 小时存在持续湿润或降雨，积水状态概率上升；当前主风险与上一时刻状态信念一致，系统置信度上升；时间趋势支持当前主风险，系统置信度上升,优先让机器人复查该区域并重新采样；检查排水情况并降低灌溉优先级,normal
2026-09-01 17:00,59.1,中,0.68,0.265,0.013,0.020,0.012,0.677,0.007,0.006,35.0,中,waterlogging,63.2,14.3,1.00,0.85,0.73,0.27,环境和视觉存在冲突，降低直接执行可靠性,P(healthy)=0.20；P(drought)=0.01；P(heat)=0.01；P(pest)=0.01；P(waterlogging)=0.74；P(low_light)=0.01；P(sensor_anomaly)=0.01,P(healthy)=0.90；P(drought)=0.02；P(heat)=0.02；P(pest)=0.02；P(waterlogging)=0.02；P(low_light)=0.02；P(sensor_anomaly)=0.01,P(healthy)=0.39；P(drought)=0.01；P(heat)=0.01；P(pest)=0.01；P(waterlogging)=0.55；P(low_light)=0.01；P(sensor_anomaly)=0.01,P(healthy)=0.26；P(drought)=0.01；P(heat)=0.02；P(pest)=0.01；P(waterlogging)=0.68；P(low_light)=0.01；P(sensor_anomaly)=0.01,persistent_wet_condition_6h,same_risk_state_consistent_with_previous_belief；temporal_trend_supports_dominant_state,图像显示健康，但环境传感器提示较高风险,hold,resample_before_action,中风险 + 高不确定性 → 重新采样后再决策,土壤湿度过高；图像标签显示作物状态健康；环境和视觉存在冲突，降低直接执行可靠性；数据冲突：图像显示健康，但环境传感器提示较高风险；最近 6 小时存在持续湿润或降雨，积水状态概率上升；当前主风险与上一时刻状态信念一致，系统置信度上升；时间趋势支持当前主风险，系统置信度上升,优先让机器人复查该区域并重新采样；检查排水情况并降低灌溉优先级,normal
2026-09-01 18:00,59.0,中,0.68,0.266,0.011,0.014,0.010,0.684,0.008,0.007,35.0,中,waterlogging,63.2,14.5,1.00,0.84,0.73,0.27,环境和视觉存在冲突，降低直接执行可靠性,P(healthy)=0.20；P(drought)=0.01；P(heat)=0.01；P(pest)=0.01；P(waterlogging)=0.74；P(low_light)=0.01；P(sensor_anomaly)=0.01,P(healthy)=0.89；P(drought)=0.02；P(heat)=0.02；P(pest)=0.02；P(waterlogging)=0.02；P(low_light)=0.02；P(sensor_anomaly)=0.01,P(healthy)=0.39；P(drought)=0.01；P(heat)=0.01；P(pest)=0.01；P(waterlogging)=0.55；P(low_light)=0.01；P(sensor_anomaly)=0.01,P(healthy)=0.27；P(drought)=0.01；P(heat)=0.01；P(pest)=0.01；P(waterlogging)=0.68；P(low_light)=0.01；P(sensor_anomaly)=0.01,persistent_wet_condition_6h,same_risk_state_consistent_with_previous_belief；temporal_trend_supports_dominant_state,图像显示健康，但环境传感器提示较高风险,hold,resample_before_action,中风险 + 高不确定性 → 重新采样后再决策,土壤湿度过高；图像标签显示作物状态健康；环境和视觉存在冲突，降低直接执行可靠性；数据冲突：图像显示健康，但环境传感器提示较高风险；最近 6 小时存在持续湿润或降雨，积水状态概率上升；当前主风险与上一时刻状态信念一致，系统置信度上升；时间趋势支持当前主风险，系统置信度上升,优先让机器人复查该区域并重新采样；检查排水情况并降低灌溉优先级,normal
2026-09-01 19:00,58.9,中,0.69,0.267,0.010,0.011,0.009,0.687,0.008,0.007,35.0,中,waterlogging,63.2,14.3,1.00,0.85,0.73,0.27,环境和视觉存在冲突，降低直接执行可靠性,P(healthy)=0.20；P(drought)=0.01；P(heat)=0.01；P(pest)=0.01；P(waterlogging)=0.74；P(low_light)=0.01；P(sensor_anomaly)=0.01,P(healthy)=0.90；P(drought)=0.02；P(heat)=0.02；P(pest)=0.02；P(waterlogging)=0.02；P(low_light)=0.02；P(sensor_anomaly)=0.01,P(healthy)=0.39；P(drought)=0.01；P(heat)=0.01；P(pest)=0.01；P(waterlogging)=0.55；P(low_light)=0.01；P(sensor_anomaly)=0.01,P(healthy)=0.27；P(drought)=0.01；P(heat)=0.01；P(pest)=0.01；P(waterlogging)=0.69；P(low_light)=0.01；P(sensor_anomaly)=0.01,persistent_wet_condition_6h,same_risk_state_consistent_with_previous_belief；temporal_trend_supports_dominant_state,图像显示健康，但环境传感器提示较高风险,hold,resample_before_action,中风险 + 高不确定性 → 重新采样后再决策,土壤湿度过高；图像标签显示作物状态健康；环境和视觉存在冲突，降低直接执行可靠性；数据冲突：图像显示健康，但环境传感器提示较高风险；最近 6 小时存在持续湿润或降雨，积水状态概率上升；当前主风险与上一时刻状态信念一致，系统置信度上升；时间趋势支持当前主风险，系统置信度上升,优先让机器人复查该区域并重新采样；检查排水情况并降低灌溉优先级,normal
2026-09-01 20:00,58.7,中,0.69,0.270,0.009,0.010,0.009,0.687,0.008,0.007,35.0,中,waterlogging,63.2,13.8,1.00,0.88,0.72,0.28,环境和视觉存在冲突，降低直接执行可靠性,P(healthy)=0.20；P(drought)=0.01；P(heat)=0.01；P(pest)=0.01；P(waterlogging)=0.74；P(low_light)=0.01；P(sensor_anomaly)=0.01,P(healthy)=0.91；P(drought)=0.02；P(heat)=0.02；P(pest)=0.02；P(waterlogging)=0.02；P(low_light)=0.02；P(sensor_anomaly)=0.01,P(healthy)=0.40；P(drought)=0.01；P(heat)=0.01；P(pest)=0.01；P(waterlogging)=0.54；P(low_light)=0.01；P(sensor_anomaly)=0.01,P(healthy)=0.27；P(drought)=0.01；P(heat)=0.01；P(pest)=0.01；P(waterlogging)=0.69；P(low_light)=0.01；P(sensor_anomaly)=0.01,persistent_wet_condition_6h,same_risk_state_consistent_with_previous_belief；temporal_trend_supports_dominant_state,图像显示健康，但环境传感器提示较高风险,hold,resample_before_action,中风险 + 高不确定性 → 重新采样后再决策,土壤湿度过高；图像标签显示作物状态健康；环境和视觉存在冲突，降低直接执行可靠性；数据冲突：图像显示健康，但环境传感器提示较高风险；最近 6 小时存在持续湿润或降雨，积水状态概率上升；当前主风险与上一时刻状态信念一致，系统置信度上升；时间趋势支持当前主风险，系统置信度上升,优先让机器人复查该区域并重新采样；检查排水情况并降低灌溉优先级,normal
2026-09-01 21:00,59.7,中,0.67,0.258,0.044,0.009,0.008,0.666,0.008,0.007,35.0,中,waterlogging,63.2,14.0,1.00,0.87,0.72,0.28,环境和视觉存在冲突，降低直接执行可靠性,P(healthy)=0.20；P(drought)=0.01；P(heat)=0.01；P(pest)=0.01；P(waterlogging)=0.74；P(low_light)=0.01；P(sensor_anomaly)=0.01,P(healthy)=0.90；P(drought)=0.02；P(heat)=0.02；P(pest)=0.02；P(waterlogging)=0.02；P(low_light)=0.02；P(sensor_anomaly)=0.01,P(healthy)=0.40；P(drought)=0.01；P(heat)=0.01；P(pest)=0.01；P(waterlogging)=0.54；P(low_light)=0.01；P(sensor_anomaly)=0.01,P(healthy)=0.26；P(drought)=0.04；P(heat)=0.01；P(pest)=0.01；P(waterlogging)=0.67；P(low_light)=0.01；P(sensor_anomaly)=0.01,soil_moisture_decreasing_6h；persistent_wet_condition_6h,same_risk_state_consistent_with_previous_belief；temporal_trend_supports_dominant_state,图像显示健康，但环境传感器提示较高风险,hold,resample_before_action,中风险 + 高不确定性 → 重新采样后再决策,土壤湿度过高；图像标签显示作物状态健康；环境和视觉存在冲突，降低直接执行可靠性；数据冲突：图像显示健康，但环境传感器提示较高风险；最近 6 小时土壤湿度持续下降，干旱状态概率上升；最近 6 小时存在持续湿润或降雨，积水状态概率上升；当前主风险与上一时刻状态信念一致，系统置信度上升；时间趋势支持当前主风险，系统置信度上升,优先让机器人复查该区域并重新采样；检查排水情况并降低灌溉优先级,normal
2026-09-01 22:00,59.3,中,0.68,0.262,0.027,0.009,0.008,0.679,0.008,0.007,35.0,中,waterlogging,63.2,14.5,1.00,0.84,0.73,0.27,环境和视觉存在冲突，降低直接执行可靠性,P(healthy)=0.20；P(drought)=0.01；P(heat)=0.01；P(pest)=0.01；P(waterlogging)=0.74；P(low_light)=0.01；P(sensor_anomaly)=0.01,P(healthy)=0.89；P(drought)=0.02；P(heat)=0.02；P(pest)=0.02；P(waterlogging)=0.02；P(low_light)=0.02；P(sensor_anomaly)=0.01,P(healthy)=0.39；P(drought)=0.01；P(heat)=0.01；P(pest)=0.01；P(waterlogging)=0.55；P(low_light)=0.01；P(sensor_anomaly)=0.01,P(healthy)=0.26；P(drought)=0.03；P(heat)=0.01；P(pest)=0.01；P(waterlogging)=0.68；P(low_light)=0.01；P(sensor_anomaly)=0.01,persistent_wet_condition_6h,same_risk_state_consistent_with_previous_belief；temporal_trend_supports_dominant_state,图像显示健康，但环境传感器提示较高风险,hold,resample_before_action,中风险 + 高不确定性 → 重新采样后再决策,土壤湿度过高；图像标签显示作物状态健康；环境和视觉存在冲突，降低直接执行可靠性；数据冲突：图像显示健康，但环境传感器提示较高风险；最近 6 小时存在持续湿润或降雨，积水状态概率上升；当前主风险与上一时刻状态信念一致，系统置信度上升；时间趋势支持当前主风险，系统置信度上升,优先让机器人复查该区域并重新采样；检查排水情况并降低灌溉优先级,normal
2026-09-01 23:00,58.6,中,0.68,0.272,0.017,0.008,0.008,0.680,0.008,0.007,35.0,中,waterlogging,63.2,13.0,1.00,0.93,0.71,0.29,环境和视觉存在冲突，降低直接执行可靠性,P(healthy)=0.20；P(drought)=0.01；P(heat)=0.01；P(pest)=0.01；P(waterlogging)=0.74；P(low_light)=0.01；P(sensor_anomaly)=0.01,P(healthy)=0.92；P(drought)=0.01；P(heat)=0.01；P(pest)=0.01；P(waterlogging)=0.01；P(low_light)=0.01；P(sensor_anomaly)=0.01,P(healthy)=0.41；P(drought)=0.01；P(heat)=0.01；P(pest)=0.01；P(waterlogging)=0.53；P(low_light)=0.01；P(sensor_anomaly)=0.01,P(healthy)=0.27；P(drought)=0.02；P(heat)=0.01；P(pest)=0.01；P(waterlogging)=0.68；P(low_light)=0.01；P(sensor_anomaly)=0.01,persistent_wet_condition_6h,same_risk_state_consistent_with_previous_belief；temporal_trend_supports_dominant_state,图像显示健康，但环境传感器提示较高风险,hold,resample_before_action,中风险 + 高不确定性 → 重新采样后再决策,土壤湿度过高；图像标签显示作物状态健康；环境和视觉存在冲突，降低直接执行可靠性；数据冲突：图像显示健康，但环境传感器提示较高风险；最近 6 小时存在持续湿润或降雨，积水状态概率上升；当前主风险与上一时刻状态信念一致，系统置信度上升；时间趋势支持当前主风险，系统置信度上升,优先让机器人复查该区域并重新采样；检查排水情况并降低灌溉优先级,normal
2026-09-02 00:00,58.6,中,0.68,0.272,0.013,0.008,0.008,0.684,0.008,0.007,35.0,中,waterlogging,63.2,14.0,1.00,0.87,0.72,0.28,环境和视觉存在冲突，降低直接执行可靠性,P(healthy)=0.20；P(drought)=0.01；P(heat)=0.01；P(pest)=0.01；P(waterlogging)=0.74；P(low_light)=0.01；P(sensor_anomaly)=0.01,P(healthy)=0.90；P(drought)=0.02；P(heat)=0.02；P(pest)=0.02；P(waterlogging)=0.02；P(low_light)=0.02；P(sensor_anomaly)=0.01,P(healthy)=0.40；P(drought)=0.01；P(heat)=0.01；P(pest)=0.01；P(waterlogging)=0.54；P(low_light)=0.01；P(sensor_anomaly)=0.01,P(healthy)=0.27；P(drought)=0.01；P(heat)=0.01；P(pest)=0.01；P(waterlogging)=0.68；P(low_light)=0.01；P(sensor_anomaly)=0.01,persistent_wet_condition_6h,same_risk_state_consistent_with_previous_belief；temporal_trend_supports_dominant_state,图像显示健康，但环境传感器提示较高风险,hold,resample_before_action,中风险 + 高不确定性 → 重新采样后再决策,土壤湿度过高；图像标签显示作物状态健康；环境和视觉存在冲突，降低直接执行可靠性；数据冲突：图像显示健康，但环境传感器提示较高风险；最近 6 小时存在持续湿润或降雨，积水状态概率上升；当前主风险与上一时刻状态信念一致，系统置信度上升；时间趋势支持当前主风险，系统置信度上升,优先让机器人复查该区域并重新采样；检查排水情况并降低灌溉优先级,normal
2026-09-02 01:00,58.1,中,0.68,0.278,0.010,0.008,0.008,0.681,0.008,0.007,35.0,中,waterlogging,63.2,12.6,1.00,0.95,0.70,0.30,环境和视觉存在冲突，降低直接执行可靠性,P(healthy)=0.20；P(drought)=0.01；P(heat)=0.01；P(pest)=0.01；P(waterlogging)=0.74；P(low_light)=0.01；P(sensor_anomaly)=0.01,P(healthy)=0.92；P(drought)=0.01；P(heat)=0.01；P(pest)=0.01；P(waterlogging)=0.01；P(low_light)=0.01；P(sensor_anomaly)=0.01,P(healthy)=0.42；P(drought)=0.01；P(heat)=0.01；P(pest)=0.01；P(waterlogging)=0.53；P(low_light)=0.01；P(sensor_anomaly)=0.01,P(healthy)=0.28；P(drought)=0.01；P(heat)=0.01；P(pest)=0.01；P(waterlogging)=0.68；P(low_light)=0.01；P(sensor_anomaly)=0.01,persistent_wet_condition_6h,same_risk_state_consistent_with_previous_belief；temporal_trend_supports_dominant_state,图像显示健康，但环境传感器提示较高风险,hold,resample_before_action,中风险 + 高不确定性 → 重新采样后再决策,土壤湿度过高；图像标签显示作物状态健康；环境和视觉存在冲突，降低直接执行可靠性；数据冲突：图像显示健康，但环境传感器提示较高风险；最近 6 小时存在持续湿润或降雨，积水状态概率上升；当前主风险与上一时刻状态信念一致，系统置信度上升；时间趋势支持当前主风险，系统置信度上升,优先让机器人复查该区域并重新采样；检查排水情况并降低灌溉优先级,normal
2026-09-02 02:00,62.7,中高,0.74,0.212,0.015,0.008,0.014,0.736,0.008,0.007,44.0,中,waterlogging,63.2,57.4,1.00,0.31,0.91,0.09,视觉置信度低，降低视觉模态权重,P(healthy)=0.20；P(drought)=0.01；P(heat)=0.01；P(pest)=0.01；P(waterlogging)=0.74；P(low_light)=0.01；P(sensor_anomaly)=0.01,P(healthy)=0.27；P(drought)=0.22；P(heat)=0.02；P(pest)=0.22；P(waterlogging)=0.22；P(low_light)=0.02；P(sensor_anomaly)=0.02,P(healthy)=0.21；P(drought)=0.03；P(heat)=0.01；P(pest)=0.03；P(waterlogging)=0.70；P(low_light)=0.01；P(sensor_anomaly)=0.01,P(healthy)=0.21；P(drought)=0.02；P(heat)=0.01；P(pest)=0.01；P(waterlogging)=0.74；P(low_light)=0.01；P(sensor_anomaly)=0.01,persistent_wet_condition_6h,same_risk_state_consistent_with_previous_belief；temporal_trend_supports_dominant_state,,hold,recheck_before_action,高风险 + 高不确定性 → 先复查，不直接执行动作,土壤湿度过高；图像标签未知；视觉置信度不足，不能单独作为强决策依据；视觉置信度低，降低视觉模态权重；最近 6 小时存在持续湿润或降雨，积水状态概率上升；当前主风险与上一时刻状态信念一致，系统置信度上升；时间趋势支持当前主风险，系统置信度上升,优先让机器人复查该区域并重新采样；检查排水情况并降低灌溉优先级,normal
2026-09-02 03:00,65.0,中高,0.76,0.179,0.021,0.008,0.020,0.756,0.008,0.008,44.0,中,waterlogging,63.2,57.4,1.00,0.47,0.86,0.14,视觉置信度低，降低视觉模态权重,P(healthy)=0.20；P(drought)=0.01；P(heat)=0.01；P(pest)=0.01；P(waterlogging)=0.74；P(low_light)=0.01；P(sensor_anomaly)=0.01,P(healthy)=0.27；P(drought)=0.22；P(heat)=0.02；P(pest)=0.22；P(waterlogging)=0.22；P(low_light)=0.02；P(sensor_anomaly)=0.02,P(healthy)=0.21；P(drought)=0.04；P(heat)=0.01；P(pest)=0.04；P(waterlogging)=0.67；P(low_light)=0.01；P(sensor_anomaly)=0.01,P(healthy)=0.18；P(drought)=0.02；P(heat)=0.01；P(pest)=0.02；P(waterlogging)=0.76；P(low_light)=0.01；P(sensor_anomaly)=0.01,persistent_wet_condition_6h,same_risk_state_consistent_with_previous_belief；temporal_trend_supports_dominant_state,,hold,recheck_before_action,高风险 + 高不确定性 → 先复查，不直接执行动作,土壤湿度过高；图像标签未知；视觉置信度不足，不能单独作为强决策依据；视觉置信度低，降低视觉模态权重；最近 6 小时存在持续湿润或降雨，积水状态概率上升；当前主风险与上一时刻状态信念一致，系统置信度上升；时间趋势支持当前主风险，系统置信度上升,优先让机器人复查该区域并重新采样；检查排水情况并降低灌溉优先级,normal
2026-09-02 04:00,66.2,中高,0.77,0.162,0.021,0.008,0.020,0.774,0.008,0.008,44.0,中,waterlogging,63.2,57.4,1.00,0.30,0.91,0.09,视觉置信度低，降低视觉模态权重,P(healthy)=0.20；P(drought)=0.01；P(heat)=0.01；P(pest)=0.01；P(waterlogging)=0.74；P(low_light)=0.01；P(sensor_anomaly)=0.01,P(healthy)=0.27；P(drought)=0.22；P(heat)=0.02；P(pest)=0.22；P(waterlogging)=0.22；P(low_light)=0.02；P(sensor_anomaly)=0.02,P(healthy)=0.21；P(drought)=0.03；P(heat)=0.01；P(pest)=0.03；P(waterlogging)=0.70；P(low_light)=0.01；P(sensor_anomaly)=0.01,P(healthy)=0.16；P(drought)=0.02；P(heat)=0.01；P(pest)=0.02；P(waterlogging)=0.77；P(low_light)=0.01；P(sensor_anomaly)=0.01,persistent_wet_condition_6h,same_risk_state_consistent_with_previous_belief；temporal_trend_supports_dominant_state,,hold,recheck_before_action,高风险 + 高不确定性 → 先复查，不直接执行动作,土壤湿度过高；图像标签未知；视觉置信度不足，不能单独作为强决策依据；视觉置信度低，降低视觉模态权重；最近 6 小时存在持续湿润或降雨，积水状态概率上升；当前主风险与上一时刻状态信念一致，系统置信度上升；时间趋势支持当前主风险，系统置信度上升,优先让机器人复查该区域并重新采样；检查排水情况并降低灌溉优先级,normal
2026-09-02 05:00,67.6,中高,0.73,0.136,0.018,0.008,0.099,0.725,0.008,0.007,0.0,低,waterlogging,63.2,68.3,1.00,0.77,0.68,0.32,,P(healthy)=0.20；P(drought)=0.01；P(heat)=0.01；P(pest)=0.01；P(waterlogging)=0.74；P(low_light)=0.01；P(sensor_anomaly)=0.01,P(healthy)=0.06；P(drought)=0.05；P(heat)=0.01；P(pest)=0.80；P(waterlogging)=0.05；P(low_light)=0.01；P(sensor_anomaly)=0.01,P(healthy)=0.16；P(drought)=0.02；P(heat)=0.01；P(pest)=0.26；P(waterlogging)=0.52；P(low_light)=0.01；P(sensor_anomaly)=0.01,P(healthy)=0.14；P(drought)=0.02；P(heat)=0.01；P(pest)=0.10；P(waterlogging)=0.73；P(low_light)=0.01；P(sensor_anomaly)=0.01,persistent_wet_condition_6h,same_risk_state_consistent_with_previous_belief；temporal_trend_supports_dominant_state,,execute,execute_recommended_action,高风险 + 低不确定性 → 允许执行建议动作,土壤湿度过高；图像标签疑似病虫害；最近 6 小时存在持续湿润或降雨，积水状态概率上升；当前主风险与上一时刻状态信念一致，系统置信度上升；时间趋势支持当前主风险，系统置信度上升,检查排水情况并降低灌溉优先级,normal
2026-09-02 06:00,62.9,中高,0.70,0.206,0.013,0.008,0.054,0.705,0.008,0.007,35.0,中,waterlogging,63.2,13.3,1.00,0.91,0.71,0.29,环境和视觉存在冲突，降低直接执行可靠性,P(healthy)=0.20；P(drought)=0.01；P(heat)=0.01；P(pest)=0.01；P(waterlogging)=0.74；P(low_light)=0.01；P(sensor_anomaly)=0.01,P(healthy)=0.91；P(drought)=0.01；P(heat)=0.01；P(pest)=0.01；P(waterlogging)=0.01；P(low_light)=0.01；P(sensor_anomaly)=0.01,P(healthy)=0.41；P(drought)=0.01；P(heat)=0.01；P(pest)=0.01；P(waterlogging)=0.54；P(low_light)=0.01；P(sensor_anomaly)=0.01,P(healthy)=0.21；P(drought)=0.01；P(heat)=0.01；P(pest)=0.05；P(waterlogging)=0.70；P(low_light)=0.01；P(sensor_anomaly)=0.01,persistent_wet_condition_6h,same_risk_state_consistent_with_previous_belief；temporal_trend_supports_dominant_state,图像显示健康，但环境传感器提示较高风险,hold,recheck_before_action,高风险 + 高不确定性 → 先复查，不直接执行动作,土壤湿度过高；图像标签显示作物状态健康；环境和视觉存在冲突，降低直接执行可靠性；数据冲突：图像显示健康，但环境传感器提示较高风险；最近 6 小时存在持续湿润或降雨，积水状态概率上升；当前主风险与上一时刻状态信念一致，系统置信度上升；时间趋势支持当前主风险，系统置信度上升,优先让机器人复查该区域并重新采样；检查排水情况并降低灌溉优先级,normal
2026-09-02 07:00,61.0,中高,0.70,0.236,0.011,0.008,0.032,0.698,0.008,0.007,35.0,中,waterlogging,63.2,14.5,1.00,0.84,0.73,0.27,环境和视觉存在冲突，降低直接执行可靠性,P(healthy)=0.20；P(drought)=0.01；P(heat)=0.01；P(pest)=0.01；P(waterlogging)=0.74；P(low_light)=0.01；P(sensor_anomaly)=0.01,P(healthy)=0.89；P(drought)=0.02；P(heat)=0.02；P(pest)=0.02；P(waterlogging)=0.02；P(low_light)=0.02；P(sensor_anomaly)=0.01,P(healthy)=0.39；P(drought)=0.01；P(heat)=0.01；P(pest)=0.01；P(waterlogging)=0.55；P(low_light)=0.01；P(sensor_anomaly)=0.01,P(healthy)=0.24；P(drought)=0.01；P(heat)=0.01；P(pest)=0.03；P(waterlogging)=0.70；P(low_light)=0.01；P(sensor_anomaly)=0.01,persistent_wet_condition_6h,same_risk_state_consistent_with_previous_belief；temporal_trend_supports_dominant_state,图像显示健康，但环境传感器提示较高风险,hold,recheck_before_action,高风险 + 高不确定性 → 先复查，不直接执行动作,土壤湿度过高；图像标签显示作物状态健康；环境和视觉存在冲突，降低直接执行可靠性；数据冲突：图像显示健康，但环境传感器提示较高风险；最近 6 小时存在持续湿润或降雨，积水状态概率上升；当前主风险与上一时刻状态信念一致，系统置信度上升；时间趋势支持当前主风险，系统置信度上升,优先让机器人复查该区域并重新采样；检查排水情况并降低灌溉优先级,normal
2026-09-02 08:00,49.3,中,0.51,0.406,0.044,0.007,0.019,0.511,0.007,0.006,0.0,低,waterlogging,10.5,12.5,1.00,0.96,0.63,0.37,,P(healthy)=0.96；P(drought)=0.01；P(heat)=0.01；P(pest)=0.01；P(waterlogging)=0.01；P(low_light)=0.01；P(sensor_anomaly)=0.01,P(healthy)=0.93；P(drought)=0.01；P(heat)=0.01；P(pest)=0.01；P(waterlogging)=0.01；P(low_light)=0.01；P(sensor_anomaly)=0.01,P(healthy)=0.95；P(drought)=0.01；P(heat)=0.01；P(pest)=0.01；P(waterlogging)=0.01；P(low_light)=0.01；P(sensor_anomaly)=0.01,P(healthy)=0.41；P(drought)=0.04；P(heat)=0.01；P(pest)=0.02；P(waterlogging)=0.51；P(low_light)=0.01；P(sensor_anomaly)=0.01,soil_moisture_decreasing_6h；persistent_wet_condition_6h,same_risk_state_consistent_with_previous_belief；temporal_trend_supports_dominant_state,,hold,monitor_more_context,风险或不确定性处于中间状态 → 继续观察并收集更多上下文,环境传感器指标处于正常范围；图像标签显示作物状态健康；最近 6 小时土壤湿度持续下降，干旱状态概率上升；最近 6 小时存在持续湿润或降雨，积水状态概率上升；当前主风险与上一时刻状态信念一致，系统置信度上升；时间趋势支持当前主风险，系统置信度上升,检查排水情况并降低灌溉优先级,normal
2026-09-02 09:00,38.5,低,0.56,0.562,0.070,0.007,0.014,0.334,0.007,0.006,0.0,低,healthy,10.5,12.3,1.00,0.97,0.63,0.37,,P(healthy)=0.96；P(drought)=0.01；P(heat)=0.01；P(pest)=0.01；P(waterlogging)=0.01；P(low_light)=0.01；P(sensor_anomaly)=0.01,P(healthy)=0.93；P(drought)=0.01；P(heat)=0.01；P(pest)=0.01；P(waterlogging)=0.01；P(low_light)=0.01；P(sensor_anomaly)=0.01,P(healthy)=0.95；P(drought)=0.01；P(heat)=0.01；P(pest)=0.01；P(waterlogging)=0.01；P(low_light)=0.01；P(sensor_anomaly)=0.01,P(healthy)=0.56；P(drought)=0.07；P(heat)=0.01；P(pest)=0.01；P(waterlogging)=0.33；P(low_light)=0.01；P(sensor_anomaly)=0.01,soil_moisture_decreasing_6h；persistent_wet_condition_6h,,,observe,routine_patrol,低风险 + 低不确定性 → 常规巡检,环境传感器指标处于正常范围；图像标签显示作物状态健康；最近 6 小时土壤湿度持续下降，干旱状态概率上升；最近 6 小时存在持续湿润或降雨，积水状态概率上升,继续常规巡检,normal
2026-09-02 10:00,46.0,中,0.28,0.450,0.082,0.166,0.012,0.276,0.008,0.007,47.0,中,waterlogging,58.9,13.1,1.00,0.92,0.71,0.29,环境和视觉存在冲突，降低直接执行可靠性,P(healthy)=0.24；P(drought)=0.01；P(heat)=0.70；P(pest)=0.01；P(waterlogging)=0.01；P(low_light)=0.01；P(sensor_anomaly)=0.01,P(healthy)=0.92；P(drought)=0.01；P(heat)=0.01；P(pest)=0.01；P(waterlogging)=0.01；P(low_light)=0.01；P(sensor_anomaly)=0.01,P(healthy)=0.44；P(drought)=0.01；P(heat)=0.50；P(pest)=0.01；P(waterlogging)=0.01；P(low_light)=0.01；P(sensor_anomaly)=0.01,P(healthy)=0.45；P(drought)=0.08；P(heat)=0.17；P(pest)=0.01；P(waterlogging)=0.28；P(low_light)=0.01；P(sensor_anomaly)=0.01,soil_moisture_decreasing_6h；persistent_wet_condition_6h,temporal_trend_supports_dominant_state,图像显示健康，但环境传感器提示较高风险,hold,resample_before_action,中风险 + 高不确定性 → 重新采样后再决策,温度偏高；图像标签显示作物状态健康；环境和视觉存在冲突，降低直接执行可靠性；数据冲突：图像显示健康，但环境传感器提示较高风险；最近 6 小时土壤湿度持续下降，干旱状态概率上升；最近 6 小时存在持续湿润或降雨，积水状态概率上升；时间趋势支持当前主风险，系统置信度上升,优先让机器人复查该区域并重新采样；检查排水情况并降低灌溉优先级,normal
2026-09-02 11:00,36.7,低,0.59,0.586,0.092,0.099,0.010,0.198,0.008,0.007,0.0,低,healthy,10.5,12.8,1.00,0.94,0.63,0.37,,P(healthy)=0.96；P(drought)=0.01；P(heat)=0.01；P(pest)=0.01；P(waterlogging)=0.01；P(low_light)=0.01；P(sensor_anomaly)=0.01,P(healthy)=0.92；P(drought)=0.01；P(heat)=0.01；P(pest)=0.01；P(waterlogging)=0.01；P(low_light)=0.01；P(sensor_anomaly)=0.01,P(healthy)=0.95；P(drought)=0.01；P(heat)=0.01；P(pest)=0.01；P(waterlogging)=0.01；P(low_light)=0.01；P(sensor_anomaly)=0.01,P(healthy)=0.59；P(drought)=0.09；P(heat)=0.10；P(pest)=0.01；P(waterlogging)=0.20；P(low_light)=0.01；P(sensor_anomaly)=0.01,soil_moisture_decreasing_6h；persistent_wet_condition_6h,,,observe,routine_patrol,低风险 + 低不确定性 → 常规巡检,环境传感器指标处于正常范围；图像标签显示作物状态健康；最近 6 小时土壤湿度持续下降，干旱状态概率上升；最近 6 小时存在持续湿润或降雨，积水状态概率上升,继续常规巡检,normal
2026-09-02 12:00,45.0,中,0.23,0.485,0.099,0.234,0.011,0.154,0.009,0.008,47.0,中,heat,58.9,14.5,1.00,0.84,0.73,0.27,环境和视觉存在冲突，降低直接执行可靠性,P(healthy)=0.24；P(drought)=0.01；P(heat)=0.70；P(pest)=0.01；P(waterlogging)=0.01；P(low_light)=0.01；P(sensor_anomaly)=0.01,P(healthy)=0.89；P(drought)=0.02；P(heat)=0.02；P(pest)=0.02；P(waterlogging)=0.02；P(low_light)=0.02；P(sensor_anomaly)=0.01,P(healthy)=0.42；P(drought)=0.01；P(heat)=0.51；P(pest)=0.01；P(waterlogging)=0.01；P(low_light)=0.01；P(sensor_anomaly)=0.01,P(healthy)=0.48；P(drought)=0.10；P(heat)=0.23；P(pest)=0.01；P(waterlogging)=0.15；P(low_light)=0.01；P(sensor_anomaly)=0.01,soil_moisture_decreasing_6h；persistent_wet_condition_6h,,图像显示健康，但环境传感器提示较高风险,hold,resample_before_action,中风险 + 高不确定性 → 重新采样后再决策,温度偏高；图像标签显示作物状态健康；环境和视觉存在冲突，降低直接执行可靠性；数据冲突：图像显示健康，但环境传感器提示较高风险；最近 6 小时土壤湿度持续下降，干旱状态概率上升；最近 6 小时存在持续湿润或降雨，积水状态概率上升,优先让机器人复查该区域并重新采样；增加高温巡检频率并检查遮阴或降温条件,normal
2026-09-02 13:00,49.6,中,0.37,0.393,0.094,0.367,0.010,0.118,0.009,0.008,47.0,中,heat,58.9,14.0,1.00,0.87,0.72,0.28,环境和视觉存在冲突，降低直接执行可靠性,P(healthy)=0.24；P(drought)=0.01；P(heat)=0.70；P(pest)=0.01；P(waterlogging)=0.01；P(low_light)=0.01；P(sensor_anomaly)=0.01,P(healthy)=0.90；P(drought)=0.02；P(heat)=0.02；P(pest)=0.02；P(waterlogging)=0.02；P(low_light)=0.02；P(sensor_anomaly)=0.01,P(healthy)=0.43；P(drought)=0.01；P(heat)=0.51；P(pest)=0.01；P(waterlogging)=0.01；P(low_light)=0.01；P(sensor_anomaly)=0.01,P(healthy)=0.39；P(drought)=0.09；P(heat)=0.37；P(pest)=0.01；P(waterlogging)=0.12；P(low_light)=0.01；P(sensor_anomaly)=0.01,soil_moisture_decreasing_6h；sustained_high_temperature_6h；persistent_wet_condition_6h,temporal_trend_supports_dominant_state,图像显示健康，但环境传感器提示较高风险,hold,resample_before_action,中风险 + 高不确定性 → 重新采样后再决策,温度偏高；图像标签显示作物状态健康；环境和视觉存在冲突，降低直接执行可靠性；数据冲突：图像显示健康，但环境传感器提示较高风险；最近 6 小时土壤湿度持续下降，干旱状态概率上升；最近 6 小时持续高温，热胁迫状态概率上升；最近 6 小时存在持续湿润或降雨，积水状态概率上升；时间趋势支持当前主风险，系统置信度上升,优先让机器人复查该区域并重新采样；增加高温巡检频率并检查遮阴或降温条件,normal
2026-09-02 14:00,38.6,低,0.55,0.555,0.099,0.250,0.009,0.072,0.008,0.008,0.0,低,healthy,10.5,12.3,1.00,0.97,0.63,0.37,,P(healthy)=0.96；P(drought)=0.01；P(heat)=0.01；P(pest)=0.01；P(waterlogging)=0.01；P(low_light)=0.01；P(sensor_anomaly)=0.01,P(healthy)=0.93；P(drought)=0.01；P(heat)=0.01；P(pest)=0.01；P(waterlogging)=0.01；P(low_light)=0.01；P(sensor_anomaly)=0.01,P(healthy)=0.95；P(drought)=0.01；P(heat)=0.01；P(pest)=0.01；P(waterlogging)=0.01；P(low_light)=0.01；P(sensor_anomaly)=0.01,P(healthy)=0.55；P(drought)=0.10；P(heat)=0.25；P(pest)=0.01；P(waterlogging)=0.07；P(low_light)=0.01；P(sensor_anomaly)=0.01,soil_moisture_decreasing_6h；sustained_high_temperature_6h,,,observe,routine_patrol,低风险 + 低不确定性 → 常规巡检,环境传感器指标处于正常范围；图像标签显示作物状态健康；最近 6 小时土壤湿度持续下降，干旱状态概率上升；最近 6 小时持续高温，热胁迫状态概率上升,继续常规巡检,normal
2026-09-02 15:00,32.4,低,0.65,0.645,0.102,0.183,0.009,0.045,0.008,0.007,0.0,低,healthy,10.5,13.8,1.00,0.88,0.65,0.35,,P(healthy)=0.96；P(drought)=0.01；P(heat)=0.01；P(pest)=0.01；P(waterlogging)=0.01；P(low_light)=0.01；P(sensor_anomaly)=0.01,P(healthy)=0.91；P(drought)=0.02；P(heat)=0.02；P(pest)=0.02；P(waterlogging)=0.02；P(low_light)=0.02；P(sensor_anomaly)=0.01,P(healthy)=0.94；P(drought)=0.01；P(heat)=0.01；P(pest)=0.01；P(waterlogging)=0.01；P(low_light)=0.01；P(sensor_anomaly)=0.01,P(healthy)=0.65；P(drought)=0.10；P(heat)=0.18；P(pest)=0.01；P(waterlogging)=0.05；P(low_light)=0.01；P(sensor_anomaly)=0.01,soil_moisture_decreasing_6h；sustained_high_temperature_6h,,,observe,routine_patrol,低风险 + 低不确定性 → 常规巡检,环境传感器指标处于正常范围；图像标签显示作物状态健康；最近 6 小时土壤湿度持续下降，干旱状态概率上升；最近 6 小时持续高温，热胁迫状态概率上升,继续常规巡检,normal
2026-09-02 16:00,28.8,低,0.70,0.699,0.104,0.144,0.008,0.030,0.008,0.007,0.0,低,healthy,10.5,13.4,1.00,0.90,0.64,0.36,,P(healthy)=0.96；P(drought)=0.01；P(heat)=0.01；P(pest)=0.01；P(waterlogging)=0.01；P(low_light)=0.01；P(sensor_anomaly)=0.01,P(healthy)=0.91；P(drought)=0.02；P(heat)=0.02；P(pest)=0.02；P(waterlogging)=0.02；P(low_light)=0.02；P(sensor_anomaly)=0.01,P(healthy)=0.94；P(drought)=0.01；P(heat)=0.01；P(pest)=0.01；P(waterlogging)=0.01；P(low_light)=0.01；P(sensor_anomaly)=0.01,P(healthy)=0.70；P(drought)=0.10；P(heat)=0.14；P(pest)=0.01；P(waterlogging)=0.03；P(low_light)=0.01；P(sensor_anomaly)=0.01,soil_moisture_decreasing_6h；sustained_high_temperature_6h,,,observe,routine_patrol,低风险 + 低不确定性 → 常规巡检,环境传感器指标处于正常范围；图像标签显示作物状态健康；最近 6 小时土壤湿度持续下降，干旱状态概率上升；最近 6 小时持续高温，热胁迫状态概率上升,继续常规巡检,normal
2026-09-02 17:00,24.7,低,0.76,0.759,0.109,0.087,0.008,0.021,0.008,0.007,0.0,低,healthy,10.5,13.1,1.00,0.92,0.64,0.36,,P(healthy)=0.96；P(drought)=0.01；P(heat)=0.01；P(pest)=0.01；P(waterlogging)=0.01；P(low_light)=0.01；P(sensor_anomaly)=0.01,P(healthy)=0.92；P(drought)=0.01；P(heat)=0.01；P(pest)=0.01；P(waterlogging)=0.01；P(low_light)=0.01；P(sensor_anomaly)=0.01,P(healthy)=0.94；P(drought)=0.01；P(heat)=0.01；P(pest)=0.01；P(waterlogging)=0.01；P(low_light)=0.01；P(sensor_anomaly)=0.01,P(healthy)=0.76；P(drought)=0.11；P(heat)=0.09；P(pest)=0.01；P(waterlogging)=0.02；P(low_light)=0.01；P(sensor_anomaly)=0.01,soil_moisture_decreasing_6h,,,observe,routine_patrol,低风险 + 低不确定性 → 常规巡检,环境传感器指标处于正常范围；图像标签显示作物状态健康；最近 6 小时土壤湿度持续下降，干旱状态概率上升,继续常规巡检,normal
2026-09-02 18:00,22.4,低,0.79,0.792,0.112,0.055,0.009,0.016,0.009,0.007,0.0,低,healthy,10.5,14.3,1.00,0.85,0.66,0.34,,P(healthy)=0.96；P(drought)=0.01；P(heat)=0.01；P(pest)=0.01；P(waterlogging)=0.01；P(low_light)=0.01；P(sensor_anomaly)=0.01,P(healthy)=0.90；P(drought)=0.02；P(heat)=0.02；P(pest)=0.02；P(waterlogging)=0.02；P(low_light)=0.02；P(sensor_anomaly)=0.01,P(healthy)=0.94；P(drought)=0.01；P(heat)=0.01；P(pest)=0.01；P(waterlogging)=0.01；P(low_light)=0.01；P(sensor_anomaly)=0.01,P(healthy)=0.79；P(drought)=0.11；P(heat)=0.05；P(pest)=0.01；P(waterlogging)=0.02；P(low_light)=0.01；P(sensor_anomaly)=0.01,soil_moisture_decreasing_6h,,,observe,routine_patrol,低风险 + 低不确定性 → 常规巡检,环境传感器指标处于正常范围；图像标签显示作物状态健康；最近 6 小时土壤湿度持续下降，干旱状态概率上升,继续常规巡检,normal
2026-09-02 19:00,21.0,低,0.81,0.814,0.114,0.035,0.009,0.013,0.009,0.007,0.0,低,healthy,10.5,13.0,1.00,0.93,0.64,0.36,,P(healthy)=0.96；P(drought)=0.01；P(heat)=0.01；P(pest)=0.01；P(waterlogging)=0.01；P(low_light)=0.01；P(sensor_anomaly)=0.01,P(healthy)=0.92；P(drought)=0.01；P(heat)=0.01；P(pest)=0.01；P(waterlogging)=0.01；P(low_light)=0.01；P(sensor_anomaly)=0.01,P(healthy)=0.94；P(drought)=0.01；P(heat)=0.01；P(pest)=0.01；P(waterlogging)=0.01；P(low_light)=0.01；P(sensor_anomaly)=0.01,P(healthy)=0.81；P(drought)=0.11；P(heat)=0.04；P(pest)=0.01；P(waterlogging)=0.01；P(low_light)=0.01；P(sensor_anomaly)=0.01,soil_moisture_decreasing_6h,,,observe,routine_patrol,低风险 + 低不确定性 → 常规巡检,环境传感器指标处于正常范围；图像标签显示作物状态健康；最近 6 小时土壤湿度持续下降，干旱状态概率上升,继续常规巡检,normal
2026-09-02 20:00,17.1,很低,0.87,0.866,0.070,0.025,0.010,0.012,0.010,0.008,0.0,低,healthy,10.5,14.3,1.00,0.85,0.66,0.34,,P(healthy)=0.96；P(drought)=0.01；P(heat)=0.01；P(pest)=0.01；P(waterlogging)=0.01；P(low_light)=0.01；P(sensor_anomaly)=0.01,P(healthy)=0.90；P(drought)=0.02；P(heat)=0.02；P(pest)=0.02；P(waterlogging)=0.02；P(low_light)=0.02；P(sensor_anomaly)=0.01,P(healthy)=0.94；P(drought)=0.01；P(heat)=0.01；P(pest)=0.01；P(waterlogging)=0.01；P(low_light)=0.01；P(sensor_anomaly)=0.01,P(healthy)=0.87；P(drought)=0.07；P(heat)=0.02；P(pest)=0.01；P(waterlogging)=0.01；P(low_light)=0.01；P(sensor_anomaly)=0.01,,,,observe,routine_patrol,低风险 + 低不确定性 → 常规巡检,环境传感器指标处于正常范围；图像标签显示作物状态健康,继续常规巡检,normal
2026-09-02 21:00,14.8,很低,0.90,0.897,0.045,0.019,0.010,0.011,0.010,0.008,0.0,低,healthy,10.5,13.8,1.00,0.88,0.65,0.35,,P(healthy)=0.96；P(drought)=0.01；P(heat)=0.01；P(pest)=0.01；P(waterlogging)=0.01；P(low_light)=0.01；P(sensor_anomaly)=0.01,P(healthy)=0.91；P(drought)=0.02；P(heat)=0.02；P(pest)=0.02；P(waterlogging)=0.02；P(low_light)=0.02；P(sensor_anomaly)=0.01,P(healthy)=0.94；P(drought)=0.01；P(heat)=0.01；P(pest)=0.01；P(waterlogging)=0.01；P(low_light)=0.01；P(sensor_anomaly)=0.01,P(healthy)=0.90；P(drought)=0.05；P(heat)=0.02；P(pest)=0.01；P(waterlogging)=0.01；P(low_light)=0.01；P(sensor_anomaly)=0.01,,,,observe,routine_patrol,低风险 + 低不确定性 → 常规巡检,环境传感器指标处于正常范围；图像标签显示作物状态健康,继续常规巡检,normal
2026-09-02 22:00,13.4,很低,0.92,0.917,0.030,0.015,0.010,0.011,0.010,0.008,0.0,低,healthy,10.5,13.1,1.00,0.92,0.64,0.36,,P(healthy)=0.96；P(drought)=0.01；P(heat)=0.01；P(pest)=0.01；P(waterlogging)=0.01；P(low_light)=0.01；P(sensor_anomaly)=0.01,P(healthy)=0.92；P(drought)=0.01；P(heat)=0.01；P(pest)=0.01；P(waterlogging)=0.01；P(low_light)=0.01；P(sensor_anomaly)=0.01,P(healthy)=0.94；P(drought)=0.01；P(heat)=0.01；P(pest)=0.01；P(waterlogging)=0.01；P(low_light)=0.01；P(sensor_anomaly)=0.01,P(healthy)=0.92；P(drought)=0.03；P(heat)=0.01；P(pest)=0.01；P(waterlogging)=0.01；P(low_light)=0.01；P(sensor_anomaly)=0.01,,,,observe,routine_patrol,低风险 + 低不确定性 → 常规巡检,环境传感器指标处于正常范围；图像标签显示作物状态健康,继续常规巡检,normal
2026-09-02 23:00,12.6,很低,0.93,0.928,0.022,0.013,0.010,0.010,0.010,0.008,0.0,低,healthy,10.5,13.3,1.00,0.91,0.64,0.36,,P(healthy)=0.96；P(drought)=0.01；P(heat)=0.01；P(pest)=0.01；P(waterlogging)=0.01；P(low_light)=0.01；P(sensor_anomaly)=0.01,P(healthy)=0.91；P(drought)=0.01；P(heat)=0.01；P(pest)=0.01；P(waterlogging)=0.01；P(low_light)=0.01；P(sensor_anomaly)=0.01,P(healthy)=0.94；P(drought)=0.01；P(heat)=0.01；P(pest)=0.01；P(waterlogging)=0.01；P(low_light)=0.01；P(sensor_anomaly)=0.01,P(healthy)=0.93；P(drought)=0.02；P(heat)=0.01；P(pest)=0.01；P(waterlogging)=0.01；P(low_light)=0.01；P(sensor_anomaly)=0.01,,,,observe,routine_patrol,低风险 + 低不确定性 → 常规巡检,环境传感器指标处于正常范围；图像标签显示作物状态健康,继续常规巡检,normal
2026-09-03 00:00,12.2,很低,0.93,0.932,0.017,0.012,0.010,0.010,0.010,0.008,0.0,低,healthy,10.5,14.1,1.00,0.86,0.65,0.35,,P(healthy)=0.96；P(drought)=0.01；P(heat)=0.01；P(pest)=0.01；P(waterlogging)=0.01；P(low_light)=0.01；P(sensor_anomaly)=0.01,P(healthy)=0.90；P(drought)=0.02；P(heat)=0.02；P(pest)=0.02；P(waterlogging)=0.02；P(low_light)=0.02；P(sensor_anomaly)=0.01,P(healthy)=0.94；P(drought)=0.01；P(heat)=0.01；P(pest)=0.01；P(waterlogging)=0.01；P(low_light)=0.01；P(sensor_anomaly)=0.01,P(healthy)=0.93；P(drought)=0.02；P(heat)=0.01；P(pest)=0.01；P(waterlogging)=0.01；P(low_light)=0.01；P(sensor_anomaly)=0.01,,,,observe,routine_patrol,低风险 + 低不确定性 → 常规巡检,环境传感器指标处于正常范围；图像标签显示作物状态健康,继续常规巡检,normal
2026-09-03 01:00,36.4,低,0.59,0.587,0.019,0.010,0.015,0.352,0.009,0.008,0.0,低,healthy,67.8,73.9,1.00,0.83,0.66,0.34,,P(healthy)=0.14；P(drought)=0.01；P(heat)=0.01；P(pest)=0.01；P(waterlogging)=0.82；P(low_light)=0.01；P(sensor_anomaly)=0.01,P(healthy)=0.05；P(drought)=0.05；P(heat)=0.01；P(pest)=0.05；P(waterlogging)=0.82；P(low_light)=0.01；P(sensor_anomaly)=0.01,P(healthy)=0.11；P(drought)=0.02；P(heat)=0.01；P(pest)=0.02；P(waterlogging)=0.82；P(low_light)=0.01；P(sensor_anomaly)=0.01,P(healthy)=0.59；P(drought)=0.02；P(heat)=0.01；P(pest)=0.01；P(waterlogging)=0.35；P(low_light)=0.01；P(sensor_anomaly)=0.01,,,,observe,routine_patrol,低风险 + 低不确定性 → 常规巡检,降雨量较高且土壤湿度偏高；图像标签疑似积水,继续常规巡检,normal
2026-09-03 02:00,26.1,低,0.73,0.735,0.015,0.011,0.013,0.208,0.010,0.008,0.0,低,healthy,10.5,14.1,1.00,0.86,0.65,0.35,,P(healthy)=0.96；P(drought)=0.01；P(heat)=0.01；P(pest)=0.01；P(waterlogging)=0.01；P(low_light)=0.01；P(sensor_anomaly)=0.01,P(healthy)=0.90；P(drought)=0.02；P(heat)=0.02；P(pest)=0.02；P(waterlogging)=0.02；P(low_light)=0.02；P(sensor_anomaly)=0.01,P(healthy)=0.94；P(drought)=0.01；P(heat)=0.01；P(pest)=0.01；P(waterlogging)=0.01；P(low_light)=0.01；P(sensor_anomaly)=0.01,P(healthy)=0.73；P(drought)=0.02；P(heat)=0.01；P(pest)=0.01；P(waterlogging)=0.21；P(low_light)=0.01；P(sensor_anomaly)=0.01,,,,observe,routine_patrol,低风险 + 低不确定性 → 常规巡检,环境传感器指标处于正常范围；图像标签显示作物状态健康,继续常规巡检,normal
2026-09-03 03:00,45.5,中,0.48,0.458,0.017,0.009,0.016,0.484,0.009,0.008,0.0,低,waterlogging,71.2,74.2,1.00,0.85,0.66,0.34,,P(healthy)=0.09；P(drought)=0.00；P(heat)=0.00；P(pest)=0.00；P(waterlogging)=0.88；P(low_light)=0.00；P(sensor_anomaly)=0.00,P(healthy)=0.04；P(drought)=0.05；P(heat)=0.01；P(pest)=0.05；P(waterlogging)=0.83；P(low_light)=0.01；P(sensor_anomaly)=0.01,P(healthy)=0.08；P(drought)=0.02；P(heat)=0.01；P(pest)=0.02；P(waterlogging)=0.86；P(low_light)=0.01；P(sensor_anomaly)=0.01,P(healthy)=0.46；P(drought)=0.02；P(heat)=0.01；P(pest)=0.02；P(waterlogging)=0.48；P(low_light)=0.01；P(sensor_anomaly)=0.01,,,,hold,monitor_more_context,风险或不确定性处于中间状态 → 继续观察并收集更多上下文,降雨量较高且土壤湿度偏高；图像标签疑似积水,检查排水情况并降低灌溉优先级,normal
2026-09-03 04:00,53.2,中,0.61,0.348,0.011,0.007,0.011,0.608,0.007,0.006,35.0,中,waterlogging,69.6,13.3,1.00,0.91,0.71,0.29,环境和视觉存在冲突，降低直接执行可靠性,P(healthy)=0.11；P(drought)=0.01；P(heat)=0.01；P(pest)=0.01；P(waterlogging)=0.86；P(low_light)=0.01；P(sensor_anomaly)=0.01,P(healthy)=0.91；P(drought)=0.01；P(heat)=0.01；P(pest)=0.01；P(waterlogging)=0.01；P(low_light)=0.01；P(sensor_anomaly)=0.01,P(healthy)=0.34；P(drought)=0.01；P(heat)=0.01；P(pest)=0.01；P(waterlogging)=0.61；P(low_light)=0.01；P(sensor_anomaly)=0.01,P(healthy)=0.35；P(drought)=0.01；P(heat)=0.01；P(pest)=0.01；P(waterlogging)=0.61；P(low_light)=0.01；P(sensor_anomaly)=0.01,persistent_wet_condition_6h,same_risk_state_consistent_with_previous_belief；temporal_trend_supports_dominant_state,图像显示健康，但环境传感器提示较高风险,hold,resample_before_action,中风险 + 高不确定性 → 重新采样后再决策,降雨量较高且土壤湿度偏高；图像标签显示作物状态健康；环境和视觉存在冲突，降低直接执行可靠性；数据冲突：图像显示健康，但环境传感器提示较高风险；最近 6 小时存在持续湿润或降雨，积水状态概率上升；当前主风险与上一时刻状态信念一致，系统置信度上升；时间趋势支持当前主风险，系统置信度上升,优先让机器人复查该区域并重新采样；检查排水情况并降低灌溉优先级,normal
2026-09-03 05:00,55.4,中,0.64,0.317,0.010,0.007,0.009,0.643,0.007,0.007,35.0,中,waterlogging,63.2,12.6,1.00,0.95,0.70,0.30,环境和视觉存在冲突，降低直接执行可靠性,P(healthy)=0.20；P(drought)=0.01；P(heat)=0.01；P(pest)=0.01；P(waterlogging)=0.74；P(low_light)=0.01；P(sensor_anomaly)=0.01,P(healthy)=0.92；P(drought)=0.01；P(heat)=0.01；P(pest)=0.01；P(waterlogging)=0.01；P(low_light)=0.01；P(sensor_anomaly)=0.01,P(healthy)=0.42；P(drought)=0.01；P(heat)=0.01；P(pest)=0.01；P(waterlogging)=0.53；P(low_light)=0.01；P(sensor_anomaly)=0.01,P(healthy)=0.32；P(drought)=0.01；P(heat)=0.01；P(pest)=0.01；P(waterlogging)=0.64；P(low_light)=0.01；P(sensor_anomaly)=0.01,persistent_wet_condition_6h,same_risk_state_consistent_with_previous_belief；temporal_trend_supports_dominant_state,图像显示健康，但环境传感器提示较高风险,hold,resample_before_action,中风险 + 高不确定性 → 重新采样后再决策,土壤湿度过高；图像标签显示作物状态健康；环境和视觉存在冲突，降低直接执行可靠性；数据冲突：图像显示健康，但环境传感器提示较高风险；最近 6 小时存在持续湿润或降雨，积水状态概率上升；当前主风险与上一时刻状态信念一致，系统置信度上升；时间趋势支持当前主风险，系统置信度上升,优先让机器人复查该区域并重新采样；检查排水情况并降低灌溉优先级,normal
2026-09-03 06:00,56.7,中,0.66,0.298,0.009,0.008,0.009,0.663,0.008,0.007,35.0,中,waterlogging,63.2,13.3,1.00,0.91,0.71,0.29,环境和视觉存在冲突，降低直接执行可靠性,P(healthy)=0.20；P(drought)=0.01；P(heat)=0.01；P(pest)=0.01；P(waterlogging)=0.74；P(low_light)=0.01；P(sensor_anomaly)=0.01,P(healthy)=0.91；P(drought)=0.01；P(heat)=0.01；P(pest)=0.01；P(waterlogging)=0.01；P(low_light)=0.01；P(sensor_anomaly)=0.01,P(healthy)=0.41；P(drought)=0.01；P(heat)=0.01；P(pest)=0.01；P(waterlogging)=0.54；P(low_light)=0.01；P(sensor_anomaly)=0.01,P(healthy)=0.30；P(drought)=0.01；P(heat)=0.01；P(pest)=0.01；P(waterlogging)=0.66；P(low_light)=0.01；P(sensor_anomaly)=0.01,persistent_wet_condition_6h,same_risk_state_consistent_with_previous_belief；temporal_trend_supports_dominant_state,图像显示健康，但环境传感器提示较高风险,hold,resample_before_action,中风险 + 高不确定性 → 重新采样后再决策,土壤湿度过高；图像标签显示作物状态健康；环境和视觉存在冲突，降低直接执行可靠性；数据冲突：图像显示健康，但环境传感器提示较高风险；最近 6 小时存在持续湿润或降雨，积水状态概率上升；当前主风险与上一时刻状态信念一致，系统置信度上升；时间趋势支持当前主风险，系统置信度上升,优先让机器人复查该区域并重新采样；检查排水情况并降低灌溉优先级,normal
2026-09-03 07:00,57.7,中,0.68,0.284,0.009,0.008,0.008,0.676,0.008,0.007,35.0,中,waterlogging,63.2,14.1,1.00,0.86,0.72,0.28,环境和视觉存在冲突，降低直接执行可靠性,P(healthy)=0.20；P(drought)=0.01；P(heat)=0.01；P(pest)=0.01；P(waterlogging)=0.74；P(low_light)=0.01；P(sensor_anomaly)=0.01,P(healthy)=0.90；P(drought)=0.02；P(heat)=0.02；P(pest)=0.02；P(waterlogging)=0.02；P(low_light)=0.02；P(sensor_anomaly)=0.01,P(healthy)=0.40；P(drought)=0.01；P(heat)=0.01；P(pest)=0.01；P(waterlogging)=0.54；P(low_light)=0.01；P(sensor_anomaly)=0.01,P(healthy)=0.28；P(drought)=0.01；P(heat)=0.01；P(pest)=0.01；P(waterlogging)=0.68；P(low_light)=0.01；P(sensor_anomaly)=0.01,persistent_wet_condition_6h,same_risk_state_consistent_with_previous_belief；temporal_trend_supports_dominant_state,图像显示健康，但环境传感器提示较高风险,hold,resample_before_action,中风险 + 高不确定性 → 重新采样后再决策,土壤湿度过高；图像标签显示作物状态健康；环境和视觉存在冲突，降低直接执行可靠性；数据冲突：图像显示健康，但环境传感器提示较高风险；最近 6 小时存在持续湿润或降雨，积水状态概率上升；当前主风险与上一时刻状态信念一致，系统置信度上升；时间趋势支持当前主风险，系统置信度上升,优先让机器人复查该区域并重新采样；检查排水情况并降低灌溉优先级,normal
2026-09-03 08:00,58.3,中,0.68,0.276,0.009,0.008,0.008,0.684,0.008,0.007,35.0,中,waterlogging,63.2,14.5,1.00,0.84,0.73,0.27,环境和视觉存在冲突，降低直接执行可靠性,P(healthy)=0.20；P(drought)=0.01；P(heat)=0.01；P(pest)=0.01；P(waterlogging)=0.74；P(low_light)=0.01；P(sensor_anomaly)=0.01,P(healthy)=0.89；P(drought)=0.02；P(heat)=0.02；P(pest)=0.02；P(waterlogging)=0.02；P(low_light)=0.02；P(sensor_anomaly)=0.01,P(healthy)=0.39；P(drought)=0.01；P(heat)=0.01；P(pest)=0.01；P(waterlogging)=0.55；P(low_light)=0.01；P(sensor_anomaly)=0.01,P(healthy)=0.28；P(drought)=0.01；P(heat)=0.01；P(pest)=0.01；P(waterlogging)=0.68；P(low_light)=0.01；P(sensor_anomaly)=0.01,persistent_wet_condition_6h,same_risk_state_consistent_with_previous_belief；temporal_trend_supports_dominant_state,图像显示健康，但环境传感器提示较高风险,hold,resample_before_action,中风险 + 高不确定性 → 重新采样后再决策,土壤湿度过高；图像标签显示作物状态健康；环境和视觉存在冲突，降低直接执行可靠性；数据冲突：图像显示健康，但环境传感器提示较高风险；最近 6 小时存在持续湿润或降雨，积水状态概率上升；当前主风险与上一时刻状态信念一致，系统置信度上升；时间趋势支持当前主风险，系统置信度上升,优先让机器人复查该区域并重新采样；检查排水情况并降低灌溉优先级,normal
2026-09-03 09:00,59.2,中,0.66,0.265,0.044,0.008,0.008,0.661,0.008,0.007,35.0,中,waterlogging,63.2,13.0,1.00,0.93,0.71,0.29,环境和视觉存在冲突，降低直接执行可靠性,P(healthy)=0.20；P(drought)=0.01；P(heat)=0.01；P(pest)=0.01；P(waterlogging)=0.74；P(low_light)=0.01；P(sensor_anomaly)=0.01,P(healthy)=0.92；P(drought)=0.01；P(heat)=0.01；P(pest)=0.01；P(waterlogging)=0.01；P(low_light)=0.01；P(sensor_anomaly)=0.01,P(healthy)=0.41；P(drought)=0.01；P(heat)=0.01；P(pest)=0.01；P(waterlogging)=0.53；P(low_light)=0.01；P(sensor_anomaly)=0.01,P(healthy)=0.26；P(drought)=0.04；P(heat)=0.01；P(pest)=0.01；P(waterlogging)=0.66；P(low_light)=0.01；P(sensor_anomaly)=0.01,soil_moisture_decreasing_6h；persistent_wet_condition_6h,same_risk_state_consistent_with_previous_belief；temporal_trend_supports_dominant_state,图像显示健康，但环境传感器提示较高风险,hold,resample_before_action,中风险 + 高不确定性 → 重新采样后再决策,土壤湿度过高；图像标签显示作物状态健康；环境和视觉存在冲突，降低直接执行可靠性；数据冲突：图像显示健康，但环境传感器提示较高风险；最近 6 小时土壤湿度持续下降，干旱状态概率上升；最近 6 小时存在持续湿润或降雨，积水状态概率上升；当前主风险与上一时刻状态信念一致，系统置信度上升；时间趋势支持当前主风险，系统置信度上升,优先让机器人复查该区域并重新采样；检查排水情况并降低灌溉优先级,normal
2026-09-03 10:00,59.1,中,0.49,0.263,0.063,0.157,0.008,0.494,0.008,0.007,35.0,中,waterlogging,58.9,14.1,1.00,0.86,0.72,0.28,环境和视觉存在冲突，降低直接执行可靠性,P(healthy)=0.24；P(drought)=0.01；P(heat)=0.70；P(pest)=0.01；P(waterlogging)=0.01；P(low_light)=0.01；P(sensor_anomaly)=0.01,P(healthy)=0.90；P(drought)=0.02；P(heat)=0.02；P(pest)=0.02；P(waterlogging)=0.02；P(low_light)=0.02；P(sensor_anomaly)=0.01,P(healthy)=0.42；P(drought)=0.01；P(heat)=0.51；P(pest)=0.01；P(waterlogging)=0.01；P(low_light)=0.01；P(sensor_anomaly)=0.01,P(healthy)=0.26；P(drought)=0.06；P(heat)=0.16；P(pest)=0.01；P(waterlogging)=0.49；P(low_light)=0.01；P(sensor_anomaly)=0.01,soil_moisture_decreasing_6h；persistent_wet_condition_6h,same_risk_state_consistent_with_previous_belief；temporal_trend_supports_dominant_state,图像显示健康，但环境传感器提示较高风险,hold,resample_before_action,中风险 + 高不确定性 → 重新采样后再决策,温度偏高；图像标签显示作物状态健康；环境和视觉存在冲突，降低直接执行可靠性；数据冲突：图像显示健康，但环境传感器提示较高风险；最近 6 小时土壤湿度持续下降，干旱状态概率上升；最近 6 小时存在持续湿润或降雨，积水状态概率上升；当前主风险与上一时刻状态信念一致，系统置信度上升；时间趋势支持当前主风险，系统置信度上升,优先让机器人复查该区域并重新采样；检查排水情况并降低灌溉优先级,normal
2026-09-03 11:00,57.2,中,0.36,0.288,0.077,0.247,0.008,0.363,0.008,0.008,47.0,中,waterlogging,58.9,12.8,1.00,0.94,0.71,0.29,环境和视觉存在冲突，降低直接执行可靠性,P(healthy)=0.24；P(drought)=0.01；P(heat)=0.70；P(pest)=0.01；P(waterlogging)=0.01；P(low_light)=0.01；P(sensor_anomaly)=0.01,P(healthy)=0.92；P(drought)=0.01；P(heat)=0.01；P(pest)=0.01；P(waterlogging)=0.01；P(low_light)=0.01；P(sensor_anomaly)=0.01,P(healthy)=0.44；P(drought)=0.01；P(heat)=0.49；P(pest)=0.01；P(waterlogging)=0.01；P(low_light)=0.01；P(sensor_anomaly)=0.01,P(healthy)=0.29；P(drought)=0.08；P(heat)=0.25；P(pest)=0.01；P(waterlogging)=0.36；P(low_light)=0.01；P(sensor_anomaly)=0.01,soil_moisture_decreasing_6h；persistent_wet_condition_6h,temporal_trend_supports_dominant_state,图像显示健康，但环境传感器提示较高风险,hold,resample_before_action,中风险 + 高不确定性 → 重新采样后再决策,温度偏高；图像标签显示作物状态健康；环境和视觉存在冲突，降低直接执行可靠性；数据冲突：图像显示健康，但环境传感器提示较高风险；最近 6 小时土壤湿度持续下降，干旱状态概率上升；最近 6 小时存在持续湿润或降雨，积水状态概率上升；时间趋势支持当前主风险，系统置信度上升,优先让机器人复查该区域并重新采样；检查排水情况并降低灌溉优先级,normal
2026-09-03 12:00,55.3,中,0.32,0.312,0.091,0.319,0.010,0.250,0.010,0.009,47.0,中,heat,58.9,14.3,1.00,0.85,0.73,0.27,环境和视觉存在冲突，降低直接执行可靠性,P(healthy)=0.24；P(drought)=0.01；P(heat)=0.70；P(pest)=0.01；P(waterlogging)=0.01；P(low_light)=0.01；P(sensor_anomaly)=0.01,P(healthy)=0.90；P(drought)=0.02；P(heat)=0.02；P(pest)=0.02；P(waterlogging)=0.02；P(low_light)=0.02；P(sensor_anomaly)=0.01,P(healthy)=0.42；P(drought)=0.01；P(heat)=0.51；P(pest)=0.01；P(waterlogging)=0.01；P(low_light)=0.01；P(sensor_anomaly)=0.01,P(healthy)=0.31；P(drought)=0.09；P(heat)=0.32；P(pest)=0.01；P(waterlogging)=0.25；P(low_light)=0.01；P(sensor_anomaly)=0.01,soil_moisture_decreasing_6h；persistent_wet_condition_6h,,图像显示健康，但环境传感器提示较高风险,hold,resample_before_action,中风险 + 高不确定性 → 重新采样后再决策,温度偏高；图像标签显示作物状态健康；环境和视觉存在冲突，降低直接执行可靠性；数据冲突：图像显示健康，但环境传感器提示较高风险；最近 6 小时土壤湿度持续下降，干旱状态概率上升；最近 6 小时存在持续湿润或降雨，积水状态概率上升,优先让机器人复查该区域并重新采样；增加高温巡检频率并检查遮阴或降温条件,normal
2026-09-03 13:00,56.1,中,0.41,0.299,0.090,0.414,0.009,0.171,0.009,0.008,47.0,中,heat,58.9,14.1,1.00,0.86,0.72,0.28,环境和视觉存在冲突，降低直接执行可靠性,P(healthy)=0.24；P(drought)=0.01；P(heat)=0.70；P(pest)=0.01；P(waterlogging)=0.01；P(low_light)=0.01；P(sensor_anomaly)=0.01,P(healthy)=0.90；P(drought)=0.02；P(heat)=0.02；P(pest)=0.02；P(waterlogging)=0.02；P(low_light)=0.02；P(sensor_anomaly)=0.01,P(healthy)=0.42；P(drought)=0.01；P(heat)=0.51；P(pest)=0.01；P(waterlogging)=0.01；P(low_light)=0.01；P(sensor_anomaly)=0.01,P(healthy)=0.30；P(drought)=0.09；P(heat)=0.41；P(pest)=0.01；P(waterlogging)=0.17；P(low_light)=0.01；P(sensor_anomaly)=0.01,soil_moisture_decreasing_6h；sustained_high_temperature_6h；persistent_wet_condition_6h,temporal_trend_supports_dominant_state,图像显示健康，但环境传感器提示较高风险,hold,resample_before_action,中风险 + 高不确定性 → 重新采样后再决策,温度偏高；图像标签显示作物状态健康；环境和视觉存在冲突，降低直接执行可靠性；数据冲突：图像显示健康，但环境传感器提示较高风险；最近 6 小时土壤湿度持续下降，干旱状态概率上升；最近 6 小时持续高温，热胁迫状态概率上升；最近 6 小时存在持续湿润或降雨，积水状态概率上升；时间趋势支持当前主风险，系统置信度上升,优先让机器人复查该区域并重新采样；增加高温巡检频率并检查遮阴或降温条件,normal
2026-09-03 14:00,57.8,中,0.50,0.272,0.083,0.502,0.008,0.119,0.008,0.008,35.0,中,heat,58.9,13.6,1.00,0.89,0.72,0.28,环境和视觉存在冲突，降低直接执行可靠性,P(healthy)=0.24；P(drought)=0.01；P(heat)=0.70；P(pest)=0.01；P(waterlogging)=0.01；P(low_light)=0.01；P(sensor_anomaly)=0.01,P(healthy)=0.91；P(drought)=0.02；P(heat)=0.02；P(pest)=0.02；P(waterlogging)=0.02；P(low_light)=0.02；P(sensor_anomaly)=0.01,P(healthy)=0.43；P(drought)=0.01；P(heat)=0.50；P(pest)=0.01；P(waterlogging)=0.01；P(low_light)=0.01；P(sensor_anomaly)=0.01,P(healthy)=0.27；P(drought)=0.08；P(heat)=0.50；P(pest)=0.01；P(waterlogging)=0.12；P(low_light)=0.01；P(sensor_anomaly)=0.01,soil_moisture_decreasing_6h；sustained_high_temperature_6h；persistent_wet_condition_6h,same_risk_state_consistent_with_previous_belief；temporal_trend_supports_dominant_state,图像显示健康，但环境传感器提示较高风险,hold,resample_before_action,中风险 + 高不确定性 → 重新采样后再决策,温度偏高；图像标签显示作物状态健康；环境和视觉存在冲突，降低直接执行可靠性；数据冲突：图像显示健康，但环境传感器提示较高风险；最近 6 小时土壤湿度持续下降，干旱状态概率上升；最近 6 小时持续高温，热胁迫状态概率上升；最近 6 小时存在持续湿润或降雨，积水状态概率上升；当前主风险与上一时刻状态信念一致，系统置信度上升；时间趋势支持当前主风险，系统置信度上升,优先让机器人复查该区域并重新采样；增加高温巡检频率并检查遮阴或降温条件,normal
2026-09-03 15:00,47.0,中,0.36,0.432,0.084,0.364,0.008,0.098,0.008,0.007,2.0,低,heat,10.5,13.3,1.00,0.91,0.64,0.36,,P(healthy)=0.96；P(drought)=0.01；P(heat)=0.01；P(pest)=0.01；P(waterlogging)=0.01；P(low_light)=0.01；P(sensor_anomaly)=0.01,P(healthy)=0.91；P(drought)=0.01；P(heat)=0.01；P(pest)=0.01；P(waterlogging)=0.01；P(low_light)=0.01；P(sensor_anomaly)=0.01,P(healthy)=0.94；P(drought)=0.01；P(heat)=0.01；P(pest)=0.01；P(waterlogging)=0.01；P(low_light)=0.01；P(sensor_anomaly)=0.01,P(healthy)=0.43；P(drought)=0.08；P(heat)=0.36；P(pest)=0.01；P(waterlogging)=0.10；P(low_light)=0.01；P(sensor_anomaly)=0.01,soil_moisture_decreasing_6h；sustained_high_temperature_6h；persistent_wet_condition_6h,temporal_trend_supports_dominant_state,,hold,monitor_more_context,风险或不确定性处于中间状态 → 继续观察并收集更多上下文,环境传感器指标处于正常范围；图像标签显示作物状态健康；最近 6 小时土壤湿度持续下降，干旱状态概率上升；最近 6 小时持续高温，热胁迫状态概率上升；最近 6 小时存在持续湿润或降雨，积水状态概率上升；时间趋势支持当前主风险，系统置信度上升,增加高温巡检频率并检查遮阴或降温条件,normal
2026-09-03 16:00,37.1,低,0.58,0.577,0.093,0.249,0.007,0.060,0.007,0.007,0.0,低,healthy,10.5,12.5,1.00,0.96,0.63,0.37,,P(healthy)=0.96；P(drought)=0.01；P(heat)=0.01；P(pest)=0.01；P(waterlogging)=0.01；P(low_light)=0.01；P(sensor_anomaly)=0.01,P(healthy)=0.93；P(drought)=0.01；P(heat)=0.01；P(pest)=0.01；P(waterlogging)=0.01；P(low_light)=0.01；P(sensor_anomaly)=0.01,P(healthy)=0.95；P(drought)=0.01；P(heat)=0.01；P(pest)=0.01；P(waterlogging)=0.01；P(low_light)=0.01；P(sensor_anomaly)=0.01,P(healthy)=0.58；P(drought)=0.09；P(heat)=0.25；P(pest)=0.01；P(waterlogging)=0.06；P(low_light)=0.01；P(sensor_anomaly)=0.01,soil_moisture_decreasing_6h；sustained_high_temperature_6h,,,observe,routine_patrol,低风险 + 低不确定性 → 常规巡检,环境传感器指标处于正常范围；图像标签显示作物状态健康；最近 6 小时土壤湿度持续下降，干旱状态概率上升；最近 6 小时持续高温，热胁迫状态概率上升,继续常规巡检,normal
2026-09-03 17:00,31.6,低,0.66,0.658,0.099,0.182,0.008,0.038,0.008,0.007,0.0,低,healthy,10.5,14.0,1.00,0.87,0.65,0.35,,P(healthy)=0.96；P(drought)=0.01；P(heat)=0.01；P(pest)=0.01；P(waterlogging)=0.01；P(low_light)=0.01；P(sensor_anomaly)=0.01,P(healthy)=0.90；P(drought)=0.02；P(heat)=0.02；P(pest)=0.02；P(waterlogging)=0.02；P(low_light)=0.02；P(sensor_anomaly)=0.01,P(healthy)=0.94；P(drought)=0.01；P(heat)=0.01；P(pest)=0.01；P(waterlogging)=0.01；P(low_light)=0.01；P(sensor_anomaly)=0.01,P(healthy)=0.66；P(drought)=0.10；P(heat)=0.18；P(pest)=0.01；P(waterlogging)=0.04；P(low_light)=0.01；P(sensor_anomaly)=0.01,soil_moisture_decreasing_6h；sustained_high_temperature_6h,,,observe,routine_patrol,低风险 + 低不确定性 → 常规巡检,环境传感器指标处于正常范围；图像标签显示作物状态健康；最近 6 小时土壤湿度持续下降，干旱状态概率上升；最近 6 小时持续高温，热胁迫状态概率上升,继续常规巡检,normal
2026-09-03 18:00,26.3,低,0.73,0.735,0.106,0.109,0.008,0.026,0.008,0.007,0.0,低,healthy,10.5,13.4,1.00,0.90,0.64,0.36,,P(healthy)=0.96；P(drought)=0.01；P(heat)=0.01；P(pest)=0.01；P(waterlogging)=0.01；P(low_light)=0.01；P(sensor_anomaly)=0.01,P(healthy)=0.91；P(drought)=0.02；P(heat)=0.02；P(pest)=0.02；P(waterlogging)=0.02；P(low_light)=0.02；P(sensor_anomaly)=0.01,P(healthy)=0.94；P(drought)=0.01；P(heat)=0.01；P(pest)=0.01；P(waterlogging)=0.01；P(low_light)=0.01；P(sensor_anomaly)=0.01,P(healthy)=0.73；P(drought)=0.11；P(heat)=0.11；P(pest)=0.01；P(waterlogging)=0.03；P(low_light)=0.01；P(sensor_anomaly)=0.01,soil_moisture_decreasing_6h,,,observe,routine_patrol,低风险 + 低不确定性 → 常规巡检,环境传感器指标处于正常范围；图像标签显示作物状态健康；最近 6 小时土壤湿度持续下降，干旱状态概率上升,继续常规巡检,normal
2026-09-03 19:00,23.4,低,0.78,0.778,0.111,0.067,0.009,0.019,0.009,0.007,0.0,低,healthy,10.5,14.3,1.00,0.85,0.66,0.34,,P(healthy)=0.96；P(drought)=0.01；P(heat)=0.01；P(pest)=0.01；P(waterlogging)=0.01；P(low_light)=0.01；P(sensor_anomaly)=0.01,P(healthy)=0.90；P(drought)=0.02；P(heat)=0.02；P(pest)=0.02；P(waterlogging)=0.02；P(low_light)=0.02；P(sensor_anomaly)=0.01,P(healthy)=0.94；P(drought)=0.01；P(heat)=0.01；P(pest)=0.01；P(waterlogging)=0.01；P(low_light)=0.01；P(sensor_anomaly)=0.01,P(healthy)=0.78；P(drought)=0.11；P(heat)=0.07；P(pest)=0.01；P(waterlogging)=0.02；P(low_light)=0.01；P(sensor_anomaly)=0.01,soil_moisture_decreasing_6h,,,observe,routine_patrol,低风险 + 低不确定性 → 常规巡检,环境传感器指标处于正常范围；图像标签显示作物状态健康；最近 6 小时土壤湿度持续下降，干旱状态概率上升,继续常规巡检,normal
2026-09-03 20:00,18.3,很低,0.85,0.849,0.068,0.043,0.009,0.015,0.009,0.008,0.0,低,healthy,10.5,12.5,1.00,0.96,0.63,0.37,,P(healthy)=0.96；P(drought)=0.01；P(heat)=0.01；P(pest)=0.01；P(waterlogging)=0.01；P(low_light)=0.01；P(sensor_anomaly)=0.01,P(healthy)=0.93；P(drought)=0.01；P(heat)=0.01；P(pest)=0.01；P(waterlogging)=0.01；P(low_light)=0.01；P(sensor_anomaly)=0.01,P(healthy)=0.95；P(drought)=0.01；P(heat)=0.01；P(pest)=0.01；P(waterlogging)=0.01；P(low_light)=0.01；P(sensor_anomaly)=0.01,P(healthy)=0.85；P(drought)=0.07；P(heat)=0.04；P(pest)=0.01；P(waterlogging)=0.01；P(low_light)=0.01；P(sensor_anomaly)=0.01,,,,observe,routine_patrol,低风险 + 低不确定性 → 常规巡检,环境传感器指标处于正常范围；图像标签显示作物状态健康,继续常规巡检,normal
2026-09-03 21:00,15.5,很低,0.89,0.887,0.044,0.029,0.010,0.013,0.010,0.008,0.0,低,healthy,10.5,14.1,1.00,0.86,0.65,0.35,,P(healthy)=0.96；P(drought)=0.01；P(heat)=0.01；P(pest)=0.01；P(waterlogging)=0.01；P(low_light)=0.01；P(sensor_anomaly)=0.01,P(healthy)=0.90；P(drought)=0.02；P(heat)=0.02；P(pest)=0.02；P(waterlogging)=0.02；P(low_light)=0.02；P(sensor_anomaly)=0.01,P(healthy)=0.94；P(drought)=0.01；P(heat)=0.01；P(pest)=0.01；P(waterlogging)=0.01；P(low_light)=0.01；P(sensor_anomaly)=0.01,P(healthy)=0.89；P(drought)=0.04；P(heat)=0.03；P(pest)=0.01；P(waterlogging)=0.01；P(low_light)=0.01；P(sensor_anomaly)=0.01,,,,observe,routine_patrol,低风险 + 低不确定性 → 常规巡检,环境传感器指标处于正常范围；图像标签显示作物状态健康,继续常规巡检,normal
2026-09-03 22:00,45.0,中,0.24,0.679,0.030,0.022,0.011,0.238,0.011,0.009,47.0,中,waterlogging,63.7,14.0,1.00,0.87,0.72,0.28,环境和视觉存在冲突，降低直接执行可靠性,P(healthy)=0.20；P(drought)=0.01；P(heat)=0.01；P(pest)=0.01；P(waterlogging)=0.75；P(low_light)=0.01；P(sensor_anomaly)=0.01,P(healthy)=0.90；P(drought)=0.02；P(heat)=0.02；P(pest)=0.02；P(waterlogging)=0.02；P(low_light)=0.02；P(sensor_anomaly)=0.01,P(healthy)=0.39；P(drought)=0.01；P(heat)=0.01；P(pest)=0.01；P(waterlogging)=0.55；P(low_light)=0.01；P(sensor_anomaly)=0.01,P(healthy)=0.68；P(drought)=0.03；P(heat)=0.02；P(pest)=0.01；P(waterlogging)=0.24；P(low_light)=0.01；P(sensor_anomaly)=0.01,,,图像显示健康，但环境传感器提示较高风险,hold,resample_before_action,中风险 + 高不确定性 → 重新采样后再决策,降雨量较高且土壤湿度偏高；图像标签显示作物状态健康；环境和视觉存在冲突，降低直接执行可靠性；数据冲突：图像显示健康，但环境传感器提示较高风险,优先让机器人复查该区域并重新采样；检查排水情况并降低灌溉优先级,normal
2026-09-03 23:00,45.0,中,0.40,0.538,0.021,0.016,0.010,0.397,0.010,0.008,47.0,中,waterlogging,69.6,13.4,1.00,0.90,0.72,0.28,环境和视觉存在冲突，降低直接执行可靠性,P(healthy)=0.11；P(drought)=0.01；P(heat)=0.01；P(pest)=0.01；P(waterlogging)=0.86；P(low_light)=0.01；P(sensor_anomaly)=0.01,P(healthy)=0.91；P(drought)=0.02；P(heat)=0.02；P(pest)=0.02；P(waterlogging)=0.02；P(low_light)=0.02；P(sensor_anomaly)=0.01,P(healthy)=0.34；P(drought)=0.01；P(heat)=0.01；P(pest)=0.01；P(waterlogging)=0.62；P(low_light)=0.01；P(sensor_anomaly)=0.01,P(healthy)=0.54；P(drought)=0.02；P(heat)=0.02；P(pest)=0.01；P(waterlogging)=0.40；P(low_light)=0.01；P(sensor_anomaly)=0.01,,,图像显示健康，但环境传感器提示较高风险,hold,resample_before_action,中风险 + 高不确定性 → 重新采样后再决策,降雨量较高且土壤湿度偏高；图像标签显示作物状态健康；环境和视觉存在冲突，降低直接执行可靠性；数据冲突：图像显示健康，但环境传感器提示较高风险,优先让机器人复查该区域并重新采样；检查排水情况并降低灌溉优先级,normal
2026-09-04 00:00,46.8,中,0.50,0.438,0.016,0.013,0.010,0.505,0.010,0.008,35.0,中,waterlogging,63.2,13.8,1.00,0.88,0.72,0.28,环境和视觉存在冲突，降低直接执行可靠性,P(healthy)=0.20；P(drought)=0.01；P(heat)=0.01；P(pest)=0.01；P(waterlogging)=0.74；P(low_light)=0.01；P(sensor_anomaly)=0.01,P(healthy)=0.91；P(drought)=0.02；P(heat)=0.02；P(pest)=0.02；P(waterlogging)=0.02；P(low_light)=0.02；P(sensor_anomaly)=0.01,P(healthy)=0.40；P(drought)=0.01；P(heat)=0.01；P(pest)=0.01；P(waterlogging)=0.54；P(low_light)=0.01；P(sensor_anomaly)=0.01,P(healthy)=0.44；P(drought)=0.02；P(heat)=0.01；P(pest)=0.01；P(waterlogging)=0.50；P(low_light)=0.01；P(sensor_anomaly)=0.01,persistent_wet_condition_6h,temporal_trend_supports_dominant_state,图像显示健康，但环境传感器提示较高风险,hold,resample_before_action,中风险 + 高不确定性 → 重新采样后再决策,土壤湿度过高；图像标签显示作物状态健康；环境和视觉存在冲突，降低直接执行可靠性；数据冲突：图像显示健康，但环境传感器提示较高风险；最近 6 小时存在持续湿润或降雨，积水状态概率上升；时间趋势支持当前主风险，系统置信度上升,优先让机器人复查该区域并重新采样；检查排水情况并降低灌溉优先级,normal
2026-09-04 01:00,52.3,中,0.59,0.361,0.012,0.011,0.009,0.591,0.009,0.008,35.0,中,waterlogging,63.2,13.0,1.00,0.93,0.71,0.29,环境和视觉存在冲突，降低直接执行可靠性,P(healthy)=0.20；P(drought)=0.01；P(heat)=0.01；P(pest)=0.01；P(waterlogging)=0.74；P(low_light)=0.01；P(sensor_anomaly)=0.01,P(healthy)=0.92；P(drought)=0.01；P(heat)=0.01；P(pest)=0.01；P(waterlogging)=0.01；P(low_light)=0.01；P(sensor_anomaly)=0.01,P(healthy)=0.41；P(drought)=0.01；P(heat)=0.01；P(pest)=0.01；P(waterlogging)=0.53；P(low_light)=0.01；P(sensor_anomaly)=0.01,P(healthy)=0.36；P(drought)=0.01；P(heat)=0.01；P(pest)=0.01；P(waterlogging)=0.59；P(low_light)=0.01；P(sensor_anomaly)=0.01,persistent_wet_condition_6h,same_risk_state_consistent_with_previous_belief；temporal_trend_supports_dominant_state,图像显示健康，但环境传感器提示较高风险,hold,resample_before_action,中风险 + 高不确定性 → 重新采样后再决策,土壤湿度过高；图像标签显示作物状态健康；环境和视觉存在冲突，降低直接执行可靠性；数据冲突：图像显示健康，但环境传感器提示较高风险；最近 6 小时存在持续湿润或降雨，积水状态概率上升；当前主风险与上一时刻状态信念一致，系统置信度上升；时间趋势支持当前主风险，系统置信度上升,优先让机器人复查该区域并重新采样；检查排水情况并降低灌溉优先级,normal
2026-09-04 02:00,55.6,中,0.64,0.314,0.010,0.010,0.009,0.641,0.009,0.007,35.0,中,waterlogging,63.2,14.7,1.00,0.83,0.73,0.27,环境和视觉存在冲突，降低直接执行可靠性,P(healthy)=0.20；P(drought)=0.01；P(heat)=0.01；P(pest)=0.01；P(waterlogging)=0.74；P(low_light)=0.01；P(sensor_anomaly)=0.01,P(healthy)=0.89；P(drought)=0.02；P(heat)=0.02；P(pest)=0.02；P(waterlogging)=0.02；P(low_light)=0.02；P(sensor_anomaly)=0.01,P(healthy)=0.39；P(drought)=0.01；P(heat)=0.01；P(pest)=0.01；P(waterlogging)=0.55；P(low_light)=0.01；P(sensor_anomaly)=0.01,P(healthy)=0.31；P(drought)=0.01；P(heat)=0.01；P(pest)=0.01；P(waterlogging)=0.64；P(low_light)=0.01；P(sensor_anomaly)=0.01,persistent_wet_condition_6h,same_risk_state_consistent_with_previous_belief；temporal_trend_supports_dominant_state,图像显示健康，但环境传感器提示较高风险,hold,resample_before_action,中风险 + 高不确定性 → 重新采样后再决策,土壤湿度过高；图像标签显示作物状态健康；环境和视觉存在冲突，降低直接执行可靠性；数据冲突：图像显示健康，但环境传感器提示较高风险；最近 6 小时存在持续湿润或降雨，积水状态概率上升；当前主风险与上一时刻状态信念一致，系统置信度上升；时间趋势支持当前主风险，系统置信度上升,优先让机器人复查该区域并重新采样；检查排水情况并降低灌溉优先级,normal
2026-09-04 03:00,62.2,中高,0.66,0.213,0.013,0.008,0.093,0.657,0.008,0.007,0.0,低,waterlogging,63.2,68.3,1.00,0.77,0.68,0.32,,P(healthy)=0.20；P(drought)=0.01；P(heat)=0.01；P(pest)=0.01；P(waterlogging)=0.74；P(low_light)=0.01；P(sensor_anomaly)=0.01,P(healthy)=0.06；P(drought)=0.05；P(heat)=0.01；P(pest)=0.80；P(waterlogging)=0.05；P(low_light)=0.01；P(sensor_anomaly)=0.01,P(healthy)=0.16；P(drought)=0.02；P(heat)=0.01；P(pest)=0.26；P(waterlogging)=0.52；P(low_light)=0.01；P(sensor_anomaly)=0.01,P(healthy)=0.21；P(drought)=0.01；P(heat)=0.01；P(pest)=0.09；P(waterlogging)=0.66；P(low_light)=0.01；P(sensor_anomaly)=0.01,persistent_wet_condition_6h,same_risk_state_consistent_with_previous_belief；temporal_trend_supports_dominant_state,,execute,execute_recommended_action,高风险 + 低不确定性 → 允许执行建议动作,土壤湿度过高；图像标签疑似病虫害；最近 6 小时存在持续湿润或降雨，积水状态概率上升；当前主风险与上一时刻状态信念一致，系统置信度上升；时间趋势支持当前主风险，系统置信度上升,检查排水情况并降低灌溉优先级,normal
2026-09-04 04:00,60.0,中高,0.67,0.247,0.010,0.008,0.051,0.668,0.008,0.007,35.0,中,waterlogging,63.2,12.8,1.00,0.94,0.71,0.29,环境和视觉存在冲突，降低直接执行可靠性,P(healthy)=0.20；P(drought)=0.01；P(heat)=0.01；P(pest)=0.01；P(waterlogging)=0.74；P(low_light)=0.01；P(sensor_anomaly)=0.01,P(healthy)=0.92；P(drought)=0.01；P(heat)=0.01；P(pest)=0.01；P(waterlogging)=0.01；P(low_light)=0.01；P(sensor_anomaly)=0.01,P(healthy)=0.41；P(drought)=0.01；P(heat)=0.01；P(pest)=0.01；P(waterlogging)=0.53；P(low_light)=0.01；P(sensor_anomaly)=0.01,P(healthy)=0.25；P(drought)=0.01；P(heat)=0.01；P(pest)=0.05；P(waterlogging)=0.67；P(low_light)=0.01；P(sensor_anomaly)=0.01,persistent_wet_condition_6h,same_risk_state_consistent_with_previous_belief；temporal_trend_supports_dominant_state,图像显示健康，但环境传感器提示较高风险,hold,recheck_before_action,高风险 + 高不确定性 → 先复查，不直接执行动作,土壤湿度过高；图像标签显示作物状态健康；环境和视觉存在冲突，降低直接执行可靠性；数据冲突：图像显示健康，但环境传感器提示较高风险；最近 6 小时存在持续湿润或降雨，积水状态概率上升；当前主风险与上一时刻状态信念一致，系统置信度上升；时间趋势支持当前主风险，系统置信度上升,优先让机器人复查该区域并重新采样；检查排水情况并降低灌溉优先级,normal
2026-09-04 05:00,59.2,中,0.68,0.261,0.009,0.008,0.030,0.677,0.008,0.007,35.0,中,waterlogging,63.2,13.6,1.00,0.89,0.72,0.28,环境和视觉存在冲突，降低直接执行可靠性,P(healthy)=0.20；P(drought)=0.01；P(heat)=0.01；P(pest)=0.01；P(waterlogging)=0.74；P(low_light)=0.01；P(sensor_anomaly)=0.01,P(healthy)=0.91；P(drought)=0.02；P(heat)=0.02；P(pest)=0.02；P(waterlogging)=0.02；P(low_light)=0.02；P(sensor_anomaly)=0.01,P(healthy)=0.40；P(drought)=0.01；P(heat)=0.01；P(pest)=0.01；P(waterlogging)=0.54；P(low_light)=0.01；P(sensor_anomaly)=0.01,P(healthy)=0.26；P(drought)=0.01；P(heat)=0.01；P(pest)=0.03；P(waterlogging)=0.68；P(low_light)=0.01；P(sensor_anomaly)=0.01,persistent_wet_condition_6h,same_risk_state_consistent_with_previous_belief；temporal_trend_supports_dominant_state,图像显示健康，但环境传感器提示较高风险,hold,resample_before_action,中风险 + 高不确定性 → 重新采样后再决策,土壤湿度过高；图像标签显示作物状态健康；环境和视觉存在冲突，降低直接执行可靠性；数据冲突：图像显示健康，但环境传感器提示较高风险；最近 6 小时存在持续湿润或降雨，积水状态概率上升；当前主风险与上一时刻状态信念一致，系统置信度上升；时间趋势支持当前主风险，系统置信度上升,优先让机器人复查该区域并重新采样；检查排水情况并降低灌溉优先级,normal
2026-09-04 06:00,63.3,中高,0.73,0.203,0.015,0.008,0.026,0.733,0.008,0.007,44.0,中,waterlogging,63.2,57.4,1.00,0.32,0.90,0.10,视觉置信度低，降低视觉模态权重,P(healthy)=0.20；P(drought)=0.01；P(heat)=0.01；P(pest)=0.01；P(waterlogging)=0.74；P(low_light)=0.01；P(sensor_anomaly)=0.01,P(healthy)=0.27；P(drought)=0.22；P(heat)=0.02；P(pest)=0.22；P(waterlogging)=0.22；P(low_light)=0.02；P(sensor_anomaly)=0.02,P(healthy)=0.21；P(drought)=0.03；P(heat)=0.01；P(pest)=0.03；P(waterlogging)=0.69；P(low_light)=0.01；P(sensor_anomaly)=0.01,P(healthy)=0.20；P(drought)=0.02；P(heat)=0.01；P(pest)=0.03；P(waterlogging)=0.73；P(low_light)=0.01；P(sensor_anomaly)=0.01,persistent_wet_condition_6h,same_risk_state_consistent_with_previous_belief；temporal_trend_supports_dominant_state,,hold,recheck_before_action,高风险 + 高不确定性 → 先复查，不直接执行动作,土壤湿度过高；图像标签未知；视觉置信度不足，不能单独作为强决策依据；视觉置信度低，降低视觉模态权重；最近 6 小时存在持续湿润或降雨，积水状态概率上升；当前主风险与上一时刻状态信念一致，系统置信度上升；时间趋势支持当前主风险，系统置信度上升,优先让机器人复查该区域并重新采样；检查排水情况并降低灌溉优先级,normal
2026-09-04 07:00,50.6,中,0.53,0.388,0.047,0.007,0.016,0.529,0.007,0.006,0.0,低,waterlogging,10.5,13.1,1.00,0.92,0.64,0.36,,P(healthy)=0.96；P(drought)=0.01；P(heat)=0.01；P(pest)=0.01；P(waterlogging)=0.01；P(low_light)=0.01；P(sensor_anomaly)=0.01,P(healthy)=0.92；P(drought)=0.01；P(heat)=0.01；P(pest)=0.01；P(waterlogging)=0.01；P(low_light)=0.01；P(sensor_anomaly)=0.01,P(healthy)=0.94；P(drought)=0.01；P(heat)=0.01；P(pest)=0.01；P(waterlogging)=0.01；P(low_light)=0.01；P(sensor_anomaly)=0.01,P(healthy)=0.39；P(drought)=0.05；P(heat)=0.01；P(pest)=0.02；P(waterlogging)=0.53；P(low_light)=0.01；P(sensor_anomaly)=0.01,soil_moisture_decreasing_6h；persistent_wet_condition_6h,same_risk_state_consistent_with_previous_belief；temporal_trend_supports_dominant_state,,hold,monitor_more_context,风险或不确定性处于中间状态 → 继续观察并收集更多上下文,环境传感器指标处于正常范围；图像标签显示作物状态健康；最近 6 小时土壤湿度持续下降，干旱状态概率上升；最近 6 小时存在持续湿润或降雨，积水状态概率上升；当前主风险与上一时刻状态信念一致，系统置信度上升；时间趋势支持当前主风险，系统置信度上升,检查排水情况并降低灌溉优先级,normal
2026-09-04 08:00,39.3,低,0.55,0.551,0.072,0.007,0.012,0.344,0.007,0.007,0.0,低,healthy,10.5,12.6,1.00,0.95,0.63,0.37,,P(healthy)=0.96；P(drought)=0.01；P(heat)=0.01；P(pest)=0.01；P(waterlogging)=0.01；P(low_light)=0.01；P(sensor_anomaly)=0.01,P(healthy)=0.92；P(drought)=0.01；P(heat)=0.01；P(pest)=0.01；P(waterlogging)=0.01；P(low_light)=0.01；P(sensor_anomaly)=0.01,P(healthy)=0.95；P(drought)=0.01；P(heat)=0.01；P(pest)=0.01；P(waterlogging)=0.01；P(low_light)=0.01；P(sensor_anomaly)=0.01,P(healthy)=0.55；P(drought)=0.07；P(heat)=0.01；P(pest)=0.01；P(waterlogging)=0.34；P(low_light)=0.01；P(sensor_anomaly)=0.01,soil_moisture_decreasing_6h；persistent_wet_condition_6h,,,observe,routine_patrol,低风险 + 低不确定性 → 常规巡检,环境传感器指标处于正常范围；图像标签显示作物状态健康；最近 6 小时土壤湿度持续下降，干旱状态概率上升；最近 6 小时存在持续湿润或降雨，积水状态概率上升,继续常规巡检,normal
2026-09-04 09:00,51.4,中,0.28,0.368,0.085,0.175,0.071,0.285,0.008,0.008,2.0,低,waterlogging,58.9,66.7,1.00,0.68,0.75,0.25,视觉置信度中等，轻微降低视觉模态权重,P(healthy)=0.24；P(drought)=0.01；P(heat)=0.70；P(pest)=0.01；P(waterlogging)=0.01；P(low_light)=0.01；P(sensor_anomaly)=0.01,P(healthy)=0.09；P(drought)=0.05；P(heat)=0.01；P(pest)=0.77；P(waterlogging)=0.05；P(low_light)=0.01；P(sensor_anomaly)=0.01,P(healthy)=0.21；P(drought)=0.02；P(heat)=0.53；P(pest)=0.20；P(waterlogging)=0.02；P(low_light)=0.01；P(sensor_anomaly)=0.01,P(healthy)=0.37；P(drought)=0.09；P(heat)=0.18；P(pest)=0.07；P(waterlogging)=0.28；P(low_light)=0.01；P(sensor_anomaly)=0.01,soil_moisture_decreasing_6h；persistent_wet_condition_6h,temporal_trend_supports_dominant_state,,hold,monitor_more_context,风险或不确定性处于中间状态 → 继续观察并收集更多上下文,温度偏高；图像标签疑似病虫害；视觉置信度中等，轻微降低视觉模态权重；最近 6 小时土壤湿度持续下降，干旱状态概率上升；最近 6 小时存在持续湿润或降雨，积水状态概率上升；时间趋势支持当前主风险，系统置信度上升,检查排水情况并降低灌溉优先级,normal
2026-09-04 10:00,51.8,中,0.28,0.362,0.095,0.275,0.046,0.204,0.009,0.009,47.0,中,heat,58.9,13.8,1.00,0.88,0.72,0.28,环境和视觉存在冲突，降低直接执行可靠性,P(healthy)=0.24；P(drought)=0.01；P(heat)=0.70；P(pest)=0.01；P(waterlogging)=0.01；P(low_light)=0.01；P(sensor_anomaly)=0.01,P(healthy)=0.91；P(drought)=0.02；P(heat)=0.02；P(pest)=0.02；P(waterlogging)=0.02；P(low_light)=0.02；P(sensor_anomaly)=0.01,P(healthy)=0.43；P(drought)=0.01；P(heat)=0.50；P(pest)=0.01；P(waterlogging)=0.01；P(low_light)=0.01；P(sensor_anomaly)=0.01,P(healthy)=0.36；P(drought)=0.10；P(heat)=0.28；P(pest)=0.05；P(waterlogging)=0.20；P(low_light)=0.01；P(sensor_anomaly)=0.01,soil_moisture_decreasing_6h；persistent_wet_condition_6h,,图像显示健康，但环境传感器提示较高风险,hold,resample_before_action,中风险 + 高不确定性 → 重新采样后再决策,温度偏高；图像标签显示作物状态健康；环境和视觉存在冲突，降低直接执行可靠性；数据冲突：图像显示健康，但环境传感器提示较高风险；最近 6 小时土壤湿度持续下降，干旱状态概率上升；最近 6 小时存在持续湿润或降雨，积水状态概率上升,优先让机器人复查该区域并重新采样；增加高温巡检频率并检查遮阴或降温条件,normal
2026-09-04 11:00,40.2,中,0.16,0.532,0.100,0.164,0.030,0.157,0.009,0.008,12.0,低,heat,10.5,14.7,1.00,0.83,0.66,0.34,,P(healthy)=0.96；P(drought)=0.01；P(heat)=0.01；P(pest)=0.01；P(waterlogging)=0.01；P(low_light)=0.01；P(sensor_anomaly)=0.01,P(healthy)=0.89；P(drought)=0.02；P(heat)=0.02；P(pest)=0.02；P(waterlogging)=0.02；P(low_light)=0.02；P(sensor_anomaly)=0.01,P(healthy)=0.94；P(drought)=0.01；P(heat)=0.01；P(pest)=0.01；P(waterlogging)=0.01；P(low_light)=0.01；P(sensor_anomaly)=0.01,P(healthy)=0.53；P(drought)=0.10；P(heat)=0.16；P(pest)=0.03；P(waterlogging)=0.16；P(low_light)=0.01；P(sensor_anomaly)=0.01,soil_moisture_decreasing_6h；persistent_wet_condition_6h,,,hold,monitor_more_context,风险或不确定性处于中间状态 → 继续观察并收集更多上下文,环境传感器指标处于正常范围；图像标签显示作物状态健康；最近 6 小时土壤湿度持续下降，干旱状态概率上升；最近 6 小时存在持续湿润或降雨，积水状态概率上升,增加高温巡检频率并检查遮阴或降温条件,normal
2026-09-04 12:00,45.5,中,0.27,0.454,0.104,0.270,0.022,0.130,0.010,0.009,47.0,中,heat,58.9,14.3,1.00,0.85,0.73,0.27,环境和视觉存在冲突，降低直接执行可靠性,P(healthy)=0.24；P(drought)=0.01；P(heat)=0.70；P(pest)=0.01；P(waterlogging)=0.01；P(low_light)=0.01；P(sensor_anomaly)=0.01,P(healthy)=0.90；P(drought)=0.02；P(heat)=0.02；P(pest)=0.02；P(waterlogging)=0.02；P(low_light)=0.02；P(sensor_anomaly)=0.01,P(healthy)=0.42；P(drought)=0.01；P(heat)=0.51；P(pest)=0.01；P(waterlogging)=0.01；P(low_light)=0.01；P(sensor_anomaly)=0.01,P(healthy)=0.45；P(drought)=0.10；P(heat)=0.27；P(pest)=0.02；P(waterlogging)=0.13；P(low_light)=0.01；P(sensor_anomaly)=0.01,soil_moisture_decreasing_6h；persistent_wet_condition_6h,,图像显示健康，但环境传感器提示较高风险,hold,resample_before_action,中风险 + 高不确定性 → 重新采样后再决策,温度偏高；图像标签显示作物状态健康；环境和视觉存在冲突，降低直接执行可靠性；数据冲突：图像显示健康，但环境传感器提示较高风险；最近 6 小时土壤湿度持续下降，干旱状态概率上升；最近 6 小时存在持续湿润或降雨，积水状态概率上升,优先让机器人复查该区域并重新采样；增加高温巡检频率并检查遮阴或降温条件,normal
2026-09-04 13:00,50.5,中,0.38,0.380,0.097,0.384,0.016,0.105,0.009,0.008,47.0,中,heat,58.9,13.1,1.00,0.92,0.71,0.29,环境和视觉存在冲突，降低直接执行可靠性,P(healthy)=0.24；P(drought)=0.01；P(heat)=0.70；P(pest)=0.01；P(waterlogging)=0.01；P(low_light)=0.01；P(sensor_anomaly)=0.01,P(healthy)=0.92；P(drought)=0.01；P(heat)=0.01；P(pest)=0.01；P(waterlogging)=0.01；P(low_light)=0.01；P(sensor_anomaly)=0.01,P(healthy)=0.44；P(drought)=0.01；P(heat)=0.50；P(pest)=0.01；P(waterlogging)=0.01；P(low_light)=0.01；P(sensor_anomaly)=0.01,P(healthy)=0.38；P(drought)=0.10；P(heat)=0.38；P(pest)=0.02；P(waterlogging)=0.11；P(low_light)=0.01；P(sensor_anomaly)=0.01,soil_moisture_decreasing_6h；sustained_high_temperature_6h；persistent_wet_condition_6h,temporal_trend_supports_dominant_state,图像显示健康，但环境传感器提示较高风险,hold,resample_before_action,中风险 + 高不确定性 → 重新采样后再决策,温度偏高；图像标签显示作物状态健康；环境和视觉存在冲突，降低直接执行可靠性；数据冲突：图像显示健康，但环境传感器提示较高风险；最近 6 小时土壤湿度持续下降，干旱状态概率上升；最近 6 小时持续高温，热胁迫状态概率上升；最近 6 小时存在持续湿润或降雨，积水状态概率上升；时间趋势支持当前主风险，系统置信度上升,优先让机器人复查该区域并重新采样；增加高温巡检频率并检查遮阴或降温条件,normal
2026-09-04 14:00,54.3,中,0.50,0.322,0.090,0.501,0.012,0.058,0.009,0.008,35.0,中,heat,58.9,14.0,1.00,0.87,0.72,0.28,环境和视觉存在冲突，降低直接执行可靠性,P(healthy)=0.24；P(drought)=0.01；P(heat)=0.70；P(pest)=0.01；P(waterlogging)=0.01；P(low_light)=0.01；P(sensor_anomaly)=0.01,P(healthy)=0.90；P(drought)=0.02；P(heat)=0.02；P(pest)=0.02；P(waterlogging)=0.02；P(low_light)=0.02；P(sensor_anomaly)=0.01,P(healthy)=0.43；P(drought)=0.01；P(heat)=0.51；P(pest)=0.01；P(waterlogging)=0.01；P(low_light)=0.01；P(sensor_anomaly)=0.01,P(healthy)=0.32；P(drought)=0.09；P(heat)=0.50；P(pest)=0.01；P(waterlogging)=0.06；P(low_light)=0.01；P(sensor_anomaly)=0.01,soil_moisture_decreasing_6h；sustained_high_temperature_6h,same_risk_state_consistent_with_previous_belief；temporal_trend_supports_dominant_state,图像显示健康，但环境传感器提示较高风险,hold,resample_before_action,中风险 + 高不确定性 → 重新采样后再决策,温度偏高；图像标签显示作物状态健康；环境和视觉存在冲突，降低直接执行可靠性；数据冲突：图像显示健康，但环境传感器提示较高风险；最近 6 小时土壤湿度持续下降，干旱状态概率上升；最近 6 小时持续高温，热胁迫状态概率上升；当前主风险与上一时刻状态信念一致，系统置信度上升；时间趋势支持当前主风险，系统置信度上升,优先让机器人复查该区域并重新采样；增加高温巡检频率并检查遮阴或降温条件,normal
2026-09-04 15:00,43.3,中,0.37,0.484,0.091,0.366,0.010,0.034,0.008,0.007,2.0,低,heat,10.5,12.5,1.00,0.96,0.63,0.37,,P(healthy)=0.96；P(drought)=0.01；P(heat)=0.01；P(pest)=0.01；P(waterlogging)=0.01；P(low_light)=0.01；P(sensor_anomaly)=0.01,P(healthy)=0.93；P(drought)=0.01；P(heat)=0.01；P(pest)=0.01；P(waterlogging)=0.01；P(low_light)=0.01；P(sensor_anomaly)=0.01,P(healthy)=0.95；P(drought)=0.01；P(heat)=0.01；P(pest)=0.01；P(waterlogging)=0.01；P(low_light)=0.01；P(sensor_anomaly)=0.01,P(healthy)=0.48；P(drought)=0.09；P(heat)=0.37；P(pest)=0.01；P(waterlogging)=0.03；P(low_light)=0.01；P(sensor_anomaly)=0.01,soil_moisture_decreasing_6h；sustained_high_temperature_6h,temporal_trend_supports_dominant_state,,hold,monitor_more_context,风险或不确定性处于中间状态 → 继续观察并收集更多上下文,环境传感器指标处于正常范围；图像标签显示作物状态健康；最近 6 小时土壤湿度持续下降，干旱状态概率上升；最近 6 小时持续高温，热胁迫状态概率上升；时间趋势支持当前主风险，系统置信度上升,增加高温巡检频率并检查遮阴或降温条件,normal
2026-09-04 16:00,35.0,低,0.61,0.606,0.097,0.250,0.009,0.023,0.008,0.007,0.0,低,healthy,10.5,12.6,1.00,0.95,0.63,0.37,,P(healthy)=0.96；P(drought)=0.01；P(heat)=0.01；P(pest)=0.01；P(waterlogging)=0.01；P(low_light)=0.01；P(sensor_anomaly)=0.01,P(healthy)=0.92；P(drought)=0.01；P(heat)=0.01；P(pest)=0.01；P(waterlogging)=0.01；P(low_light)=0.01；P(sensor_anomaly)=0.01,P(healthy)=0.95；P(drought)=0.01；P(heat)=0.01；P(pest)=0.01；P(waterlogging)=0.01；P(low_light)=0.01；P(sensor_anomaly)=0.01,P(healthy)=0.61；P(drought)=0.10；P(heat)=0.25；P(pest)=0.01；P(waterlogging)=0.02；P(low_light)=0.01；P(sensor_anomaly)=0.01,soil_moisture_decreasing_6h；sustained_high_temperature_6h,,,observe,routine_patrol,低风险 + 低不确定性 → 常规巡检,环境传感器指标处于正常范围；图像标签显示作物状态健康；最近 6 小时土壤湿度持续下降，干旱状态概率上升；最近 6 小时持续高温，热胁迫状态概率上升,继续常规巡检,normal
2026-09-04 17:00,28.2,低,0.71,0.707,0.105,0.148,0.008,0.017,0.008,0.007,0.0,低,healthy,10.5,12.6,1.00,0.95,0.63,0.37,,P(healthy)=0.96；P(drought)=0.01；P(heat)=0.01；P(pest)=0.01；P(waterlogging)=0.01；P(low_light)=0.01；P(sensor_anomaly)=0.01,P(healthy)=0.92；P(drought)=0.01；P(heat)=0.01；P(pest)=0.01；P(waterlogging)=0.01；P(low_light)=0.01；P(sensor_anomaly)=0.01,P(healthy)=0.95；P(drought)=0.01；P(heat)=0.01；P(pest)=0.01；P(waterlogging)=0.01；P(low_light)=0.01；P(sensor_anomaly)=0.01,P(healthy)=0.71；P(drought)=0.10；P(heat)=0.15；P(pest)=0.01；P(waterlogging)=0.02；P(low_light)=0.01；P(sensor_anomaly)=0.01,soil_moisture_decreasing_6h,,,observe,routine_patrol,低风险 + 低不确定性 → 常规巡检,环境传感器指标处于正常范围；图像标签显示作物状态健康；最近 6 小时土壤湿度持续下降，干旱状态概率上升,继续常规巡检,normal
2026-09-04 18:00,25.8,低,0.74,0.744,0.116,0.089,0.016,0.020,0.008,0.007,44.0,中,healthy,10.5,57.4,1.00,0.33,0.90,0.10,视觉置信度低，降低视觉模态权重,P(healthy)=0.96；P(drought)=0.01；P(heat)=0.01；P(pest)=0.01；P(waterlogging)=0.01；P(low_light)=0.01；P(sensor_anomaly)=0.01,P(healthy)=0.27；P(drought)=0.22；P(heat)=0.02；P(pest)=0.22；P(waterlogging)=0.22；P(low_light)=0.02；P(sensor_anomaly)=0.02,P(healthy)=0.89；P(drought)=0.03；P(heat)=0.01；P(pest)=0.03；P(waterlogging)=0.03；P(low_light)=0.01；P(sensor_anomaly)=0.01,P(healthy)=0.74；P(drought)=0.12；P(heat)=0.09；P(pest)=0.02；P(waterlogging)=0.02；P(low_light)=0.01；P(sensor_anomaly)=0.01,soil_moisture_decreasing_6h,,,hold,monitor_more_context,风险或不确定性处于中间状态 → 继续观察并收集更多上下文,环境传感器指标处于正常范围；图像标签未知；视觉置信度不足，不能单独作为强决策依据；视觉置信度低，降低视觉模态权重；最近 6 小时土壤湿度持续下降，干旱状态概率上升,优先让机器人复查该区域并重新采样,normal
2026-09-04 19:00,23.0,低,0.78,0.784,0.116,0.056,0.013,0.016,0.008,0.007,0.0,低,healthy,10.5,13.8,1.00,0.88,0.65,0.35,,P(healthy)=0.96；P(drought)=0.01；P(heat)=0.01；P(pest)=0.01；P(waterlogging)=0.01；P(low_light)=0.01；P(sensor_anomaly)=0.01,P(healthy)=0.91；P(drought)=0.02；P(heat)=0.02；P(pest)=0.02；P(waterlogging)=0.02；P(low_light)=0.02；P(sensor_anomaly)=0.01,P(healthy)=0.94；P(drought)=0.01；P(heat)=0.01；P(pest)=0.01；P(waterlogging)=0.01；P(low_light)=0.01；P(sensor_anomaly)=0.01,P(healthy)=0.78；P(drought)=0.12；P(heat)=0.06；P(pest)=0.01；P(waterlogging)=0.02；P(low_light)=0.01；P(sensor_anomaly)=0.01,soil_moisture_decreasing_6h,,,observe,routine_patrol,低风险 + 低不确定性 → 常规巡检,环境传感器指标处于正常范围；图像标签显示作物状态健康；最近 6 小时土壤湿度持续下降，干旱状态概率上升,继续常规巡检,normal
2026-09-04 20:00,21.4,低,0.81,0.808,0.116,0.036,0.011,0.013,0.009,0.007,0.0,低,healthy,10.5,13.4,1.00,0.90,0.64,0.36,,P(healthy)=0.96；P(drought)=0.01；P(heat)=0.01；P(pest)=0.01；P(waterlogging)=0.01；P(low_light)=0.01；P(sensor_anomaly)=0.01,P(healthy)=0.91；P(drought)=0.02；P(heat)=0.02；P(pest)=0.02；P(waterlogging)=0.02；P(low_light)=0.02；P(sensor_anomaly)=0.01,P(healthy)=0.94；P(drought)=0.01；P(heat)=0.01；P(pest)=0.01；P(waterlogging)=0.01；P(low_light)=0.01；P(sensor_anomaly)=0.01,P(healthy)=0.81；P(drought)=0.12；P(heat)=0.04；P(pest)=0.01；P(waterlogging)=0.01；P(low_light)=0.01；P(sensor_anomaly)=0.01,soil_moisture_decreasing_6h,,,observe,routine_patrol,低风险 + 低不确定性 → 常规巡检,环境传感器指标处于正常范围；图像标签显示作物状态健康；最近 6 小时土壤湿度持续下降，干旱状态概率上升,继续常规巡检,normal
2026-09-04 21:00,17.1,很低,0.87,0.866,0.071,0.025,0.010,0.011,0.009,0.008,0.0,低,healthy,10.5,12.5,1.00,0.96,0.63,0.37,,P(healthy)=0.96；P(drought)=0.01；P(heat)=0.01；P(pest)=0.01；P(waterlogging)=0.01；P(low_light)=0.01；P(sensor_anomaly)=0.01,P(healthy)=0.93；P(drought)=0.01；P(heat)=0.01；P(pest)=0.01；P(waterlogging)=0.01；P(low_light)=0.01；P(sensor_anomaly)=0.01,P(healthy)=0.95；P(drought)=0.01；P(heat)=0.01；P(pest)=0.01；P(waterlogging)=0.01；P(low_light)=0.01；P(sensor_anomaly)=0.01,P(healthy)=0.87；P(drought)=0.07；P(heat)=0.02；P(pest)=0.01；P(waterlogging)=0.01；P(low_light)=0.01；P(sensor_anomaly)=0.01,,,,observe,routine_patrol,低风险 + 低不确定性 → 常规巡检,环境传感器指标处于正常范围；图像标签显示作物状态健康,继续常规巡检,normal
2026-09-04 22:00,14.9,很低,0.90,0.896,0.046,0.019,0.011,0.011,0.010,0.008,0.0,低,healthy,10.5,14.5,1.00,0.84,0.66,0.34,,P(healthy)=0.96；P(drought)=0.01；P(heat)=0.01；P(pest)=0.01；P(waterlogging)=0.01；P(low_light)=0.01；P(sensor_anomaly)=0.01,P(healthy)=0.89；P(drought)=0.02；P(heat)=0.02；P(pest)=0.02；P(waterlogging)=0.02；P(low_light)=0.02；P(sensor_anomaly)=0.01,P(healthy)=0.94；P(drought)=0.01；P(heat)=0.01；P(pest)=0.01；P(waterlogging)=0.01；P(low_light)=0.01；P(sensor_anomaly)=0.01,P(healthy)=0.90；P(drought)=0.05；P(heat)=0.02；P(pest)=0.01；P(waterlogging)=0.01；P(low_light)=0.01；P(sensor_anomaly)=0.01,,,,observe,routine_patrol,低风险 + 低不确定性 → 常规巡检,环境传感器指标处于正常范围；图像标签显示作物状态健康,继续常规巡检,normal
2026-09-04 23:00,13.5,很低,0.91,0.915,0.031,0.015,0.010,0.011,0.010,0.008,0.0,低,healthy,10.5,13.8,1.00,0.88,0.65,0.35,,P(healthy)=0.96；P(drought)=0.01；P(heat)=0.01；P(pest)=0.01；P(waterlogging)=0.01；P(low_light)=0.01；P(sensor_anomaly)=0.01,P(healthy)=0.91；P(drought)=0.02；P(heat)=0.02；P(pest)=0.02；P(waterlogging)=0.02；P(low_light)=0.02；P(sensor_anomaly)=0.01,P(healthy)=0.94；P(drought)=0.01；P(heat)=0.01；P(pest)=0.01；P(waterlogging)=0.01；P(low_light)=0.01；P(sensor_anomaly)=0.01,P(healthy)=0.91；P(drought)=0.03；P(heat)=0.02；P(pest)=0.01；P(waterlogging)=0.01；P(low_light)=0.01；P(sensor_anomaly)=0.01,,,,observe,routine_patrol,低风险 + 低不确定性 → 常规巡检,环境传感器指标处于正常范围；图像标签显示作物状态健康,继续常规巡检,normal
2026-09-05 00:00,12.6,很低,0.93,0.928,0.022,0.013,0.010,0.010,0.010,0.008,0.0,低,healthy,10.5,12.6,1.00,0.95,0.63,0.37,,P(healthy)=0.96；P(drought)=0.01；P(heat)=0.01；P(pest)=0.01；P(waterlogging)=0.01；P(low_light)=0.01；P(sensor_anomaly)=0.01,P(healthy)=0.92；P(drought)=0.01；P(heat)=0.01；P(pest)=0.01；P(waterlogging)=0.01；P(low_light)=0.01；P(sensor_anomaly)=0.01,P(healthy)=0.95；P(drought)=0.01；P(heat)=0.01；P(pest)=0.01；P(waterlogging)=0.01；P(low_light)=0.01；P(sensor_anomaly)=0.01,P(healthy)=0.93；P(drought)=0.02；P(heat)=0.01；P(pest)=0.01；P(waterlogging)=0.01；P(low_light)=0.01；P(sensor_anomaly)=0.01,,,,observe,routine_patrol,低风险 + 低不确定性 → 常规巡检,环境传感器指标处于正常范围；图像标签显示作物状态健康,继续常规巡检,normal
2026-09-05 01:00,12.3,很低,0.93,0.931,0.017,0.012,0.010,0.010,0.010,0.008,0.0,低,healthy,10.5,14.7,1.00,0.83,0.66,0.34,,P(healthy)=0.96；P(drought)=0.01；P(heat)=0.01；P(pest)=0.01；P(waterlogging)=0.01；P(low_light)=0.01；P(sensor_anomaly)=0.01,P(healthy)=0.89；P(drought)=0.02；P(heat)=0.02；P(pest)=0.02；P(waterlogging)=0.02；P(low_light)=0.02；P(sensor_anomaly)=0.01,P(healthy)=0.94；P(drought)=0.01；P(heat)=0.01；P(pest)=0.01；P(waterlogging)=0.01；P(low_light)=0.01；P(sensor_anomaly)=0.01,P(healthy)=0.93；P(drought)=0.02；P(heat)=0.01；P(pest)=0.01；P(waterlogging)=0.01；P(low_light)=0.01；P(sensor_anomaly)=0.01,,,,observe,routine_patrol,低风险 + 低不确定性 → 常规巡检,环境传感器指标处于正常范围；图像标签显示作物状态健康,继续常规巡检,normal
2026-09-05 02:00,11.9,很低,0.94,0.937,0.014,0.011,0.010,0.010,0.010,0.008,0.0,低,healthy,10.5,13.0,1.00,0.93,0.64,0.36,,P(healthy)=0.96；P(drought)=0.01；P(heat)=0.01；P(pest)=0.01；P(waterlogging)=0.01；P(low_light)=0.01；P(sensor_anomaly)=0.01,P(healthy)=0.92；P(drought)=0.01；P(heat)=0.01；P(pest)=0.01；P(waterlogging)=0.01；P(low_light)=0.01；P(sensor_anomaly)=0.01,P(healthy)=0.94；P(drought)=0.01；P(heat)=0.01；P(pest)=0.01；P(waterlogging)=0.01；P(low_light)=0.01；P(sensor_anomaly)=0.01,P(healthy)=0.94；P(drought)=0.01；P(heat)=0.01；P(pest)=0.01；P(waterlogging)=0.01；P(low_light)=0.01；P(sensor_anomaly)=0.01,,,,observe,routine_patrol,低风险 + 低不确定性 → 常规巡检,环境传感器指标处于正常范围；图像标签显示作物状态健康,继续常规巡检,normal
2026-09-05 03:00,11.7,很低,0.94,0.939,0.012,0.010,0.010,0.010,0.010,0.008,0.0,低,healthy,10.5,13.3,1.00,0.91,0.64,0.36,,P(healthy)=0.96；P(drought)=0.01；P(heat)=0.01；P(pest)=0.01；P(waterlogging)=0.01；P(low_light)=0.01；P(sensor_anomaly)=0.01,P(healthy)=0.91；P(drought)=0.01；P(heat)=0.01；P(pest)=0.01；P(waterlogging)=0.01；P(low_light)=0.01；P(sensor_anomaly)=0.01,P(healthy)=0.94；P(drought)=0.01；P(heat)=0.01；P(pest)=0.01；P(waterlogging)=0.01；P(low_light)=0.01；P(sensor_anomaly)=0.01,P(healthy)=0.94；P(drought)=0.01；P(heat)=0.01；P(pest)=0.01；P(waterlogging)=0.01；P(low_light)=0.01；P(sensor_anomaly)=0.01,,,,observe,routine_patrol,低风险 + 低不确定性 → 常规巡检,环境传感器指标处于正常范围；图像标签显示作物状态健康,继续常规巡检,normal
2026-09-05 04:00,11.8,很低,0.94,0.939,0.012,0.011,0.010,0.010,0.010,0.008,0.0,低,healthy,10.5,14.3,1.00,0.85,0.66,0.34,,P(healthy)=0.96；P(drought)=0.01；P(heat)=0.01；P(pest)=0.01；P(waterlogging)=0.01；P(low_light)=0.01；P(sensor_anomaly)=0.01,P(healthy)=0.90；P(drought)=0.02；P(heat)=0.02；P(pest)=0.02；P(waterlogging)=0.02；P(low_light)=0.02；P(sensor_anomaly)=0.01,P(healthy)=0.94；P(drought)=0.01；P(heat)=0.01；P(pest)=0.01；P(waterlogging)=0.01；P(low_light)=0.01；P(sensor_anomaly)=0.01,P(healthy)=0.94；P(drought)=0.01；P(heat)=0.01；P(pest)=0.01；P(waterlogging)=0.01；P(low_light)=0.01；P(sensor_anomaly)=0.01,,,,observe,routine_patrol,低风险 + 低不确定性 → 常规巡检,环境传感器指标处于正常范围；图像标签显示作物状态健康,继续常规巡检,normal
2026-09-05 05:00,36.1,低,0.59,0.592,0.015,0.010,0.015,0.350,0.010,0.009,0.0,低,healthy,67.8,73.4,1.00,0.80,0.67,0.33,,P(healthy)=0.14；P(drought)=0.01；P(heat)=0.01；P(pest)=0.01；P(waterlogging)=0.82；P(low_light)=0.01；P(sensor_anomaly)=0.01,P(healthy)=0.06；P(drought)=0.05；P(heat)=0.01；P(pest)=0.05；P(waterlogging)=0.81；P(low_light)=0.01；P(sensor_anomaly)=0.01,P(healthy)=0.11；P(drought)=0.02；P(heat)=0.01；P(pest)=0.02；P(waterlogging)=0.82；P(low_light)=0.01；P(sensor_anomaly)=0.01,P(healthy)=0.59；P(drought)=0.02；P(heat)=0.01；P(pest)=0.01；P(waterlogging)=0.35；P(low_light)=0.01；P(sensor_anomaly)=0.01,,,,observe,routine_patrol,低风险 + 低不确定性 → 常规巡检,降雨量较高且土壤湿度偏高；图像标签疑似积水,继续常规巡检,normal
2026-09-05 06:00,25.8,低,0.74,0.739,0.013,0.010,0.013,0.207,0.010,0.008,0.0,低,healthy,10.5,13.4,1.00,0.90,0.64,0.36,,P(healthy)=0.96；P(drought)=0.01；P(heat)=0.01；P(pest)=0.01；P(waterlogging)=0.01；P(low_light)=0.01；P(sensor_anomaly)=0.01,P(healthy)=0.91；P(drought)=0.02；P(heat)=0.02；P(pest)=0.02；P(waterlogging)=0.02；P(low_light)=0.02；P(sensor_anomaly)=0.01,P(healthy)=0.94；P(drought)=0.01；P(heat)=0.01；P(pest)=0.01；P(waterlogging)=0.01；P(low_light)=0.01；P(sensor_anomaly)=0.01,P(healthy)=0.74；P(drought)=0.01；P(heat)=0.01；P(pest)=0.01；P(waterlogging)=0.21；P(low_light)=0.01；P(sensor_anomaly)=0.01,,,,observe,routine_patrol,低风险 + 低不确定性 → 常规巡检,环境传感器指标处于正常范围；图像标签显示作物状态健康,继续常规巡检,normal
2026-09-05 07:00,22.3,低,0.79,0.788,0.011,0.009,0.011,0.162,0.009,0.008,0.0,低,healthy,10.5,13.4,1.00,0.90,0.64,0.36,,P(healthy)=0.96；P(drought)=0.01；P(heat)=0.01；P(pest)=0.01；P(waterlogging)=0.01；P(low_light)=0.01；P(sensor_anomaly)=0.01,P(healthy)=0.91；P(drought)=0.02；P(heat)=0.02；P(pest)=0.02；P(waterlogging)=0.02；P(low_light)=0.02；P(sensor_anomaly)=0.01,P(healthy)=0.94；P(drought)=0.01；P(heat)=0.01；P(pest)=0.01；P(waterlogging)=0.01；P(low_light)=0.01；P(sensor_anomaly)=0.01,P(healthy)=0.79；P(drought)=0.01；P(heat)=0.01；P(pest)=0.01；P(waterlogging)=0.16；P(low_light)=0.01；P(sensor_anomaly)=0.01,persistent_wet_condition_6h,,,observe,routine_patrol,低风险 + 低不确定性 → 常规巡检,环境传感器指标处于正常范围；图像标签显示作物状态健康；最近 6 小时存在持续湿润或降雨，积水状态概率上升,继续常规巡检,normal
2026-09-05 08:00,20.5,低,0.82,0.815,0.011,0.010,0.011,0.136,0.010,0.008,0.0,低,healthy,10.5,14.5,1.00,0.84,0.66,0.34,,P(healthy)=0.96；P(drought)=0.01；P(heat)=0.01；P(pest)=0.01；P(waterlogging)=0.01；P(low_light)=0.01；P(sensor_anomaly)=0.01,P(healthy)=0.89；P(drought)=0.02；P(heat)=0.02；P(pest)=0.02；P(waterlogging)=0.02；P(low_light)=0.02；P(sensor_anomaly)=0.01,P(healthy)=0.94；P(drought)=0.01；P(heat)=0.01；P(pest)=0.01；P(waterlogging)=0.01；P(low_light)=0.01；P(sensor_anomaly)=0.01,P(healthy)=0.82；P(drought)=0.01；P(heat)=0.01；P(pest)=0.01；P(waterlogging)=0.14；P(low_light)=0.01；P(sensor_anomaly)=0.01,persistent_wet_condition_6h,,,observe,routine_patrol,低风险 + 低不确定性 → 常规巡检,环境传感器指标处于正常范围；图像标签显示作物状态健康；最近 6 小时存在持续湿润或降雨，积水状态概率上升,继续常规巡检,normal
2026-09-05 09:00,19.4,很低,0.83,0.831,0.010,0.010,0.010,0.121,0.010,0.008,0.0,低,healthy,10.5,14.3,1.00,0.85,0.66,0.34,,P(healthy)=0.96；P(drought)=0.01；P(heat)=0.01；P(pest)=0.01；P(waterlogging)=0.01；P(low_light)=0.01；P(sensor_anomaly)=0.01,P(healthy)=0.90；P(drought)=0.02；P(heat)=0.02；P(pest)=0.02；P(waterlogging)=0.02；P(low_light)=0.02；P(sensor_anomaly)=0.01,P(healthy)=0.94；P(drought)=0.01；P(heat)=0.01；P(pest)=0.01；P(waterlogging)=0.01；P(low_light)=0.01；P(sensor_anomaly)=0.01,P(healthy)=0.83；P(drought)=0.01；P(heat)=0.01；P(pest)=0.01；P(waterlogging)=0.12；P(low_light)=0.01；P(sensor_anomaly)=0.01,persistent_wet_condition_6h,,,observe,routine_patrol,低风险 + 低不确定性 → 常规巡检,环境传感器指标处于正常范围；图像标签显示作物状态健康；最近 6 小时存在持续湿润或降雨，积水状态概率上升,继续常规巡检,normal
2026-09-05 10:00,18.7,很低,0.84,0.841,0.010,0.010,0.010,0.112,0.010,0.008,0.0,低,healthy,10.5,13.8,1.00,0.88,0.65,0.35,,P(healthy)=0.96；P(drought)=0.01；P(heat)=0.01；P(pest)=0.01；P(waterlogging)=0.01；P(low_light)=0.01；P(sensor_anomaly)=0.01,P(healthy)=0.91；P(drought)=0.02；P(heat)=0.02；P(pest)=0.02；P(waterlogging)=0.02；P(low_light)=0.02；P(sensor_anomaly)=0.01,P(healthy)=0.94；P(drought)=0.01；P(heat)=0.01；P(pest)=0.01；P(waterlogging)=0.01；P(low_light)=0.01；P(sensor_anomaly)=0.01,P(healthy)=0.84；P(drought)=0.01；P(heat)=0.01；P(pest)=0.01；P(waterlogging)=0.11；P(low_light)=0.01；P(sensor_anomaly)=0.01,persistent_wet_condition_6h,,,observe,routine_patrol,低风险 + 低不确定性 → 常规巡检,环境传感器指标处于正常范围；图像标签显示作物状态健康；最近 6 小时存在持续湿润或降雨，积水状态概率上升,继续常规巡检,normal
2026-09-05 11:00,18.8,很低,0.84,0.842,0.054,0.009,0.009,0.069,0.009,0.008,0.0,低,healthy,10.5,13.0,1.00,0.93,0.64,0.36,,P(healthy)=0.96；P(drought)=0.01；P(heat)=0.01；P(pest)=0.01；P(waterlogging)=0.01；P(low_light)=0.01；P(sensor_anomaly)=0.01,P(healthy)=0.92；P(drought)=0.01；P(heat)=0.01；P(pest)=0.01；P(waterlogging)=0.01；P(low_light)=0.01；P(sensor_anomaly)=0.01,P(healthy)=0.94；P(drought)=0.01；P(heat)=0.01；P(pest)=0.01；P(waterlogging)=0.01；P(low_light)=0.01；P(sensor_anomaly)=0.01,P(healthy)=0.84；P(drought)=0.05；P(heat)=0.01；P(pest)=0.01；P(waterlogging)=0.07；P(low_light)=0.01；P(sensor_anomaly)=0.01,soil_moisture_decreasing_6h,,,observe,routine_patrol,低风险 + 低不确定性 → 常规巡检,环境传感器指标处于正常范围；图像标签显示作物状态健康；最近 6 小时土壤湿度持续下降，干旱状态概率上升,继续常规巡检,normal
2026-09-05 12:00,45.0,中,0.20,0.648,0.082,0.196,0.010,0.045,0.010,0.009,47.0,中,heat,58.9,14.1,1.00,0.86,0.72,0.28,环境和视觉存在冲突，降低直接执行可靠性,P(healthy)=0.24；P(drought)=0.01；P(heat)=0.70；P(pest)=0.01；P(waterlogging)=0.01；P(low_light)=0.01；P(sensor_anomaly)=0.01,P(healthy)=0.90；P(drought)=0.02；P(heat)=0.02；P(pest)=0.02；P(waterlogging)=0.02；P(low_light)=0.02；P(sensor_anomaly)=0.01,P(healthy)=0.42；P(drought)=0.01；P(heat)=0.51；P(pest)=0.01；P(waterlogging)=0.01；P(low_light)=0.01；P(sensor_anomaly)=0.01,P(healthy)=0.65；P(drought)=0.08；P(heat)=0.20；P(pest)=0.01；P(waterlogging)=0.05；P(low_light)=0.01；P(sensor_anomaly)=0.01,soil_moisture_decreasing_6h,,图像显示健康，但环境传感器提示较高风险,hold,resample_before_action,中风险 + 高不确定性 → 重新采样后再决策,温度偏高；图像标签显示作物状态健康；环境和视觉存在冲突，降低直接执行可靠性；数据冲突：图像显示健康，但环境传感器提示较高风险；最近 6 小时土壤湿度持续下降，干旱状态概率上升,优先让机器人复查该区域并重新采样；增加高温巡检频率并检查遮阴或降温条件,normal
2026-09-05 13:00,33.0,低,0.63,0.630,0.100,0.117,0.102,0.034,0.009,0.008,0.0,低,healthy,10.5,68.0,1.00,0.75,0.69,0.31,,P(healthy)=0.96；P(drought)=0.01；P(heat)=0.01；P(pest)=0.01；P(waterlogging)=0.01；P(low_light)=0.01；P(sensor_anomaly)=0.01,P(healthy)=0.07；P(drought)=0.05；P(heat)=0.01；P(pest)=0.79；P(waterlogging)=0.05；P(low_light)=0.01；P(sensor_anomaly)=0.01,P(healthy)=0.68；P(drought)=0.02；P(heat)=0.01；P(pest)=0.25；P(waterlogging)=0.02；P(low_light)=0.01；P(sensor_anomaly)=0.01,P(healthy)=0.63；P(drought)=0.10；P(heat)=0.12；P(pest)=0.10；P(waterlogging)=0.03；P(low_light)=0.01；P(sensor_anomaly)=0.01,soil_moisture_decreasing_6h,,,observe,routine_patrol,低风险 + 低不确定性 → 常规巡检,环境传感器指标处于正常范围；图像标签疑似病虫害；最近 6 小时土壤湿度持续下降，干旱状态概率上升,继续常规巡检,normal
2026-09-05 14:00,45.0,中,0.25,0.534,0.108,0.251,0.063,0.024,0.010,0.009,47.0,中,heat,58.9,12.3,1.00,0.97,0.70,0.30,环境和视觉存在冲突，降低直接执行可靠性,P(healthy)=0.24；P(drought)=0.01；P(heat)=0.70；P(pest)=0.01；P(waterlogging)=0.01；P(low_light)=0.01；P(sensor_anomaly)=0.01,P(healthy)=0.93；P(drought)=0.01；P(heat)=0.01；P(pest)=0.01；P(waterlogging)=0.01；P(low_light)=0.01；P(sensor_anomaly)=0.01,P(healthy)=0.45；P(drought)=0.01；P(heat)=0.49；P(pest)=0.01；P(waterlogging)=0.01；P(low_light)=0.01；P(sensor_anomaly)=0.01,P(healthy)=0.53；P(drought)=0.11；P(heat)=0.25；P(pest)=0.06；P(waterlogging)=0.02；P(low_light)=0.01；P(sensor_anomaly)=0.01,soil_moisture_decreasing_6h,,图像显示健康，但环境传感器提示较高风险,hold,resample_before_action,中风险 + 高不确定性 → 重新采样后再决策,温度偏高；图像标签显示作物状态健康；环境和视觉存在冲突，降低直接执行可靠性；数据冲突：图像显示健康，但环境传感器提示较高风险；最近 6 小时土壤湿度持续下降，干旱状态概率上升,优先让机器人复查该区域并重新采样；增加高温巡检频率并检查遮阴或降温条件,normal
2026-09-05 15:00,31.1,低,0.66,0.662,0.111,0.150,0.041,0.018,0.010,0.009,0.0,低,healthy,10.5,14.3,1.00,0.85,0.66,0.34,,P(healthy)=0.96；P(drought)=0.01；P(heat)=0.01；P(pest)=0.01；P(waterlogging)=0.01；P(low_light)=0.01；P(sensor_anomaly)=0.01,P(healthy)=0.90；P(drought)=0.02；P(heat)=0.02；P(pest)=0.02；P(waterlogging)=0.02；P(low_light)=0.02；P(sensor_anomaly)=0.01,P(healthy)=0.94；P(drought)=0.01；P(heat)=0.01；P(pest)=0.01；P(waterlogging)=0.01；P(low_light)=0.01；P(sensor_anomaly)=0.01,P(healthy)=0.66；P(drought)=0.11；P(heat)=0.15；P(pest)=0.04；P(waterlogging)=0.02；P(low_light)=0.01；P(sensor_anomaly)=0.01,soil_moisture_decreasing_6h,,,observe,routine_patrol,低风险 + 低不确定性 → 常规巡检,环境传感器指标处于正常范围；图像标签显示作物状态健康；最近 6 小时土壤湿度持续下降，干旱状态概率上升,继续常规巡检,normal
2026-09-05 16:00,32.5,低,0.64,0.638,0.117,0.090,0.119,0.018,0.009,0.008,0.0,低,healthy,10.5,68.0,1.00,0.75,0.69,0.31,,P(healthy)=0.96；P(drought)=0.01；P(heat)=0.01；P(pest)=0.01；P(waterlogging)=0.01；P(low_light)=0.01；P(sensor_anomaly)=0.01,P(healthy)=0.07；P(drought)=0.05；P(heat)=0.01；P(pest)=0.79；P(waterlogging)=0.05；P(low_light)=0.01；P(sensor_anomaly)=0.01,P(healthy)=0.68；P(drought)=0.02；P(heat)=0.01；P(pest)=0.25；P(waterlogging)=0.02；P(low_light)=0.01；P(sensor_anomaly)=0.01,P(healthy)=0.64；P(drought)=0.12；P(heat)=0.09；P(pest)=0.12；P(waterlogging)=0.02；P(low_light)=0.01；P(sensor_anomaly)=0.01,soil_moisture_decreasing_6h,,,observe,routine_patrol,低风险 + 低不确定性 → 常规巡检,环境传感器指标处于正常范围；图像标签疑似病虫害；最近 6 小时土壤湿度持续下降，干旱状态概率上升,继续常规巡检,normal
2026-09-05 17:00,26.8,低,0.72,0.724,0.117,0.056,0.073,0.014,0.009,0.008,0.0,低,healthy,10.5,13.3,1.00,0.91,0.64,0.36,,P(healthy)=0.96；P(drought)=0.01；P(heat)=0.01；P(pest)=0.01；P(waterlogging)=0.01；P(low_light)=0.01；P(sensor_anomaly)=0.01,P(healthy)=0.91；P(drought)=0.01；P(heat)=0.01；P(pest)=0.01；P(waterlogging)=0.01；P(low_light)=0.01；P(sensor_anomaly)=0.01,P(healthy)=0.94；P(drought)=0.01；P(heat)=0.01；P(pest)=0.01；P(waterlogging)=0.01；P(low_light)=0.01；P(sensor_anomaly)=0.01,P(healthy)=0.72；P(drought)=0.12；P(heat)=0.06；P(pest)=0.07；P(waterlogging)=0.01；P(low_light)=0.01；P(sensor_anomaly)=0.01,soil_moisture_decreasing_6h,,,observe,routine_patrol,低风险 + 低不确定性 → 常规巡检,环境传感器指标处于正常范围；图像标签显示作物状态健康；最近 6 小时土壤湿度持续下降，干旱状态概率上升,继续常规巡检,normal
2026-09-05 18:00,23.7,低,0.77,0.771,0.117,0.037,0.046,0.012,0.009,0.008,0.0,低,healthy,10.5,14.7,1.00,0.83,0.66,0.34,,P(healthy)=0.96；P(drought)=0.01；P(heat)=0.01；P(pest)=0.01；P(waterlogging)=0.01；P(low_light)=0.01；P(sensor_anomaly)=0.01,P(healthy)=0.89；P(drought)=0.02；P(heat)=0.02；P(pest)=0.02；P(waterlogging)=0.02；P(low_light)=0.02；P(sensor_anomaly)=0.01,P(healthy)=0.94；P(drought)=0.01；P(heat)=0.01；P(pest)=0.01；P(waterlogging)=0.01；P(low_light)=0.01；P(sensor_anomaly)=0.01,P(healthy)=0.77；P(drought)=0.12；P(heat)=0.04；P(pest)=0.05；P(waterlogging)=0.01；P(low_light)=0.01；P(sensor_anomaly)=0.01,soil_moisture_decreasing_6h,,,observe,routine_patrol,低风险 + 低不确定性 → 常规巡检,环境传感器指标处于正常范围；图像标签显示作物状态健康；最近 6 小时土壤湿度持续下降，干旱状态概率上升,继续常规巡检,normal
2026-09-05 19:00,21.7,低,0.80,0.801,0.116,0.025,0.030,0.011,0.009,0.008,0.0,低,healthy,10.5,13.1,1.00,0.92,0.64,0.36,,P(healthy)=0.96；P(drought)=0.01；P(heat)=0.01；P(pest)=0.01；P(waterlogging)=0.01；P(low_light)=0.01；P(sensor_anomaly)=0.01,P(healthy)=0.92；P(drought)=0.01；P(heat)=0.01；P(pest)=0.01；P(waterlogging)=0.01；P(low_light)=0.01；P(sensor_anomaly)=0.01,P(healthy)=0.94；P(drought)=0.01；P(heat)=0.01；P(pest)=0.01；P(waterlogging)=0.01；P(low_light)=0.01；P(sensor_anomaly)=0.01,P(healthy)=0.80；P(drought)=0.12；P(heat)=0.02；P(pest)=0.03；P(waterlogging)=0.01；P(low_light)=0.01；P(sensor_anomaly)=0.01,soil_moisture_decreasing_6h,,,observe,routine_patrol,低风险 + 低不确定性 → 常规巡检,环境传感器指标处于正常范围；图像标签显示作物状态健康；最近 6 小时土壤湿度持续下降，干旱状态概率上升,继续常规巡检,normal
2026-09-05 20:00,17.3,很低,0.86,0.862,0.071,0.018,0.021,0.010,0.009,0.008,0.0,低,healthy,10.5,12.5,1.00,0.96,0.63,0.37,,P(healthy)=0.96；P(drought)=0.01；P(heat)=0.01；P(pest)=0.01；P(waterlogging)=0.01；P(low_light)=0.01；P(sensor_anomaly)=0.01,P(healthy)=0.93；P(drought)=0.01；P(heat)=0.01；P(pest)=0.01；P(waterlogging)=0.01；P(low_light)=0.01；P(sensor_anomaly)=0.01,P(healthy)=0.95；P(drought)=0.01；P(heat)=0.01；P(pest)=0.01；P(waterlogging)=0.01；P(low_light)=0.01；P(sensor_anomaly)=0.01,P(healthy)=0.86；P(drought)=0.07；P(heat)=0.02；P(pest)=0.02；P(waterlogging)=0.01；P(low_light)=0.01；P(sensor_anomaly)=0.01,,,,observe,routine_patrol,低风险 + 低不确定性 → 常规巡检,环境传感器指标处于正常范围；图像标签显示作物状态健康,继续常规巡检,normal
2026-09-05 21:00,15.0,很低,0.89,0.894,0.046,0.015,0.017,0.010,0.010,0.008,0.0,低,healthy,10.5,14.3,1.00,0.85,0.66,0.34,,P(healthy)=0.96；P(drought)=0.01；P(heat)=0.01；P(pest)=0.01；P(waterlogging)=0.01；P(low_light)=0.01；P(sensor_anomaly)=0.01,P(healthy)=0.90；P(drought)=0.02；P(heat)=0.02；P(pest)=0.02；P(waterlogging)=0.02；P(low_light)=0.02；P(sensor_anomaly)=0.01,P(healthy)=0.94；P(drought)=0.01；P(heat)=0.01；P(pest)=0.01；P(waterlogging)=0.01；P(low_light)=0.01；P(sensor_anomaly)=0.01,P(healthy)=0.89；P(drought)=0.05；P(heat)=0.02；P(pest)=0.02；P(waterlogging)=0.01；P(low_light)=0.01；P(sensor_anomaly)=0.01,,,,observe,routine_patrol,低风险 + 低不确定性 → 常规巡检,环境传感器指标处于正常范围；图像标签显示作物状态健康,继续常规巡检,normal
2026-09-05 22:00,13.7,很低,0.91,0.912,0.031,0.013,0.014,0.011,0.010,0.008,0.0,低,healthy,10.5,14.5,1.00,0.84,0.66,0.34,,P(healthy)=0.96；P(drought)=0.01；P(heat)=0.01；P(pest)=0.01；P(waterlogging)=0.01；P(low_light)=0.01；P(sensor_anomaly)=0.01,P(healthy)=0.89；P(drought)=0.02；P(heat)=0.02；P(pest)=0.02；P(waterlogging)=0.02；P(low_light)=0.02；P(sensor_anomaly)=0.01,P(healthy)=0.94；P(drought)=0.01；P(heat)=0.01；P(pest)=0.01；P(waterlogging)=0.01；P(low_light)=0.01；P(sensor_anomaly)=0.01,P(healthy)=0.91；P(drought)=0.03；P(heat)=0.01；P(pest)=0.01；P(waterlogging)=0.01；P(low_light)=0.01；P(sensor_anomaly)=0.01,,,,observe,routine_patrol,低风险 + 低不确定性 → 常规巡检,环境传感器指标处于正常范围；图像标签显示作物状态健康,继续常规巡检,normal
2026-09-05 23:00,12.7,很低,0.93,0.926,0.022,0.012,0.012,0.010,0.010,0.008,0.0,低,healthy,10.5,12.8,1.00,0.94,0.63,0.37,,P(healthy)=0.96；P(drought)=0.01；P(heat)=0.01；P(pest)=0.01；P(waterlogging)=0.01；P(low_light)=0.01；P(sensor_anomaly)=0.01,P(healthy)=0.92；P(drought)=0.01；P(heat)=0.01；P(pest)=0.01；P(waterlogging)=0.01；P(low_light)=0.01；P(sensor_anomaly)=0.01,P(healthy)=0.95；P(drought)=0.01；P(heat)=0.01；P(pest)=0.01；P(waterlogging)=0.01；P(low_light)=0.01；P(sensor_anomaly)=0.01,P(healthy)=0.93；P(drought)=0.02；P(heat)=0.01；P(pest)=0.01；P(waterlogging)=0.01；P(low_light)=0.01；P(sensor_anomaly)=0.01,,,,observe,routine_patrol,低风险 + 低不确定性 → 常规巡检,环境传感器指标处于正常范围；图像标签显示作物状态健康,继续常规巡检,normal
2026-09-06 00:00,12.2,很低,0.93,0.933,0.017,0.011,0.011,0.010,0.010,0.008,0.0,低,healthy,10.5,13.1,1.00,0.92,0.64,0.36,,P(healthy)=0.96；P(drought)=0.01；P(heat)=0.01；P(pest)=0.01；P(waterlogging)=0.01；P(low_light)=0.01；P(sensor_anomaly)=0.01,P(healthy)=0.92；P(drought)=0.01；P(heat)=0.01；P(pest)=0.01；P(waterlogging)=0.01；P(low_light)=0.01；P(sensor_anomaly)=0.01,P(healthy)=0.94；P(drought)=0.01；P(heat)=0.01；P(pest)=0.01；P(waterlogging)=0.01；P(low_light)=0.01；P(sensor_anomaly)=0.01,P(healthy)=0.93；P(drought)=0.02；P(heat)=0.01；P(pest)=0.01；P(waterlogging)=0.01；P(low_light)=0.01；P(sensor_anomaly)=0.01,,,,observe,routine_patrol,低风险 + 低不确定性 → 常规巡检,环境传感器指标处于正常范围；图像标签显示作物状态健康,继续常规巡检,normal
2026-09-06 01:00,12.0,很低,0.94,0.935,0.014,0.011,0.011,0.010,0.010,0.008,0.0,低,healthy,10.5,14.3,1.00,0.85,0.66,0.34,,P(healthy)=0.96；P(drought)=0.01；P(heat)=0.01；P(pest)=0.01；P(waterlogging)=0.01；P(low_light)=0.01；P(sensor_anomaly)=0.01,P(healthy)=0.90；P(drought)=0.02；P(heat)=0.02；P(pest)=0.02；P(waterlogging)=0.02；P(low_light)=0.02；P(sensor_anomaly)=0.01,P(healthy)=0.94；P(drought)=0.01；P(heat)=0.01；P(pest)=0.01；P(waterlogging)=0.01；P(low_light)=0.01；P(sensor_anomaly)=0.01,P(healthy)=0.94；P(drought)=0.01；P(heat)=0.01；P(pest)=0.01；P(waterlogging)=0.01；P(low_light)=0.01；P(sensor_anomaly)=0.01,,,,observe,routine_patrol,低风险 + 低不确定性 → 常规巡检,环境传感器指标处于正常范围；图像标签显示作物状态健康,继续常规巡检,normal
2026-09-06 02:00,11.9,很低,0.94,0.937,0.013,0.011,0.011,0.010,0.010,0.008,0.0,低,healthy,10.5,14.1,1.00,0.86,0.65,0.35,,P(healthy)=0.96；P(drought)=0.01；P(heat)=0.01；P(pest)=0.01；P(waterlogging)=0.01；P(low_light)=0.01；P(sensor_anomaly)=0.01,P(healthy)=0.90；P(drought)=0.02；P(heat)=0.02；P(pest)=0.02；P(waterlogging)=0.02；P(low_light)=0.02；P(sensor_anomaly)=0.01,P(healthy)=0.94；P(drought)=0.01；P(heat)=0.01；P(pest)=0.01；P(waterlogging)=0.01；P(low_light)=0.01；P(sensor_anomaly)=0.01,P(healthy)=0.94；P(drought)=0.01；P(heat)=0.01；P(pest)=0.01；P(waterlogging)=0.01；P(low_light)=0.01；P(sensor_anomaly)=0.01,,,,observe,routine_patrol,低风险 + 低不确定性 → 常规巡检,环境传感器指标处于正常范围；图像标签显示作物状态健康,继续常规巡检,normal
2026-09-06 03:00,11.9,很低,0.94,0.937,0.012,0.011,0.011,0.011,0.011,0.008,0.0,低,healthy,10.5,14.7,1.00,0.83,0.66,0.34,,P(healthy)=0.96；P(drought)=0.01；P(heat)=0.01；P(pest)=0.01；P(waterlogging)=0.01；P(low_light)=0.01；P(sensor_anomaly)=0.01,P(healthy)=0.89；P(drought)=0.02；P(heat)=0.02；P(pest)=0.02；P(waterlogging)=0.02；P(low_light)=0.02；P(sensor_anomaly)=0.01,P(healthy)=0.94；P(drought)=0.01；P(heat)=0.01；P(pest)=0.01；P(waterlogging)=0.01；P(low_light)=0.01；P(sensor_anomaly)=0.01,P(healthy)=0.94；P(drought)=0.01；P(heat)=0.01；P(pest)=0.01；P(waterlogging)=0.01；P(low_light)=0.01；P(sensor_anomaly)=0.01,,,,observe,routine_patrol,低风险 + 低不确定性 → 常规巡检,环境传感器指标处于正常范围；图像标签显示作物状态健康,继续常规巡检,normal
2026-09-06 04:00,11.7,很低,0.94,0.940,0.011,0.010,0.010,0.010,0.010,0.008,0.0,低,healthy,10.5,13.0,1.00,0.93,0.64,0.36,,P(healthy)=0.96；P(drought)=0.01；P(heat)=0.01；P(pest)=0.01；P(waterlogging)=0.01；P(low_light)=0.01；P(sensor_anomaly)=0.01,P(healthy)=0.92；P(drought)=0.01；P(heat)=0.01；P(pest)=0.01；P(waterlogging)=0.01；P(low_light)=0.01；P(sensor_anomaly)=0.01,P(healthy)=0.94；P(drought)=0.01；P(heat)=0.01；P(pest)=0.01；P(waterlogging)=0.01；P(low_light)=0.01；P(sensor_anomaly)=0.01,P(healthy)=0.94；P(drought)=0.01；P(heat)=0.01；P(pest)=0.01；P(waterlogging)=0.01；P(low_light)=0.01；P(sensor_anomaly)=0.01,,,,observe,routine_patrol,低风险 + 低不确定性 → 常规巡检,环境传感器指标处于正常范围；图像标签显示作物状态健康,继续常规巡检,normal
2026-09-06 05:00,11.5,很低,0.94,0.943,0.010,0.010,0.010,0.010,0.010,0.008,0.0,低,healthy,10.5,12.5,1.00,0.96,0.63,0.37,,P(healthy)=0.96；P(drought)=0.01；P(heat)=0.01；P(pest)=0.01；P(waterlogging)=0.01；P(low_light)=0.01；P(sensor_anomaly)=0.01,P(healthy)=0.93；P(drought)=0.01；P(heat)=0.01；P(pest)=0.01；P(waterlogging)=0.01；P(low_light)=0.01；P(sensor_anomaly)=0.01,P(healthy)=0.95；P(drought)=0.01；P(heat)=0.01；P(pest)=0.01；P(waterlogging)=0.01；P(low_light)=0.01；P(sensor_anomaly)=0.01,P(healthy)=0.94；P(drought)=0.01；P(heat)=0.01；P(pest)=0.01；P(waterlogging)=0.01；P(low_light)=0.01；P(sensor_anomaly)=0.01,,,,observe,routine_patrol,低风险 + 低不确定性 → 常规巡检,环境传感器指标处于正常范围；图像标签显示作物状态健康,继续常规巡检,normal
2026-09-06 06:00,11.7,很低,0.94,0.940,0.010,0.010,0.010,0.010,0.010,0.008,0.0,低,healthy,10.5,14.5,1.00,0.84,0.66,0.34,,P(healthy)=0.96；P(drought)=0.01；P(heat)=0.01；P(pest)=0.01；P(waterlogging)=0.01；P(low_light)=0.01；P(sensor_anomaly)=0.01,P(healthy)=0.89；P(drought)=0.02；P(heat)=0.02；P(pest)=0.02；P(waterlogging)=0.02；P(low_light)=0.02；P(sensor_anomaly)=0.01,P(healthy)=0.94；P(drought)=0.01；P(heat)=0.01；P(pest)=0.01；P(waterlogging)=0.01；P(low_light)=0.01；P(sensor_anomaly)=0.01,P(healthy)=0.94；P(drought)=0.01；P(heat)=0.01；P(pest)=0.01；P(waterlogging)=0.01；P(low_light)=0.01；P(sensor_anomaly)=0.01,,,,observe,routine_patrol,低风险 + 低不确定性 → 常规巡检,环境传感器指标处于正常范围；图像标签显示作物状态健康,继续常规巡检,normal
2026-09-06 07:00,11.6,很低,0.94,0.941,0.010,0.010,0.010,0.010,0.010,0.008,0.0,低,healthy,10.5,13.4,1.00,0.90,0.64,0.36,,P(healthy)=0.96；P(drought)=0.01；P(heat)=0.01；P(pest)=0.01；P(waterlogging)=0.01；P(low_light)=0.01；P(sensor_anomaly)=0.01,P(healthy)=0.91；P(drought)=0.02；P(heat)=0.02；P(pest)=0.02；P(waterlogging)=0.02；P(low_light)=0.02；P(sensor_anomaly)=0.01,P(healthy)=0.94；P(drought)=0.01；P(heat)=0.01；P(pest)=0.01；P(waterlogging)=0.01；P(low_light)=0.01；P(sensor_anomaly)=0.01,P(healthy)=0.94；P(drought)=0.01；P(heat)=0.01；P(pest)=0.01；P(waterlogging)=0.01；P(low_light)=0.01；P(sensor_anomaly)=0.01,,,,observe,routine_patrol,低风险 + 低不确定性 → 常规巡检,环境传感器指标处于正常范围；图像标签显示作物状态健康,继续常规巡检,normal
2026-09-06 08:00,11.6,很低,0.94,0.941,0.010,0.010,0.010,0.010,0.010,0.008,0.0,低,healthy,10.5,13.4,1.00,0.90,0.64,0.36,,P(healthy)=0.96；P(drought)=0.01；P(heat)=0.01；P(pest)=0.01；P(waterlogging)=0.01；P(low_light)=0.01；P(sensor_anomaly)=0.01,P(healthy)=0.91；P(drought)=0.02；P(heat)=0.02；P(pest)=0.02；P(waterlogging)=0.02；P(low_light)=0.02；P(sensor_anomaly)=0.01,P(healthy)=0.94；P(drought)=0.01；P(heat)=0.01；P(pest)=0.01；P(waterlogging)=0.01；P(low_light)=0.01；P(sensor_anomaly)=0.01,P(healthy)=0.94；P(drought)=0.01；P(heat)=0.01；P(pest)=0.01；P(waterlogging)=0.01；P(low_light)=0.01；P(sensor_anomaly)=0.01,,,,observe,routine_patrol,低风险 + 低不确定性 → 常规巡检,环境传感器指标处于正常范围；图像标签显示作物状态健康,继续常规巡检,normal
2026-09-06 09:00,11.6,很低,0.94,0.941,0.010,0.010,0.010,0.010,0.010,0.008,0.0,低,healthy,10.5,14.0,1.00,0.87,0.65,0.35,,P(healthy)=0.96；P(drought)=0.01；P(heat)=0.01；P(pest)=0.01；P(waterlogging)=0.01；P(low_light)=0.01；P(sensor_anomaly)=0.01,P(healthy)=0.90；P(drought)=0.02；P(heat)=0.02；P(pest)=0.02；P(waterlogging)=0.02；P(low_light)=0.02；P(sensor_anomaly)=0.01,P(healthy)=0.94；P(drought)=0.01；P(heat)=0.01；P(pest)=0.01；P(waterlogging)=0.01；P(low_light)=0.01；P(sensor_anomaly)=0.01,P(healthy)=0.94；P(drought)=0.01；P(heat)=0.01；P(pest)=0.01；P(waterlogging)=0.01；P(low_light)=0.01；P(sensor_anomaly)=0.01,,,,observe,routine_patrol,低风险 + 低不确定性 → 常规巡检,环境传感器指标处于正常范围；图像标签显示作物状态健康,继续常规巡检,normal
2026-09-06 10:00,14.9,很低,0.90,0.897,0.055,0.010,0.010,0.010,0.010,0.008,0.0,低,healthy,10.5,14.7,1.00,0.83,0.66,0.34,,P(healthy)=0.96；P(drought)=0.01；P(heat)=0.01；P(pest)=0.01；P(waterlogging)=0.01；P(low_light)=0.01；P(sensor_anomaly)=0.01,P(healthy)=0.89；P(drought)=0.02；P(heat)=0.02；P(pest)=0.02；P(waterlogging)=0.02；P(low_light)=0.02；P(sensor_anomaly)=0.01,P(healthy)=0.94；P(drought)=0.01；P(heat)=0.01；P(pest)=0.01；P(waterlogging)=0.01；P(low_light)=0.01；P(sensor_anomaly)=0.01,P(healthy)=0.90；P(drought)=0.06；P(heat)=0.01；P(pest)=0.01；P(waterlogging)=0.01；P(low_light)=0.01；P(sensor_anomaly)=0.01,soil_moisture_decreasing_6h,,,observe,routine_patrol,低风险 + 低不确定性 → 常规巡检,环境传感器指标处于正常范围；图像标签显示作物状态健康；最近 6 小时土壤湿度持续下降，干旱状态概率上升,继续常规巡检,normal
2026-09-06 11:00,16.7,很低,0.87,0.873,0.081,0.010,0.010,0.010,0.010,0.008,0.0,低,healthy,10.5,13.8,1.00,0.88,0.65,0.35,,P(healthy)=0.96；P(drought)=0.01；P(heat)=0.01；P(pest)=0.01；P(waterlogging)=0.01；P(low_light)=0.01；P(sensor_anomaly)=0.01,P(healthy)=0.91；P(drought)=0.02；P(heat)=0.02；P(pest)=0.02；P(waterlogging)=0.02；P(low_light)=0.02；P(sensor_anomaly)=0.01,P(healthy)=0.94；P(drought)=0.01；P(heat)=0.01；P(pest)=0.01；P(waterlogging)=0.01；P(low_light)=0.01；P(sensor_anomaly)=0.01,P(healthy)=0.87；P(drought)=0.08；P(heat)=0.01；P(pest)=0.01；P(waterlogging)=0.01；P(low_light)=0.01；P(sensor_anomaly)=0.01,soil_moisture_decreasing_6h,,,observe,routine_patrol,低风险 + 低不确定性 → 常规巡检,环境传感器指标处于正常范围；图像标签显示作物状态健康；最近 6 小时土壤湿度持续下降，干旱状态概率上升,继续常规巡检,normal
2026-09-06 12:00,17.7,很低,0.86,0.860,0.095,0.009,0.009,0.009,0.009,0.008,0.0,低,healthy,10.5,13.1,1.00,0.92,0.64,0.36,,P(healthy)=0.96；P(drought)=0.01；P(heat)=0.01；P(pest)=0.01；P(waterlogging)=0.01；P(low_light)=0.01；P(sensor_anomaly)=0.01,P(healthy)=0.92；P(drought)=0.01；P(heat)=0.01；P(pest)=0.01；P(waterlogging)=0.01；P(low_light)=0.01；P(sensor_anomaly)=0.01,P(healthy)=0.94；P(drought)=0.01；P(heat)=0.01；P(pest)=0.01；P(waterlogging)=0.01；P(low_light)=0.01；P(sensor_anomaly)=0.01,P(healthy)=0.86；P(drought)=0.10；P(heat)=0.01；P(pest)=0.01；P(waterlogging)=0.01；P(low_light)=0.01；P(sensor_anomaly)=0.01,soil_moisture_decreasing_6h,,,observe,routine_patrol,低风险 + 低不确定性 → 常规巡检,环境传感器指标处于正常范围；图像标签显示作物状态健康；最近 6 小时土壤湿度持续下降，干旱状态概率上升,继续常规巡检,normal
2026-09-06 13:00,18.3,很低,0.85,0.851,0.104,0.009,0.009,0.009,0.009,0.008,0.0,低,healthy,10.5,14.0,1.00,0.87,0.65,0.35,,P(healthy)=0.96；P(drought)=0.01；P(heat)=0.01；P(pest)=0.01；P(waterlogging)=0.01；P(low_light)=0.01；P(sensor_anomaly)=0.01,P(healthy)=0.90；P(drought)=0.02；P(heat)=0.02；P(pest)=0.02；P(waterlogging)=0.02；P(low_light)=0.02；P(sensor_anomaly)=0.01,P(healthy)=0.94；P(drought)=0.01；P(heat)=0.01；P(pest)=0.01；P(waterlogging)=0.01；P(low_light)=0.01；P(sensor_anomaly)=0.01,P(healthy)=0.85；P(drought)=0.10；P(heat)=0.01；P(pest)=0.01；P(waterlogging)=0.01；P(low_light)=0.01；P(sensor_anomaly)=0.01,soil_moisture_decreasing_6h,,,observe,routine_patrol,低风险 + 低不确定性 → 常规巡检,环境传感器指标处于正常范围；图像标签显示作物状态健康；最近 6 小时土壤湿度持续下降，干旱状态概率上升,继续常规巡检,normal
2026-09-06 14:00,45.0,中,0.23,0.631,0.225,0.111,0.009,0.009,0.009,0.007,47.0,中,drought,69.0,13.0,1.00,0.93,0.71,0.29,环境和视觉存在冲突，降低直接执行可靠性,P(healthy)=0.14；P(drought)=0.45；P(heat)=0.39；P(pest)=0.01；P(waterlogging)=0.01；P(low_light)=0.01；P(sensor_anomaly)=0.01,P(healthy)=0.92；P(drought)=0.01；P(heat)=0.01；P(pest)=0.01；P(waterlogging)=0.01；P(low_light)=0.01；P(sensor_anomaly)=0.01,P(healthy)=0.37；P(drought)=0.32；P(heat)=0.28；P(pest)=0.01；P(waterlogging)=0.01；P(low_light)=0.01；P(sensor_anomaly)=0.01,P(healthy)=0.63；P(drought)=0.23；P(heat)=0.11；P(pest)=0.01；P(waterlogging)=0.01；P(low_light)=0.01；P(sensor_anomaly)=0.01,soil_moisture_decreasing_6h,,图像显示健康，但环境传感器提示较高风险,hold,resample_before_action,中风险 + 高不确定性 → 重新采样后再决策,土壤湿度偏低；图像标签显示作物状态健康；环境和视觉存在冲突，降低直接执行可靠性；数据冲突：图像显示健康，但环境传感器提示较高风险；最近 6 小时土壤湿度持续下降，干旱状态概率上升,优先让机器人复查该区域并重新采样；若低湿状态连续出现，触发灌溉提醒,normal
2026-09-06 15:00,45.0,中,0.41,0.486,0.412,0.065,0.010,0.010,0.010,0.008,47.0,中,drought,64.7,14.8,1.00,0.82,0.73,0.27,环境和视觉存在冲突，降低直接执行可靠性,P(healthy)=0.22；P(drought)=0.72；P(heat)=0.01；P(pest)=0.01；P(waterlogging)=0.01；P(low_light)=0.01；P(sensor_anomaly)=0.01,P(healthy)=0.89；P(drought)=0.02；P(heat)=0.02；P(pest)=0.02；P(waterlogging)=0.02；P(low_light)=0.02；P(sensor_anomaly)=0.01,P(healthy)=0.40；P(drought)=0.54；P(heat)=0.01；P(pest)=0.01；P(waterlogging)=0.01；P(low_light)=0.01；P(sensor_anomaly)=0.01,P(healthy)=0.49；P(drought)=0.41；P(heat)=0.07；P(pest)=0.01；P(waterlogging)=0.01；P(low_light)=0.01；P(sensor_anomaly)=0.01,soil_moisture_decreasing_6h,temporal_trend_supports_dominant_state,图像显示健康，但环境传感器提示较高风险,hold,resample_before_action,中风险 + 高不确定性 → 重新采样后再决策,土壤湿度偏低；图像标签显示作物状态健康；环境和视觉存在冲突，降低直接执行可靠性；数据冲突：图像显示健康，但环境传感器提示较高风险；最近 6 小时土壤湿度持续下降，干旱状态概率上升；时间趋势支持当前主风险，系统置信度上升,优先让机器人复查该区域并重新采样；若低湿状态连续出现，触发灌溉提醒,normal
2026-09-06 16:00,52.4,中,0.54,0.388,0.541,0.037,0.009,0.009,0.009,0.008,35.0,中,drought,64.7,12.8,1.00,0.94,0.71,0.29,环境和视觉存在冲突，降低直接执行可靠性,P(healthy)=0.22；P(drought)=0.72；P(heat)=0.01；P(pest)=0.01；P(waterlogging)=0.01；P(low_light)=0.01；P(sensor_anomaly)=0.01,P(healthy)=0.92；P(drought)=0.01；P(heat)=0.01；P(pest)=0.01；P(waterlogging)=0.01；P(low_light)=0.01；P(sensor_anomaly)=0.01,P(healthy)=0.43；P(drought)=0.51；P(heat)=0.01；P(pest)=0.01；P(waterlogging)=0.01；P(low_light)=0.01；P(sensor_anomaly)=0.01,P(healthy)=0.39；P(drought)=0.54；P(heat)=0.04；P(pest)=0.01；P(waterlogging)=0.01；P(low_light)=0.01；P(sensor_anomaly)=0.01,soil_moisture_decreasing_6h,same_risk_state_consistent_with_previous_belief；temporal_trend_supports_dominant_state,图像显示健康，但环境传感器提示较高风险,hold,resample_before_action,中风险 + 高不确定性 → 重新采样后再决策,土壤湿度偏低；图像标签显示作物状态健康；环境和视觉存在冲突，降低直接执行可靠性；数据冲突：图像显示健康，但环境传感器提示较高风险；最近 6 小时土壤湿度持续下降，干旱状态概率上升；当前主风险与上一时刻状态信念一致，系统置信度上升；时间趋势支持当前主风险，系统置信度上升,优先让机器人复查该区域并重新采样；若低湿状态连续出现，触发灌溉提醒,normal
2026-09-06 17:00,56.7,中,0.61,0.331,0.612,0.023,0.009,0.009,0.009,0.008,35.0,中,drought,64.7,14.3,1.00,0.85,0.73,0.27,环境和视觉存在冲突，降低直接执行可靠性,P(healthy)=0.22；P(drought)=0.72；P(heat)=0.01；P(pest)=0.01；P(waterlogging)=0.01；P(low_light)=0.01；P(sensor_anomaly)=0.01,P(healthy)=0.90；P(drought)=0.02；P(heat)=0.02；P(pest)=0.02；P(waterlogging)=0.02；P(low_light)=0.02；P(sensor_anomaly)=0.01,P(healthy)=0.41；P(drought)=0.53；P(heat)=0.01；P(pest)=0.01；P(waterlogging)=0.01；P(low_light)=0.01；P(sensor_anomaly)=0.01,P(healthy)=0.33；P(drought)=0.61；P(heat)=0.02；P(pest)=0.01；P(waterlogging)=0.01；P(low_light)=0.01；P(sensor_anomaly)=0.01,soil_moisture_decreasing_6h,same_risk_state_consistent_with_previous_belief；temporal_trend_supports_dominant_state,图像显示健康，但环境传感器提示较高风险,hold,resample_before_action,中风险 + 高不确定性 → 重新采样后再决策,土壤湿度偏低；图像标签显示作物状态健康；环境和视觉存在冲突，降低直接执行可靠性；数据冲突：图像显示健康，但环境传感器提示较高风险；最近 6 小时土壤湿度持续下降，干旱状态概率上升；当前主风险与上一时刻状态信念一致，系统置信度上升；时间趋势支持当前主风险，系统置信度上升,优先让机器人复查该区域并重新采样；若低湿状态连续出现，触发灌溉提醒,normal
2026-09-06 18:00,58.8,中,0.65,0.305,0.646,0.016,0.009,0.009,0.009,0.008,35.0,中,drought,64.7,13.8,1.00,0.88,0.72,0.28,环境和视觉存在冲突，降低直接执行可靠性,P(healthy)=0.22；P(drought)=0.72；P(heat)=0.01；P(pest)=0.01；P(waterlogging)=0.01；P(low_light)=0.01；P(sensor_anomaly)=0.01,P(healthy)=0.91；P(drought)=0.02；P(heat)=0.02；P(pest)=0.02；P(waterlogging)=0.02；P(low_light)=0.02；P(sensor_anomaly)=0.01,P(healthy)=0.41；P(drought)=0.52；P(heat)=0.01；P(pest)=0.01；P(waterlogging)=0.01；P(low_light)=0.01；P(sensor_anomaly)=0.01,P(healthy)=0.30；P(drought)=0.65；P(heat)=0.02；P(pest)=0.01；P(waterlogging)=0.01；P(low_light)=0.01；P(sensor_anomaly)=0.01,soil_moisture_decreasing_6h,same_risk_state_consistent_with_previous_belief；temporal_trend_supports_dominant_state,图像显示健康，但环境传感器提示较高风险,hold,resample_before_action,中风险 + 高不确定性 → 重新采样后再决策,土壤湿度偏低；图像标签显示作物状态健康；环境和视觉存在冲突，降低直接执行可靠性；数据冲突：图像显示健康，但环境传感器提示较高风险；最近 6 小时土壤湿度持续下降，干旱状态概率上升；当前主风险与上一时刻状态信念一致，系统置信度上升；时间趋势支持当前主风险，系统置信度上升,优先让机器人复查该区域并重新采样；若低湿状态连续出现，触发灌溉提醒,normal
2026-09-06 19:00,59.8,中,0.66,0.291,0.663,0.012,0.009,0.009,0.009,0.008,35.0,中,drought,64.7,13.8,1.00,0.88,0.72,0.28,环境和视觉存在冲突，降低直接执行可靠性,P(healthy)=0.22；P(drought)=0.72；P(heat)=0.01；P(pest)=0.01；P(waterlogging)=0.01；P(low_light)=0.01；P(sensor_anomaly)=0.01,P(healthy)=0.91；P(drought)=0.02；P(heat)=0.02；P(pest)=0.02；P(waterlogging)=0.02；P(low_light)=0.02；P(sensor_anomaly)=0.01,P(healthy)=0.41；P(drought)=0.52；P(heat)=0.01；P(pest)=0.01；P(waterlogging)=0.01；P(low_light)=0.01；P(sensor_anomaly)=0.01,P(healthy)=0.29；P(drought)=0.66；P(heat)=0.01；P(pest)=0.01；P(waterlogging)=0.01；P(low_light)=0.01；P(sensor_anomaly)=0.01,soil_moisture_decreasing_6h,same_risk_state_consistent_with_previous_belief；temporal_trend_supports_dominant_state,图像显示健康，但环境传感器提示较高风险,hold,resample_before_action,中风险 + 高不确定性 → 重新采样后再决策,土壤湿度偏低；图像标签显示作物状态健康；环境和视觉存在冲突，降低直接执行可靠性；数据冲突：图像显示健康，但环境传感器提示较高风险；最近 6 小时土壤湿度持续下降，干旱状态概率上升；当前主风险与上一时刻状态信念一致，系统置信度上升；时间趋势支持当前主风险，系统置信度上升,优先让机器人复查该区域并重新采样；若低湿状态连续出现，触发灌溉提醒,normal
2026-09-06 20:00,58.0,中,0.64,0.314,0.637,0.012,0.010,0.010,0.010,0.008,35.0,中,drought,64.7,14.5,1.00,0.84,0.73,0.27,环境和视觉存在冲突，降低直接执行可靠性,P(healthy)=0.22；P(drought)=0.72；P(heat)=0.01；P(pest)=0.01；P(waterlogging)=0.01；P(low_light)=0.01；P(sensor_anomaly)=0.01,P(healthy)=0.89；P(drought)=0.02；P(heat)=0.02；P(pest)=0.02；P(waterlogging)=0.02；P(low_light)=0.02；P(sensor_anomaly)=0.01,P(healthy)=0.40；P(drought)=0.53；P(heat)=0.01；P(pest)=0.01；P(waterlogging)=0.01；P(low_light)=0.01；P(sensor_anomaly)=0.01,P(healthy)=0.31；P(drought)=0.64；P(heat)=0.01；P(pest)=0.01；P(waterlogging)=0.01；P(low_light)=0.01；P(sensor_anomaly)=0.01,,same_risk_state_consistent_with_previous_belief,图像显示健康，但环境传感器提示较高风险,hold,resample_before_action,中风险 + 高不确定性 → 重新采样后再决策,土壤湿度偏低；图像标签显示作物状态健康；环境和视觉存在冲突，降低直接执行可靠性；数据冲突：图像显示健康，但环境传感器提示较高风险；当前主风险与上一时刻状态信念一致，系统置信度上升,优先让机器人复查该区域并重新采样；若低湿状态连续出现，触发灌溉提醒,normal
2026-09-06 21:00,56.9,中,0.62,0.329,0.621,0.011,0.010,0.010,0.010,0.009,35.0,中,drought,64.7,14.0,1.00,0.87,0.72,0.28,环境和视觉存在冲突，降低直接执行可靠性,P(healthy)=0.22；P(drought)=0.72；P(heat)=0.01；P(pest)=0.01；P(waterlogging)=0.01；P(low_light)=0.01；P(sensor_anomaly)=0.01,P(healthy)=0.90；P(drought)=0.02；P(heat)=0.02；P(pest)=0.02；P(waterlogging)=0.02；P(low_light)=0.02；P(sensor_anomaly)=0.01,P(healthy)=0.41；P(drought)=0.53；P(heat)=0.01；P(pest)=0.01；P(waterlogging)=0.01；P(low_light)=0.01；P(sensor_anomaly)=0.01,P(healthy)=0.33；P(drought)=0.62；P(heat)=0.01；P(pest)=0.01；P(waterlogging)=0.01；P(low_light)=0.01；P(sensor_anomaly)=0.01,,same_risk_state_consistent_with_previous_belief,图像显示健康，但环境传感器提示较高风险,hold,resample_before_action,中风险 + 高不确定性 → 重新采样后再决策,土壤湿度偏低；图像标签显示作物状态健康；环境和视觉存在冲突，降低直接执行可靠性；数据冲突：图像显示健康，但环境传感器提示较高风险；当前主风险与上一时刻状态信念一致，系统置信度上升,优先让机器人复查该区域并重新采样；若低湿状态连续出现，触发灌溉提醒,normal
2026-09-06 22:00,56.0,中,0.61,0.341,0.609,0.011,0.010,0.010,0.010,0.009,35.0,中,drought,64.7,13.1,1.00,0.92,0.71,0.29,环境和视觉存在冲突，降低直接执行可靠性,P(healthy)=0.22；P(drought)=0.72；P(heat)=0.01；P(pest)=0.01；P(waterlogging)=0.01；P(low_light)=0.01；P(sensor_anomaly)=0.01,P(healthy)=0.92；P(drought)=0.01；P(heat)=0.01；P(pest)=0.01；P(waterlogging)=0.01；P(low_light)=0.01；P(sensor_anomaly)=0.01,P(healthy)=0.42；P(drought)=0.52；P(heat)=0.01；P(pest)=0.01；P(waterlogging)=0.01；P(low_light)=0.01；P(sensor_anomaly)=0.01,P(healthy)=0.34；P(drought)=0.61；P(heat)=0.01；P(pest)=0.01；P(waterlogging)=0.01；P(low_light)=0.01；P(sensor_anomaly)=0.01,,same_risk_state_consistent_with_previous_belief,图像显示健康，但环境传感器提示较高风险,hold,resample_before_action,中风险 + 高不确定性 → 重新采样后再决策,土壤湿度偏低；图像标签显示作物状态健康；环境和视觉存在冲突，降低直接执行可靠性；数据冲突：图像显示健康，但环境传感器提示较高风险；当前主风险与上一时刻状态信念一致，系统置信度上升,优先让机器人复查该区域并重新采样；若低湿状态连续出现，触发灌溉提醒,normal
2026-09-06 23:00,55.6,中,0.60,0.346,0.604,0.011,0.010,0.010,0.010,0.009,35.0,中,drought,64.7,13.4,1.00,0.90,0.72,0.28,环境和视觉存在冲突，降低直接执行可靠性,P(healthy)=0.22；P(drought)=0.72；P(heat)=0.01；P(pest)=0.01；P(waterlogging)=0.01；P(low_light)=0.01；P(sensor_anomaly)=0.01,P(healthy)=0.91；P(drought)=0.02；P(heat)=0.02；P(pest)=0.02；P(waterlogging)=0.02；P(low_light)=0.02；P(sensor_anomaly)=0.01,P(healthy)=0.42；P(drought)=0.52；P(heat)=0.01；P(pest)=0.01；P(waterlogging)=0.01；P(low_light)=0.01；P(sensor_anomaly)=0.01,P(healthy)=0.35；P(drought)=0.60；P(heat)=0.01；P(pest)=0.01；P(waterlogging)=0.01；P(low_light)=0.01；P(sensor_anomaly)=0.01,,same_risk_state_consistent_with_previous_belief,图像显示健康，但环境传感器提示较高风险,hold,resample_before_action,中风险 + 高不确定性 → 重新采样后再决策,土壤湿度偏低；图像标签显示作物状态健康；环境和视觉存在冲突，降低直接执行可靠性；数据冲突：图像显示健康，但环境传感器提示较高风险；当前主风险与上一时刻状态信念一致，系统置信度上升,优先让机器人复查该区域并重新采样；若低湿状态连续出现，触发灌溉提醒,normal
2026-09-07 00:00,61.5,中高,0.48,0.217,0.479,0.009,0.163,0.016,0.009,0.108,35.0,中,drought,62.3,69.3,0.78,0.83,0.51,0.49,传感器存在异常值，降低环境模态权重,P(healthy)=0.11；P(drought)=0.36；P(heat)=0.01；P(pest)=0.01；P(waterlogging)=0.01；P(low_light)=0.01；P(sensor_anomaly)=0.51,P(healthy)=0.05；P(drought)=0.05；P(heat)=0.01；P(pest)=0.82；P(waterlogging)=0.05；P(low_light)=0.01；P(sensor_anomaly)=0.01,P(healthy)=0.08；P(drought)=0.21；P(heat)=0.01；P(pest)=0.40；P(waterlogging)=0.03；P(low_light)=0.01；P(sensor_anomaly)=0.26,P(healthy)=0.22；P(drought)=0.48；P(heat)=0.01；P(pest)=0.16；P(waterlogging)=0.02；P(low_light)=0.01；P(sensor_anomaly)=0.11,,same_risk_state_consistent_with_previous_belief,,hold,recheck_before_action,高风险 + 高不确定性 → 先复查，不直接执行动作,土壤湿度偏低；温度出现异常尖峰，疑似传感器噪声；图像标签疑似病虫害；传感器存在异常值，降低环境模态权重；当前主风险与上一时刻状态信念一致，系统置信度上升,优先让机器人复查该区域并重新采样；复测或校准温度传感器；若低湿状态连续出现，触发灌溉提醒,noisy_temperature_spike
2026-09-07 01:00,58.5,中,0.53,0.280,0.533,0.010,0.092,0.013,0.009,0.062,35.0,中,drought,64.7,13.3,1.00,0.91,0.71,0.29,环境和视觉存在冲突，降低直接执行可靠性,P(healthy)=0.22；P(drought)=0.72；P(heat)=0.01；P(pest)=0.01；P(waterlogging)=0.01；P(low_light)=0.01；P(sensor_anomaly)=0.01,P(healthy)=0.91；P(drought)=0.01；P(heat)=0.01；P(pest)=0.01；P(waterlogging)=0.01；P(low_light)=0.01；P(sensor_anomaly)=0.01,P(healthy)=0.42；P(drought)=0.52；P(heat)=0.01；P(pest)=0.01；P(waterlogging)=0.01；P(low_light)=0.01；P(sensor_anomaly)=0.01,P(healthy)=0.28；P(drought)=0.53；P(heat)=0.01；P(pest)=0.09；P(waterlogging)=0.01；P(low_light)=0.01；P(sensor_anomaly)=0.06,,same_risk_state_consistent_with_previous_belief,图像显示健康，但环境传感器提示较高风险,hold,resample_before_action,中风险 + 高不确定性 → 重新采样后再决策,土壤湿度偏低；图像标签显示作物状态健康；环境和视觉存在冲突，降低直接执行可靠性；数据冲突：图像显示健康，但环境传感器提示较高风险；当前主风险与上一时刻状态信念一致，系统置信度上升,优先让机器人复查该区域并重新采样；若低湿状态连续出现，触发灌溉提醒,normal
2026-09-07 02:00,56.9,中,0.56,0.315,0.562,0.010,0.054,0.012,0.010,0.038,35.0,中,drought,64.7,13.1,1.00,0.92,0.71,0.29,环境和视觉存在冲突，降低直接执行可靠性,P(healthy)=0.22；P(drought)=0.72；P(heat)=0.01；P(pest)=0.01；P(waterlogging)=0.01；P(low_light)=0.01；P(sensor_anomaly)=0.01,P(healthy)=0.92；P(drought)=0.01；P(heat)=0.01；P(pest)=0.01；P(waterlogging)=0.01；P(low_light)=0.01；P(sensor_anomaly)=0.01,P(healthy)=0.42；P(drought)=0.52；P(heat)=0.01；P(pest)=0.01；P(waterlogging)=0.01；P(low_light)=0.01；P(sensor_anomaly)=0.01,P(healthy)=0.32；P(drought)=0.56；P(heat)=0.01；P(pest)=0.05；P(waterlogging)=0.01；P(low_light)=0.01；P(sensor_anomaly)=0.04,,same_risk_state_consistent_with_previous_belief,图像显示健康，但环境传感器提示较高风险,hold,resample_before_action,中风险 + 高不确定性 → 重新采样后再决策,土壤湿度偏低；图像标签显示作物状态健康；环境和视觉存在冲突，降低直接执行可靠性；数据冲突：图像显示健康，但环境传感器提示较高风险；当前主风险与上一时刻状态信念一致，系统置信度上升,优先让机器人复查该区域并重新采样；若低湿状态连续出现，触发灌溉提醒,normal
2026-09-07 03:00,55.6,中,0.57,0.338,0.574,0.010,0.034,0.011,0.010,0.025,35.0,中,drought,64.7,12.3,1.00,0.97,0.70,0.30,环境和视觉存在冲突，降低直接执行可靠性,P(healthy)=0.22；P(drought)=0.72；P(heat)=0.01；P(pest)=0.01；P(waterlogging)=0.01；P(low_light)=0.01；P(sensor_anomaly)=0.01,P(healthy)=0.93；P(drought)=0.01；P(heat)=0.01；P(pest)=0.01；P(waterlogging)=0.01；P(low_light)=0.01；P(sensor_anomaly)=0.01,P(healthy)=0.43；P(drought)=0.51；P(heat)=0.01；P(pest)=0.01；P(waterlogging)=0.01；P(low_light)=0.01；P(sensor_anomaly)=0.01,P(healthy)=0.34；P(drought)=0.57；P(heat)=0.01；P(pest)=0.03；P(waterlogging)=0.01；P(low_light)=0.01；P(sensor_anomaly)=0.02,,same_risk_state_consistent_with_previous_belief,图像显示健康，但环境传感器提示较高风险,hold,resample_before_action,中风险 + 高不确定性 → 重新采样后再决策,土壤湿度偏低；图像标签显示作物状态健康；环境和视觉存在冲突，降低直接执行可靠性；数据冲突：图像显示健康，但环境传感器提示较高风险；当前主风险与上一时刻状态信念一致，系统置信度上升,优先让机器人复查该区域并重新采样；若低湿状态连续出现，触发灌溉提醒,normal
2026-09-07 04:00,55.7,中,0.59,0.341,0.587,0.010,0.023,0.011,0.010,0.018,35.0,中,drought,64.7,14.1,1.00,0.86,0.72,0.28,环境和视觉存在冲突，降低直接执行可靠性,P(healthy)=0.22；P(drought)=0.72；P(heat)=0.01；P(pest)=0.01；P(waterlogging)=0.01；P(low_light)=0.01；P(sensor_anomaly)=0.01,P(healthy)=0.90；P(drought)=0.02；P(heat)=0.02；P(pest)=0.02；P(waterlogging)=0.02；P(low_light)=0.02；P(sensor_anomaly)=0.01,P(healthy)=0.41；P(drought)=0.53；P(heat)=0.01；P(pest)=0.01；P(waterlogging)=0.01；P(low_light)=0.01；P(sensor_anomaly)=0.01,P(healthy)=0.34；P(drought)=0.59；P(heat)=0.01；P(pest)=0.02；P(waterlogging)=0.01；P(low_light)=0.01；P(sensor_anomaly)=0.02,,same_risk_state_consistent_with_previous_belief,图像显示健康，但环境传感器提示较高风险,hold,resample_before_action,中风险 + 高不确定性 → 重新采样后再决策,土壤湿度偏低；图像标签显示作物状态健康；环境和视觉存在冲突，降低直接执行可靠性；数据冲突：图像显示健康，但环境传感器提示较高风险；当前主风险与上一时刻状态信念一致，系统置信度上升,优先让机器人复查该区域并重新采样；若低湿状态连续出现，触发灌溉提醒,normal
2026-09-07 05:00,55.9,中,0.60,0.339,0.597,0.011,0.018,0.011,0.011,0.014,35.0,中,drought,64.7,14.7,1.00,0.83,0.73,0.27,环境和视觉存在冲突，降低直接执行可靠性,P(healthy)=0.22；P(drought)=0.72；P(heat)=0.01；P(pest)=0.01；P(waterlogging)=0.01；P(low_light)=0.01；P(sensor_anomaly)=0.01,P(healthy)=0.89；P(drought)=0.02；P(heat)=0.02；P(pest)=0.02；P(waterlogging)=0.02；P(low_light)=0.02；P(sensor_anomaly)=0.01,P(healthy)=0.40；P(drought)=0.53；P(heat)=0.01；P(pest)=0.01；P(waterlogging)=0.01；P(low_light)=0.01；P(sensor_anomaly)=0.01,P(healthy)=0.34；P(drought)=0.60；P(heat)=0.01；P(pest)=0.02；P(waterlogging)=0.01；P(low_light)=0.01；P(sensor_anomaly)=0.01,,same_risk_state_consistent_with_previous_belief,图像显示健康，但环境传感器提示较高风险,hold,resample_before_action,中风险 + 高不确定性 → 重新采样后再决策,土壤湿度偏低；图像标签显示作物状态健康；环境和视觉存在冲突，降低直接执行可靠性；数据冲突：图像显示健康，但环境传感器提示较高风险；当前主风险与上一时刻状态信念一致，系统置信度上升,优先让机器人复查该区域并重新采样；若低湿状态连续出现，触发灌溉提醒,normal
2026-09-07 06:00,55.5,中,0.60,0.346,0.597,0.010,0.014,0.011,0.010,0.012,35.0,中,drought,64.7,13.3,1.00,0.91,0.71,0.29,环境和视觉存在冲突，降低直接执行可靠性,P(healthy)=0.22；P(drought)=0.72；P(heat)=0.01；P(pest)=0.01；P(waterlogging)=0.01；P(low_light)=0.01；P(sensor_anomaly)=0.01,P(healthy)=0.91；P(drought)=0.01；P(heat)=0.01；P(pest)=0.01；P(waterlogging)=0.01；P(low_light)=0.01；P(sensor_anomaly)=0.01,P(healthy)=0.42；P(drought)=0.52；P(heat)=0.01；P(pest)=0.01；P(waterlogging)=0.01；P(low_light)=0.01；P(sensor_anomaly)=0.01,P(healthy)=0.35；P(drought)=0.60；P(heat)=0.01；P(pest)=0.01；P(waterlogging)=0.01；P(low_light)=0.01；P(sensor_anomaly)=0.01,,same_risk_state_consistent_with_previous_belief,图像显示健康，但环境传感器提示较高风险,hold,resample_before_action,中风险 + 高不确定性 → 重新采样后再决策,土壤湿度偏低；图像标签显示作物状态健康；环境和视觉存在冲突，降低直接执行可靠性；数据冲突：图像显示健康，但环境传感器提示较高风险；当前主风险与上一时刻状态信念一致，系统置信度上升,优先让机器人复查该区域并重新采样；若低湿状态连续出现，触发灌溉提醒,normal
2026-09-07 07:00,55.6,中,0.60,0.346,0.599,0.011,0.013,0.011,0.011,0.011,35.0,中,drought,64.7,14.0,1.00,0.87,0.72,0.28,环境和视觉存在冲突，降低直接执行可靠性,P(healthy)=0.22；P(drought)=0.72；P(heat)=0.01；P(pest)=0.01；P(waterlogging)=0.01；P(low_light)=0.01；P(sensor_anomaly)=0.01,P(healthy)=0.90；P(drought)=0.02；P(heat)=0.02；P(pest)=0.02；P(waterlogging)=0.02；P(low_light)=0.02；P(sensor_anomaly)=0.01,P(healthy)=0.41；P(drought)=0.53；P(heat)=0.01；P(pest)=0.01；P(waterlogging)=0.01；P(low_light)=0.01；P(sensor_anomaly)=0.01,P(healthy)=0.35；P(drought)=0.60；P(heat)=0.01；P(pest)=0.01；P(waterlogging)=0.01；P(low_light)=0.01；P(sensor_anomaly)=0.01,,same_risk_state_consistent_with_previous_belief,图像显示健康，但环境传感器提示较高风险,hold,resample_before_action,中风险 + 高不确定性 → 重新采样后再决策,土壤湿度偏低；图像标签显示作物状态健康；环境和视觉存在冲突，降低直接执行可靠性；数据冲突：图像显示健康，但环境传感器提示较高风险；当前主风险与上一时刻状态信念一致，系统置信度上升,优先让机器人复查该区域并重新采样；若低湿状态连续出现，触发灌溉提醒,normal
2026-09-07 08:00,53.0,中,0.40,0.370,0.402,0.012,0.013,0.181,0.012,0.011,47.0,中,drought,56.0,13.6,1.00,0.89,0.72,0.28,环境和视觉存在冲突，降低直接执行可靠性,P(healthy)=0.30；P(drought)=0.02；P(heat)=0.02；P(pest)=0.02；P(waterlogging)=0.62；P(low_light)=0.02；P(sensor_anomaly)=0.02,P(healthy)=0.91；P(drought)=0.02；P(heat)=0.02；P(pest)=0.02；P(waterlogging)=0.02；P(low_light)=0.02；P(sensor_anomaly)=0.01,P(healthy)=0.47；P(drought)=0.02；P(heat)=0.02；P(pest)=0.02；P(waterlogging)=0.45；P(low_light)=0.02；P(sensor_anomaly)=0.01,P(healthy)=0.37；P(drought)=0.40；P(heat)=0.01；P(pest)=0.01；P(waterlogging)=0.18；P(low_light)=0.01；P(sensor_anomaly)=0.01,,same_risk_state_consistent_with_previous_belief,图像显示健康，但环境传感器提示较高风险,hold,resample_before_action,中风险 + 高不确定性 → 重新采样后再决策,短时降雨量较高；图像标签显示作物状态健康；环境和视觉存在冲突，降低直接执行可靠性；数据冲突：图像显示健康，但环境传感器提示较高风险；当前主风险与上一时刻状态信念一致，系统置信度上升,优先让机器人复查该区域并重新采样；若低湿状态连续出现，触发灌溉提醒,normal
2026-09-07 09:00,35.5,低,0.61,0.612,0.237,0.011,0.011,0.109,0.011,0.010,0.0,低,healthy,10.5,12.5,1.00,0.96,0.63,0.37,,P(healthy)=0.96；P(drought)=0.01；P(heat)=0.01；P(pest)=0.01；P(waterlogging)=0.01；P(low_light)=0.01；P(sensor_anomaly)=0.01,P(healthy)=0.93；P(drought)=0.01；P(heat)=0.01；P(pest)=0.01；P(waterlogging)=0.01；P(low_light)=0.01；P(sensor_anomaly)=0.01,P(healthy)=0.95；P(drought)=0.01；P(heat)=0.01；P(pest)=0.01；P(waterlogging)=0.01；P(low_light)=0.01；P(sensor_anomaly)=0.01,P(healthy)=0.61；P(drought)=0.24；P(heat)=0.01；P(pest)=0.01；P(waterlogging)=0.11；P(low_light)=0.01；P(sensor_anomaly)=0.01,,,,observe,routine_patrol,低风险 + 低不确定性 → 常规巡检,环境传感器指标处于正常范围；图像标签显示作物状态健康,继续常规巡检,normal
2026-09-07 10:00,25.4,低,0.75,0.751,0.141,0.010,0.011,0.067,0.010,0.009,0.0,低,healthy,10.5,13.3,1.00,0.91,0.64,0.36,,P(healthy)=0.96；P(drought)=0.01；P(heat)=0.01；P(pest)=0.01；P(waterlogging)=0.01；P(low_light)=0.01；P(sensor_anomaly)=0.01,P(healthy)=0.91；P(drought)=0.01；P(heat)=0.01；P(pest)=0.01；P(waterlogging)=0.01；P(low_light)=0.01；P(sensor_anomaly)=0.01,P(healthy)=0.94；P(drought)=0.01；P(heat)=0.01；P(pest)=0.01；P(waterlogging)=0.01；P(low_light)=0.01；P(sensor_anomaly)=0.01,P(healthy)=0.75；P(drought)=0.14；P(heat)=0.01；P(pest)=0.01；P(waterlogging)=0.07；P(low_light)=0.01；P(sensor_anomaly)=0.01,,,,observe,routine_patrol,低风险 + 低不确定性 → 常规巡检,环境传感器指标处于正常范围；图像标签显示作物状态健康,继续常规巡检,normal
2026-09-07 11:00,19.6,很低,0.83,0.831,0.086,0.010,0.010,0.043,0.010,0.009,0.0,低,healthy,10.5,13.8,1.00,0.88,0.65,0.35,,P(healthy)=0.96；P(drought)=0.01；P(heat)=0.01；P(pest)=0.01；P(waterlogging)=0.01；P(low_light)=0.01；P(sensor_anomaly)=0.01,P(healthy)=0.91；P(drought)=0.02；P(heat)=0.02；P(pest)=0.02；P(waterlogging)=0.02；P(low_light)=0.02；P(sensor_anomaly)=0.01,P(healthy)=0.94；P(drought)=0.01；P(heat)=0.01；P(pest)=0.01；P(waterlogging)=0.01；P(low_light)=0.01；P(sensor_anomaly)=0.01,P(healthy)=0.83；P(drought)=0.09；P(heat)=0.01；P(pest)=0.01；P(waterlogging)=0.04；P(low_light)=0.01；P(sensor_anomaly)=0.01,,,,observe,routine_patrol,低风险 + 低不确定性 → 常规巡检,环境传感器指标处于正常范围；图像标签显示作物状态健康,继续常规巡检,normal
2026-09-07 12:00,45.0,中,0.27,0.653,0.273,0.011,0.012,0.031,0.011,0.010,47.0,中,drought,64.7,14.3,1.00,0.85,0.73,0.27,环境和视觉存在冲突，降低直接执行可靠性,P(healthy)=0.22；P(drought)=0.72；P(heat)=0.01；P(pest)=0.01；P(waterlogging)=0.01；P(low_light)=0.01；P(sensor_anomaly)=0.01,P(healthy)=0.90；P(drought)=0.02；P(heat)=0.02；P(pest)=0.02；P(waterlogging)=0.02；P(low_light)=0.02；P(sensor_anomaly)=0.01,P(healthy)=0.41；P(drought)=0.53；P(heat)=0.01；P(pest)=0.01；P(waterlogging)=0.01；P(low_light)=0.01；P(sensor_anomaly)=0.01,P(healthy)=0.65；P(drought)=0.27；P(heat)=0.01；P(pest)=0.01；P(waterlogging)=0.03；P(low_light)=0.01；P(sensor_anomaly)=0.01,,,图像显示健康，但环境传感器提示较高风险,hold,resample_before_action,中风险 + 高不确定性 → 重新采样后再决策,土壤湿度偏低；图像标签显示作物状态健康；环境和视觉存在冲突，降低直接执行可靠性；数据冲突：图像显示健康，但环境传感器提示较高风险,优先让机器人复查该区域并重新采样；若低湿状态连续出现，触发灌溉提醒,normal
2026-09-07 13:00,45.0,中,0.20,0.584,0.164,0.013,0.013,0.202,0.013,0.012,47.0,中,waterlogging,56.0,12.5,1.00,0.96,0.70,0.30,环境和视觉存在冲突，降低直接执行可靠性,P(healthy)=0.30；P(drought)=0.02；P(heat)=0.02；P(pest)=0.02；P(waterlogging)=0.62；P(low_light)=0.02；P(sensor_anomaly)=0.02,P(healthy)=0.93；P(drought)=0.01；P(heat)=0.01；P(pest)=0.01；P(waterlogging)=0.01；P(low_light)=0.01；P(sensor_anomaly)=0.01,P(healthy)=0.49；P(drought)=0.01；P(heat)=0.01；P(pest)=0.01；P(waterlogging)=0.44；P(low_light)=0.01；P(sensor_anomaly)=0.01,P(healthy)=0.58；P(drought)=0.16；P(heat)=0.01；P(pest)=0.01；P(waterlogging)=0.20；P(low_light)=0.01；P(sensor_anomaly)=0.01,,,图像显示健康，但环境传感器提示较高风险,hold,resample_before_action,中风险 + 高不确定性 → 重新采样后再决策,短时降雨量较高；图像标签显示作物状态健康；环境和视觉存在冲突，降低直接执行可靠性；数据冲突：图像显示健康，但环境传感器提示较高风险,优先让机器人复查该区域并重新采样；检查排水情况并降低灌溉优先级,normal
2026-09-07 14:00,45.0,中,0.31,0.534,0.102,0.014,0.014,0.309,0.014,0.013,47.0,中,waterlogging,56.0,14.3,1.00,0.85,0.73,0.27,环境和视觉存在冲突，降低直接执行可靠性,P(healthy)=0.30；P(drought)=0.02；P(heat)=0.02；P(pest)=0.02；P(waterlogging)=0.62；P(low_light)=0.02；P(sensor_anomaly)=0.02,P(healthy)=0.90；P(drought)=0.02；P(heat)=0.02；P(pest)=0.02；P(waterlogging)=0.02；P(low_light)=0.02；P(sensor_anomaly)=0.01,P(healthy)=0.47；P(drought)=0.02；P(heat)=0.02；P(pest)=0.02；P(waterlogging)=0.46；P(low_light)=0.02；P(sensor_anomaly)=0.01,P(healthy)=0.53；P(drought)=0.10；P(heat)=0.01；P(pest)=0.01；P(waterlogging)=0.31；P(low_light)=0.01；P(sensor_anomaly)=0.01,,,图像显示健康，但环境传感器提示较高风险,hold,resample_before_action,中风险 + 高不确定性 → 重新采样后再决策,短时降雨量较高；图像标签显示作物状态健康；环境和视觉存在冲突，降低直接执行可靠性；数据冲突：图像显示健康，但环境传感器提示较高风险,优先让机器人复查该区域并重新采样；检查排水情况并降低灌溉优先级,normal
2026-09-07 15:00,28.3,低,0.70,0.703,0.064,0.013,0.013,0.184,0.013,0.011,0.0,低,healthy,10.5,14.5,1.00,0.84,0.66,0.34,,P(healthy)=0.96；P(drought)=0.01；P(heat)=0.01；P(pest)=0.01；P(waterlogging)=0.01；P(low_light)=0.01；P(sensor_anomaly)=0.01,P(healthy)=0.89；P(drought)=0.02；P(heat)=0.02；P(pest)=0.02；P(waterlogging)=0.02；P(low_light)=0.02；P(sensor_anomaly)=0.01,P(healthy)=0.94；P(drought)=0.01；P(heat)=0.01；P(pest)=0.01；P(waterlogging)=0.01；P(low_light)=0.01；P(sensor_anomaly)=0.01,P(healthy)=0.70；P(drought)=0.06；P(heat)=0.01；P(pest)=0.01；P(waterlogging)=0.18；P(low_light)=0.01；P(sensor_anomaly)=0.01,,,,observe,routine_patrol,低风险 + 低不确定性 → 常规巡检,环境传感器指标处于正常范围；图像标签显示作物状态健康,继续常规巡检,normal
2026-09-07 16:00,23.8,低,0.77,0.767,0.041,0.011,0.011,0.149,0.011,0.010,0.0,低,healthy,10.5,13.6,1.00,0.89,0.65,0.35,,P(healthy)=0.96；P(drought)=0.01；P(heat)=0.01；P(pest)=0.01；P(waterlogging)=0.01；P(low_light)=0.01；P(sensor_anomaly)=0.01,P(healthy)=0.91；P(drought)=0.02；P(heat)=0.02；P(pest)=0.02；P(waterlogging)=0.02；P(low_light)=0.02；P(sensor_anomaly)=0.01,P(healthy)=0.94；P(drought)=0.01；P(heat)=0.01；P(pest)=0.01；P(waterlogging)=0.01；P(low_light)=0.01；P(sensor_anomaly)=0.01,P(healthy)=0.77；P(drought)=0.04；P(heat)=0.01；P(pest)=0.01；P(waterlogging)=0.15；P(low_light)=0.01；P(sensor_anomaly)=0.01,persistent_wet_condition_6h,,,observe,routine_patrol,低风险 + 低不确定性 → 常规巡检,环境传感器指标处于正常范围；图像标签显示作物状态健康；最近 6 小时存在持续湿润或降雨，积水状态概率上升,继续常规巡检,normal
2026-09-07 17:00,21.2,低,0.80,0.804,0.028,0.010,0.010,0.128,0.010,0.009,0.0,低,healthy,10.5,13.8,1.00,0.88,0.65,0.35,,P(healthy)=0.96；P(drought)=0.01；P(heat)=0.01；P(pest)=0.01；P(waterlogging)=0.01；P(low_light)=0.01；P(sensor_anomaly)=0.01,P(healthy)=0.91；P(drought)=0.02；P(heat)=0.02；P(pest)=0.02；P(waterlogging)=0.02；P(low_light)=0.02；P(sensor_anomaly)=0.01,P(healthy)=0.94；P(drought)=0.01；P(heat)=0.01；P(pest)=0.01；P(waterlogging)=0.01；P(low_light)=0.01；P(sensor_anomaly)=0.01,P(healthy)=0.80；P(drought)=0.03；P(heat)=0.01；P(pest)=0.01；P(waterlogging)=0.13；P(low_light)=0.01；P(sensor_anomaly)=0.01,persistent_wet_condition_6h,,,observe,routine_patrol,低风险 + 低不确定性 → 常规巡检,环境传感器指标处于正常范围；图像标签显示作物状态健康；最近 6 小时存在持续湿润或降雨，积水状态概率上升,继续常规巡检,normal
2026-09-07 18:00,19.7,很低,0.83,0.827,0.020,0.010,0.010,0.116,0.010,0.008,0.0,低,healthy,10.5,13.1,1.00,0.92,0.64,0.36,,P(healthy)=0.96；P(drought)=0.01；P(heat)=0.01；P(pest)=0.01；P(waterlogging)=0.01；P(low_light)=0.01；P(sensor_anomaly)=0.01,P(healthy)=0.92；P(drought)=0.01；P(heat)=0.01；P(pest)=0.01；P(waterlogging)=0.01；P(low_light)=0.01；P(sensor_anomaly)=0.01,P(healthy)=0.94；P(drought)=0.01；P(heat)=0.01；P(pest)=0.01；P(waterlogging)=0.01；P(low_light)=0.01；P(sensor_anomaly)=0.01,P(healthy)=0.83；P(drought)=0.02；P(heat)=0.01；P(pest)=0.01；P(waterlogging)=0.12；P(low_light)=0.01；P(sensor_anomaly)=0.01,persistent_wet_condition_6h,,,observe,routine_patrol,低风险 + 低不确定性 → 常规巡检,环境传感器指标处于正常范围；图像标签显示作物状态健康；最近 6 小时存在持续湿润或降雨，积水状态概率上升,继续常规巡检,normal
2026-09-07 19:00,18.7,很低,0.84,0.840,0.015,0.009,0.009,0.109,0.009,0.008,0.0,低,healthy,10.5,12.8,1.00,0.94,0.63,0.37,,P(healthy)=0.96；P(drought)=0.01；P(heat)=0.01；P(pest)=0.01；P(waterlogging)=0.01；P(low_light)=0.01；P(sensor_anomaly)=0.01,P(healthy)=0.92；P(drought)=0.01；P(heat)=0.01；P(pest)=0.01；P(waterlogging)=0.01；P(low_light)=0.01；P(sensor_anomaly)=0.01,P(healthy)=0.95；P(drought)=0.01；P(heat)=0.01；P(pest)=0.01；P(waterlogging)=0.01；P(low_light)=0.01；P(sensor_anomaly)=0.01,P(healthy)=0.84；P(drought)=0.01；P(heat)=0.01；P(pest)=0.01；P(waterlogging)=0.11；P(low_light)=0.01；P(sensor_anomaly)=0.01,persistent_wet_condition_6h,,,observe,routine_patrol,低风险 + 低不确定性 → 常规巡检,环境传感器指标处于正常范围；图像标签显示作物状态健康；最近 6 小时存在持续湿润或降雨，积水状态概率上升,继续常规巡检,normal
2026-09-07 20:00,43.2,中,0.46,0.492,0.015,0.008,0.012,0.459,0.008,0.007,0.0,低,waterlogging,71.2,71.6,1.00,0.71,0.70,0.30,,P(healthy)=0.09；P(drought)=0.00；P(heat)=0.00；P(pest)=0.00；P(waterlogging)=0.88；P(low_light)=0.00；P(sensor_anomaly)=0.00,P(healthy)=0.08；P(drought)=0.05；P(heat)=0.01；P(pest)=0.05；P(waterlogging)=0.78；P(low_light)=0.01；P(sensor_anomaly)=0.01,P(healthy)=0.09；P(drought)=0.02；P(heat)=0.01；P(pest)=0.02；P(waterlogging)=0.85；P(low_light)=0.01；P(sensor_anomaly)=0.01,P(healthy)=0.49；P(drought)=0.01；P(heat)=0.01；P(pest)=0.01；P(waterlogging)=0.46；P(low_light)=0.01；P(sensor_anomaly)=0.01,persistent_wet_condition_6h,temporal_trend_supports_dominant_state,,hold,monitor_more_context,风险或不确定性处于中间状态 → 继续观察并收集更多上下文,降雨量较高且土壤湿度偏高；图像标签疑似积水；最近 6 小时存在持续湿润或降雨，积水状态概率上升；时间趋势支持当前主风险，系统置信度上升,检查排水情况并降低灌溉优先级,normal
2026-09-07 21:00,52.2,中,0.60,0.363,0.011,0.007,0.009,0.598,0.007,0.006,35.0,中,waterlogging,69.6,13.8,1.00,0.88,0.72,0.28,环境和视觉存在冲突，降低直接执行可靠性,P(healthy)=0.11；P(drought)=0.01；P(heat)=0.01；P(pest)=0.01；P(waterlogging)=0.86；P(low_light)=0.01；P(sensor_anomaly)=0.01,P(healthy)=0.91；P(drought)=0.02；P(heat)=0.02；P(pest)=0.02；P(waterlogging)=0.02；P(low_light)=0.02；P(sensor_anomaly)=0.01,P(healthy)=0.34；P(drought)=0.01；P(heat)=0.01；P(pest)=0.01；P(waterlogging)=0.62；P(low_light)=0.01；P(sensor_anomaly)=0.01,P(healthy)=0.36；P(drought)=0.01；P(heat)=0.01；P(pest)=0.01；P(waterlogging)=0.60；P(low_light)=0.01；P(sensor_anomaly)=0.01,persistent_wet_condition_6h,same_risk_state_consistent_with_previous_belief；temporal_trend_supports_dominant_state,图像显示健康，但环境传感器提示较高风险,hold,resample_before_action,中风险 + 高不确定性 → 重新采样后再决策,降雨量较高且土壤湿度偏高；图像标签显示作物状态健康；环境和视觉存在冲突，降低直接执行可靠性；数据冲突：图像显示健康，但环境传感器提示较高风险；最近 6 小时存在持续湿润或降雨，积水状态概率上升；当前主风险与上一时刻状态信念一致，系统置信度上升；时间趋势支持当前主风险，系统置信度上升,优先让机器人复查该区域并重新采样；检查排水情况并降低灌溉优先级,normal
2026-09-07 22:00,60.3,中高,0.64,0.241,0.013,0.007,0.086,0.640,0.007,0.007,0.0,低,waterlogging,63.2,67.2,1.00,0.71,0.70,0.30,,P(healthy)=0.20；P(drought)=0.01；P(heat)=0.01；P(pest)=0.01；P(waterlogging)=0.74；P(low_light)=0.01；P(sensor_anomaly)=0.01,P(healthy)=0.08；P(drought)=0.05；P(heat)=0.01；P(pest)=0.78；P(waterlogging)=0.05；P(low_light)=0.01；P(sensor_anomaly)=0.01,P(healthy)=0.17；P(drought)=0.02；P(heat)=0.01；P(pest)=0.24；P(waterlogging)=0.53；P(low_light)=0.01；P(sensor_anomaly)=0.01,P(healthy)=0.24；P(drought)=0.01；P(heat)=0.01；P(pest)=0.09；P(waterlogging)=0.64；P(low_light)=0.01；P(sensor_anomaly)=0.01,persistent_wet_condition_6h,same_risk_state_consistent_with_previous_belief；temporal_trend_supports_dominant_state,,execute,execute_recommended_action,高风险 + 低不确定性 → 允许执行建议动作,土壤湿度过高；图像标签疑似病虫害；最近 6 小时存在持续湿润或降雨，积水状态概率上升；当前主风险与上一时刻状态信念一致，系统置信度上升；时间趋势支持当前主风险，系统置信度上升,检查排水情况并降低灌溉优先级,normal
2026-09-07 23:00,59.2,中,0.66,0.260,0.010,0.007,0.048,0.660,0.007,0.007,35.0,中,waterlogging,63.2,13.1,1.00,0.92,0.71,0.29,环境和视觉存在冲突，降低直接执行可靠性,P(healthy)=0.20；P(drought)=0.01；P(heat)=0.01；P(pest)=0.01；P(waterlogging)=0.74；P(low_light)=0.01；P(sensor_anomaly)=0.01,P(healthy)=0.92；P(drought)=0.01；P(heat)=0.01；P(pest)=0.01；P(waterlogging)=0.01；P(low_light)=0.01；P(sensor_anomaly)=0.01,P(healthy)=0.41；P(drought)=0.01；P(heat)=0.01；P(pest)=0.01；P(waterlogging)=0.53；P(low_light)=0.01；P(sensor_anomaly)=0.01,P(healthy)=0.26；P(drought)=0.01；P(heat)=0.01；P(pest)=0.05；P(waterlogging)=0.66；P(low_light)=0.01；P(sensor_anomaly)=0.01,persistent_wet_condition_6h,same_risk_state_consistent_with_previous_belief；temporal_trend_supports_dominant_state,图像显示健康，但环境传感器提示较高风险,hold,resample_before_action,中风险 + 高不确定性 → 重新采样后再决策,土壤湿度过高；图像标签显示作物状态健康；环境和视觉存在冲突，降低直接执行可靠性；数据冲突：图像显示健康，但环境传感器提示较高风险；最近 6 小时存在持续湿润或降雨，积水状态概率上升；当前主风险与上一时刻状态信念一致，系统置信度上升；时间趋势支持当前主风险，系统置信度上升,优先让机器人复查该区域并重新采样；检查排水情况并降低灌溉优先级,normal
2026-09-08 00:00,63.3,中高,0.73,0.203,0.015,0.008,0.034,0.725,0.008,0.007,44.0,中,waterlogging,63.2,57.4,1.00,0.31,0.91,0.09,视觉置信度低，降低视觉模态权重,P(healthy)=0.20；P(drought)=0.01；P(heat)=0.01；P(pest)=0.01；P(waterlogging)=0.74；P(low_light)=0.01；P(sensor_anomaly)=0.01,P(healthy)=0.27；P(drought)=0.22；P(heat)=0.02；P(pest)=0.22；P(waterlogging)=0.22；P(low_light)=0.02；P(sensor_anomaly)=0.02,P(healthy)=0.21；P(drought)=0.03；P(heat)=0.01；P(pest)=0.03；P(waterlogging)=0.70；P(low_light)=0.01；P(sensor_anomaly)=0.01,P(healthy)=0.20；P(drought)=0.02；P(heat)=0.01；P(pest)=0.03；P(waterlogging)=0.73；P(low_light)=0.01；P(sensor_anomaly)=0.01,persistent_wet_condition_6h,same_risk_state_consistent_with_previous_belief；temporal_trend_supports_dominant_state,,hold,recheck_before_action,高风险 + 高不确定性 → 先复查，不直接执行动作,土壤湿度过高；图像标签未知；视觉置信度不足，不能单独作为强决策依据；视觉置信度低，降低视觉模态权重；最近 6 小时存在持续湿润或降雨，积水状态概率上升；当前主风险与上一时刻状态信念一致，系统置信度上升；时间趋势支持当前主风险，系统置信度上升,优先让机器人复查该区域并重新采样；检查排水情况并降低灌溉优先级,normal
2026-09-08 01:00,61.0,中高,0.71,0.237,0.012,0.008,0.022,0.707,0.008,0.007,35.0,中,waterlogging,63.2,14.0,1.00,0.87,0.72,0.28,环境和视觉存在冲突，降低直接执行可靠性,P(healthy)=0.20；P(drought)=0.01；P(heat)=0.01；P(pest)=0.01；P(waterlogging)=0.74；P(low_light)=0.01；P(sensor_anomaly)=0.01,P(healthy)=0.90；P(drought)=0.02；P(heat)=0.02；P(pest)=0.02；P(waterlogging)=0.02；P(low_light)=0.02；P(sensor_anomaly)=0.01,P(healthy)=0.40；P(drought)=0.01；P(heat)=0.01；P(pest)=0.01；P(waterlogging)=0.54；P(low_light)=0.01；P(sensor_anomaly)=0.01,P(healthy)=0.24；P(drought)=0.01；P(heat)=0.01；P(pest)=0.02；P(waterlogging)=0.71；P(low_light)=0.01；P(sensor_anomaly)=0.01,persistent_wet_condition_6h,same_risk_state_consistent_with_previous_belief；temporal_trend_supports_dominant_state,图像显示健康，但环境传感器提示较高风险,hold,recheck_before_action,高风险 + 高不确定性 → 先复查，不直接执行动作,土壤湿度过高；图像标签显示作物状态健康；环境和视觉存在冲突，降低直接执行可靠性；数据冲突：图像显示健康，但环境传感器提示较高风险；最近 6 小时存在持续湿润或降雨，积水状态概率上升；当前主风险与上一时刻状态信念一致，系统置信度上升；时间趋势支持当前主风险，系统置信度上升,优先让机器人复查该区域并重新采样；检查排水情况并降低灌溉优先级,normal
2026-09-08 02:00,59.6,中,0.70,0.256,0.010,0.008,0.015,0.696,0.008,0.007,35.0,中,waterlogging,63.2,13.4,1.00,0.90,0.72,0.28,环境和视觉存在冲突，降低直接执行可靠性,P(healthy)=0.20；P(drought)=0.01；P(heat)=0.01；P(pest)=0.01；P(waterlogging)=0.74；P(low_light)=0.01；P(sensor_anomaly)=0.01,P(healthy)=0.91；P(drought)=0.02；P(heat)=0.02；P(pest)=0.02；P(waterlogging)=0.02；P(low_light)=0.02；P(sensor_anomaly)=0.01,P(healthy)=0.41；P(drought)=0.01；P(heat)=0.01；P(pest)=0.01；P(waterlogging)=0.54；P(low_light)=0.01；P(sensor_anomaly)=0.01,P(healthy)=0.26；P(drought)=0.01；P(heat)=0.01；P(pest)=0.01；P(waterlogging)=0.70；P(low_light)=0.01；P(sensor_anomaly)=0.01,persistent_wet_condition_6h,same_risk_state_consistent_with_previous_belief；temporal_trend_supports_dominant_state,图像显示健康，但环境传感器提示较高风险,hold,resample_before_action,中风险 + 高不确定性 → 重新采样后再决策,土壤湿度过高；图像标签显示作物状态健康；环境和视觉存在冲突，降低直接执行可靠性；数据冲突：图像显示健康，但环境传感器提示较高风险；最近 6 小时存在持续湿润或降雨，积水状态概率上升；当前主风险与上一时刻状态信念一致，系统置信度上升；时间趋势支持当前主风险，系统置信度上升,优先让机器人复查该区域并重新采样；检查排水情况并降低灌溉优先级,normal
2026-09-08 03:00,59.2,中,0.69,0.262,0.009,0.008,0.012,0.693,0.008,0.007,35.0,中,waterlogging,63.2,14.3,1.00,0.85,0.73,0.27,环境和视觉存在冲突，降低直接执行可靠性,P(healthy)=0.20；P(drought)=0.01；P(heat)=0.01；P(pest)=0.01；P(waterlogging)=0.74；P(low_light)=0.01；P(sensor_anomaly)=0.01,P(healthy)=0.90；P(drought)=0.02；P(heat)=0.02；P(pest)=0.02；P(waterlogging)=0.02；P(low_light)=0.02；P(sensor_anomaly)=0.01,P(healthy)=0.39；P(drought)=0.01；P(heat)=0.01；P(pest)=0.01；P(waterlogging)=0.55；P(low_light)=0.01；P(sensor_anomaly)=0.01,P(healthy)=0.26；P(drought)=0.01；P(heat)=0.01；P(pest)=0.01；P(waterlogging)=0.69；P(low_light)=0.01；P(sensor_anomaly)=0.01,persistent_wet_condition_6h,same_risk_state_consistent_with_previous_belief；temporal_trend_supports_dominant_state,图像显示健康，但环境传感器提示较高风险,hold,resample_before_action,中风险 + 高不确定性 → 重新采样后再决策,土壤湿度过高；图像标签显示作物状态健康；环境和视觉存在冲突，降低直接执行可靠性；数据冲突：图像显示健康，但环境传感器提示较高风险；最近 6 小时存在持续湿润或降雨，积水状态概率上升；当前主风险与上一时刻状态信念一致，系统置信度上升；时间趋势支持当前主风险，系统置信度上升,优先让机器人复查该区域并重新采样；检查排水情况并降低灌溉优先级,normal
2026-09-08 04:00,58.7,中,0.69,0.269,0.009,0.008,0.010,0.689,0.008,0.007,35.0,中,waterlogging,63.2,13.4,1.00,0.90,0.72,0.28,环境和视觉存在冲突，降低直接执行可靠性,P(healthy)=0.20；P(drought)=0.01；P(heat)=0.01；P(pest)=0.01；P(waterlogging)=0.74；P(low_light)=0.01；P(sensor_anomaly)=0.01,P(healthy)=0.91；P(drought)=0.02；P(heat)=0.02；P(pest)=0.02；P(waterlogging)=0.02；P(low_light)=0.02；P(sensor_anomaly)=0.01,P(healthy)=0.41；P(drought)=0.01；P(heat)=0.01；P(pest)=0.01；P(waterlogging)=0.54；P(low_light)=0.01；P(sensor_anomaly)=0.01,P(healthy)=0.27；P(drought)=0.01；P(heat)=0.01；P(pest)=0.01；P(waterlogging)=0.69；P(low_light)=0.01；P(sensor_anomaly)=0.01,persistent_wet_condition_6h,same_risk_state_consistent_with_previous_belief；temporal_trend_supports_dominant_state,图像显示健康，但环境传感器提示较高风险,hold,resample_before_action,中风险 + 高不确定性 → 重新采样后再决策,土壤湿度过高；图像标签显示作物状态健康；环境和视觉存在冲突，降低直接执行可靠性；数据冲突：图像显示健康，但环境传感器提示较高风险；最近 6 小时存在持续湿润或降雨，积水状态概率上升；当前主风险与上一时刻状态信念一致，系统置信度上升；时间趋势支持当前主风险，系统置信度上升,优先让机器人复查该区域并重新采样；检查排水情况并降低灌溉优先级,normal
2026-09-08 05:00,58.1,中,0.68,0.278,0.008,0.008,0.009,0.683,0.008,0.007,35.0,中,waterlogging,63.2,12.3,1.00,0.97,0.70,0.30,环境和视觉存在冲突，降低直接执行可靠性,P(healthy)=0.20；P(drought)=0.01；P(heat)=0.01；P(pest)=0.01；P(waterlogging)=0.74；P(low_light)=0.01；P(sensor_anomaly)=0.01,P(healthy)=0.93；P(drought)=0.01；P(heat)=0.01；P(pest)=0.01；P(waterlogging)=0.01；P(low_light)=0.01；P(sensor_anomaly)=0.01,P(healthy)=0.42；P(drought)=0.01；P(heat)=0.01；P(pest)=0.01；P(waterlogging)=0.52；P(low_light)=0.01；P(sensor_anomaly)=0.01,P(healthy)=0.28；P(drought)=0.01；P(heat)=0.01；P(pest)=0.01；P(waterlogging)=0.68；P(low_light)=0.01；P(sensor_anomaly)=0.01,persistent_wet_condition_6h,same_risk_state_consistent_with_previous_belief；temporal_trend_supports_dominant_state,图像显示健康，但环境传感器提示较高风险,hold,resample_before_action,中风险 + 高不确定性 → 重新采样后再决策,土壤湿度过高；图像标签显示作物状态健康；环境和视觉存在冲突，降低直接执行可靠性；数据冲突：图像显示健康，但环境传感器提示较高风险；最近 6 小时存在持续湿润或降雨，积水状态概率上升；当前主风险与上一时刻状态信念一致，系统置信度上升；时间趋势支持当前主风险，系统置信度上升,优先让机器人复查该区域并重新采样；检查排水情况并降低灌溉优先级,normal
2026-09-08 06:00,58.1,中,0.68,0.279,0.008,0.008,0.008,0.682,0.008,0.007,35.0,中,waterlogging,63.2,13.1,1.00,0.92,0.71,0.29,环境和视觉存在冲突，降低直接执行可靠性,P(healthy)=0.20；P(drought)=0.01；P(heat)=0.01；P(pest)=0.01；P(waterlogging)=0.74；P(low_light)=0.01；P(sensor_anomaly)=0.01,P(healthy)=0.92；P(drought)=0.01；P(heat)=0.01；P(pest)=0.01；P(waterlogging)=0.01；P(low_light)=0.01；P(sensor_anomaly)=0.01,P(healthy)=0.41；P(drought)=0.01；P(heat)=0.01；P(pest)=0.01；P(waterlogging)=0.53；P(low_light)=0.01；P(sensor_anomaly)=0.01,P(healthy)=0.28；P(drought)=0.01；P(heat)=0.01；P(pest)=0.01；P(waterlogging)=0.68；P(low_light)=0.01；P(sensor_anomaly)=0.01,persistent_wet_condition_6h,same_risk_state_consistent_with_previous_belief；temporal_trend_supports_dominant_state,图像显示健康，但环境传感器提示较高风险,hold,resample_before_action,中风险 + 高不确定性 → 重新采样后再决策,土壤湿度过高；图像标签显示作物状态健康；环境和视觉存在冲突，降低直接执行可靠性；数据冲突：图像显示健康，但环境传感器提示较高风险；最近 6 小时存在持续湿润或降雨，积水状态概率上升；当前主风险与上一时刻状态信念一致，系统置信度上升；时间趋势支持当前主风险，系统置信度上升,优先让机器人复查该区域并重新采样；检查排水情况并降低灌溉优先级,normal
2026-09-08 07:00,57.8,中,0.68,0.282,0.008,0.008,0.008,0.680,0.008,0.007,35.0,中,waterlogging,63.2,12.5,1.00,0.96,0.70,0.30,环境和视觉存在冲突，降低直接执行可靠性,P(healthy)=0.20；P(drought)=0.01；P(heat)=0.01；P(pest)=0.01；P(waterlogging)=0.74；P(low_light)=0.01；P(sensor_anomaly)=0.01,P(healthy)=0.93；P(drought)=0.01；P(heat)=0.01；P(pest)=0.01；P(waterlogging)=0.01；P(low_light)=0.01；P(sensor_anomaly)=0.01,P(healthy)=0.42；P(drought)=0.01；P(heat)=0.01；P(pest)=0.01；P(waterlogging)=0.53；P(low_light)=0.01；P(sensor_anomaly)=0.01,P(healthy)=0.28；P(drought)=0.01；P(heat)=0.01；P(pest)=0.01；P(waterlogging)=0.68；P(low_light)=0.01；P(sensor_anomaly)=0.01,persistent_wet_condition_6h,same_risk_state_consistent_with_previous_belief；temporal_trend_supports_dominant_state,图像显示健康，但环境传感器提示较高风险,hold,resample_before_action,中风险 + 高不确定性 → 重新采样后再决策,土壤湿度过高；图像标签显示作物状态健康；环境和视觉存在冲突，降低直接执行可靠性；数据冲突：图像显示健康，但环境传感器提示较高风险；最近 6 小时存在持续湿润或降雨，积水状态概率上升；当前主风险与上一时刻状态信念一致，系统置信度上升；时间趋势支持当前主风险，系统置信度上升,优先让机器人复查该区域并重新采样；检查排水情况并降低灌溉优先级,normal
2026-09-08 08:00,58.0,中,0.68,0.280,0.008,0.008,0.008,0.682,0.008,0.007,35.0,中,waterlogging,63.2,13.4,1.00,0.90,0.72,0.28,环境和视觉存在冲突，降低直接执行可靠性,P(healthy)=0.20；P(drought)=0.01；P(heat)=0.01；P(pest)=0.01；P(waterlogging)=0.74；P(low_light)=0.01；P(sensor_anomaly)=0.01,P(healthy)=0.91；P(drought)=0.02；P(heat)=0.02；P(pest)=0.02；P(waterlogging)=0.02；P(low_light)=0.02；P(sensor_anomaly)=0.01,P(healthy)=0.41；P(drought)=0.01；P(heat)=0.01；P(pest)=0.01；P(waterlogging)=0.54；P(low_light)=0.01；P(sensor_anomaly)=0.01,P(healthy)=0.28；P(drought)=0.01；P(heat)=0.01；P(pest)=0.01；P(waterlogging)=0.68；P(low_light)=0.01；P(sensor_anomaly)=0.01,persistent_wet_condition_6h,same_risk_state_consistent_with_previous_belief；temporal_trend_supports_dominant_state,图像显示健康，但环境传感器提示较高风险,hold,resample_before_action,中风险 + 高不确定性 → 重新采样后再决策,土壤湿度过高；图像标签显示作物状态健康；环境和视觉存在冲突，降低直接执行可靠性；数据冲突：图像显示健康，但环境传感器提示较高风险；最近 6 小时存在持续湿润或降雨，积水状态概率上升；当前主风险与上一时刻状态信念一致，系统置信度上升；时间趋势支持当前主风险，系统置信度上升,优先让机器人复查该区域并重新采样；检查排水情况并降低灌溉优先级,normal
2026-09-08 09:00,63.3,中高,0.71,0.206,0.050,0.007,0.014,0.709,0.007,0.007,44.0,中,waterlogging,63.2,57.4,1.00,0.34,0.90,0.10,视觉置信度低，降低视觉模态权重,P(healthy)=0.20；P(drought)=0.01；P(heat)=0.01；P(pest)=0.01；P(waterlogging)=0.74；P(low_light)=0.01；P(sensor_anomaly)=0.01,P(healthy)=0.27；P(drought)=0.22；P(heat)=0.02；P(pest)=0.22；P(waterlogging)=0.22；P(low_light)=0.02；P(sensor_anomaly)=0.02,P(healthy)=0.21；P(drought)=0.03；P(heat)=0.01；P(pest)=0.03；P(waterlogging)=0.69；P(low_light)=0.01；P(sensor_anomaly)=0.01,P(healthy)=0.21；P(drought)=0.05；P(heat)=0.01；P(pest)=0.01；P(waterlogging)=0.71；P(low_light)=0.01；P(sensor_anomaly)=0.01,soil_moisture_decreasing_6h；persistent_wet_condition_6h,same_risk_state_consistent_with_previous_belief；temporal_trend_supports_dominant_state,,hold,recheck_before_action,高风险 + 高不确定性 → 先复查，不直接执行动作,土壤湿度过高；图像标签未知；视觉置信度不足，不能单独作为强决策依据；视觉置信度低，降低视觉模态权重；最近 6 小时土壤湿度持续下降，干旱状态概率上升；最近 6 小时存在持续湿润或降雨，积水状态概率上升；当前主风险与上一时刻状态信念一致，系统置信度上升；时间趋势支持当前主风险，系统置信度上升,优先让机器人复查该区域并重新采样；检查排水情况并降低灌溉优先级,normal
2026-09-08 10:00,50.5,中,0.52,0.390,0.064,0.007,0.010,0.516,0.007,0.006,0.0,低,waterlogging,10.5,12.8,1.00,0.94,0.63,0.37,,P(healthy)=0.96；P(drought)=0.01；P(heat)=0.01；P(pest)=0.01；P(waterlogging)=0.01；P(low_light)=0.01；P(sensor_anomaly)=0.01,P(healthy)=0.92；P(drought)=0.01；P(heat)=0.01；P(pest)=0.01；P(waterlogging)=0.01；P(low_light)=0.01；P(sensor_anomaly)=0.01,P(healthy)=0.95；P(drought)=0.01；P(heat)=0.01；P(pest)=0.01；P(waterlogging)=0.01；P(low_light)=0.01；P(sensor_anomaly)=0.01,P(healthy)=0.39；P(drought)=0.06；P(heat)=0.01；P(pest)=0.01；P(waterlogging)=0.52；P(low_light)=0.01；P(sensor_anomaly)=0.01,soil_moisture_decreasing_6h；persistent_wet_condition_6h,same_risk_state_consistent_with_previous_belief；temporal_trend_supports_dominant_state,,hold,monitor_more_context,风险或不确定性处于中间状态 → 继续观察并收集更多上下文,环境传感器指标处于正常范围；图像标签显示作物状态健康；最近 6 小时土壤湿度持续下降，干旱状态概率上升；最近 6 小时存在持续湿润或降雨，积水状态概率上升；当前主风险与上一时刻状态信念一致，系统置信度上升；时间趋势支持当前主风险，系统置信度上升,检查排水情况并降低灌溉优先级,normal
2026-09-08 11:00,39.3,低,0.55,0.551,0.082,0.007,0.009,0.337,0.007,0.006,0.0,低,healthy,10.5,13.1,1.00,0.92,0.64,0.36,,P(healthy)=0.96；P(drought)=0.01；P(heat)=0.01；P(pest)=0.01；P(waterlogging)=0.01；P(low_light)=0.01；P(sensor_anomaly)=0.01,P(healthy)=0.92；P(drought)=0.01；P(heat)=0.01；P(pest)=0.01；P(waterlogging)=0.01；P(low_light)=0.01；P(sensor_anomaly)=0.01,P(healthy)=0.94；P(drought)=0.01；P(heat)=0.01；P(pest)=0.01；P(waterlogging)=0.01；P(low_light)=0.01；P(sensor_anomaly)=0.01,P(healthy)=0.55；P(drought)=0.08；P(heat)=0.01；P(pest)=0.01；P(waterlogging)=0.34；P(low_light)=0.01；P(sensor_anomaly)=0.01,soil_moisture_decreasing_6h；persistent_wet_condition_6h,,,observe,routine_patrol,低风险 + 低不确定性 → 常规巡检,环境传感器指标处于正常范围；图像标签显示作物状态健康；最近 6 小时土壤湿度持续下降，干旱状态概率上升；最近 6 小时存在持续湿润或降雨，积水状态概率上升,继续常规巡检,normal
2026-09-08 12:00,32.9,低,0.64,0.644,0.092,0.008,0.009,0.233,0.008,0.007,0.0,低,healthy,10.5,13.6,1.00,0.89,0.65,0.35,,P(healthy)=0.96；P(drought)=0.01；P(heat)=0.01；P(pest)=0.01；P(waterlogging)=0.01；P(low_light)=0.01；P(sensor_anomaly)=0.01,P(healthy)=0.91；P(drought)=0.02；P(heat)=0.02；P(pest)=0.02；P(waterlogging)=0.02；P(low_light)=0.02；P(sensor_anomaly)=0.01,P(healthy)=0.94；P(drought)=0.01；P(heat)=0.01；P(pest)=0.01；P(waterlogging)=0.01；P(low_light)=0.01；P(sensor_anomaly)=0.01,P(healthy)=0.64；P(drought)=0.09；P(heat)=0.01；P(pest)=0.01；P(waterlogging)=0.23；P(low_light)=0.01；P(sensor_anomaly)=0.01,soil_moisture_decreasing_6h；persistent_wet_condition_6h,,,observe,routine_patrol,低风险 + 低不确定性 → 常规巡检,环境传感器指标处于正常范围；图像标签显示作物状态健康；最近 6 小时土壤湿度持续下降，干旱状态概率上升；最近 6 小时存在持续湿润或降雨，积水状态概率上升,继续常规巡检,normal
2026-09-08 13:00,29.2,低,0.70,0.697,0.098,0.008,0.009,0.173,0.008,0.007,0.0,低,healthy,10.5,14.0,1.00,0.87,0.65,0.35,,P(healthy)=0.96；P(drought)=0.01；P(heat)=0.01；P(pest)=0.01；P(waterlogging)=0.01；P(low_light)=0.01；P(sensor_anomaly)=0.01,P(healthy)=0.90；P(drought)=0.02；P(heat)=0.02；P(pest)=0.02；P(waterlogging)=0.02；P(low_light)=0.02；P(sensor_anomaly)=0.01,P(healthy)=0.94；P(drought)=0.01；P(heat)=0.01；P(pest)=0.01；P(waterlogging)=0.01；P(low_light)=0.01；P(sensor_anomaly)=0.01,P(healthy)=0.70；P(drought)=0.10；P(heat)=0.01；P(pest)=0.01；P(waterlogging)=0.17；P(low_light)=0.01；P(sensor_anomaly)=0.01,soil_moisture_decreasing_6h；persistent_wet_condition_6h,,,observe,routine_patrol,低风险 + 低不确定性 → 常规巡检,环境传感器指标处于正常范围；图像标签显示作物状态健康；最近 6 小时土壤湿度持续下降，干旱状态概率上升；最近 6 小时存在持续湿润或降雨，积水状态概率上升,继续常规巡检,normal
2026-09-08 14:00,27.1,低,0.73,0.727,0.102,0.008,0.009,0.139,0.008,0.007,0.0,低,healthy,10.5,14.5,1.00,0.84,0.66,0.34,,P(healthy)=0.96；P(drought)=0.01；P(heat)=0.01；P(pest)=0.01；P(waterlogging)=0.01；P(low_light)=0.01；P(sensor_anomaly)=0.01,P(healthy)=0.89；P(drought)=0.02；P(heat)=0.02；P(pest)=0.02；P(waterlogging)=0.02；P(low_light)=0.02；P(sensor_anomaly)=0.01,P(healthy)=0.94；P(drought)=0.01；P(heat)=0.01；P(pest)=0.01；P(waterlogging)=0.01；P(low_light)=0.01；P(sensor_anomaly)=0.01,P(healthy)=0.73；P(drought)=0.10；P(heat)=0.01；P(pest)=0.01；P(waterlogging)=0.14；P(low_light)=0.01；P(sensor_anomaly)=0.01,soil_moisture_decreasing_6h；persistent_wet_condition_6h,,,observe,routine_patrol,低风险 + 低不确定性 → 常规巡检,环境传感器指标处于正常范围；图像标签显示作物状态健康；最近 6 小时土壤湿度持续下降，干旱状态概率上升；最近 6 小时存在持续湿润或降雨，积水状态概率上升,继续常规巡检,normal
2026-09-08 15:00,25.8,低,0.75,0.745,0.104,0.008,0.009,0.118,0.008,0.007,0.0,低,healthy,10.5,13.8,1.00,0.88,0.65,0.35,,P(healthy)=0.96；P(drought)=0.01；P(heat)=0.01；P(pest)=0.01；P(waterlogging)=0.01；P(low_light)=0.01；P(sensor_anomaly)=0.01,P(healthy)=0.91；P(drought)=0.02；P(heat)=0.02；P(pest)=0.02；P(waterlogging)=0.02；P(low_light)=0.02；P(sensor_anomaly)=0.01,P(healthy)=0.94；P(drought)=0.01；P(heat)=0.01；P(pest)=0.01；P(waterlogging)=0.01；P(low_light)=0.01；P(sensor_anomaly)=0.01,P(healthy)=0.75；P(drought)=0.10；P(heat)=0.01；P(pest)=0.01；P(waterlogging)=0.12；P(low_light)=0.01；P(sensor_anomaly)=0.01,soil_moisture_decreasing_6h；persistent_wet_condition_6h,,,observe,routine_patrol,低风险 + 低不确定性 → 常规巡检,环境传感器指标处于正常范围；图像标签显示作物状态健康；最近 6 小时土壤湿度持续下降，干旱状态概率上升；最近 6 小时存在持续湿润或降雨，积水状态概率上升,继续常规巡检,normal
2026-09-08 16:00,23.1,低,0.78,0.784,0.109,0.009,0.009,0.073,0.009,0.007,0.0,低,healthy,10.5,14.3,1.00,0.85,0.66,0.34,,P(healthy)=0.96；P(drought)=0.01；P(heat)=0.01；P(pest)=0.01；P(waterlogging)=0.01；P(low_light)=0.01；P(sensor_anomaly)=0.01,P(healthy)=0.90；P(drought)=0.02；P(heat)=0.02；P(pest)=0.02；P(waterlogging)=0.02；P(low_light)=0.02；P(sensor_anomaly)=0.01,P(healthy)=0.94；P(drought)=0.01；P(heat)=0.01；P(pest)=0.01；P(waterlogging)=0.01；P(low_light)=0.01；P(sensor_anomaly)=0.01,P(healthy)=0.78；P(drought)=0.11；P(heat)=0.01；P(pest)=0.01；P(waterlogging)=0.07；P(low_light)=0.01；P(sensor_anomaly)=0.01,soil_moisture_decreasing_6h,,,observe,routine_patrol,低风险 + 低不确定性 → 常规巡检,环境传感器指标处于正常范围；图像标签显示作物状态健康；最近 6 小时土壤湿度持续下降，干旱状态概率上升,继续常规巡检,normal
2026-09-08 17:00,21.3,低,0.81,0.810,0.112,0.009,0.009,0.046,0.009,0.007,0.0,低,healthy,10.5,12.6,1.00,0.95,0.63,0.37,,P(healthy)=0.96；P(drought)=0.01；P(heat)=0.01；P(pest)=0.01；P(waterlogging)=0.01；P(low_light)=0.01；P(sensor_anomaly)=0.01,P(healthy)=0.92；P(drought)=0.01；P(heat)=0.01；P(pest)=0.01；P(waterlogging)=0.01；P(low_light)=0.01；P(sensor_anomaly)=0.01,P(healthy)=0.95；P(drought)=0.01；P(heat)=0.01；P(pest)=0.01；P(waterlogging)=0.01；P(low_light)=0.01；P(sensor_anomaly)=0.01,P(healthy)=0.81；P(drought)=0.11；P(heat)=0.01；P(pest)=0.01；P(waterlogging)=0.05；P(low_light)=0.01；P(sensor_anomaly)=0.01,soil_moisture_decreasing_6h,,,observe,routine_patrol,低风险 + 低不确定性 → 常规巡检,环境传感器指标处于正常范围；图像标签显示作物状态健康；最近 6 小时土壤湿度持续下降，干旱状态概率上升,继续常规巡检,normal
2026-09-08 18:00,41.4,中,0.37,0.520,0.074,0.009,0.014,0.368,0.009,0.008,12.0,低,waterlogging,67.8,72.0,1.00,0.73,0.69,0.31,,P(healthy)=0.14；P(drought)=0.01；P(heat)=0.01；P(pest)=0.01；P(waterlogging)=0.82；P(low_light)=0.01；P(sensor_anomaly)=0.01,P(healthy)=0.07；P(drought)=0.05；P(heat)=0.01；P(pest)=0.05；P(waterlogging)=0.79；P(low_light)=0.01；P(sensor_anomaly)=0.01,P(healthy)=0.12；P(drought)=0.02；P(heat)=0.01；P(pest)=0.02；P(waterlogging)=0.81；P(low_light)=0.01；P(sensor_anomaly)=0.01,P(healthy)=0.52；P(drought)=0.07；P(heat)=0.01；P(pest)=0.01；P(waterlogging)=0.37；P(low_light)=0.01；P(sensor_anomaly)=0.01,,,,hold,monitor_more_context,风险或不确定性处于中间状态 → 继续观察并收集更多上下文,降雨量较高且土壤湿度偏高；图像标签疑似积水,检查排水情况并降低灌溉优先级,normal
2026-09-08 19:00,55.8,中,0.60,0.313,0.047,0.007,0.015,0.603,0.007,0.007,0.0,低,waterlogging,71.2,72.0,1.00,0.73,0.69,0.31,,P(healthy)=0.09；P(drought)=0.00；P(heat)=0.00；P(pest)=0.00；P(waterlogging)=0.88；P(low_light)=0.00；P(sensor_anomaly)=0.00,P(healthy)=0.07；P(drought)=0.05；P(heat)=0.01；P(pest)=0.05；P(waterlogging)=0.79；P(low_light)=0.01；P(sensor_anomaly)=0.01,P(healthy)=0.09；P(drought)=0.02；P(heat)=0.01；P(pest)=0.02；P(waterlogging)=0.85；P(low_light)=0.01；P(sensor_anomaly)=0.01,P(healthy)=0.31；P(drought)=0.05；P(heat)=0.01；P(pest)=0.01；P(waterlogging)=0.60；P(low_light)=0.01；P(sensor_anomaly)=0.01,,same_risk_state_consistent_with_previous_belief,,hold,monitor_more_context,风险或不确定性处于中间状态 → 继续观察并收集更多上下文,降雨量较高且土壤湿度偏高；图像标签疑似积水；当前主风险与上一时刻状态信念一致，系统置信度上升,检查排水情况并降低灌溉优先级,normal
2026-09-08 20:00,55.1,中,0.61,0.321,0.030,0.009,0.013,0.610,0.009,0.008,35.0,中,waterlogging,63.2,14.3,1.00,0.85,0.73,0.27,环境和视觉存在冲突，降低直接执行可靠性,P(healthy)=0.20；P(drought)=0.01；P(heat)=0.01；P(pest)=0.01；P(waterlogging)=0.74；P(low_light)=0.01；P(sensor_anomaly)=0.01,P(healthy)=0.90；P(drought)=0.02；P(heat)=0.02；P(pest)=0.02；P(waterlogging)=0.02；P(low_light)=0.02；P(sensor_anomaly)=0.01,P(healthy)=0.39；P(drought)=0.01；P(heat)=0.01；P(pest)=0.01；P(waterlogging)=0.55；P(low_light)=0.01；P(sensor_anomaly)=0.01,P(healthy)=0.32；P(drought)=0.03；P(heat)=0.01；P(pest)=0.01；P(waterlogging)=0.61；P(low_light)=0.01；P(sensor_anomaly)=0.01,,same_risk_state_consistent_with_previous_belief,图像显示健康，但环境传感器提示较高风险,hold,resample_before_action,中风险 + 高不确定性 → 重新采样后再决策,土壤湿度过高；图像标签显示作物状态健康；环境和视觉存在冲突，降低直接执行可靠性；数据冲突：图像显示健康，但环境传感器提示较高风险；当前主风险与上一时刻状态信念一致，系统置信度上升,优先让机器人复查该区域并重新采样；检查排水情况并降低灌溉优先级,normal
2026-09-08 21:00,57.0,中,0.65,0.294,0.019,0.009,0.011,0.651,0.009,0.008,35.0,中,waterlogging,63.2,14.7,1.00,0.83,0.73,0.27,环境和视觉存在冲突，降低直接执行可靠性,P(healthy)=0.20；P(drought)=0.01；P(heat)=0.01；P(pest)=0.01；P(waterlogging)=0.74；P(low_light)=0.01；P(sensor_anomaly)=0.01,P(healthy)=0.89；P(drought)=0.02；P(heat)=0.02；P(pest)=0.02；P(waterlogging)=0.02；P(low_light)=0.02；P(sensor_anomaly)=0.01,P(healthy)=0.39；P(drought)=0.01；P(heat)=0.01；P(pest)=0.01；P(waterlogging)=0.55；P(low_light)=0.01；P(sensor_anomaly)=0.01,P(healthy)=0.29；P(drought)=0.02；P(heat)=0.01；P(pest)=0.01；P(waterlogging)=0.65；P(low_light)=0.01；P(sensor_anomaly)=0.01,persistent_wet_condition_6h,same_risk_state_consistent_with_previous_belief；temporal_trend_supports_dominant_state,图像显示健康，但环境传感器提示较高风险,hold,resample_before_action,中风险 + 高不确定性 → 重新采样后再决策,土壤湿度过高；图像标签显示作物状态健康；环境和视觉存在冲突，降低直接执行可靠性；数据冲突：图像显示健康，但环境传感器提示较高风险；最近 6 小时存在持续湿润或降雨，积水状态概率上升；当前主风险与上一时刻状态信念一致，系统置信度上升；时间趋势支持当前主风险，系统置信度上升,优先让机器人复查该区域并重新采样；检查排水情况并降低灌溉优先级,normal
2026-09-08 22:00,57.6,中,0.67,0.285,0.014,0.008,0.009,0.667,0.008,0.007,35.0,中,waterlogging,63.2,13.4,1.00,0.90,0.72,0.28,环境和视觉存在冲突，降低直接执行可靠性,P(healthy)=0.20；P(drought)=0.01；P(heat)=0.01；P(pest)=0.01；P(waterlogging)=0.74；P(low_light)=0.01；P(sensor_anomaly)=0.01,P(healthy)=0.91；P(drought)=0.02；P(heat)=0.02；P(pest)=0.02；P(waterlogging)=0.02；P(low_light)=0.02；P(sensor_anomaly)=0.01,P(healthy)=0.41；P(drought)=0.01；P(heat)=0.01；P(pest)=0.01；P(waterlogging)=0.54；P(low_light)=0.01；P(sensor_anomaly)=0.01,P(healthy)=0.29；P(drought)=0.01；P(heat)=0.01；P(pest)=0.01；P(waterlogging)=0.67；P(low_light)=0.01；P(sensor_anomaly)=0.01,persistent_wet_condition_6h,same_risk_state_consistent_with_previous_belief；temporal_trend_supports_dominant_state,图像显示健康，但环境传感器提示较高风险,hold,resample_before_action,中风险 + 高不确定性 → 重新采样后再决策,土壤湿度过高；图像标签显示作物状态健康；环境和视觉存在冲突，降低直接执行可靠性；数据冲突：图像显示健康，但环境传感器提示较高风险；最近 6 小时存在持续湿润或降雨，积水状态概率上升；当前主风险与上一时刻状态信念一致，系统置信度上升；时间趋势支持当前主风险，系统置信度上升,优先让机器人复查该区域并重新采样；检查排水情况并降低灌溉优先级,normal
2026-09-08 23:00,59.5,中,0.70,0.260,0.010,0.007,0.008,0.702,0.007,0.006,35.0,中,waterlogging,69.6,13.4,1.00,0.90,0.72,0.28,环境和视觉存在冲突，降低直接执行可靠性,P(healthy)=0.11；P(drought)=0.01；P(heat)=0.01；P(pest)=0.01；P(waterlogging)=0.86；P(low_light)=0.01；P(sensor_anomaly)=0.01,P(healthy)=0.91；P(drought)=0.02；P(heat)=0.02；P(pest)=0.02；P(waterlogging)=0.02；P(low_light)=0.02；P(sensor_anomaly)=0.01,P(healthy)=0.34；P(drought)=0.01；P(heat)=0.01；P(pest)=0.01；P(waterlogging)=0.62；P(low_light)=0.01；P(sensor_anomaly)=0.01,P(healthy)=0.26；P(drought)=0.01；P(heat)=0.01；P(pest)=0.01；P(waterlogging)=0.70；P(low_light)=0.01；P(sensor_anomaly)=0.01,persistent_wet_condition_6h,same_risk_state_consistent_with_previous_belief；temporal_trend_supports_dominant_state,图像显示健康，但环境传感器提示较高风险,hold,resample_before_action,中风险 + 高不确定性 → 重新采样后再决策,降雨量较高且土壤湿度偏高；图像标签显示作物状态健康；环境和视觉存在冲突，降低直接执行可靠性；数据冲突：图像显示健康，但环境传感器提示较高风险；最近 6 小时存在持续湿润或降雨，积水状态概率上升；当前主风险与上一时刻状态信念一致，系统置信度上升；时间趋势支持当前主风险，系统置信度上升,优先让机器人复查该区域并重新采样；检查排水情况并降低灌溉优先级,normal
2026-09-09 00:00,66.5,中高,0.80,0.160,0.011,0.006,0.010,0.801,0.006,0.006,0.0,低,waterlogging,71.2,73.2,1.00,0.79,0.67,0.33,,P(healthy)=0.09；P(drought)=0.00；P(heat)=0.00；P(pest)=0.00；P(waterlogging)=0.88；P(low_light)=0.00；P(sensor_anomaly)=0.00,P(healthy)=0.06；P(drought)=0.05；P(heat)=0.01；P(pest)=0.05；P(waterlogging)=0.81；P(low_light)=0.01；P(sensor_anomaly)=0.01,P(healthy)=0.08；P(drought)=0.02；P(heat)=0.01；P(pest)=0.02；P(waterlogging)=0.86；P(low_light)=0.01；P(sensor_anomaly)=0.01,P(healthy)=0.16；P(drought)=0.01；P(heat)=0.01；P(pest)=0.01；P(waterlogging)=0.80；P(low_light)=0.01；P(sensor_anomaly)=0.01,persistent_wet_condition_6h,same_risk_state_consistent_with_previous_belief；temporal_trend_supports_dominant_state,,execute,execute_recommended_action,高风险 + 低不确定性 → 允许执行建议动作,降雨量较高且土壤湿度偏高；图像标签疑似积水；最近 6 小时存在持续湿润或降雨，积水状态概率上升；当前主风险与上一时刻状态信念一致，系统置信度上升；时间趋势支持当前主风险，系统置信度上升,检查排水情况并降低灌溉优先级,normal
2026-09-09 01:00,62.5,中高,0.75,0.215,0.010,0.007,0.009,0.745,0.007,0.006,35.0,中,waterlogging,63.2,13.8,1.00,0.88,0.72,0.28,环境和视觉存在冲突，降低直接执行可靠性,P(healthy)=0.20；P(drought)=0.01；P(heat)=0.01；P(pest)=0.01；P(waterlogging)=0.74；P(low_light)=0.01；P(sensor_anomaly)=0.01,P(healthy)=0.91；P(drought)=0.02；P(heat)=0.02；P(pest)=0.02；P(waterlogging)=0.02；P(low_light)=0.02；P(sensor_anomaly)=0.01,P(healthy)=0.40；P(drought)=0.01；P(heat)=0.01；P(pest)=0.01；P(waterlogging)=0.54；P(low_light)=0.01；P(sensor_anomaly)=0.01,P(healthy)=0.22；P(drought)=0.01；P(heat)=0.01；P(pest)=0.01；P(waterlogging)=0.75；P(low_light)=0.01；P(sensor_anomaly)=0.01,persistent_wet_condition_6h,same_risk_state_consistent_with_previous_belief；temporal_trend_supports_dominant_state,图像显示健康，但环境传感器提示较高风险,hold,recheck_before_action,高风险 + 高不确定性 → 先复查，不直接执行动作,土壤湿度过高；图像标签显示作物状态健康；环境和视觉存在冲突，降低直接执行可靠性；数据冲突：图像显示健康，但环境传感器提示较高风险；最近 6 小时存在持续湿润或降雨，积水状态概率上升；当前主风险与上一时刻状态信念一致，系统置信度上升；时间趋势支持当前主风险，系统置信度上升,优先让机器人复查该区域并重新采样；检查排水情况并降低灌溉优先级,normal
2026-09-09 02:00,60.2,中高,0.71,0.249,0.009,0.007,0.008,0.712,0.007,0.007,35.0,中,waterlogging,63.2,12.6,1.00,0.95,0.70,0.30,环境和视觉存在冲突，降低直接执行可靠性,P(healthy)=0.20；P(drought)=0.01；P(heat)=0.01；P(pest)=0.01；P(waterlogging)=0.74；P(low_light)=0.01；P(sensor_anomaly)=0.01,P(healthy)=0.92；P(drought)=0.01；P(heat)=0.01；P(pest)=0.01；P(waterlogging)=0.01；P(low_light)=0.01；P(sensor_anomaly)=0.01,P(healthy)=0.42；P(drought)=0.01；P(heat)=0.01；P(pest)=0.01；P(waterlogging)=0.53；P(low_light)=0.01；P(sensor_anomaly)=0.01,P(healthy)=0.25；P(drought)=0.01；P(heat)=0.01；P(pest)=0.01；P(waterlogging)=0.71；P(low_light)=0.01；P(sensor_anomaly)=0.01,persistent_wet_condition_6h,same_risk_state_consistent_with_previous_belief；temporal_trend_supports_dominant_state,图像显示健康，但环境传感器提示较高风险,hold,recheck_before_action,高风险 + 高不确定性 → 先复查，不直接执行动作,土壤湿度过高；图像标签显示作物状态健康；环境和视觉存在冲突，降低直接执行可靠性；数据冲突：图像显示健康，但环境传感器提示较高风险；最近 6 小时存在持续湿润或降雨，积水状态概率上升；当前主风险与上一时刻状态信念一致，系统置信度上升；时间趋势支持当前主风险，系统置信度上升,优先让机器人复查该区域并重新采样；检查排水情况并降低灌溉优先级,normal
2026-09-09 03:00,59.2,中,0.70,0.263,0.008,0.008,0.008,0.699,0.008,0.007,35.0,中,waterlogging,63.2,13.4,1.00,0.90,0.72,0.28,环境和视觉存在冲突，降低直接执行可靠性,P(healthy)=0.20；P(drought)=0.01；P(heat)=0.01；P(pest)=0.01；P(waterlogging)=0.74；P(low_light)=0.01；P(sensor_anomaly)=0.01,P(healthy)=0.91；P(drought)=0.02；P(heat)=0.02；P(pest)=0.02；P(waterlogging)=0.02；P(low_light)=0.02；P(sensor_anomaly)=0.01,P(healthy)=0.41；P(drought)=0.01；P(heat)=0.01；P(pest)=0.01；P(waterlogging)=0.54；P(low_light)=0.01；P(sensor_anomaly)=0.01,P(healthy)=0.26；P(drought)=0.01；P(heat)=0.01；P(pest)=0.01；P(waterlogging)=0.70；P(low_light)=0.01；P(sensor_anomaly)=0.01,persistent_wet_condition_6h,same_risk_state_consistent_with_previous_belief；temporal_trend_supports_dominant_state,图像显示健康，但环境传感器提示较高风险,hold,resample_before_action,中风险 + 高不确定性 → 重新采样后再决策,土壤湿度过高；图像标签显示作物状态健康；环境和视觉存在冲突，降低直接执行可靠性；数据冲突：图像显示健康，但环境传感器提示较高风险；最近 6 小时存在持续湿润或降雨，积水状态概率上升；当前主风险与上一时刻状态信念一致，系统置信度上升；时间趋势支持当前主风险，系统置信度上升,优先让机器人复查该区域并重新采样；检查排水情况并降低灌溉优先级,normal
2026-09-09 04:00,58.8,中,0.69,0.269,0.008,0.008,0.008,0.692,0.008,0.007,35.0,中,waterlogging,63.2,13.6,1.00,0.89,0.72,0.28,环境和视觉存在冲突，降低直接执行可靠性,P(healthy)=0.20；P(drought)=0.01；P(heat)=0.01；P(pest)=0.01；P(waterlogging)=0.74；P(low_light)=0.01；P(sensor_anomaly)=0.01,P(healthy)=0.91；P(drought)=0.02；P(heat)=0.02；P(pest)=0.02；P(waterlogging)=0.02；P(low_light)=0.02；P(sensor_anomaly)=0.01,P(healthy)=0.40；P(drought)=0.01；P(heat)=0.01；P(pest)=0.01；P(waterlogging)=0.54；P(low_light)=0.01；P(sensor_anomaly)=0.01,P(healthy)=0.27；P(drought)=0.01；P(heat)=0.01；P(pest)=0.01；P(waterlogging)=0.69；P(low_light)=0.01；P(sensor_anomaly)=0.01,persistent_wet_condition_6h,same_risk_state_consistent_with_previous_belief；temporal_trend_supports_dominant_state,图像显示健康，但环境传感器提示较高风险,hold,resample_before_action,中风险 + 高不确定性 → 重新采样后再决策,土壤湿度过高；图像标签显示作物状态健康；环境和视觉存在冲突，降低直接执行可靠性；数据冲突：图像显示健康，但环境传感器提示较高风险；最近 6 小时存在持续湿润或降雨，积水状态概率上升；当前主风险与上一时刻状态信念一致，系统置信度上升；时间趋势支持当前主风险，系统置信度上升,优先让机器人复查该区域并重新采样；检查排水情况并降低灌溉优先级,normal
2026-09-09 05:00,58.8,中,0.69,0.268,0.008,0.008,0.008,0.692,0.008,0.007,35.0,中,waterlogging,63.2,14.5,1.00,0.84,0.73,0.27,环境和视觉存在冲突，降低直接执行可靠性,P(healthy)=0.20；P(drought)=0.01；P(heat)=0.01；P(pest)=0.01；P(waterlogging)=0.74；P(low_light)=0.01；P(sensor_anomaly)=0.01,P(healthy)=0.89；P(drought)=0.02；P(heat)=0.02；P(pest)=0.02；P(waterlogging)=0.02；P(low_light)=0.02；P(sensor_anomaly)=0.01,P(healthy)=0.39；P(drought)=0.01；P(heat)=0.01；P(pest)=0.01；P(waterlogging)=0.55；P(low_light)=0.01；P(sensor_anomaly)=0.01,P(healthy)=0.27；P(drought)=0.01；P(heat)=0.01；P(pest)=0.01；P(waterlogging)=0.69；P(low_light)=0.01；P(sensor_anomaly)=0.01,persistent_wet_condition_6h,same_risk_state_consistent_with_previous_belief；temporal_trend_supports_dominant_state,图像显示健康，但环境传感器提示较高风险,hold,resample_before_action,中风险 + 高不确定性 → 重新采样后再决策,土壤湿度过高；图像标签显示作物状态健康；环境和视觉存在冲突，降低直接执行可靠性；数据冲突：图像显示健康，但环境传感器提示较高风险；最近 6 小时存在持续湿润或降雨，积水状态概率上升；当前主风险与上一时刻状态信念一致，系统置信度上升；时间趋势支持当前主风险，系统置信度上升,优先让机器人复查该区域并重新采样；检查排水情况并降低灌溉优先级,normal
2026-09-09 06:00,58.3,中,0.69,0.276,0.008,0.008,0.008,0.685,0.008,0.007,35.0,中,waterlogging,63.2,12.6,1.00,0.95,0.70,0.30,环境和视觉存在冲突，降低直接执行可靠性,P(healthy)=0.20；P(drought)=0.01；P(heat)=0.01；P(pest)=0.01；P(waterlogging)=0.74；P(low_light)=0.01；P(sensor_anomaly)=0.01,P(healthy)=0.92；P(drought)=0.01；P(heat)=0.01；P(pest)=0.01；P(waterlogging)=0.01；P(low_light)=0.01；P(sensor_anomaly)=0.01,P(healthy)=0.42；P(drought)=0.01；P(heat)=0.01；P(pest)=0.01；P(waterlogging)=0.53；P(low_light)=0.01；P(sensor_anomaly)=0.01,P(healthy)=0.28；P(drought)=0.01；P(heat)=0.01；P(pest)=0.01；P(waterlogging)=0.69；P(low_light)=0.01；P(sensor_anomaly)=0.01,persistent_wet_condition_6h,same_risk_state_consistent_with_previous_belief；temporal_trend_supports_dominant_state,图像显示健康，但环境传感器提示较高风险,hold,resample_before_action,中风险 + 高不确定性 → 重新采样后再决策,土壤湿度过高；图像标签显示作物状态健康；环境和视觉存在冲突，降低直接执行可靠性；数据冲突：图像显示健康，但环境传感器提示较高风险；最近 6 小时存在持续湿润或降雨，积水状态概率上升；当前主风险与上一时刻状态信念一致，系统置信度上升；时间趋势支持当前主风险，系统置信度上升,优先让机器人复查该区域并重新采样；检查排水情况并降低灌溉优先级,normal
2026-09-09 07:00,58.6,中,0.69,0.271,0.008,0.008,0.008,0.689,0.008,0.007,35.0,中,waterlogging,63.2,14.7,1.00,0.83,0.73,0.27,环境和视觉存在冲突，降低直接执行可靠性,P(healthy)=0.20；P(drought)=0.01；P(heat)=0.01；P(pest)=0.01；P(waterlogging)=0.74；P(low_light)=0.01；P(sensor_anomaly)=0.01,P(healthy)=0.89；P(drought)=0.02；P(heat)=0.02；P(pest)=0.02；P(waterlogging)=0.02；P(low_light)=0.02；P(sensor_anomaly)=0.01,P(healthy)=0.39；P(drought)=0.01；P(heat)=0.01；P(pest)=0.01；P(waterlogging)=0.55；P(low_light)=0.01；P(sensor_anomaly)=0.01,P(healthy)=0.27；P(drought)=0.01；P(heat)=0.01；P(pest)=0.01；P(waterlogging)=0.69；P(low_light)=0.01；P(sensor_anomaly)=0.01,persistent_wet_condition_6h,same_risk_state_consistent_with_previous_belief；temporal_trend_supports_dominant_state,图像显示健康，但环境传感器提示较高风险,hold,resample_before_action,中风险 + 高不确定性 → 重新采样后再决策,土壤湿度过高；图像标签显示作物状态健康；环境和视觉存在冲突，降低直接执行可靠性；数据冲突：图像显示健康，但环境传感器提示较高风险；最近 6 小时存在持续湿润或降雨，积水状态概率上升；当前主风险与上一时刻状态信念一致，系统置信度上升；时间趋势支持当前主风险，系统置信度上升,优先让机器人复查该区域并重新采样；检查排水情况并降低灌溉优先级,normal
2026-09-09 08:00,58.2,中,0.68,0.277,0.008,0.008,0.008,0.684,0.008,0.007,35.0,中,waterlogging,63.2,12.8,1.00,0.94,0.71,0.29,环境和视觉存在冲突，降低直接执行可靠性,P(healthy)=0.20；P(drought)=0.01；P(heat)=0.01；P(pest)=0.01；P(waterlogging)=0.74；P(low_light)=0.01；P(sensor_anomaly)=0.01,P(healthy)=0.92；P(drought)=0.01；P(heat)=0.01；P(pest)=0.01；P(waterlogging)=0.01；P(low_light)=0.01；P(sensor_anomaly)=0.01,P(healthy)=0.41；P(drought)=0.01；P(heat)=0.01；P(pest)=0.01；P(waterlogging)=0.53；P(low_light)=0.01；P(sensor_anomaly)=0.01,P(healthy)=0.28；P(drought)=0.01；P(heat)=0.01；P(pest)=0.01；P(waterlogging)=0.68；P(low_light)=0.01；P(sensor_anomaly)=0.01,persistent_wet_condition_6h,same_risk_state_consistent_with_previous_belief；temporal_trend_supports_dominant_state,图像显示健康，但环境传感器提示较高风险,hold,resample_before_action,中风险 + 高不确定性 → 重新采样后再决策,土壤湿度过高；图像标签显示作物状态健康；环境和视觉存在冲突，降低直接执行可靠性；数据冲突：图像显示健康，但环境传感器提示较高风险；最近 6 小时存在持续湿润或降雨，积水状态概率上升；当前主风险与上一时刻状态信念一致，系统置信度上升；时间趋势支持当前主风险，系统置信度上升,优先让机器人复查该区域并重新采样；检查排水情况并降低灌溉优先级,normal
2026-09-09 09:00,58.4,中,0.69,0.273,0.008,0.008,0.008,0.687,0.008,0.007,35.0,中,waterlogging,63.2,14.1,1.00,0.86,0.72,0.28,环境和视觉存在冲突，降低直接执行可靠性,P(healthy)=0.20；P(drought)=0.01；P(heat)=0.01；P(pest)=0.01；P(waterlogging)=0.74；P(low_light)=0.01；P(sensor_anomaly)=0.01,P(healthy)=0.90；P(drought)=0.02；P(heat)=0.02；P(pest)=0.02；P(waterlogging)=0.02；P(low_light)=0.02；P(sensor_anomaly)=0.01,P(healthy)=0.40；P(drought)=0.01；P(heat)=0.01；P(pest)=0.01；P(waterlogging)=0.54；P(low_light)=0.01；P(sensor_anomaly)=0.01,P(healthy)=0.27；P(drought)=0.01；P(heat)=0.01；P(pest)=0.01；P(waterlogging)=0.69；P(low_light)=0.01；P(sensor_anomaly)=0.01,persistent_wet_condition_6h,same_risk_state_consistent_with_previous_belief；temporal_trend_supports_dominant_state,图像显示健康，但环境传感器提示较高风险,hold,resample_before_action,中风险 + 高不确定性 → 重新采样后再决策,土壤湿度过高；图像标签显示作物状态健康；环境和视觉存在冲突，降低直接执行可靠性；数据冲突：图像显示健康，但环境传感器提示较高风险；最近 6 小时存在持续湿润或降雨，积水状态概率上升；当前主风险与上一时刻状态信念一致，系统置信度上升；时间趋势支持当前主风险，系统置信度上升,优先让机器人复查该区域并重新采样；检查排水情况并降低灌溉优先级,normal
2026-09-09 10:00,58.3,中,0.69,0.276,0.008,0.008,0.008,0.685,0.008,0.007,35.0,中,waterlogging,63.2,13.3,1.00,0.91,0.71,0.29,环境和视觉存在冲突，降低直接执行可靠性,P(healthy)=0.20；P(drought)=0.01；P(heat)=0.01；P(pest)=0.01；P(waterlogging)=0.74；P(low_light)=0.01；P(sensor_anomaly)=0.01,P(healthy)=0.91；P(drought)=0.01；P(heat)=0.01；P(pest)=0.01；P(waterlogging)=0.01；P(low_light)=0.01；P(sensor_anomaly)=0.01,P(healthy)=0.41；P(drought)=0.01；P(heat)=0.01；P(pest)=0.01；P(waterlogging)=0.54；P(low_light)=0.01；P(sensor_anomaly)=0.01,P(healthy)=0.28；P(drought)=0.01；P(heat)=0.01；P(pest)=0.01；P(waterlogging)=0.69；P(low_light)=0.01；P(sensor_anomaly)=0.01,persistent_wet_condition_6h,same_risk_state_consistent_with_previous_belief；temporal_trend_supports_dominant_state,图像显示健康，但环境传感器提示较高风险,hold,resample_before_action,中风险 + 高不确定性 → 重新采样后再决策,土壤湿度过高；图像标签显示作物状态健康；环境和视觉存在冲突，降低直接执行可靠性；数据冲突：图像显示健康，但环境传感器提示较高风险；最近 6 小时存在持续湿润或降雨，积水状态概率上升；当前主风险与上一时刻状态信念一致，系统置信度上升；时间趋势支持当前主风险，系统置信度上升,优先让机器人复查该区域并重新采样；检查排水情况并降低灌溉优先级,normal
2026-09-09 11:00,66.1,中高,0.79,0.166,0.011,0.006,0.011,0.794,0.006,0.006,0.0,低,waterlogging,71.2,74.4,1.00,0.86,0.65,0.35,,P(healthy)=0.09；P(drought)=0.00；P(heat)=0.00；P(pest)=0.00；P(waterlogging)=0.88；P(low_light)=0.00；P(sensor_anomaly)=0.00,P(healthy)=0.04；P(drought)=0.05；P(heat)=0.01；P(pest)=0.05；P(waterlogging)=0.83；P(low_light)=0.01；P(sensor_anomaly)=0.01,P(healthy)=0.08；P(drought)=0.02；P(heat)=0.01；P(pest)=0.02；P(waterlogging)=0.86；P(low_light)=0.01；P(sensor_anomaly)=0.01,P(healthy)=0.17；P(drought)=0.01；P(heat)=0.01；P(pest)=0.01；P(waterlogging)=0.79；P(low_light)=0.01；P(sensor_anomaly)=0.01,persistent_wet_condition_6h,same_risk_state_consistent_with_previous_belief；temporal_trend_supports_dominant_state,,execute,execute_recommended_action,高风险 + 低不确定性 → 允许执行建议动作,降雨量较高且土壤湿度偏高；图像标签疑似积水；最近 6 小时存在持续湿润或降雨，积水状态概率上升；当前主风险与上一时刻状态信念一致，系统置信度上升；时间趋势支持当前主风险，系统置信度上升,检查排水情况并降低灌溉优先级,normal
2026-09-09 12:00,62.1,中高,0.74,0.222,0.009,0.007,0.009,0.739,0.007,0.007,35.0,中,waterlogging,63.2,13.0,1.00,0.93,0.71,0.29,环境和视觉存在冲突，降低直接执行可靠性,P(healthy)=0.20；P(drought)=0.01；P(heat)=0.01；P(pest)=0.01；P(waterlogging)=0.74；P(low_light)=0.01；P(sensor_anomaly)=0.01,P(healthy)=0.92；P(drought)=0.01；P(heat)=0.01；P(pest)=0.01；P(waterlogging)=0.01；P(low_light)=0.01；P(sensor_anomaly)=0.01,P(healthy)=0.41；P(drought)=0.01；P(heat)=0.01；P(pest)=0.01；P(waterlogging)=0.53；P(low_light)=0.01；P(sensor_anomaly)=0.01,P(healthy)=0.22；P(drought)=0.01；P(heat)=0.01；P(pest)=0.01；P(waterlogging)=0.74；P(low_light)=0.01；P(sensor_anomaly)=0.01,persistent_wet_condition_6h,same_risk_state_consistent_with_previous_belief；temporal_trend_supports_dominant_state,图像显示健康，但环境传感器提示较高风险,hold,recheck_before_action,高风险 + 高不确定性 → 先复查，不直接执行动作,土壤湿度过高；图像标签显示作物状态健康；环境和视觉存在冲突，降低直接执行可靠性；数据冲突：图像显示健康，但环境传感器提示较高风险；最近 6 小时存在持续湿润或降雨，积水状态概率上升；当前主风险与上一时刻状态信念一致，系统置信度上升；时间趋势支持当前主风险，系统置信度上升,优先让机器人复查该区域并重新采样；检查排水情况并降低灌溉优先级,normal
2026-09-09 13:00,60.6,中高,0.72,0.243,0.009,0.008,0.009,0.716,0.008,0.007,35.0,中,waterlogging,63.2,14.7,1.00,0.83,0.73,0.27,环境和视觉存在冲突，降低直接执行可靠性,P(healthy)=0.20；P(drought)=0.01；P(heat)=0.01；P(pest)=0.01；P(waterlogging)=0.74；P(low_light)=0.01；P(sensor_anomaly)=0.01,P(healthy)=0.89；P(drought)=0.02；P(heat)=0.02；P(pest)=0.02；P(waterlogging)=0.02；P(low_light)=0.02；P(sensor_anomaly)=0.01,P(healthy)=0.39；P(drought)=0.01；P(heat)=0.01；P(pest)=0.01；P(waterlogging)=0.55；P(low_light)=0.01；P(sensor_anomaly)=0.01,P(healthy)=0.24；P(drought)=0.01；P(heat)=0.01；P(pest)=0.01；P(waterlogging)=0.72；P(low_light)=0.01；P(sensor_anomaly)=0.01,persistent_wet_condition_6h,same_risk_state_consistent_with_previous_belief；temporal_trend_supports_dominant_state,图像显示健康，但环境传感器提示较高风险,hold,recheck_before_action,高风险 + 高不确定性 → 先复查，不直接执行动作,土壤湿度过高；图像标签显示作物状态健康；环境和视觉存在冲突，降低直接执行可靠性；数据冲突：图像显示健康，但环境传感器提示较高风险；最近 6 小时存在持续湿润或降雨，积水状态概率上升；当前主风险与上一时刻状态信念一致，系统置信度上升；时间趋势支持当前主风险，系统置信度上升,优先让机器人复查该区域并重新采样；检查排水情况并降低灌溉优先级,normal
2026-09-09 14:00,59.2,中,0.70,0.263,0.008,0.008,0.008,0.698,0.008,0.007,35.0,中,waterlogging,63.2,12.8,1.00,0.94,0.71,0.29,环境和视觉存在冲突，降低直接执行可靠性,P(healthy)=0.20；P(drought)=0.01；P(heat)=0.01；P(pest)=0.01；P(waterlogging)=0.74；P(low_light)=0.01；P(sensor_anomaly)=0.01,P(healthy)=0.92；P(drought)=0.01；P(heat)=0.01；P(pest)=0.01；P(waterlogging)=0.01；P(low_light)=0.01；P(sensor_anomaly)=0.01,P(healthy)=0.41；P(drought)=0.01；P(heat)=0.01；P(pest)=0.01；P(waterlogging)=0.53；P(low_light)=0.01；P(sensor_anomaly)=0.01,P(healthy)=0.26；P(drought)=0.01；P(heat)=0.01；P(pest)=0.01；P(waterlogging)=0.70；P(low_light)=0.01；P(sensor_anomaly)=0.01,persistent_wet_condition_6h,same_risk_state_consistent_with_previous_belief；temporal_trend_supports_dominant_state,图像显示健康，但环境传感器提示较高风险,hold,resample_before_action,中风险 + 高不确定性 → 重新采样后再决策,土壤湿度过高；图像标签显示作物状态健康；环境和视觉存在冲突，降低直接执行可靠性；数据冲突：图像显示健康，但环境传感器提示较高风险；最近 6 小时存在持续湿润或降雨，积水状态概率上升；当前主风险与上一时刻状态信念一致，系统置信度上升；时间趋势支持当前主风险，系统置信度上升,优先让机器人复查该区域并重新采样；检查排水情况并降低灌溉优先级,normal
2026-09-09 15:00,59.8,中,0.67,0.256,0.044,0.007,0.008,0.670,0.007,0.007,35.0,中,waterlogging,63.2,13.4,1.00,0.90,0.72,0.28,环境和视觉存在冲突，降低直接执行可靠性,P(healthy)=0.20；P(drought)=0.01；P(heat)=0.01；P(pest)=0.01；P(waterlogging)=0.74；P(low_light)=0.01；P(sensor_anomaly)=0.01,P(healthy)=0.91；P(drought)=0.02；P(heat)=0.02；P(pest)=0.02；P(waterlogging)=0.02；P(low_light)=0.02；P(sensor_anomaly)=0.01,P(healthy)=0.41；P(drought)=0.01；P(heat)=0.01；P(pest)=0.01；P(waterlogging)=0.54；P(low_light)=0.01；P(sensor_anomaly)=0.01,P(healthy)=0.26；P(drought)=0.04；P(heat)=0.01；P(pest)=0.01；P(waterlogging)=0.67；P(low_light)=0.01；P(sensor_anomaly)=0.01,soil_moisture_decreasing_6h；persistent_wet_condition_6h,same_risk_state_consistent_with_previous_belief；temporal_trend_supports_dominant_state,图像显示健康，但环境传感器提示较高风险,hold,resample_before_action,中风险 + 高不确定性 → 重新采样后再决策,土壤湿度过高；图像标签显示作物状态健康；环境和视觉存在冲突，降低直接执行可靠性；数据冲突：图像显示健康，但环境传感器提示较高风险；最近 6 小时土壤湿度持续下降，干旱状态概率上升；最近 6 小时存在持续湿润或降雨，积水状态概率上升；当前主风险与上一时刻状态信念一致，系统置信度上升；时间趋势支持当前主风险，系统置信度上升,优先让机器人复查该区域并重新采样；检查排水情况并降低灌溉优先级,normal
2026-09-09 16:00,48.9,中,0.50,0.414,0.062,0.007,0.007,0.497,0.007,0.006,0.0,低,waterlogging,10.5,13.8,1.00,0.88,0.65,0.35,,P(healthy)=0.96；P(drought)=0.01；P(heat)=0.01；P(pest)=0.01；P(waterlogging)=0.01；P(low_light)=0.01；P(sensor_anomaly)=0.01,P(healthy)=0.91；P(drought)=0.02；P(heat)=0.02；P(pest)=0.02；P(waterlogging)=0.02；P(low_light)=0.02；P(sensor_anomaly)=0.01,P(healthy)=0.94；P(drought)=0.01；P(heat)=0.01；P(pest)=0.01；P(waterlogging)=0.01；P(low_light)=0.01；P(sensor_anomaly)=0.01,P(healthy)=0.41；P(drought)=0.06；P(heat)=0.01；P(pest)=0.01；P(waterlogging)=0.50；P(low_light)=0.01；P(sensor_anomaly)=0.01,soil_moisture_decreasing_6h；persistent_wet_condition_6h,same_risk_state_consistent_with_previous_belief；temporal_trend_supports_dominant_state,,hold,monitor_more_context,风险或不确定性处于中间状态 → 继续观察并收集更多上下文,环境传感器指标处于正常范围；图像标签显示作物状态健康；最近 6 小时土壤湿度持续下降，干旱状态概率上升；最近 6 小时存在持续湿润或降雨，积水状态概率上升；当前主风险与上一时刻状态信念一致，系统置信度上升；时间趋势支持当前主风险，系统置信度上升,检查排水情况并降低灌溉优先级,normal
2026-09-09 17:00,38.4,低,0.57,0.565,0.080,0.007,0.007,0.326,0.007,0.006,0.0,低,healthy,10.5,13.1,1.00,0.92,0.64,0.36,,P(healthy)=0.96；P(drought)=0.01；P(heat)=0.01；P(pest)=0.01；P(waterlogging)=0.01；P(low_light)=0.01；P(sensor_anomaly)=0.01,P(healthy)=0.92；P(drought)=0.01；P(heat)=0.01；P(pest)=0.01；P(waterlogging)=0.01；P(low_light)=0.01；P(sensor_anomaly)=0.01,P(healthy)=0.94；P(drought)=0.01；P(heat)=0.01；P(pest)=0.01；P(waterlogging)=0.01；P(low_light)=0.01；P(sensor_anomaly)=0.01,P(healthy)=0.57；P(drought)=0.08；P(heat)=0.01；P(pest)=0.01；P(waterlogging)=0.33；P(low_light)=0.01；P(sensor_anomaly)=0.01,soil_moisture_decreasing_6h；persistent_wet_condition_6h,,,observe,routine_patrol,低风险 + 低不确定性 → 常规巡检,环境传感器指标处于正常范围；图像标签显示作物状态健康；最近 6 小时土壤湿度持续下降，干旱状态概率上升；最近 6 小时存在持续湿润或降雨，积水状态概率上升,继续常规巡检,normal
2026-09-09 18:00,32.2,低,0.65,0.653,0.091,0.007,0.008,0.227,0.007,0.007,0.0,低,healthy,10.5,13.0,1.00,0.93,0.64,0.36,,P(healthy)=0.96；P(drought)=0.01；P(heat)=0.01；P(pest)=0.01；P(waterlogging)=0.01；P(low_light)=0.01；P(sensor_anomaly)=0.01,P(healthy)=0.92；P(drought)=0.01；P(heat)=0.01；P(pest)=0.01；P(waterlogging)=0.01；P(low_light)=0.01；P(sensor_anomaly)=0.01,P(healthy)=0.94；P(drought)=0.01；P(heat)=0.01；P(pest)=0.01；P(waterlogging)=0.01；P(low_light)=0.01；P(sensor_anomaly)=0.01,P(healthy)=0.65；P(drought)=0.09；P(heat)=0.01；P(pest)=0.01；P(waterlogging)=0.23；P(low_light)=0.01；P(sensor_anomaly)=0.01,soil_moisture_decreasing_6h；persistent_wet_condition_6h,,,observe,routine_patrol,低风险 + 低不确定性 → 常规巡检,环境传感器指标处于正常范围；图像标签显示作物状态健康；最近 6 小时土壤湿度持续下降，干旱状态概率上升；最近 6 小时存在持续湿润或降雨，积水状态概率上升,继续常规巡检,normal
2026-09-09 19:00,28.7,低,0.70,0.704,0.097,0.007,0.007,0.169,0.007,0.007,0.0,低,healthy,10.5,12.6,1.00,0.95,0.63,0.37,,P(healthy)=0.96；P(drought)=0.01；P(heat)=0.01；P(pest)=0.01；P(waterlogging)=0.01；P(low_light)=0.01；P(sensor_anomaly)=0.01,P(healthy)=0.92；P(drought)=0.01；P(heat)=0.01；P(pest)=0.01；P(waterlogging)=0.01；P(low_light)=0.01；P(sensor_anomaly)=0.01,P(healthy)=0.95；P(drought)=0.01；P(heat)=0.01；P(pest)=0.01；P(waterlogging)=0.01；P(low_light)=0.01；P(sensor_anomaly)=0.01,P(healthy)=0.70；P(drought)=0.10；P(heat)=0.01；P(pest)=0.01；P(waterlogging)=0.17；P(low_light)=0.01；P(sensor_anomaly)=0.01,soil_moisture_decreasing_6h；persistent_wet_condition_6h,,,observe,routine_patrol,低风险 + 低不确定性 → 常规巡检,环境传感器指标处于正常范围；图像标签显示作物状态健康；最近 6 小时土壤湿度持续下降，干旱状态概率上升；最近 6 小时存在持续湿润或降雨，积水状态概率上升,继续常规巡检,normal
2026-09-09 20:00,24.1,低,0.77,0.767,0.061,0.008,0.008,0.140,0.008,0.007,0.0,低,healthy,10.5,14.3,1.00,0.85,0.66,0.34,,P(healthy)=0.96；P(drought)=0.01；P(heat)=0.01；P(pest)=0.01；P(waterlogging)=0.01；P(low_light)=0.01；P(sensor_anomaly)=0.01,P(healthy)=0.90；P(drought)=0.02；P(heat)=0.02；P(pest)=0.02；P(waterlogging)=0.02；P(low_light)=0.02；P(sensor_anomaly)=0.01,P(healthy)=0.94；P(drought)=0.01；P(heat)=0.01；P(pest)=0.01；P(waterlogging)=0.01；P(low_light)=0.01；P(sensor_anomaly)=0.01,P(healthy)=0.77；P(drought)=0.06；P(heat)=0.01；P(pest)=0.01；P(waterlogging)=0.14；P(low_light)=0.01；P(sensor_anomaly)=0.01,persistent_wet_condition_6h,,,observe,routine_patrol,低风险 + 低不确定性 → 常规巡检,环境传感器指标处于正常范围；图像标签显示作物状态健康；最近 6 小时存在持续湿润或降雨，积水状态概率上升,继续常规巡检,normal
2026-09-09 21:00,21.4,低,0.80,0.804,0.039,0.009,0.009,0.123,0.009,0.007,0.0,低,healthy,10.5,13.8,1.00,0.88,0.65,0.35,,P(healthy)=0.96；P(drought)=0.01；P(heat)=0.01；P(pest)=0.01；P(waterlogging)=0.01；P(low_light)=0.01；P(sensor_anomaly)=0.01,P(healthy)=0.91；P(drought)=0.02；P(heat)=0.02；P(pest)=0.02；P(waterlogging)=0.02；P(low_light)=0.02；P(sensor_anomaly)=0.01,P(healthy)=0.94；P(drought)=0.01；P(heat)=0.01；P(pest)=0.01；P(waterlogging)=0.01；P(low_light)=0.01；P(sensor_anomaly)=0.01,P(healthy)=0.80；P(drought)=0.04；P(heat)=0.01；P(pest)=0.01；P(waterlogging)=0.12；P(low_light)=0.01；P(sensor_anomaly)=0.01,persistent_wet_condition_6h,,,observe,routine_patrol,低风险 + 低不确定性 → 常规巡检,环境传感器指标处于正常范围；图像标签显示作物状态健康；最近 6 小时存在持续湿润或降雨，积水状态概率上升,继续常规巡检,normal
2026-09-09 22:00,24.7,低,0.75,0.751,0.030,0.008,0.079,0.117,0.008,0.007,0.0,低,healthy,10.5,66.7,1.00,0.68,0.75,0.25,视觉置信度中等，轻微降低视觉模态权重,P(healthy)=0.96；P(drought)=0.01；P(heat)=0.01；P(pest)=0.01；P(waterlogging)=0.01；P(low_light)=0.01；P(sensor_anomaly)=0.01,P(healthy)=0.09；P(drought)=0.05；P(heat)=0.01；P(pest)=0.77；P(waterlogging)=0.05；P(low_light)=0.01；P(sensor_anomaly)=0.01,P(healthy)=0.75；P(drought)=0.02；P(heat)=0.01；P(pest)=0.19；P(waterlogging)=0.02；P(low_light)=0.01；P(sensor_anomaly)=0.01,P(healthy)=0.75；P(drought)=0.03；P(heat)=0.01；P(pest)=0.08；P(waterlogging)=0.12；P(low_light)=0.01；P(sensor_anomaly)=0.01,persistent_wet_condition_6h,,,observe,routine_patrol,低风险 + 低不确定性 → 常规巡检,环境传感器指标处于正常范围；图像标签疑似病虫害；视觉置信度中等，轻微降低视觉模态权重；最近 6 小时存在持续湿润或降雨，积水状态概率上升,继续常规巡检,normal
2026-09-09 23:00,21.7,低,0.80,0.796,0.021,0.008,0.049,0.110,0.008,0.008,0.0,低,healthy,10.5,13.1,1.00,0.92,0.64,0.36,,P(healthy)=0.96；P(drought)=0.01；P(heat)=0.01；P(pest)=0.01；P(waterlogging)=0.01；P(low_light)=0.01；P(sensor_anomaly)=0.01,P(healthy)=0.92；P(drought)=0.01；P(heat)=0.01；P(pest)=0.01；P(waterlogging)=0.01；P(low_light)=0.01；P(sensor_anomaly)=0.01,P(healthy)=0.94；P(drought)=0.01；P(heat)=0.01；P(pest)=0.01；P(waterlogging)=0.01；P(low_light)=0.01；P(sensor_anomaly)=0.01,P(healthy)=0.80；P(drought)=0.02；P(heat)=0.01；P(pest)=0.05；P(waterlogging)=0.11；P(low_light)=0.01；P(sensor_anomaly)=0.01,persistent_wet_condition_6h,,,observe,routine_patrol,低风险 + 低不确定性 → 常规巡检,环境传感器指标处于正常范围；图像标签显示作物状态健康；最近 6 小时存在持续湿润或降雨，积水状态概率上升,继续常规巡检,normal
2026-09-10 00:00,19.9,很低,0.82,0.822,0.016,0.009,0.032,0.105,0.009,0.008,0.0,低,healthy,10.5,13.1,1.00,0.92,0.64,0.36,,P(healthy)=0.96；P(drought)=0.01；P(heat)=0.01；P(pest)=0.01；P(waterlogging)=0.01；P(low_light)=0.01；P(sensor_anomaly)=0.01,P(healthy)=0.92；P(drought)=0.01；P(heat)=0.01；P(pest)=0.01；P(waterlogging)=0.01；P(low_light)=0.01；P(sensor_anomaly)=0.01,P(healthy)=0.94；P(drought)=0.01；P(heat)=0.01；P(pest)=0.01；P(waterlogging)=0.01；P(low_light)=0.01；P(sensor_anomaly)=0.01,P(healthy)=0.82；P(drought)=0.02；P(heat)=0.01；P(pest)=0.03；P(waterlogging)=0.11；P(low_light)=0.01；P(sensor_anomaly)=0.01,persistent_wet_condition_6h,,,observe,routine_patrol,低风险 + 低不确定性 → 常规巡检,环境传感器指标处于正常范围；图像标签显示作物状态健康；最近 6 小时存在持续湿润或降雨，积水状态概率上升,继续常规巡检,normal
2026-09-10 01:00,18.9,很低,0.84,0.836,0.013,0.009,0.023,0.103,0.009,0.008,0.0,低,healthy,10.5,13.4,1.00,0.90,0.64,0.36,,P(healthy)=0.96；P(drought)=0.01；P(heat)=0.01；P(pest)=0.01；P(waterlogging)=0.01；P(low_light)=0.01；P(sensor_anomaly)=0.01,P(healthy)=0.91；P(drought)=0.02；P(heat)=0.02；P(pest)=0.02；P(waterlogging)=0.02；P(low_light)=0.02；P(sensor_anomaly)=0.01,P(healthy)=0.94；P(drought)=0.01；P(heat)=0.01；P(pest)=0.01；P(waterlogging)=0.01；P(low_light)=0.01；P(sensor_anomaly)=0.01,P(healthy)=0.84；P(drought)=0.01；P(heat)=0.01；P(pest)=0.02；P(waterlogging)=0.10；P(low_light)=0.01；P(sensor_anomaly)=0.01,persistent_wet_condition_6h,,,observe,routine_patrol,低风险 + 低不确定性 → 常规巡检,环境传感器指标处于正常范围；图像标签显示作物状态健康；最近 6 小时存在持续湿润或降雨，积水状态概率上升,继续常规巡检,normal
2026-09-10 02:00,18.5,很低,0.84,0.844,0.012,0.009,0.017,0.102,0.009,0.008,0.0,低,healthy,10.5,14.1,1.00,0.86,0.65,0.35,,P(healthy)=0.96；P(drought)=0.01；P(heat)=0.01；P(pest)=0.01；P(waterlogging)=0.01；P(low_light)=0.01；P(sensor_anomaly)=0.01,P(healthy)=0.90；P(drought)=0.02；P(heat)=0.02；P(pest)=0.02；P(waterlogging)=0.02；P(low_light)=0.02；P(sensor_anomaly)=0.01,P(healthy)=0.94；P(drought)=0.01；P(heat)=0.01；P(pest)=0.01；P(waterlogging)=0.01；P(low_light)=0.01；P(sensor_anomaly)=0.01,P(healthy)=0.84；P(drought)=0.01；P(heat)=0.01；P(pest)=0.02；P(waterlogging)=0.10；P(low_light)=0.01；P(sensor_anomaly)=0.01,persistent_wet_condition_6h,,,observe,routine_patrol,低风险 + 低不确定性 → 常规巡检,环境传感器指标处于正常范围；图像标签显示作物状态健康；最近 6 小时存在持续湿润或降雨，积水状态概率上升,继续常规巡检,normal
2026-09-10 03:00,18.1,很低,0.85,0.849,0.011,0.009,0.014,0.101,0.009,0.008,0.0,低,healthy,10.5,13.6,1.00,0.89,0.65,0.35,,P(healthy)=0.96；P(drought)=0.01；P(heat)=0.01；P(pest)=0.01；P(waterlogging)=0.01；P(low_light)=0.01；P(sensor_anomaly)=0.01,P(healthy)=0.91；P(drought)=0.02；P(heat)=0.02；P(pest)=0.02；P(waterlogging)=0.02；P(low_light)=0.02；P(sensor_anomaly)=0.01,P(healthy)=0.94；P(drought)=0.01；P(heat)=0.01；P(pest)=0.01；P(waterlogging)=0.01；P(low_light)=0.01；P(sensor_anomaly)=0.01,P(healthy)=0.85；P(drought)=0.01；P(heat)=0.01；P(pest)=0.01；P(waterlogging)=0.10；P(low_light)=0.01；P(sensor_anomaly)=0.01,persistent_wet_condition_6h,,,observe,routine_patrol,低风险 + 低不确定性 → 常规巡检,环境传感器指标处于正常范围；图像标签显示作物状态健康；最近 6 小时存在持续湿润或降雨，积水状态概率上升,继续常规巡检,normal
2026-09-10 04:00,17.9,很低,0.85,0.852,0.010,0.009,0.012,0.101,0.009,0.008,0.0,低,healthy,10.5,13.6,1.00,0.89,0.65,0.35,,P(healthy)=0.96；P(drought)=0.01；P(heat)=0.01；P(pest)=0.01；P(waterlogging)=0.01；P(low_light)=0.01；P(sensor_anomaly)=0.01,P(healthy)=0.91；P(drought)=0.02；P(heat)=0.02；P(pest)=0.02；P(waterlogging)=0.02；P(low_light)=0.02；P(sensor_anomaly)=0.01,P(healthy)=0.94；P(drought)=0.01；P(heat)=0.01；P(pest)=0.01；P(waterlogging)=0.01；P(low_light)=0.01；P(sensor_anomaly)=0.01,P(healthy)=0.85；P(drought)=0.01；P(heat)=0.01；P(pest)=0.01；P(waterlogging)=0.10；P(low_light)=0.01；P(sensor_anomaly)=0.01,persistent_wet_condition_6h,,,observe,routine_patrol,低风险 + 低不确定性 → 常规巡检,环境传感器指标处于正常范围；图像标签显示作物状态健康；最近 6 小时存在持续湿润或降雨，积水状态概率上升,继续常规巡检,normal
2026-09-10 05:00,45.0,中,0.34,0.618,0.009,0.009,0.010,0.337,0.009,0.007,47.0,中,waterlogging,69.6,14.5,1.00,0.84,0.73,0.27,环境和视觉存在冲突，降低直接执行可靠性,P(healthy)=0.11；P(drought)=0.01；P(heat)=0.01；P(pest)=0.01；P(waterlogging)=0.86；P(low_light)=0.01；P(sensor_anomaly)=0.01,P(healthy)=0.89；P(drought)=0.02；P(heat)=0.02；P(pest)=0.02；P(waterlogging)=0.02；P(low_light)=0.02；P(sensor_anomaly)=0.01,P(healthy)=0.33；P(drought)=0.01；P(heat)=0.01；P(pest)=0.01；P(waterlogging)=0.63；P(low_light)=0.01；P(sensor_anomaly)=0.01,P(healthy)=0.62；P(drought)=0.01；P(heat)=0.01；P(pest)=0.01；P(waterlogging)=0.34；P(low_light)=0.01；P(sensor_anomaly)=0.01,persistent_wet_condition_6h,,图像显示健康，但环境传感器提示较高风险,hold,resample_before_action,中风险 + 高不确定性 → 重新采样后再决策,降雨量较高且土壤湿度偏高；图像标签显示作物状态健康；环境和视觉存在冲突，降低直接执行可靠性；数据冲突：图像显示健康，但环境传感器提示较高风险；最近 6 小时存在持续湿润或降雨，积水状态概率上升,优先让机器人复查该区域并重新采样；检查排水情况并降低灌溉优先级,normal
2026-09-10 06:00,51.8,中,0.59,0.369,0.012,0.007,0.013,0.586,0.007,0.007,0.0,低,waterlogging,71.2,72.8,1.00,0.77,0.68,0.32,,P(healthy)=0.09；P(drought)=0.00；P(heat)=0.00；P(pest)=0.00；P(waterlogging)=0.88；P(low_light)=0.00；P(sensor_anomaly)=0.00,P(healthy)=0.06；P(drought)=0.05；P(heat)=0.01；P(pest)=0.05；P(waterlogging)=0.80；P(low_light)=0.01；P(sensor_anomaly)=0.01,P(healthy)=0.08；P(drought)=0.02；P(heat)=0.01；P(pest)=0.02；P(waterlogging)=0.86；P(low_light)=0.01；P(sensor_anomaly)=0.01,P(healthy)=0.37；P(drought)=0.01；P(heat)=0.01；P(pest)=0.01；P(waterlogging)=0.59；P(low_light)=0.01；P(sensor_anomaly)=0.01,persistent_wet_condition_6h,temporal_trend_supports_dominant_state,,hold,monitor_more_context,风险或不确定性处于中间状态 → 继续观察并收集更多上下文,降雨量较高且土壤湿度偏高；图像标签疑似积水；最近 6 小时存在持续湿润或降雨，积水状态概率上升；时间趋势支持当前主风险，系统置信度上升,检查排水情况并降低灌溉优先级,normal
2026-09-10 07:00,55.1,中,0.64,0.322,0.010,0.008,0.010,0.635,0.008,0.007,35.0,中,waterlogging,63.2,13.8,1.00,0.88,0.72,0.28,环境和视觉存在冲突，降低直接执行可靠性,P(healthy)=0.20；P(drought)=0.01；P(heat)=0.01；P(pest)=0.01；P(waterlogging)=0.74；P(low_light)=0.01；P(sensor_anomaly)=0.01,P(healthy)=0.91；P(drought)=0.02；P(heat)=0.02；P(pest)=0.02；P(waterlogging)=0.02；P(low_light)=0.02；P(sensor_anomaly)=0.01,P(healthy)=0.40；P(drought)=0.01；P(heat)=0.01；P(pest)=0.01；P(waterlogging)=0.54；P(low_light)=0.01；P(sensor_anomaly)=0.01,P(healthy)=0.32；P(drought)=0.01；P(heat)=0.01；P(pest)=0.01；P(waterlogging)=0.64；P(low_light)=0.01；P(sensor_anomaly)=0.01,persistent_wet_condition_6h,same_risk_state_consistent_with_previous_belief；temporal_trend_supports_dominant_state,图像显示健康，但环境传感器提示较高风险,hold,resample_before_action,中风险 + 高不确定性 → 重新采样后再决策,土壤湿度过高；图像标签显示作物状态健康；环境和视觉存在冲突，降低直接执行可靠性；数据冲突：图像显示健康，但环境传感器提示较高风险；最近 6 小时存在持续湿润或降雨，积水状态概率上升；当前主风险与上一时刻状态信念一致，系统置信度上升；时间趋势支持当前主风险，系统置信度上升,优先让机器人复查该区域并重新采样；检查排水情况并降低灌溉优先级,normal
2026-09-10 08:00,56.4,中,0.66,0.304,0.009,0.008,0.009,0.656,0.008,0.007,35.0,中,waterlogging,63.2,12.6,1.00,0.95,0.70,0.30,环境和视觉存在冲突，降低直接执行可靠性,P(healthy)=0.20；P(drought)=0.01；P(heat)=0.01；P(pest)=0.01；P(waterlogging)=0.74；P(low_light)=0.01；P(sensor_anomaly)=0.01,P(healthy)=0.92；P(drought)=0.01；P(heat)=0.01；P(pest)=0.01；P(waterlogging)=0.01；P(low_light)=0.01；P(sensor_anomaly)=0.01,P(healthy)=0.42；P(drought)=0.01；P(heat)=0.01；P(pest)=0.01；P(waterlogging)=0.53；P(low_light)=0.01；P(sensor_anomaly)=0.01,P(healthy)=0.30；P(drought)=0.01；P(heat)=0.01；P(pest)=0.01；P(waterlogging)=0.66；P(low_light)=0.01；P(sensor_anomaly)=0.01,persistent_wet_condition_6h,same_risk_state_consistent_with_previous_belief；temporal_trend_supports_dominant_state,图像显示健康，但环境传感器提示较高风险,hold,resample_before_action,中风险 + 高不确定性 → 重新采样后再决策,土壤湿度过高；图像标签显示作物状态健康；环境和视觉存在冲突，降低直接执行可靠性；数据冲突：图像显示健康，但环境传感器提示较高风险；最近 6 小时存在持续湿润或降雨，积水状态概率上升；当前主风险与上一时刻状态信念一致，系统置信度上升；时间趋势支持当前主风险，系统置信度上升,优先让机器人复查该区域并重新采样；检查排水情况并降低灌溉优先级,normal
2026-09-10 09:00,57.0,中,0.67,0.295,0.008,0.008,0.008,0.667,0.008,0.007,35.0,中,waterlogging,63.2,12.5,1.00,0.96,0.70,0.30,环境和视觉存在冲突，降低直接执行可靠性,P(healthy)=0.20；P(drought)=0.01；P(heat)=0.01；P(pest)=0.01；P(waterlogging)=0.74；P(low_light)=0.01；P(sensor_anomaly)=0.01,P(healthy)=0.93；P(drought)=0.01；P(heat)=0.01；P(pest)=0.01；P(waterlogging)=0.01；P(low_light)=0.01；P(sensor_anomaly)=0.01,P(healthy)=0.42；P(drought)=0.01；P(heat)=0.01；P(pest)=0.01；P(waterlogging)=0.53；P(low_light)=0.01；P(sensor_anomaly)=0.01,P(healthy)=0.29；P(drought)=0.01；P(heat)=0.01；P(pest)=0.01；P(waterlogging)=0.67；P(low_light)=0.01；P(sensor_anomaly)=0.01,persistent_wet_condition_6h,same_risk_state_consistent_with_previous_belief；temporal_trend_supports_dominant_state,图像显示健康，但环境传感器提示较高风险,hold,resample_before_action,中风险 + 高不确定性 → 重新采样后再决策,土壤湿度过高；图像标签显示作物状态健康；环境和视觉存在冲突，降低直接执行可靠性；数据冲突：图像显示健康，但环境传感器提示较高风险；最近 6 小时存在持续湿润或降雨，积水状态概率上升；当前主风险与上一时刻状态信念一致，系统置信度上升；时间趋势支持当前主风险，系统置信度上升,优先让机器人复查该区域并重新采样；检查排水情况并降低灌溉优先级,normal
2026-09-10 10:00,57.3,中,0.67,0.291,0.008,0.007,0.008,0.672,0.007,0.007,35.0,中,waterlogging,63.2,12.5,1.00,0.96,0.70,0.30,环境和视觉存在冲突，降低直接执行可靠性,P(healthy)=0.20；P(drought)=0.01；P(heat)=0.01；P(pest)=0.01；P(waterlogging)=0.74；P(low_light)=0.01；P(sensor_anomaly)=0.01,P(healthy)=0.93；P(drought)=0.01；P(heat)=0.01；P(pest)=0.01；P(waterlogging)=0.01；P(low_light)=0.01；P(sensor_anomaly)=0.01,P(healthy)=0.42；P(drought)=0.01；P(heat)=0.01；P(pest)=0.01；P(waterlogging)=0.53；P(low_light)=0.01；P(sensor_anomaly)=0.01,P(healthy)=0.29；P(drought)=0.01；P(heat)=0.01；P(pest)=0.01；P(waterlogging)=0.67；P(low_light)=0.01；P(sensor_anomaly)=0.01,persistent_wet_condition_6h,same_risk_state_consistent_with_previous_belief；temporal_trend_supports_dominant_state,图像显示健康，但环境传感器提示较高风险,hold,resample_before_action,中风险 + 高不确定性 → 重新采样后再决策,土壤湿度过高；图像标签显示作物状态健康；环境和视觉存在冲突，降低直接执行可靠性；数据冲突：图像显示健康，但环境传感器提示较高风险；最近 6 小时存在持续湿润或降雨，积水状态概率上升；当前主风险与上一时刻状态信念一致，系统置信度上升；时间趋势支持当前主风险，系统置信度上升,优先让机器人复查该区域并重新采样；检查排水情况并降低灌溉优先级,normal
2026-09-10 11:00,63.5,中高,0.66,0.198,0.047,0.007,0.077,0.656,0.007,0.007,0.0,低,waterlogging,63.2,67.2,1.00,0.71,0.70,0.30,,P(healthy)=0.20；P(drought)=0.01；P(heat)=0.01；P(pest)=0.01；P(waterlogging)=0.74；P(low_light)=0.01；P(sensor_anomaly)=0.01,P(healthy)=0.08；P(drought)=0.05；P(heat)=0.01；P(pest)=0.78；P(waterlogging)=0.05；P(low_light)=0.01；P(sensor_anomaly)=0.01,P(healthy)=0.17；P(drought)=0.02；P(heat)=0.01；P(pest)=0.24；P(waterlogging)=0.53；P(low_light)=0.01；P(sensor_anomaly)=0.01,P(healthy)=0.20；P(drought)=0.05；P(heat)=0.01；P(pest)=0.08；P(waterlogging)=0.66；P(low_light)=0.01；P(sensor_anomaly)=0.01,soil_moisture_decreasing_6h；persistent_wet_condition_6h,same_risk_state_consistent_with_previous_belief；temporal_trend_supports_dominant_state,,execute,execute_recommended_action,高风险 + 低不确定性 → 允许执行建议动作,土壤湿度过高；图像标签疑似病虫害；最近 6 小时土壤湿度持续下降，干旱状态概率上升；最近 6 小时存在持续湿润或降雨，积水状态概率上升；当前主风险与上一时刻状态信念一致，系统置信度上升；时间趋势支持当前主风险，系统置信度上升,检查排水情况并降低灌溉优先级,normal
2026-09-10 12:00,62.0,中高,0.65,0.224,0.064,0.007,0.043,0.649,0.007,0.007,35.0,中,waterlogging,63.2,13.3,1.00,0.91,0.71,0.29,环境和视觉存在冲突，降低直接执行可靠性,P(healthy)=0.20；P(drought)=0.01；P(heat)=0.01；P(pest)=0.01；P(waterlogging)=0.74；P(low_light)=0.01；P(sensor_anomaly)=0.01,P(healthy)=0.91；P(drought)=0.01；P(heat)=0.01；P(pest)=0.01；P(waterlogging)=0.01；P(low_light)=0.01；P(sensor_anomaly)=0.01,P(healthy)=0.41；P(drought)=0.01；P(heat)=0.01；P(pest)=0.01；P(waterlogging)=0.54；P(low_light)=0.01；P(sensor_anomaly)=0.01,P(healthy)=0.22；P(drought)=0.06；P(heat)=0.01；P(pest)=0.04；P(waterlogging)=0.65；P(low_light)=0.01；P(sensor_anomaly)=0.01,soil_moisture_decreasing_6h；persistent_wet_condition_6h,same_risk_state_consistent_with_previous_belief；temporal_trend_supports_dominant_state,图像显示健康，但环境传感器提示较高风险,hold,recheck_before_action,高风险 + 高不确定性 → 先复查，不直接执行动作,土壤湿度过高；图像标签显示作物状态健康；环境和视觉存在冲突，降低直接执行可靠性；数据冲突：图像显示健康，但环境传感器提示较高风险；最近 6 小时土壤湿度持续下降，干旱状态概率上升；最近 6 小时存在持续湿润或降雨，积水状态概率上升；当前主风险与上一时刻状态信念一致，系统置信度上升；时间趋势支持当前主风险，系统置信度上升,优先让机器人复查该区域并重新采样；检查排水情况并降低灌溉优先级,normal
2026-09-10 13:00,49.8,中,0.49,0.400,0.071,0.006,0.025,0.486,0.006,0.006,0.0,低,waterlogging,10.5,12.5,1.00,0.96,0.63,0.37,,P(healthy)=0.96；P(drought)=0.01；P(heat)=0.01；P(pest)=0.01；P(waterlogging)=0.01；P(low_light)=0.01；P(sensor_anomaly)=0.01,P(healthy)=0.93；P(drought)=0.01；P(heat)=0.01；P(pest)=0.01；P(waterlogging)=0.01；P(low_light)=0.01；P(sensor_anomaly)=0.01,P(healthy)=0.95；P(drought)=0.01；P(heat)=0.01；P(pest)=0.01；P(waterlogging)=0.01；P(low_light)=0.01；P(sensor_anomaly)=0.01,P(healthy)=0.40；P(drought)=0.07；P(heat)=0.01；P(pest)=0.02；P(waterlogging)=0.49；P(low_light)=0.01；P(sensor_anomaly)=0.01,soil_moisture_decreasing_6h；persistent_wet_condition_6h,same_risk_state_consistent_with_previous_belief；temporal_trend_supports_dominant_state,,hold,monitor_more_context,风险或不确定性处于中间状态 → 继续观察并收集更多上下文,环境传感器指标处于正常范围；图像标签显示作物状态健康；最近 6 小时土壤湿度持续下降，干旱状态概率上升；最近 6 小时存在持续湿润或降雨，积水状态概率上升；当前主风险与上一时刻状态信念一致，系统置信度上升；时间趋势支持当前主风险，系统置信度上升,检查排水情况并降低灌溉优先级,normal
2026-09-10 14:00,45.4,中,0.36,0.460,0.084,0.006,0.077,0.361,0.006,0.006,2.0,低,waterlogging,10.5,66.9,1.00,0.69,0.75,0.25,视觉置信度中等，轻微降低视觉模态权重,P(healthy)=0.96；P(drought)=0.01；P(heat)=0.01；P(pest)=0.01；P(waterlogging)=0.01；P(low_light)=0.01；P(sensor_anomaly)=0.01,P(healthy)=0.09；P(drought)=0.05；P(heat)=0.01；P(pest)=0.77；P(waterlogging)=0.05；P(low_light)=0.01；P(sensor_anomaly)=0.01,P(healthy)=0.74；P(drought)=0.02；P(heat)=0.01；P(pest)=0.20；P(waterlogging)=0.02；P(low_light)=0.01；P(sensor_anomaly)=0.01,P(healthy)=0.46；P(drought)=0.08；P(heat)=0.01；P(pest)=0.08；P(waterlogging)=0.36；P(low_light)=0.01；P(sensor_anomaly)=0.01,soil_moisture_decreasing_6h；persistent_wet_condition_6h,temporal_trend_supports_dominant_state,,hold,monitor_more_context,风险或不确定性处于中间状态 → 继续观察并收集更多上下文,环境传感器指标处于正常范围；图像标签疑似病虫害；视觉置信度中等，轻微降低视觉模态权重；最近 6 小时土壤湿度持续下降，干旱状态概率上升；最近 6 小时存在持续湿润或降雨，积水状态概率上升；时间趋势支持当前主风险，系统置信度上升,检查排水情况并降低灌溉优先级,normal
2026-09-10 15:00,36.4,低,0.59,0.591,0.093,0.007,0.048,0.247,0.007,0.006,0.0,低,healthy,10.5,13.8,1.00,0.88,0.65,0.35,,P(healthy)=0.96；P(drought)=0.01；P(heat)=0.01；P(pest)=0.01；P(waterlogging)=0.01；P(low_light)=0.01；P(sensor_anomaly)=0.01,P(healthy)=0.91；P(drought)=0.02；P(heat)=0.02；P(pest)=0.02；P(waterlogging)=0.02；P(low_light)=0.02；P(sensor_anomaly)=0.01,P(healthy)=0.94；P(drought)=0.01；P(heat)=0.01；P(pest)=0.01；P(waterlogging)=0.01；P(low_light)=0.01；P(sensor_anomaly)=0.01,P(healthy)=0.59；P(drought)=0.09；P(heat)=0.01；P(pest)=0.05；P(waterlogging)=0.25；P(low_light)=0.01；P(sensor_anomaly)=0.01,soil_moisture_decreasing_6h；persistent_wet_condition_6h,,,observe,routine_patrol,低风险 + 低不确定性 → 常规巡检,环境传感器指标处于正常范围；图像标签显示作物状态健康；最近 6 小时土壤湿度持续下降，干旱状态概率上升；最近 6 小时存在持续湿润或降雨，积水状态概率上升,继续常规巡检,normal
2026-09-10 16:00,31.1,低,0.67,0.667,0.099,0.007,0.031,0.181,0.007,0.007,0.0,低,healthy,10.5,13.1,1.00,0.92,0.64,0.36,,P(healthy)=0.96；P(drought)=0.01；P(heat)=0.01；P(pest)=0.01；P(waterlogging)=0.01；P(low_light)=0.01；P(sensor_anomaly)=0.01,P(healthy)=0.92；P(drought)=0.01；P(heat)=0.01；P(pest)=0.01；P(waterlogging)=0.01；P(low_light)=0.01；P(sensor_anomaly)=0.01,P(healthy)=0.94；P(drought)=0.01；P(heat)=0.01；P(pest)=0.01；P(waterlogging)=0.01；P(low_light)=0.01；P(sensor_anomaly)=0.01,P(healthy)=0.67；P(drought)=0.10；P(heat)=0.01；P(pest)=0.03；P(waterlogging)=0.18；P(low_light)=0.01；P(sensor_anomaly)=0.01,soil_moisture_decreasing_6h；persistent_wet_condition_6h,,,observe,routine_patrol,低风险 + 低不确定性 → 常规巡检,环境传感器指标处于正常范围；图像标签显示作物状态健康；最近 6 小时土壤湿度持续下降，干旱状态概率上升；最近 6 小时存在持续湿润或降雨，积水状态概率上升,继续常规巡检,normal
2026-09-10 17:00,28.2,低,0.71,0.710,0.102,0.008,0.022,0.143,0.008,0.007,0.0,低,healthy,10.5,14.3,1.00,0.85,0.66,0.34,,P(healthy)=0.96；P(drought)=0.01；P(heat)=0.01；P(pest)=0.01；P(waterlogging)=0.01；P(low_light)=0.01；P(sensor_anomaly)=0.01,P(healthy)=0.90；P(drought)=0.02；P(heat)=0.02；P(pest)=0.02；P(waterlogging)=0.02；P(low_light)=0.02；P(sensor_anomaly)=0.01,P(healthy)=0.94；P(drought)=0.01；P(heat)=0.01；P(pest)=0.01；P(waterlogging)=0.01；P(low_light)=0.01；P(sensor_anomaly)=0.01,P(healthy)=0.71；P(drought)=0.10；P(heat)=0.01；P(pest)=0.02；P(waterlogging)=0.14；P(low_light)=0.01；P(sensor_anomaly)=0.01,soil_moisture_decreasing_6h；persistent_wet_condition_6h,,,observe,routine_patrol,低风险 + 低不确定性 → 常规巡检,环境传感器指标处于正常范围；图像标签显示作物状态健康；最近 6 小时土壤湿度持续下降，干旱状态概率上升；最近 6 小时存在持续湿润或降雨，积水状态概率上升,继续常规巡检,normal
2026-09-10 18:00,26.4,低,0.74,0.737,0.104,0.008,0.016,0.121,0.008,0.007,0.0,低,healthy,10.5,13.1,1.00,0.92,0.64,0.36,,P(healthy)=0.96；P(drought)=0.01；P(heat)=0.01；P(pest)=0.01；P(waterlogging)=0.01；P(low_light)=0.01；P(sensor_anomaly)=0.01,P(healthy)=0.92；P(drought)=0.01；P(heat)=0.01；P(pest)=0.01；P(waterlogging)=0.01；P(low_light)=0.01；P(sensor_anomaly)=0.01,P(healthy)=0.94；P(drought)=0.01；P(heat)=0.01；P(pest)=0.01；P(waterlogging)=0.01；P(low_light)=0.01；P(sensor_anomaly)=0.01,P(healthy)=0.74；P(drought)=0.10；P(heat)=0.01；P(pest)=0.02；P(waterlogging)=0.12；P(low_light)=0.01；P(sensor_anomaly)=0.01,soil_moisture_decreasing_6h；persistent_wet_condition_6h,,,observe,routine_patrol,低风险 + 低不确定性 → 常规巡检,环境传感器指标处于正常范围；图像标签显示作物状态健康；最近 6 小时土壤湿度持续下降，干旱状态概率上升；最近 6 小时存在持续湿润或降雨，积水状态概率上升,继续常规巡检,normal
2026-09-10 19:00,22.6,低,0.79,0.788,0.064,0.008,0.013,0.112,0.008,0.007,0.0,低,healthy,10.5,12.8,1.00,0.94,0.63,0.37,,P(healthy)=0.96；P(drought)=0.01；P(heat)=0.01；P(pest)=0.01；P(waterlogging)=0.01；P(low_light)=0.01；P(sensor_anomaly)=0.01,P(healthy)=0.92；P(drought)=0.01；P(heat)=0.01；P(pest)=0.01；P(waterlogging)=0.01；P(low_light)=0.01；P(sensor_anomaly)=0.01,P(healthy)=0.95；P(drought)=0.01；P(heat)=0.01；P(pest)=0.01；P(waterlogging)=0.01；P(low_light)=0.01；P(sensor_anomaly)=0.01,P(healthy)=0.79；P(drought)=0.06；P(heat)=0.01；P(pest)=0.01；P(waterlogging)=0.11；P(low_light)=0.01；P(sensor_anomaly)=0.01,persistent_wet_condition_6h,,,observe,routine_patrol,低风险 + 低不确定性 → 常规巡检,环境传感器指标处于正常范围；图像标签显示作物状态健康；最近 6 小时存在持续湿润或降雨，积水状态概率上升,继续常规巡检,normal
2026-09-10 20:00,20.6,低,0.81,0.815,0.041,0.009,0.012,0.107,0.009,0.007,0.0,低,healthy,10.5,14.5,1.00,0.84,0.66,0.34,,P(healthy)=0.96；P(drought)=0.01；P(heat)=0.01；P(pest)=0.01；P(waterlogging)=0.01；P(low_light)=0.01；P(sensor_anomaly)=0.01,P(healthy)=0.89；P(drought)=0.02；P(heat)=0.02；P(pest)=0.02；P(waterlogging)=0.02；P(low_light)=0.02；P(sensor_anomaly)=0.01,P(healthy)=0.94；P(drought)=0.01；P(heat)=0.01；P(pest)=0.01；P(waterlogging)=0.01；P(low_light)=0.01；P(sensor_anomaly)=0.01,P(healthy)=0.81；P(drought)=0.04；P(heat)=0.01；P(pest)=0.01；P(waterlogging)=0.11；P(low_light)=0.01；P(sensor_anomaly)=0.01,persistent_wet_condition_6h,,,observe,routine_patrol,低风险 + 低不确定性 → 常规巡检,环境传感器指标处于正常范围；图像标签显示作物状态健康；最近 6 小时存在持续湿润或降雨，积水状态概率上升,继续常规巡检,normal
2026-09-10 21:00,19.4,很低,0.83,0.832,0.028,0.009,0.011,0.104,0.009,0.008,0.0,低,healthy,10.5,13.8,1.00,0.88,0.65,0.35,,P(healthy)=0.96；P(drought)=0.01；P(heat)=0.01；P(pest)=0.01；P(waterlogging)=0.01；P(low_light)=0.01；P(sensor_anomaly)=0.01,P(healthy)=0.91；P(drought)=0.02；P(heat)=0.02；P(pest)=0.02；P(waterlogging)=0.02；P(low_light)=0.02；P(sensor_anomaly)=0.01,P(healthy)=0.94；P(drought)=0.01；P(heat)=0.01；P(pest)=0.01；P(waterlogging)=0.01；P(low_light)=0.01；P(sensor_anomaly)=0.01,P(healthy)=0.83；P(drought)=0.03；P(heat)=0.01；P(pest)=0.01；P(waterlogging)=0.10；P(low_light)=0.01；P(sensor_anomaly)=0.01,persistent_wet_condition_6h,,,observe,routine_patrol,低风险 + 低不确定性 → 常规巡检,环境传感器指标处于正常范围；图像标签显示作物状态健康；最近 6 小时存在持续湿润或降雨，积水状态概率上升,继续常规巡检,normal
2026-09-10 22:00,18.6,很低,0.84,0.843,0.020,0.009,0.010,0.102,0.009,0.008,0.0,低,healthy,10.5,12.8,1.00,0.94,0.63,0.37,,P(healthy)=0.96；P(drought)=0.01；P(heat)=0.01；P(pest)=0.01；P(waterlogging)=0.01；P(low_light)=0.01；P(sensor_anomaly)=0.01,P(healthy)=0.92；P(drought)=0.01；P(heat)=0.01；P(pest)=0.01；P(waterlogging)=0.01；P(low_light)=0.01；P(sensor_anomaly)=0.01,P(healthy)=0.95；P(drought)=0.01；P(heat)=0.01；P(pest)=0.01；P(waterlogging)=0.01；P(low_light)=0.01；P(sensor_anomaly)=0.01,P(healthy)=0.84；P(drought)=0.02；P(heat)=0.01；P(pest)=0.01；P(waterlogging)=0.10；P(low_light)=0.01；P(sensor_anomaly)=0.01,persistent_wet_condition_6h,,,observe,routine_patrol,低风险 + 低不确定性 → 常规巡检,环境传感器指标处于正常范围；图像标签显示作物状态健康；最近 6 小时存在持续湿润或降雨，积水状态概率上升,继续常规巡检,normal
2026-09-10 23:00,15.7,很低,0.88,0.884,0.016,0.009,0.010,0.064,0.009,0.008,0.0,低,healthy,10.5,14.0,1.00,0.87,0.65,0.35,,P(healthy)=0.96；P(drought)=0.01；P(heat)=0.01；P(pest)=0.01；P(waterlogging)=0.01；P(low_light)=0.01；P(sensor_anomaly)=0.01,P(healthy)=0.90；P(drought)=0.02；P(heat)=0.02；P(pest)=0.02；P(waterlogging)=0.02；P(low_light)=0.02；P(sensor_anomaly)=0.01,P(healthy)=0.94；P(drought)=0.01；P(heat)=0.01；P(pest)=0.01；P(waterlogging)=0.01；P(low_light)=0.01；P(sensor_anomaly)=0.01,P(healthy)=0.88；P(drought)=0.02；P(heat)=0.01；P(pest)=0.01；P(waterlogging)=0.06；P(low_light)=0.01；P(sensor_anomaly)=0.01,,,,observe,routine_patrol,低风险 + 低不确定性 → 常规巡检,环境传感器指标处于正常范围；图像标签显示作物状态健康,继续常规巡检,normal
2026-09-11 00:00,21.7,低,0.79,0.788,0.018,0.009,0.123,0.046,0.009,0.008,0.0,低,healthy,10.5,69.1,1.00,0.82,0.67,0.33,,P(healthy)=0.96；P(drought)=0.01；P(heat)=0.01；P(pest)=0.01；P(waterlogging)=0.01；P(low_light)=0.01；P(sensor_anomaly)=0.01,P(healthy)=0.05；P(drought)=0.05；P(heat)=0.01；P(pest)=0.82；P(waterlogging)=0.05；P(low_light)=0.01；P(sensor_anomaly)=0.01,P(healthy)=0.66；P(drought)=0.02；P(heat)=0.01；P(pest)=0.28；P(waterlogging)=0.02；P(low_light)=0.01；P(sensor_anomaly)=0.01,P(healthy)=0.79；P(drought)=0.02；P(heat)=0.01；P(pest)=0.12；P(waterlogging)=0.05；P(low_light)=0.01；P(sensor_anomaly)=0.01,,,,observe,routine_patrol,低风险 + 低不确定性 → 常规巡检,环境传感器指标处于正常范围；图像标签疑似病虫害,继续常规巡检,normal
2026-09-11 01:00,42.9,中,0.37,0.488,0.018,0.008,0.098,0.371,0.008,0.008,12.0,低,waterlogging,71.3,73.7,1.00,0.82,0.67,0.33,,P(healthy)=0.09；P(drought)=0.00；P(heat)=0.00；P(pest)=0.07；P(waterlogging)=0.82；P(low_light)=0.00；P(sensor_anomaly)=0.00,P(healthy)=0.05；P(drought)=0.05；P(heat)=0.01；P(pest)=0.05；P(waterlogging)=0.82；P(low_light)=0.01；P(sensor_anomaly)=0.01,P(healthy)=0.07；P(drought)=0.02；P(heat)=0.01；P(pest)=0.07；P(waterlogging)=0.82；P(low_light)=0.01；P(sensor_anomaly)=0.01,P(healthy)=0.49；P(drought)=0.02；P(heat)=0.01；P(pest)=0.10；P(waterlogging)=0.37；P(low_light)=0.01；P(sensor_anomaly)=0.01,,,,hold,monitor_more_context,风险或不确定性处于中间状态 → 继续观察并收集更多上下文,降雨量较高且土壤湿度偏高；图像标签疑似积水,检查排水情况并降低灌溉优先级,normal
2026-09-11 02:00,50.3,中,0.52,0.386,0.013,0.008,0.054,0.524,0.008,0.007,35.0,中,waterlogging,63.2,13.1,1.00,0.92,0.71,0.29,环境和视觉存在冲突，降低直接执行可靠性,P(healthy)=0.20；P(drought)=0.01；P(heat)=0.01；P(pest)=0.01；P(waterlogging)=0.74；P(low_light)=0.01；P(sensor_anomaly)=0.01,P(healthy)=0.92；P(drought)=0.01；P(heat)=0.01；P(pest)=0.01；P(waterlogging)=0.01；P(low_light)=0.01；P(sensor_anomaly)=0.01,P(healthy)=0.41；P(drought)=0.01；P(heat)=0.01；P(pest)=0.01；P(waterlogging)=0.53；P(low_light)=0.01；P(sensor_anomaly)=0.01,P(healthy)=0.39；P(drought)=0.01；P(heat)=0.01；P(pest)=0.05；P(waterlogging)=0.52；P(low_light)=0.01；P(sensor_anomaly)=0.01,persistent_wet_condition_6h,same_risk_state_consistent_with_previous_belief；temporal_trend_supports_dominant_state,图像显示健康，但环境传感器提示较高风险,hold,resample_before_action,中风险 + 高不确定性 → 重新采样后再决策,土壤湿度过高；图像标签显示作物状态健康；环境和视觉存在冲突，降低直接执行可靠性；数据冲突：图像显示健康，但环境传感器提示较高风险；最近 6 小时存在持续湿润或降雨，积水状态概率上升；当前主风险与上一时刻状态信念一致，系统置信度上升；时间趋势支持当前主风险，系统置信度上升,优先让机器人复查该区域并重新采样；检查排水情况并降低灌溉优先级,normal
2026-09-11 03:00,54.3,中,0.60,0.331,0.011,0.008,0.031,0.603,0.008,0.007,35.0,中,waterlogging,63.2,13.6,1.00,0.89,0.72,0.28,环境和视觉存在冲突，降低直接执行可靠性,P(healthy)=0.20；P(drought)=0.01；P(heat)=0.01；P(pest)=0.01；P(waterlogging)=0.74；P(low_light)=0.01；P(sensor_anomaly)=0.01,P(healthy)=0.91；P(drought)=0.02；P(heat)=0.02；P(pest)=0.02；P(waterlogging)=0.02；P(low_light)=0.02；P(sensor_anomaly)=0.01,P(healthy)=0.40；P(drought)=0.01；P(heat)=0.01；P(pest)=0.01；P(waterlogging)=0.54；P(low_light)=0.01；P(sensor_anomaly)=0.01,P(healthy)=0.33；P(drought)=0.01；P(heat)=0.01；P(pest)=0.03；P(waterlogging)=0.60；P(low_light)=0.01；P(sensor_anomaly)=0.01,persistent_wet_condition_6h,same_risk_state_consistent_with_previous_belief；temporal_trend_supports_dominant_state,图像显示健康，但环境传感器提示较高风险,hold,resample_before_action,中风险 + 高不确定性 → 重新采样后再决策,土壤湿度过高；图像标签显示作物状态健康；环境和视觉存在冲突，降低直接执行可靠性；数据冲突：图像显示健康，但环境传感器提示较高风险；最近 6 小时存在持续湿润或降雨，积水状态概率上升；当前主风险与上一时刻状态信念一致，系统置信度上升；时间趋势支持当前主风险，系统置信度上升,优先让机器人复查该区域并重新采样；检查排水情况并降低灌溉优先级,normal
2026-09-11 04:00,56.0,中,0.64,0.307,0.009,0.008,0.020,0.641,0.008,0.007,35.0,中,waterlogging,63.2,13.0,1.00,0.93,0.71,0.29,环境和视觉存在冲突，降低直接执行可靠性,P(healthy)=0.20；P(drought)=0.01；P(heat)=0.01；P(pest)=0.01；P(waterlogging)=0.74；P(low_light)=0.01；P(sensor_anomaly)=0.01,P(healthy)=0.92；P(drought)=0.01；P(heat)=0.01；P(pest)=0.01；P(waterlogging)=0.01；P(low_light)=0.01；P(sensor_anomaly)=0.01,P(healthy)=0.41；P(drought)=0.01；P(heat)=0.01；P(pest)=0.01；P(waterlogging)=0.53；P(low_light)=0.01；P(sensor_anomaly)=0.01,P(healthy)=0.31；P(drought)=0.01；P(heat)=0.01；P(pest)=0.02；P(waterlogging)=0.64；P(low_light)=0.01；P(sensor_anomaly)=0.01,persistent_wet_condition_6h,same_risk_state_consistent_with_previous_belief；temporal_trend_supports_dominant_state,图像显示健康，但环境传感器提示较高风险,hold,resample_before_action,中风险 + 高不确定性 → 重新采样后再决策,土壤湿度过高；图像标签显示作物状态健康；环境和视觉存在冲突，降低直接执行可靠性；数据冲突：图像显示健康，但环境传感器提示较高风险；最近 6 小时存在持续湿润或降雨，积水状态概率上升；当前主风险与上一时刻状态信念一致，系统置信度上升；时间趋势支持当前主风险，系统置信度上升,优先让机器人复查该区域并重新采样；检查排水情况并降低灌溉优先级,normal
2026-09-11 05:00,57.0,中,0.66,0.294,0.009,0.008,0.014,0.661,0.008,0.007,35.0,中,waterlogging,63.2,13.1,1.00,0.92,0.71,0.29,环境和视觉存在冲突，降低直接执行可靠性,P(healthy)=0.20；P(drought)=0.01；P(heat)=0.01；P(pest)=0.01；P(waterlogging)=0.74；P(low_light)=0.01；P(sensor_anomaly)=0.01,P(healthy)=0.92；P(drought)=0.01；P(heat)=0.01；P(pest)=0.01；P(waterlogging)=0.01；P(low_light)=0.01；P(sensor_anomaly)=0.01,P(healthy)=0.41；P(drought)=0.01；P(heat)=0.01；P(pest)=0.01；P(waterlogging)=0.53；P(low_light)=0.01；P(sensor_anomaly)=0.01,P(healthy)=0.29；P(drought)=0.01；P(heat)=0.01；P(pest)=0.01；P(waterlogging)=0.66；P(low_light)=0.01；P(sensor_anomaly)=0.01,persistent_wet_condition_6h,same_risk_state_consistent_with_previous_belief；temporal_trend_supports_dominant_state,图像显示健康，但环境传感器提示较高风险,hold,resample_before_action,中风险 + 高不确定性 → 重新采样后再决策,土壤湿度过高；图像标签显示作物状态健康；环境和视觉存在冲突，降低直接执行可靠性；数据冲突：图像显示健康，但环境传感器提示较高风险；最近 6 小时存在持续湿润或降雨，积水状态概率上升；当前主风险与上一时刻状态信念一致，系统置信度上升；时间趋势支持当前主风险，系统置信度上升,优先让机器人复查该区域并重新采样；检查排水情况并降低灌溉优先级,normal
2026-09-11 06:00,57.2,中,0.67,0.291,0.008,0.008,0.011,0.668,0.008,0.007,35.0,中,waterlogging,63.2,12.3,1.00,0.97,0.70,0.30,环境和视觉存在冲突，降低直接执行可靠性,P(healthy)=0.20；P(drought)=0.01；P(heat)=0.01；P(pest)=0.01；P(waterlogging)=0.74；P(low_light)=0.01；P(sensor_anomaly)=0.01,P(healthy)=0.93；P(drought)=0.01；P(heat)=0.01；P(pest)=0.01；P(waterlogging)=0.01；P(low_light)=0.01；P(sensor_anomaly)=0.01,P(healthy)=0.42；P(drought)=0.01；P(heat)=0.01；P(pest)=0.01；P(waterlogging)=0.52；P(low_light)=0.01；P(sensor_anomaly)=0.01,P(healthy)=0.29；P(drought)=0.01；P(heat)=0.01；P(pest)=0.01；P(waterlogging)=0.67；P(low_light)=0.01；P(sensor_anomaly)=0.01,persistent_wet_condition_6h,same_risk_state_consistent_with_previous_belief；temporal_trend_supports_dominant_state,图像显示健康，但环境传感器提示较高风险,hold,resample_before_action,中风险 + 高不确定性 → 重新采样后再决策,土壤湿度过高；图像标签显示作物状态健康；环境和视觉存在冲突，降低直接执行可靠性；数据冲突：图像显示健康，但环境传感器提示较高风险；最近 6 小时存在持续湿润或降雨，积水状态概率上升；当前主风险与上一时刻状态信念一致，系统置信度上升；时间趋势支持当前主风险，系统置信度上升,优先让机器人复查该区域并重新采样；检查排水情况并降低灌溉优先级,normal
2026-09-11 07:00,57.5,中,0.67,0.288,0.008,0.008,0.009,0.673,0.008,0.007,35.0,中,waterlogging,63.2,12.6,1.00,0.95,0.70,0.30,环境和视觉存在冲突，降低直接执行可靠性,P(healthy)=0.20；P(drought)=0.01；P(heat)=0.01；P(pest)=0.01；P(waterlogging)=0.74；P(low_light)=0.01；P(sensor_anomaly)=0.01,P(healthy)=0.92；P(drought)=0.01；P(heat)=0.01；P(pest)=0.01；P(waterlogging)=0.01；P(low_light)=0.01；P(sensor_anomaly)=0.01,P(healthy)=0.42；P(drought)=0.01；P(heat)=0.01；P(pest)=0.01；P(waterlogging)=0.53；P(low_light)=0.01；P(sensor_anomaly)=0.01,P(healthy)=0.29；P(drought)=0.01；P(heat)=0.01；P(pest)=0.01；P(waterlogging)=0.67；P(low_light)=0.01；P(sensor_anomaly)=0.01,persistent_wet_condition_6h,same_risk_state_consistent_with_previous_belief；temporal_trend_supports_dominant_state,图像显示健康，但环境传感器提示较高风险,hold,resample_before_action,中风险 + 高不确定性 → 重新采样后再决策,土壤湿度过高；图像标签显示作物状态健康；环境和视觉存在冲突，降低直接执行可靠性；数据冲突：图像显示健康，但环境传感器提示较高风险；最近 6 小时存在持续湿润或降雨，积水状态概率上升；当前主风险与上一时刻状态信念一致，系统置信度上升；时间趋势支持当前主风险，系统置信度上升,优先让机器人复查该区域并重新采样；检查排水情况并降低灌溉优先级,normal
2026-09-11 08:00,65.4,中高,0.78,0.176,0.010,0.006,0.011,0.785,0.006,0.006,0.0,低,waterlogging,71.2,72.0,1.00,0.73,0.69,0.31,,P(healthy)=0.09；P(drought)=0.00；P(heat)=0.00；P(pest)=0.00；P(waterlogging)=0.88；P(low_light)=0.00；P(sensor_anomaly)=0.00,P(healthy)=0.07；P(drought)=0.05；P(heat)=0.01；P(pest)=0.05；P(waterlogging)=0.79；P(low_light)=0.01；P(sensor_anomaly)=0.01,P(healthy)=0.09；P(drought)=0.02；P(heat)=0.01；P(pest)=0.02；P(waterlogging)=0.85；P(low_light)=0.01；P(sensor_anomaly)=0.01,P(healthy)=0.18；P(drought)=0.01；P(heat)=0.01；P(pest)=0.01；P(waterlogging)=0.78；P(low_light)=0.01；P(sensor_anomaly)=0.01,persistent_wet_condition_6h,same_risk_state_consistent_with_previous_belief；temporal_trend_supports_dominant_state,,execute,execute_recommended_action,高风险 + 低不确定性 → 允许执行建议动作,降雨量较高且土壤湿度偏高；图像标签疑似积水；最近 6 小时存在持续湿润或降雨，积水状态概率上升；当前主风险与上一时刻状态信念一致，系统置信度上升；时间趋势支持当前主风险，系统置信度上升,检查排水情况并降低灌溉优先级,normal
2026-09-11 09:00,61.9,中高,0.74,0.225,0.009,0.007,0.010,0.735,0.007,0.007,35.0,中,waterlogging,63.2,13.4,1.00,0.90,0.72,0.28,环境和视觉存在冲突，降低直接执行可靠性,P(healthy)=0.20；P(drought)=0.01；P(heat)=0.01；P(pest)=0.01；P(waterlogging)=0.74；P(low_light)=0.01；P(sensor_anomaly)=0.01,P(healthy)=0.91；P(drought)=0.02；P(heat)=0.02；P(pest)=0.02；P(waterlogging)=0.02；P(low_light)=0.02；P(sensor_anomaly)=0.01,P(healthy)=0.41；P(drought)=0.01；P(heat)=0.01；P(pest)=0.01；P(waterlogging)=0.54；P(low_light)=0.01；P(sensor_anomaly)=0.01,P(healthy)=0.23；P(drought)=0.01；P(heat)=0.01；P(pest)=0.01；P(waterlogging)=0.74；P(low_light)=0.01；P(sensor_anomaly)=0.01,persistent_wet_condition_6h,same_risk_state_consistent_with_previous_belief；temporal_trend_supports_dominant_state,图像显示健康，但环境传感器提示较高风险,hold,recheck_before_action,高风险 + 高不确定性 → 先复查，不直接执行动作,土壤湿度过高；图像标签显示作物状态健康；环境和视觉存在冲突，降低直接执行可靠性；数据冲突：图像显示健康，但环境传感器提示较高风险；最近 6 小时存在持续湿润或降雨，积水状态概率上升；当前主风险与上一时刻状态信念一致，系统置信度上升；时间趋势支持当前主风险，系统置信度上升,优先让机器人复查该区域并重新采样；检查排水情况并降低灌溉优先级,normal
2026-09-11 10:00,59.9,中,0.71,0.253,0.008,0.007,0.009,0.709,0.007,0.007,35.0,中,waterlogging,63.2,13.0,1.00,0.93,0.71,0.29,环境和视觉存在冲突，降低直接执行可靠性,P(healthy)=0.20；P(drought)=0.01；P(heat)=0.01；P(pest)=0.01；P(waterlogging)=0.74；P(low_light)=0.01；P(sensor_anomaly)=0.01,P(healthy)=0.92；P(drought)=0.01；P(heat)=0.01；P(pest)=0.01；P(waterlogging)=0.01；P(low_light)=0.01；P(sensor_anomaly)=0.01,P(healthy)=0.41；P(drought)=0.01；P(heat)=0.01；P(pest)=0.01；P(waterlogging)=0.53；P(low_light)=0.01；P(sensor_anomaly)=0.01,P(healthy)=0.25；P(drought)=0.01；P(heat)=0.01；P(pest)=0.01；P(waterlogging)=0.71；P(low_light)=0.01；P(sensor_anomaly)=0.01,persistent_wet_condition_6h,same_risk_state_consistent_with_previous_belief；temporal_trend_supports_dominant_state,图像显示健康，但环境传感器提示较高风险,hold,resample_before_action,中风险 + 高不确定性 → 重新采样后再决策,土壤湿度过高；图像标签显示作物状态健康；环境和视觉存在冲突，降低直接执行可靠性；数据冲突：图像显示健康，但环境传感器提示较高风险；最近 6 小时存在持续湿润或降雨，积水状态概率上升；当前主风险与上一时刻状态信念一致，系统置信度上升；时间趋势支持当前主风险，系统置信度上升,优先让机器人复查该区域并重新采样；检查排水情况并降低灌溉优先级,normal
2026-09-11 11:00,59.1,中,0.70,0.264,0.008,0.008,0.008,0.697,0.008,0.007,35.0,中,waterlogging,63.2,13.6,1.00,0.89,0.72,0.28,环境和视觉存在冲突，降低直接执行可靠性,P(healthy)=0.20；P(drought)=0.01；P(heat)=0.01；P(pest)=0.01；P(waterlogging)=0.74；P(low_light)=0.01；P(sensor_anomaly)=0.01,P(healthy)=0.91；P(drought)=0.02；P(heat)=0.02；P(pest)=0.02；P(waterlogging)=0.02；P(low_light)=0.02；P(sensor_anomaly)=0.01,P(healthy)=0.40；P(drought)=0.01；P(heat)=0.01；P(pest)=0.01；P(waterlogging)=0.54；P(low_light)=0.01；P(sensor_anomaly)=0.01,P(healthy)=0.26；P(drought)=0.01；P(heat)=0.01；P(pest)=0.01；P(waterlogging)=0.70；P(low_light)=0.01；P(sensor_anomaly)=0.01,persistent_wet_condition_6h,same_risk_state_consistent_with_previous_belief；temporal_trend_supports_dominant_state,图像显示健康，但环境传感器提示较高风险,hold,resample_before_action,中风险 + 高不确定性 → 重新采样后再决策,土壤湿度过高；图像标签显示作物状态健康；环境和视觉存在冲突，降低直接执行可靠性；数据冲突：图像显示健康，但环境传感器提示较高风险；最近 6 小时存在持续湿润或降雨，积水状态概率上升；当前主风险与上一时刻状态信念一致，系统置信度上升；时间趋势支持当前主风险，系统置信度上升,优先让机器人复查该区域并重新采样；检查排水情况并降低灌溉优先级,normal
2026-09-11 12:00,64.3,中高,0.68,0.188,0.047,0.007,0.062,0.683,0.007,0.007,0.0,低,waterlogging,63.2,66.3,1.00,0.66,0.76,0.24,视觉置信度中等，轻微降低视觉模态权重,P(healthy)=0.20；P(drought)=0.01；P(heat)=0.01；P(pest)=0.01；P(waterlogging)=0.74；P(low_light)=0.01；P(sensor_anomaly)=0.01,P(healthy)=0.10；P(drought)=0.05；P(heat)=0.01；P(pest)=0.76；P(waterlogging)=0.05；P(low_light)=0.01；P(sensor_anomaly)=0.01,P(healthy)=0.18；P(drought)=0.02；P(heat)=0.01；P(pest)=0.19；P(waterlogging)=0.58；P(low_light)=0.01；P(sensor_anomaly)=0.01,P(healthy)=0.19；P(drought)=0.05；P(heat)=0.01；P(pest)=0.06；P(waterlogging)=0.68；P(low_light)=0.01；P(sensor_anomaly)=0.01,soil_moisture_decreasing_6h；persistent_wet_condition_6h,same_risk_state_consistent_with_previous_belief；temporal_trend_supports_dominant_state,,execute,execute_recommended_action,高风险 + 低不确定性 → 允许执行建议动作,土壤湿度过高；图像标签疑似病虫害；视觉置信度中等，轻微降低视觉模态权重；最近 6 小时土壤湿度持续下降，干旱状态概率上升；最近 6 小时存在持续湿润或降雨，积水状态概率上升；当前主风险与上一时刻状态信念一致，系统置信度上升；时间趋势支持当前主风险，系统置信度上升,检查排水情况并降低灌溉优先级,normal
2026-09-11 13:00,62.6,中高,0.66,0.215,0.064,0.007,0.035,0.665,0.007,0.007,35.0,中,waterlogging,63.2,14.1,1.00,0.86,0.72,0.28,环境和视觉存在冲突，降低直接执行可靠性,P(healthy)=0.20；P(drought)=0.01；P(heat)=0.01；P(pest)=0.01；P(waterlogging)=0.74；P(low_light)=0.01；P(sensor_anomaly)=0.01,P(healthy)=0.90；P(drought)=0.02；P(heat)=0.02；P(pest)=0.02；P(waterlogging)=0.02；P(low_light)=0.02；P(sensor_anomaly)=0.01,P(healthy)=0.40；P(drought)=0.01；P(heat)=0.01；P(pest)=0.01；P(waterlogging)=0.54；P(low_light)=0.01；P(sensor_anomaly)=0.01,P(healthy)=0.22；P(drought)=0.06；P(heat)=0.01；P(pest)=0.04；P(waterlogging)=0.66；P(low_light)=0.01；P(sensor_anomaly)=0.01,soil_moisture_decreasing_6h；persistent_wet_condition_6h,same_risk_state_consistent_with_previous_belief；temporal_trend_supports_dominant_state,图像显示健康，但环境传感器提示较高风险,hold,recheck_before_action,高风险 + 高不确定性 → 先复查，不直接执行动作,土壤湿度过高；图像标签显示作物状态健康；环境和视觉存在冲突，降低直接执行可靠性；数据冲突：图像显示健康，但环境传感器提示较高风险；最近 6 小时土壤湿度持续下降，干旱状态概率上升；最近 6 小时存在持续湿润或降雨，积水状态概率上升；当前主风险与上一时刻状态信念一致，系统置信度上升；时间趋势支持当前主风险，系统置信度上升,优先让机器人复查该区域并重新采样；检查排水情况并降低灌溉优先级,normal
2026-09-11 14:00,61.8,中高,0.66,0.229,0.072,0.007,0.022,0.656,0.007,0.007,35.0,中,waterlogging,63.2,14.1,1.00,0.86,0.72,0.28,环境和视觉存在冲突，降低直接执行可靠性,P(healthy)=0.20；P(drought)=0.01；P(heat)=0.01；P(pest)=0.01；P(waterlogging)=0.74；P(low_light)=0.01；P(sensor_anomaly)=0.01,P(healthy)=0.90；P(drought)=0.02；P(heat)=0.02；P(pest)=0.02；P(waterlogging)=0.02；P(low_light)=0.02；P(sensor_anomaly)=0.01,P(healthy)=0.40；P(drought)=0.01；P(heat)=0.01；P(pest)=0.01；P(waterlogging)=0.54；P(low_light)=0.01；P(sensor_anomaly)=0.01,P(healthy)=0.23；P(drought)=0.07；P(heat)=0.01；P(pest)=0.02；P(waterlogging)=0.66；P(low_light)=0.01；P(sensor_anomaly)=0.01,soil_moisture_decreasing_6h；persistent_wet_condition_6h,same_risk_state_consistent_with_previous_belief；temporal_trend_supports_dominant_state,图像显示健康，但环境传感器提示较高风险,hold,recheck_before_action,高风险 + 高不确定性 → 先复查，不直接执行动作,土壤湿度过高；图像标签显示作物状态健康；环境和视觉存在冲突，降低直接执行可靠性；数据冲突：图像显示健康，但环境传感器提示较高风险；最近 6 小时土壤湿度持续下降，干旱状态概率上升；最近 6 小时存在持续湿润或降雨，积水状态概率上升；当前主风险与上一时刻状态信念一致，系统置信度上升；时间趋势支持当前主风险，系统置信度上升,优先让机器人复查该区域并重新采样；检查排水情况并降低灌溉优先级,normal
2026-09-11 15:00,54.6,中,0.49,0.327,0.079,0.006,0.083,0.493,0.006,0.006,0.0,低,waterlogging,10.5,67.1,1.00,0.70,0.70,0.30,,P(healthy)=0.96；P(drought)=0.01；P(heat)=0.01；P(pest)=0.01；P(waterlogging)=0.01；P(low_light)=0.01；P(sensor_anomaly)=0.01,P(healthy)=0.08；P(drought)=0.05；P(heat)=0.01；P(pest)=0.78；P(waterlogging)=0.05；P(low_light)=0.01；P(sensor_anomaly)=0.01,P(healthy)=0.70；P(drought)=0.02；P(heat)=0.01；P(pest)=0.24；P(waterlogging)=0.02；P(low_light)=0.01；P(sensor_anomaly)=0.01,P(healthy)=0.33；P(drought)=0.08；P(heat)=0.01；P(pest)=0.08；P(waterlogging)=0.49；P(low_light)=0.01；P(sensor_anomaly)=0.01,soil_moisture_decreasing_6h；persistent_wet_condition_6h,same_risk_state_consistent_with_previous_belief；temporal_trend_supports_dominant_state,,hold,monitor_more_context,风险或不确定性处于中间状态 → 继续观察并收集更多上下文,环境传感器指标处于正常范围；图像标签疑似病虫害；最近 6 小时土壤湿度持续下降，干旱状态概率上升；最近 6 小时存在持续湿润或降雨，积水状态概率上升；当前主风险与上一时刻状态信念一致，系统置信度上升；时间趋势支持当前主风险，系统置信度上升,检查排水情况并降低灌溉优先级,normal
2026-09-11 16:00,43.7,中,0.36,0.486,0.085,0.006,0.048,0.362,0.006,0.006,2.0,低,waterlogging,10.5,12.5,1.00,0.96,0.63,0.37,,P(healthy)=0.96；P(drought)=0.01；P(heat)=0.01；P(pest)=0.01；P(waterlogging)=0.01；P(low_light)=0.01；P(sensor_anomaly)=0.01,P(healthy)=0.93；P(drought)=0.01；P(heat)=0.01；P(pest)=0.01；P(waterlogging)=0.01；P(low_light)=0.01；P(sensor_anomaly)=0.01,P(healthy)=0.95；P(drought)=0.01；P(heat)=0.01；P(pest)=0.01；P(waterlogging)=0.01；P(low_light)=0.01；P(sensor_anomaly)=0.01,P(healthy)=0.49；P(drought)=0.09；P(heat)=0.01；P(pest)=0.05；P(waterlogging)=0.36；P(low_light)=0.01；P(sensor_anomaly)=0.01,soil_moisture_decreasing_6h；persistent_wet_condition_6h,temporal_trend_supports_dominant_state,,hold,monitor_more_context,风险或不确定性处于中间状态 → 继续观察并收集更多上下文,环境传感器指标处于正常范围；图像标签显示作物状态健康；最近 6 小时土壤湿度持续下降，干旱状态概率上升；最近 6 小时存在持续湿润或降雨，积水状态概率上升；时间趋势支持当前主风险，系统置信度上升,检查排水情况并降低灌溉优先级,normal
2026-09-11 17:00,35.3,低,0.61,0.607,0.094,0.007,0.031,0.247,0.007,0.006,0.0,低,healthy,10.5,13.0,1.00,0.93,0.64,0.36,,P(healthy)=0.96；P(drought)=0.01；P(heat)=0.01；P(pest)=0.01；P(waterlogging)=0.01；P(low_light)=0.01；P(sensor_anomaly)=0.01,P(healthy)=0.92；P(drought)=0.01；P(heat)=0.01；P(pest)=0.01；P(waterlogging)=0.01；P(low_light)=0.01；P(sensor_anomaly)=0.01,P(healthy)=0.94；P(drought)=0.01；P(heat)=0.01；P(pest)=0.01；P(waterlogging)=0.01；P(low_light)=0.01；P(sensor_anomaly)=0.01,P(healthy)=0.61；P(drought)=0.09；P(heat)=0.01；P(pest)=0.03；P(waterlogging)=0.25；P(low_light)=0.01；P(sensor_anomaly)=0.01,soil_moisture_decreasing_6h；persistent_wet_condition_6h,,,observe,routine_patrol,低风险 + 低不确定性 → 常规巡检,环境传感器指标处于正常范围；图像标签显示作物状态健康；最近 6 小时土壤湿度持续下降，干旱状态概率上升；最近 6 小时存在持续湿润或降雨，积水状态概率上升,继续常规巡检,normal
2026-09-11 18:00,29.5,低,0.69,0.689,0.066,0.007,0.030,0.194,0.007,0.007,44.0,中,healthy,10.5,57.4,1.00,0.38,0.89,0.11,视觉置信度低，降低视觉模态权重,P(healthy)=0.96；P(drought)=0.01；P(heat)=0.01；P(pest)=0.01；P(waterlogging)=0.01；P(low_light)=0.01；P(sensor_anomaly)=0.01,P(healthy)=0.27；P(drought)=0.22；P(heat)=0.02；P(pest)=0.22；P(waterlogging)=0.22；P(low_light)=0.02；P(sensor_anomaly)=0.02,P(healthy)=0.88；P(drought)=0.03；P(heat)=0.01；P(pest)=0.03；P(waterlogging)=0.03；P(low_light)=0.01；P(sensor_anomaly)=0.01,P(healthy)=0.69；P(drought)=0.07；P(heat)=0.01；P(pest)=0.03；P(waterlogging)=0.19；P(low_light)=0.01；P(sensor_anomaly)=0.01,persistent_wet_condition_6h,,,hold,monitor_more_context,风险或不确定性处于中间状态 → 继续观察并收集更多上下文,环境传感器指标处于正常范围；图像标签未知；视觉置信度不足，不能单独作为强决策依据；视觉置信度低，降低视觉模态权重；最近 6 小时存在持续湿润或降雨，积水状态概率上升,优先让机器人复查该区域并重新采样,normal
2026-09-11 19:00,24.4,低,0.76,0.760,0.042,0.008,0.021,0.154,0.008,0.007,0.0,低,healthy,10.5,12.8,1.00,0.94,0.63,0.37,,P(healthy)=0.96；P(drought)=0.01；P(heat)=0.01；P(pest)=0.01；P(waterlogging)=0.01；P(low_light)=0.01；P(sensor_anomaly)=0.01,P(healthy)=0.92；P(drought)=0.01；P(heat)=0.01；P(pest)=0.01；P(waterlogging)=0.01；P(low_light)=0.01；P(sensor_anomaly)=0.01,P(healthy)=0.95；P(drought)=0.01；P(heat)=0.01；P(pest)=0.01；P(waterlogging)=0.01；P(low_light)=0.01；P(sensor_anomaly)=0.01,P(healthy)=0.76；P(drought)=0.04；P(heat)=0.01；P(pest)=0.02；P(waterlogging)=0.15；P(low_light)=0.01；P(sensor_anomaly)=0.01,persistent_wet_condition_6h,,,observe,routine_patrol,低风险 + 低不确定性 → 常规巡检,环境传感器指标处于正常范围；图像标签显示作物状态健康；最近 6 小时存在持续湿润或降雨，积水状态概率上升,继续常规巡检,normal
2026-09-11 20:00,21.6,低,0.80,0.801,0.028,0.008,0.016,0.131,0.008,0.007,0.0,低,healthy,10.5,13.4,1.00,0.90,0.64,0.36,,P(healthy)=0.96；P(drought)=0.01；P(heat)=0.01；P(pest)=0.01；P(waterlogging)=0.01；P(low_light)=0.01；P(sensor_anomaly)=0.01,P(healthy)=0.91；P(drought)=0.02；P(heat)=0.02；P(pest)=0.02；P(waterlogging)=0.02；P(low_light)=0.02；P(sensor_anomaly)=0.01,P(healthy)=0.94；P(drought)=0.01；P(heat)=0.01；P(pest)=0.01；P(waterlogging)=0.01；P(low_light)=0.01；P(sensor_anomaly)=0.01,P(healthy)=0.80；P(drought)=0.03；P(heat)=0.01；P(pest)=0.02；P(waterlogging)=0.13；P(low_light)=0.01；P(sensor_anomaly)=0.01,persistent_wet_condition_6h,,,observe,routine_patrol,低风险 + 低不确定性 → 常规巡检,环境传感器指标处于正常范围；图像标签显示作物状态健康；最近 6 小时存在持续湿润或降雨，积水状态概率上升,继续常规巡检,normal
2026-09-11 21:00,19.9,很低,0.82,0.823,0.020,0.009,0.013,0.118,0.009,0.008,0.0,低,healthy,10.5,13.8,1.00,0.88,0.65,0.35,,P(healthy)=0.96；P(drought)=0.01；P(heat)=0.01；P(pest)=0.01；P(waterlogging)=0.01；P(low_light)=0.01；P(sensor_anomaly)=0.01,P(healthy)=0.91；P(drought)=0.02；P(heat)=0.02；P(pest)=0.02；P(waterlogging)=0.02；P(low_light)=0.02；P(sensor_anomaly)=0.01,P(healthy)=0.94；P(drought)=0.01；P(heat)=0.01；P(pest)=0.01；P(waterlogging)=0.01；P(low_light)=0.01；P(sensor_anomaly)=0.01,P(healthy)=0.82；P(drought)=0.02；P(heat)=0.01；P(pest)=0.01；P(waterlogging)=0.12；P(low_light)=0.01；P(sensor_anomaly)=0.01,persistent_wet_condition_6h,,,observe,routine_patrol,低风险 + 低不确定性 → 常规巡检,环境传感器指标处于正常范围；图像标签显示作物状态健康；最近 6 小时存在持续湿润或降雨，积水状态概率上升,继续常规巡检,normal
2026-09-11 22:00,18.9,很低,0.84,0.838,0.015,0.009,0.011,0.110,0.009,0.008,0.0,低,healthy,10.5,13.3,1.00,0.91,0.64,0.36,,P(healthy)=0.96；P(drought)=0.01；P(heat)=0.01；P(pest)=0.01；P(waterlogging)=0.01；P(low_light)=0.01；P(sensor_anomaly)=0.01,P(healthy)=0.91；P(drought)=0.01；P(heat)=0.01；P(pest)=0.01；P(waterlogging)=0.01；P(low_light)=0.01；P(sensor_anomaly)=0.01,P(healthy)=0.94；P(drought)=0.01；P(heat)=0.01；P(pest)=0.01；P(waterlogging)=0.01；P(low_light)=0.01；P(sensor_anomaly)=0.01,P(healthy)=0.84；P(drought)=0.02；P(heat)=0.01；P(pest)=0.01；P(waterlogging)=0.11；P(low_light)=0.01；P(sensor_anomaly)=0.01,persistent_wet_condition_6h,,,observe,routine_patrol,低风险 + 低不确定性 → 常规巡检,环境传感器指标处于正常范围；图像标签显示作物状态健康；最近 6 小时存在持续湿润或降雨，积水状态概率上升,继续常规巡检,normal
2026-09-11 23:00,18.4,很低,0.84,0.845,0.013,0.009,0.011,0.106,0.009,0.008,0.0,低,healthy,10.5,14.0,1.00,0.87,0.65,0.35,,P(healthy)=0.96；P(drought)=0.01；P(heat)=0.01；P(pest)=0.01；P(waterlogging)=0.01；P(low_light)=0.01；P(sensor_anomaly)=0.01,P(healthy)=0.90；P(drought)=0.02；P(heat)=0.02；P(pest)=0.02；P(waterlogging)=0.02；P(low_light)=0.02；P(sensor_anomaly)=0.01,P(healthy)=0.94；P(drought)=0.01；P(heat)=0.01；P(pest)=0.01；P(waterlogging)=0.01；P(low_light)=0.01；P(sensor_anomaly)=0.01,P(healthy)=0.84；P(drought)=0.01；P(heat)=0.01；P(pest)=0.01；P(waterlogging)=0.11；P(low_light)=0.01；P(sensor_anomaly)=0.01,persistent_wet_condition_6h,,,observe,routine_patrol,低风险 + 低不确定性 → 常规巡检,环境传感器指标处于正常范围；图像标签显示作物状态健康；最近 6 小时存在持续湿润或降雨，积水状态概率上升,继续常规巡检,normal
2026-09-12 00:00,45.0,中,0.33,0.625,0.011,0.008,0.009,0.331,0.008,0.007,47.0,中,waterlogging,69.6,12.6,1.00,0.95,0.70,0.30,环境和视觉存在冲突，降低直接执行可靠性,P(healthy)=0.11；P(drought)=0.01；P(heat)=0.01；P(pest)=0.01；P(waterlogging)=0.86；P(low_light)=0.01；P(sensor_anomaly)=0.01,P(healthy)=0.92；P(drought)=0.01；P(heat)=0.01；P(pest)=0.01；P(waterlogging)=0.01；P(low_light)=0.01；P(sensor_anomaly)=0.01,P(healthy)=0.35；P(drought)=0.01；P(heat)=0.01；P(pest)=0.01；P(waterlogging)=0.61；P(low_light)=0.01；P(sensor_anomaly)=0.01,P(healthy)=0.63；P(drought)=0.01；P(heat)=0.01；P(pest)=0.01；P(waterlogging)=0.33；P(low_light)=0.01；P(sensor_anomaly)=0.01,persistent_wet_condition_6h,,图像显示健康，但环境传感器提示较高风险,hold,resample_before_action,中风险 + 高不确定性 → 重新采样后再决策,降雨量较高且土壤湿度偏高；图像标签显示作物状态健康；环境和视觉存在冲突，降低直接执行可靠性；数据冲突：图像显示健康，但环境传感器提示较高风险；最近 6 小时存在持续湿润或降雨，积水状态概率上升,优先让机器人复查该区域并重新采样；检查排水情况并降低灌溉优先级,normal
2026-09-12 01:00,51.7,中,0.58,0.371,0.013,0.007,0.012,0.584,0.007,0.006,0.0,低,waterlogging,71.2,73.5,1.00,0.81,0.67,0.33,,P(healthy)=0.09；P(drought)=0.00；P(heat)=0.00；P(pest)=0.00；P(waterlogging)=0.88；P(low_light)=0.00；P(sensor_anomaly)=0.00,P(healthy)=0.05；P(drought)=0.05；P(heat)=0.01；P(pest)=0.05；P(waterlogging)=0.81；P(low_light)=0.01；P(sensor_anomaly)=0.01,P(healthy)=0.08；P(drought)=0.02；P(heat)=0.01；P(pest)=0.02；P(waterlogging)=0.86；P(low_light)=0.01；P(sensor_anomaly)=0.01,P(healthy)=0.37；P(drought)=0.01；P(heat)=0.01；P(pest)=0.01；P(waterlogging)=0.58；P(low_light)=0.01；P(sensor_anomaly)=0.01,persistent_wet_condition_6h,temporal_trend_supports_dominant_state,,hold,monitor_more_context,风险或不确定性处于中间状态 → 继续观察并收集更多上下文,降雨量较高且土壤湿度偏高；图像标签疑似积水；最近 6 小时存在持续湿润或降雨，积水状态概率上升；时间趋势支持当前主风险，系统置信度上升,检查排水情况并降低灌溉优先级,normal
2026-09-12 02:00,62.7,中高,0.74,0.214,0.013,0.006,0.013,0.743,0.006,0.006,0.0,低,waterlogging,71.2,74.2,1.00,0.85,0.66,0.34,,P(healthy)=0.09；P(drought)=0.00；P(heat)=0.00；P(pest)=0.00；P(waterlogging)=0.88；P(low_light)=0.00；P(sensor_anomaly)=0.00,P(healthy)=0.04；P(drought)=0.05；P(heat)=0.01；P(pest)=0.05；P(waterlogging)=0.83；P(low_light)=0.01；P(sensor_anomaly)=0.01,P(healthy)=0.08；P(drought)=0.02；P(heat)=0.01；P(pest)=0.02；P(waterlogging)=0.86；P(low_light)=0.01；P(sensor_anomaly)=0.01,P(healthy)=0.21；P(drought)=0.01；P(heat)=0.01；P(pest)=0.01；P(waterlogging)=0.74；P(low_light)=0.01；P(sensor_anomaly)=0.01,persistent_wet_condition_6h,same_risk_state_consistent_with_previous_belief；temporal_trend_supports_dominant_state,,execute,execute_recommended_action,高风险 + 低不确定性 → 允许执行建议动作,降雨量较高且土壤湿度偏高；图像标签疑似积水；最近 6 小时存在持续湿润或降雨，积水状态概率上升；当前主风险与上一时刻状态信念一致，系统置信度上升；时间趋势支持当前主风险，系统置信度上升,检查排水情况并降低灌溉优先级,normal
2026-09-12 03:00,60.4,中高,0.71,0.246,0.010,0.007,0.010,0.713,0.007,0.006,35.0,中,waterlogging,63.2,13.3,1.00,0.91,0.71,0.29,环境和视觉存在冲突，降低直接执行可靠性,P(healthy)=0.20；P(drought)=0.01；P(heat)=0.01；P(pest)=0.01；P(waterlogging)=0.74；P(low_light)=0.01；P(sensor_anomaly)=0.01,P(healthy)=0.91；P(drought)=0.01；P(heat)=0.01；P(pest)=0.01；P(waterlogging)=0.01；P(low_light)=0.01；P(sensor_anomaly)=0.01,P(healthy)=0.41；P(drought)=0.01；P(heat)=0.01；P(pest)=0.01；P(waterlogging)=0.54；P(low_light)=0.01；P(sensor_anomaly)=0.01,P(healthy)=0.25；P(drought)=0.01；P(heat)=0.01；P(pest)=0.01；P(waterlogging)=0.71；P(low_light)=0.01；P(sensor_anomaly)=0.01,persistent_wet_condition_6h,same_risk_state_consistent_with_previous_belief；temporal_trend_supports_dominant_state,图像显示健康，但环境传感器提示较高风险,hold,recheck_before_action,高风险 + 高不确定性 → 先复查，不直接执行动作,土壤湿度过高；图像标签显示作物状态健康；环境和视觉存在冲突，降低直接执行可靠性；数据冲突：图像显示健康，但环境传感器提示较高风险；最近 6 小时存在持续湿润或降雨，积水状态概率上升；当前主风险与上一时刻状态信念一致，系统置信度上升；时间趋势支持当前主风险，系统置信度上升,优先让机器人复查该区域并重新采样；检查排水情况并降低灌溉优先级,normal
2026-09-12 04:00,63.9,中高,0.75,0.196,0.016,0.007,0.016,0.752,0.007,0.007,44.0,中,waterlogging,63.2,57.4,1.00,0.32,0.90,0.10,视觉置信度低，降低视觉模态权重,P(healthy)=0.20；P(drought)=0.01；P(heat)=0.01；P(pest)=0.01；P(waterlogging)=0.74；P(low_light)=0.01；P(sensor_anomaly)=0.01,P(healthy)=0.27；P(drought)=0.22；P(heat)=0.02；P(pest)=0.22；P(waterlogging)=0.22；P(low_light)=0.02；P(sensor_anomaly)=0.02,P(healthy)=0.21；P(drought)=0.03；P(heat)=0.01；P(pest)=0.03；P(waterlogging)=0.69；P(low_light)=0.01；P(sensor_anomaly)=0.01,P(healthy)=0.20；P(drought)=0.02；P(heat)=0.01；P(pest)=0.02；P(waterlogging)=0.75；P(low_light)=0.01；P(sensor_anomaly)=0.01,persistent_wet_condition_6h,same_risk_state_consistent_with_previous_belief；temporal_trend_supports_dominant_state,,hold,recheck_before_action,高风险 + 高不确定性 → 先复查，不直接执行动作,土壤湿度过高；图像标签未知；视觉置信度不足，不能单独作为强决策依据；视觉置信度低，降低视觉模态权重；最近 6 小时存在持续湿润或降雨，积水状态概率上升；当前主风险与上一时刻状态信念一致，系统置信度上升；时间趋势支持当前主风险，系统置信度上升,优先让机器人复查该区域并重新采样；检查排水情况并降低灌溉优先级,normal
2026-09-12 05:00,61.3,中高,0.72,0.233,0.012,0.008,0.012,0.720,0.008,0.007,35.0,中,waterlogging,63.2,14.0,1.00,0.87,0.72,0.28,环境和视觉存在冲突，降低直接执行可靠性,P(healthy)=0.20；P(drought)=0.01；P(heat)=0.01；P(pest)=0.01；P(waterlogging)=0.74；P(low_light)=0.01；P(sensor_anomaly)=0.01,P(healthy)=0.90；P(drought)=0.02；P(heat)=0.02；P(pest)=0.02；P(waterlogging)=0.02；P(low_light)=0.02；P(sensor_anomaly)=0.01,P(healthy)=0.40；P(drought)=0.01；P(heat)=0.01；P(pest)=0.01；P(waterlogging)=0.54；P(low_light)=0.01；P(sensor_anomaly)=0.01,P(healthy)=0.23；P(drought)=0.01；P(heat)=0.01；P(pest)=0.01；P(waterlogging)=0.72；P(low_light)=0.01；P(sensor_anomaly)=0.01,persistent_wet_condition_6h,same_risk_state_consistent_with_previous_belief；temporal_trend_supports_dominant_state,图像显示健康，但环境传感器提示较高风险,hold,recheck_before_action,高风险 + 高不确定性 → 先复查，不直接执行动作,土壤湿度过高；图像标签显示作物状态健康；环境和视觉存在冲突，降低直接执行可靠性；数据冲突：图像显示健康，但环境传感器提示较高风险；最近 6 小时存在持续湿润或降雨，积水状态概率上升；当前主风险与上一时刻状态信念一致，系统置信度上升；时间趋势支持当前主风险，系统置信度上升,优先让机器人复查该区域并重新采样；检查排水情况并降低灌溉优先级,normal
2026-09-12 06:00,60.0,中,0.71,0.251,0.010,0.008,0.010,0.705,0.008,0.007,35.0,中,waterlogging,63.2,14.1,1.00,0.86,0.72,0.28,环境和视觉存在冲突，降低直接执行可靠性,P(healthy)=0.20；P(drought)=0.01；P(heat)=0.01；P(pest)=0.01；P(waterlogging)=0.74；P(low_light)=0.01；P(sensor_anomaly)=0.01,P(healthy)=0.90；P(drought)=0.02；P(heat)=0.02；P(pest)=0.02；P(waterlogging)=0.02；P(low_light)=0.02；P(sensor_anomaly)=0.01,P(healthy)=0.40；P(drought)=0.01；P(heat)=0.01；P(pest)=0.01；P(waterlogging)=0.54；P(low_light)=0.01；P(sensor_anomaly)=0.01,P(healthy)=0.25；P(drought)=0.01；P(heat)=0.01；P(pest)=0.01；P(waterlogging)=0.71；P(low_light)=0.01；P(sensor_anomaly)=0.01,persistent_wet_condition_6h,same_risk_state_consistent_with_previous_belief；temporal_trend_supports_dominant_state,图像显示健康，但环境传感器提示较高风险,hold,resample_before_action,中风险 + 高不确定性 → 重新采样后再决策,土壤湿度过高；图像标签显示作物状态健康；环境和视觉存在冲突，降低直接执行可靠性；数据冲突：图像显示健康，但环境传感器提示较高风险；最近 6 小时存在持续湿润或降雨，积水状态概率上升；当前主风险与上一时刻状态信念一致，系统置信度上升；时间趋势支持当前主风险，系统置信度上升,优先让机器人复查该区域并重新采样；检查排水情况并降低灌溉优先级,normal
2026-09-12 07:00,59.0,中,0.69,0.265,0.009,0.008,0.009,0.694,0.008,0.007,35.0,中,waterlogging,63.2,13.1,1.00,0.92,0.71,0.29,环境和视觉存在冲突，降低直接执行可靠性,P(healthy)=0.20；P(drought)=0.01；P(heat)=0.01；P(pest)=0.01；P(waterlogging)=0.74；P(low_light)=0.01；P(sensor_anomaly)=0.01,P(healthy)=0.92；P(drought)=0.01；P(heat)=0.01；P(pest)=0.01；P(waterlogging)=0.01；P(low_light)=0.01；P(sensor_anomaly)=0.01,P(healthy)=0.41；P(drought)=0.01；P(heat)=0.01；P(pest)=0.01；P(waterlogging)=0.53；P(low_light)=0.01；P(sensor_anomaly)=0.01,P(healthy)=0.27；P(drought)=0.01；P(heat)=0.01；P(pest)=0.01；P(waterlogging)=0.69；P(low_light)=0.01；P(sensor_anomaly)=0.01,persistent_wet_condition_6h,same_risk_state_consistent_with_previous_belief；temporal_trend_supports_dominant_state,图像显示健康，但环境传感器提示较高风险,hold,resample_before_action,中风险 + 高不确定性 → 重新采样后再决策,土壤湿度过高；图像标签显示作物状态健康；环境和视觉存在冲突，降低直接执行可靠性；数据冲突：图像显示健康，但环境传感器提示较高风险；最近 6 小时存在持续湿润或降雨，积水状态概率上升；当前主风险与上一时刻状态信念一致，系统置信度上升；时间趋势支持当前主风险，系统置信度上升,优先让机器人复查该区域并重新采样；检查排水情况并降低灌溉优先级,normal
2026-09-12 08:00,58.5,中,0.69,0.272,0.008,0.008,0.008,0.688,0.008,0.007,35.0,中,waterlogging,63.2,13.1,1.00,0.92,0.71,0.29,环境和视觉存在冲突，降低直接执行可靠性,P(healthy)=0.20；P(drought)=0.01；P(heat)=0.01；P(pest)=0.01；P(waterlogging)=0.74；P(low_light)=0.01；P(sensor_anomaly)=0.01,P(healthy)=0.92；P(drought)=0.01；P(heat)=0.01；P(pest)=0.01；P(waterlogging)=0.01；P(low_light)=0.01；P(sensor_anomaly)=0.01,P(healthy)=0.41；P(drought)=0.01；P(heat)=0.01；P(pest)=0.01；P(waterlogging)=0.53；P(low_light)=0.01；P(sensor_anomaly)=0.01,P(healthy)=0.27；P(drought)=0.01；P(heat)=0.01；P(pest)=0.01；P(waterlogging)=0.69；P(low_light)=0.01；P(sensor_anomaly)=0.01,persistent_wet_condition_6h,same_risk_state_consistent_with_previous_belief；temporal_trend_supports_dominant_state,图像显示健康，但环境传感器提示较高风险,hold,resample_before_action,中风险 + 高不确定性 → 重新采样后再决策,土壤湿度过高；图像标签显示作物状态健康；环境和视觉存在冲突，降低直接执行可靠性；数据冲突：图像显示健康，但环境传感器提示较高风险；最近 6 小时存在持续湿润或降雨，积水状态概率上升；当前主风险与上一时刻状态信念一致，系统置信度上升；时间趋势支持当前主风险，系统置信度上升,优先让机器人复查该区域并重新采样；检查排水情况并降低灌溉优先级,normal
2026-09-12 09:00,59.2,中,0.66,0.265,0.044,0.007,0.008,0.663,0.007,0.007,35.0,中,waterlogging,63.2,12.6,1.00,0.95,0.70,0.30,环境和视觉存在冲突，降低直接执行可靠性,P(healthy)=0.20；P(drought)=0.01；P(heat)=0.01；P(pest)=0.01；P(waterlogging)=0.74；P(low_light)=0.01；P(sensor_anomaly)=0.01,P(healthy)=0.92；P(drought)=0.01；P(heat)=0.01；P(pest)=0.01；P(waterlogging)=0.01；P(low_light)=0.01；P(sensor_anomaly)=0.01,P(healthy)=0.42；P(drought)=0.01；P(heat)=0.01；P(pest)=0.01；P(waterlogging)=0.53；P(low_light)=0.01；P(sensor_anomaly)=0.01,P(healthy)=0.26；P(drought)=0.04；P(heat)=0.01；P(pest)=0.01；P(waterlogging)=0.66；P(low_light)=0.01；P(sensor_anomaly)=0.01,soil_moisture_decreasing_6h；persistent_wet_condition_6h,same_risk_state_consistent_with_previous_belief；temporal_trend_supports_dominant_state,图像显示健康，但环境传感器提示较高风险,hold,resample_before_action,中风险 + 高不确定性 → 重新采样后再决策,土壤湿度过高；图像标签显示作物状态健康；环境和视觉存在冲突，降低直接执行可靠性；数据冲突：图像显示健康，但环境传感器提示较高风险；最近 6 小时土壤湿度持续下降，干旱状态概率上升；最近 6 小时存在持续湿润或降雨，积水状态概率上升；当前主风险与上一时刻状态信念一致，系统置信度上升；时间趋势支持当前主风险，系统置信度上升,优先让机器人复查该区域并重新采样；检查排水情况并降低灌溉优先级,normal
2026-09-12 10:00,60.2,中高,0.66,0.252,0.062,0.008,0.008,0.656,0.008,0.007,35.0,中,waterlogging,63.2,14.7,1.00,0.83,0.73,0.27,环境和视觉存在冲突，降低直接执行可靠性,P(healthy)=0.20；P(drought)=0.01；P(heat)=0.01；P(pest)=0.01；P(waterlogging)=0.74；P(low_light)=0.01；P(sensor_anomaly)=0.01,P(healthy)=0.89；P(drought)=0.02；P(heat)=0.02；P(pest)=0.02；P(waterlogging)=0.02；P(low_light)=0.02；P(sensor_anomaly)=0.01,P(healthy)=0.39；P(drought)=0.01；P(heat)=0.01；P(pest)=0.01；P(waterlogging)=0.55；P(low_light)=0.01；P(sensor_anomaly)=0.01,P(healthy)=0.25；P(drought)=0.06；P(heat)=0.01；P(pest)=0.01；P(waterlogging)=0.66；P(low_light)=0.01；P(sensor_anomaly)=0.01,soil_moisture_decreasing_6h；persistent_wet_condition_6h,same_risk_state_consistent_with_previous_belief；temporal_trend_supports_dominant_state,图像显示健康，但环境传感器提示较高风险,hold,recheck_before_action,高风险 + 高不确定性 → 先复查，不直接执行动作,土壤湿度过高；图像标签显示作物状态健康；环境和视觉存在冲突，降低直接执行可靠性；数据冲突：图像显示健康，但环境传感器提示较高风险；最近 6 小时土壤湿度持续下降，干旱状态概率上升；最近 6 小时存在持续湿润或降雨，积水状态概率上升；当前主风险与上一时刻状态信念一致，系统置信度上升；时间趋势支持当前主风险，系统置信度上升,优先让机器人复查该区域并重新采样；检查排水情况并降低灌溉优先级,normal
2026-09-12 11:00,49.0,中,0.49,0.413,0.071,0.007,0.007,0.490,0.007,0.006,0.0,低,waterlogging,10.5,13.0,1.00,0.93,0.64,0.36,,P(healthy)=0.96；P(drought)=0.01；P(heat)=0.01；P(pest)=0.01；P(waterlogging)=0.01；P(low_light)=0.01；P(sensor_anomaly)=0.01,P(healthy)=0.92；P(drought)=0.01；P(heat)=0.01；P(pest)=0.01；P(waterlogging)=0.01；P(low_light)=0.01；P(sensor_anomaly)=0.01,P(healthy)=0.94；P(drought)=0.01；P(heat)=0.01；P(pest)=0.01；P(waterlogging)=0.01；P(low_light)=0.01；P(sensor_anomaly)=0.01,P(healthy)=0.41；P(drought)=0.07；P(heat)=0.01；P(pest)=0.01；P(waterlogging)=0.49；P(low_light)=0.01；P(sensor_anomaly)=0.01,soil_moisture_decreasing_6h；persistent_wet_condition_6h,same_risk_state_consistent_with_previous_belief；temporal_trend_supports_dominant_state,,hold,monitor_more_context,风险或不确定性处于中间状态 → 继续观察并收集更多上下文,环境传感器指标处于正常范围；图像标签显示作物状态健康；最近 6 小时土壤湿度持续下降，干旱状态概率上升；最近 6 小时存在持续湿润或降雨，积水状态概率上升；当前主风险与上一时刻状态信念一致，系统置信度上升；时间趋势支持当前主风险，系统置信度上升,检查排水情况并降低灌溉优先级,normal
2026-09-12 12:00,54.9,中,0.61,0.327,0.039,0.006,0.006,0.610,0.006,0.005,35.0,中,waterlogging,69.6,13.0,1.00,0.93,0.71,0.29,环境和视觉存在冲突，降低直接执行可靠性,P(healthy)=0.11；P(drought)=0.01；P(heat)=0.01；P(pest)=0.01；P(waterlogging)=0.86；P(low_light)=0.01；P(sensor_anomaly)=0.01,P(healthy)=0.92；P(drought)=0.01；P(heat)=0.01；P(pest)=0.01；P(waterlogging)=0.01；P(low_light)=0.01；P(sensor_anomaly)=0.01,P(healthy)=0.35；P(drought)=0.01；P(heat)=0.01；P(pest)=0.01；P(waterlogging)=0.61；P(low_light)=0.01；P(sensor_anomaly)=0.01,P(healthy)=0.33；P(drought)=0.04；P(heat)=0.01；P(pest)=0.01；P(waterlogging)=0.61；P(low_light)=0.01；P(sensor_anomaly)=0.01,persistent_wet_condition_6h,same_risk_state_consistent_with_previous_belief；temporal_trend_supports_dominant_state,图像显示健康，但环境传感器提示较高风险,hold,resample_before_action,中风险 + 高不确定性 → 重新采样后再决策,降雨量较高且土壤湿度偏高；图像标签显示作物状态健康；环境和视觉存在冲突，降低直接执行可靠性；数据冲突：图像显示健康，但环境传感器提示较高风险；最近 6 小时存在持续湿润或降雨，积水状态概率上升；当前主风险与上一时刻状态信念一致，系统置信度上升；时间趋势支持当前主风险，系统置信度上升,优先让机器人复查该区域并重新采样；检查排水情况并降低灌溉优先级,normal
2026-09-12 13:00,57.0,中,0.65,0.296,0.024,0.007,0.007,0.651,0.007,0.006,35.0,中,waterlogging,63.2,14.8,1.00,0.82,0.73,0.27,环境和视觉存在冲突，降低直接执行可靠性,P(healthy)=0.20；P(drought)=0.01；P(heat)=0.01；P(pest)=0.01；P(waterlogging)=0.74；P(low_light)=0.01；P(sensor_anomaly)=0.01,P(healthy)=0.89；P(drought)=0.02；P(heat)=0.02；P(pest)=0.02；P(waterlogging)=0.02；P(low_light)=0.02；P(sensor_anomaly)=0.01,P(healthy)=0.39；P(drought)=0.01；P(heat)=0.01；P(pest)=0.01；P(waterlogging)=0.55；P(low_light)=0.01；P(sensor_anomaly)=0.01,P(healthy)=0.30；P(drought)=0.02；P(heat)=0.01；P(pest)=0.01；P(waterlogging)=0.65；P(low_light)=0.01；P(sensor_anomaly)=0.01,persistent_wet_condition_6h,same_risk_state_consistent_with_previous_belief；temporal_trend_supports_dominant_state,图像显示健康，但环境传感器提示较高风险,hold,resample_before_action,中风险 + 高不确定性 → 重新采样后再决策,土壤湿度过高；图像标签显示作物状态健康；环境和视觉存在冲突，降低直接执行可靠性；数据冲突：图像显示健康，但环境传感器提示较高风险；最近 6 小时存在持续湿润或降雨，积水状态概率上升；当前主风险与上一时刻状态信念一致，系统置信度上升；时间趋势支持当前主风险，系统置信度上升,优先让机器人复查该区域并重新采样；检查排水情况并降低灌溉优先级,normal
2026-09-12 14:00,64.9,中高,0.77,0.182,0.019,0.006,0.010,0.770,0.006,0.006,0.0,低,waterlogging,69.6,73.5,1.00,0.81,0.67,0.33,,P(healthy)=0.11；P(drought)=0.01；P(heat)=0.01；P(pest)=0.01；P(waterlogging)=0.86；P(low_light)=0.01；P(sensor_anomaly)=0.01,P(healthy)=0.05；P(drought)=0.05；P(heat)=0.01；P(pest)=0.05；P(waterlogging)=0.81；P(low_light)=0.01；P(sensor_anomaly)=0.01,P(healthy)=0.09；P(drought)=0.02；P(heat)=0.01；P(pest)=0.02；P(waterlogging)=0.84；P(low_light)=0.01；P(sensor_anomaly)=0.01,P(healthy)=0.18；P(drought)=0.02；P(heat)=0.01；P(pest)=0.01；P(waterlogging)=0.77；P(low_light)=0.01；P(sensor_anomaly)=0.01,persistent_wet_condition_6h,same_risk_state_consistent_with_previous_belief；temporal_trend_supports_dominant_state,,execute,execute_recommended_action,高风险 + 低不确定性 → 允许执行建议动作,降雨量较高且土壤湿度偏高；图像标签疑似积水；最近 6 小时存在持续湿润或降雨，积水状态概率上升；当前主风险与上一时刻状态信念一致，系统置信度上升；时间趋势支持当前主风险，系统置信度上升,检查排水情况并降低灌溉优先级,normal
2026-09-12 15:00,69.4,中高,0.84,0.118,0.016,0.006,0.012,0.838,0.006,0.005,0.0,低,waterlogging,71.2,74.4,1.00,0.86,0.65,0.35,,P(healthy)=0.09；P(drought)=0.00；P(heat)=0.00；P(pest)=0.00；P(waterlogging)=0.88；P(low_light)=0.00；P(sensor_anomaly)=0.00,P(healthy)=0.04；P(drought)=0.05；P(heat)=0.01；P(pest)=0.05；P(waterlogging)=0.83；P(low_light)=0.01；P(sensor_anomaly)=0.01,P(healthy)=0.08；P(drought)=0.02；P(heat)=0.01；P(pest)=0.02；P(waterlogging)=0.86；P(low_light)=0.01；P(sensor_anomaly)=0.01,P(healthy)=0.12；P(drought)=0.02；P(heat)=0.01；P(pest)=0.01；P(waterlogging)=0.84；P(low_light)=0.01；P(sensor_anomaly)=0.01,persistent_wet_condition_6h,same_risk_state_consistent_with_previous_belief；temporal_trend_supports_dominant_state,,execute,execute_recommended_action,高风险 + 低不确定性 → 允许执行建议动作,降雨量较高且土壤湿度偏高；图像标签疑似积水；最近 6 小时存在持续湿润或降雨，积水状态概率上升；当前主风险与上一时刻状态信念一致，系统置信度上升；时间趋势支持当前主风险，系统置信度上升,检查排水情况并降低灌溉优先级,normal
2026-09-12 16:00,63.8,中高,0.76,0.197,0.012,0.007,0.010,0.761,0.007,0.006,35.0,中,waterlogging,63.2,13.1,1.00,0.92,0.71,0.29,环境和视觉存在冲突，降低直接执行可靠性,P(healthy)=0.20；P(drought)=0.01；P(heat)=0.01；P(pest)=0.01；P(waterlogging)=0.74；P(low_light)=0.01；P(sensor_anomaly)=0.01,P(healthy)=0.92；P(drought)=0.01；P(heat)=0.01；P(pest)=0.01；P(waterlogging)=0.01；P(low_light)=0.01；P(sensor_anomaly)=0.01,P(healthy)=0.41；P(drought)=0.01；P(heat)=0.01；P(pest)=0.01；P(waterlogging)=0.53；P(low_light)=0.01；P(sensor_anomaly)=0.01,P(healthy)=0.20；P(drought)=0.01；P(heat)=0.01；P(pest)=0.01；P(waterlogging)=0.76；P(low_light)=0.01；P(sensor_anomaly)=0.01,persistent_wet_condition_6h,same_risk_state_consistent_with_previous_belief；temporal_trend_supports_dominant_state,图像显示健康，但环境传感器提示较高风险,hold,recheck_before_action,高风险 + 高不确定性 → 先复查，不直接执行动作,土壤湿度过高；图像标签显示作物状态健康；环境和视觉存在冲突，降低直接执行可靠性；数据冲突：图像显示健康，但环境传感器提示较高风险；最近 6 小时存在持续湿润或降雨，积水状态概率上升；当前主风险与上一时刻状态信念一致，系统置信度上升；时间趋势支持当前主风险，系统置信度上升,优先让机器人复查该区域并重新采样；检查排水情况并降低灌溉优先级,normal
2026-09-12 17:00,61.5,中高,0.73,0.230,0.010,0.008,0.009,0.728,0.008,0.007,35.0,中,waterlogging,63.2,14.8,1.00,0.82,0.73,0.27,环境和视觉存在冲突，降低直接执行可靠性,P(healthy)=0.20；P(drought)=0.01；P(heat)=0.01；P(pest)=0.01；P(waterlogging)=0.74；P(low_light)=0.01；P(sensor_anomaly)=0.01,P(healthy)=0.89；P(drought)=0.02；P(heat)=0.02；P(pest)=0.02；P(waterlogging)=0.02；P(low_light)=0.02；P(sensor_anomaly)=0.01,P(healthy)=0.39；P(drought)=0.01；P(heat)=0.01；P(pest)=0.01；P(waterlogging)=0.55；P(low_light)=0.01；P(sensor_anomaly)=0.01,P(healthy)=0.23；P(drought)=0.01；P(heat)=0.01；P(pest)=0.01；P(waterlogging)=0.73；P(low_light)=0.01；P(sensor_anomaly)=0.01,persistent_wet_condition_6h,same_risk_state_consistent_with_previous_belief；temporal_trend_supports_dominant_state,图像显示健康，但环境传感器提示较高风险,hold,recheck_before_action,高风险 + 高不确定性 → 先复查，不直接执行动作,土壤湿度过高；图像标签显示作物状态健康；环境和视觉存在冲突，降低直接执行可靠性；数据冲突：图像显示健康，但环境传感器提示较高风险；最近 6 小时存在持续湿润或降雨，积水状态概率上升；当前主风险与上一时刻状态信念一致，系统置信度上升；时间趋势支持当前主风险，系统置信度上升,优先让机器人复查该区域并重新采样；检查排水情况并降低灌溉优先级,normal
2026-09-12 18:00,59.8,中,0.71,0.254,0.009,0.008,0.009,0.706,0.008,0.007,35.0,中,waterlogging,63.2,13.1,1.00,0.92,0.71,0.29,环境和视觉存在冲突，降低直接执行可靠性,P(healthy)=0.20；P(drought)=0.01；P(heat)=0.01；P(pest)=0.01；P(waterlogging)=0.74；P(low_light)=0.01；P(sensor_anomaly)=0.01,P(healthy)=0.92；P(drought)=0.01；P(heat)=0.01；P(pest)=0.01；P(waterlogging)=0.01；P(low_light)=0.01；P(sensor_anomaly)=0.01,P(healthy)=0.41；P(drought)=0.01；P(heat)=0.01；P(pest)=0.01；P(waterlogging)=0.53；P(low_light)=0.01；P(sensor_anomaly)=0.01,P(healthy)=0.25；P(drought)=0.01；P(heat)=0.01；P(pest)=0.01；P(waterlogging)=0.71；P(low_light)=0.01；P(sensor_anomaly)=0.01,persistent_wet_condition_6h,same_risk_state_consistent_with_previous_belief；temporal_trend_supports_dominant_state,图像显示健康，但环境传感器提示较高风险,hold,resample_before_action,中风险 + 高不确定性 → 重新采样后再决策,土壤湿度过高；图像标签显示作物状态健康；环境和视觉存在冲突，降低直接执行可靠性；数据冲突：图像显示健康，但环境传感器提示较高风险；最近 6 小时存在持续湿润或降雨，积水状态概率上升；当前主风险与上一时刻状态信念一致，系统置信度上升；时间趋势支持当前主风险，系统置信度上升,优先让机器人复查该区域并重新采样；检查排水情况并降低灌溉优先级,normal
2026-09-12 19:00,64.0,中高,0.71,0.189,0.011,0.008,0.067,0.710,0.008,0.007,0.0,低,waterlogging,63.2,66.1,1.00,0.65,0.76,0.24,视觉置信度中等，轻微降低视觉模态权重,P(healthy)=0.20；P(drought)=0.01；P(heat)=0.01；P(pest)=0.01；P(waterlogging)=0.74；P(low_light)=0.01；P(sensor_anomaly)=0.01,P(healthy)=0.10；P(drought)=0.05；P(heat)=0.01；P(pest)=0.76；P(waterlogging)=0.05；P(low_light)=0.01；P(sensor_anomaly)=0.01,P(healthy)=0.18；P(drought)=0.02；P(heat)=0.01；P(pest)=0.19；P(waterlogging)=0.58；P(low_light)=0.01；P(sensor_anomaly)=0.01,P(healthy)=0.19；P(drought)=0.01；P(heat)=0.01；P(pest)=0.07；P(waterlogging)=0.71；P(low_light)=0.01；P(sensor_anomaly)=0.01,persistent_wet_condition_6h,same_risk_state_consistent_with_previous_belief；temporal_trend_supports_dominant_state,,execute,execute_recommended_action,高风险 + 低不确定性 → 允许执行建议动作,土壤湿度过高；图像标签疑似病虫害；视觉置信度中等，轻微降低视觉模态权重；最近 6 小时存在持续湿润或降雨，积水状态概率上升；当前主风险与上一时刻状态信念一致，系统置信度上升；时间趋势支持当前主风险，系统置信度上升,检查排水情况并降低灌溉优先级,normal
2026-09-12 20:00,61.0,中高,0.69,0.235,0.010,0.008,0.038,0.695,0.008,0.007,35.0,中,waterlogging,63.2,12.8,1.00,0.94,0.71,0.29,环境和视觉存在冲突，降低直接执行可靠性,P(healthy)=0.20；P(drought)=0.01；P(heat)=0.01；P(pest)=0.01；P(waterlogging)=0.74；P(low_light)=0.01；P(sensor_anomaly)=0.01,P(healthy)=0.92；P(drought)=0.01；P(heat)=0.01；P(pest)=0.01；P(waterlogging)=0.01；P(low_light)=0.01；P(sensor_anomaly)=0.01,P(healthy)=0.41；P(drought)=0.01；P(heat)=0.01；P(pest)=0.01；P(waterlogging)=0.53；P(low_light)=0.01；P(sensor_anomaly)=0.01,P(healthy)=0.24；P(drought)=0.01；P(heat)=0.01；P(pest)=0.04；P(waterlogging)=0.69；P(low_light)=0.01；P(sensor_anomaly)=0.01,persistent_wet_condition_6h,same_risk_state_consistent_with_previous_belief；temporal_trend_supports_dominant_state,图像显示健康，但环境传感器提示较高风险,hold,recheck_before_action,高风险 + 高不确定性 → 先复查，不直接执行动作,土壤湿度过高；图像标签显示作物状态健康；环境和视觉存在冲突，降低直接执行可靠性；数据冲突：图像显示健康，但环境传感器提示较高风险；最近 6 小时存在持续湿润或降雨，积水状态概率上升；当前主风险与上一时刻状态信念一致，系统置信度上升；时间趋势支持当前主风险，系统置信度上升,优先让机器人复查该区域并重新采样；检查排水情况并降低灌溉优先级,normal
2026-09-12 21:00,59.3,中,0.69,0.260,0.009,0.008,0.023,0.686,0.008,0.007,35.0,中,waterlogging,63.2,12.5,1.00,0.96,0.70,0.30,环境和视觉存在冲突，降低直接执行可靠性,P(healthy)=0.20；P(drought)=0.01；P(heat)=0.01；P(pest)=0.01；P(waterlogging)=0.74；P(low_light)=0.01；P(sensor_anomaly)=0.01,P(healthy)=0.93；P(drought)=0.01；P(heat)=0.01；P(pest)=0.01；P(waterlogging)=0.01；P(low_light)=0.01；P(sensor_anomaly)=0.01,P(healthy)=0.42；P(drought)=0.01；P(heat)=0.01；P(pest)=0.01；P(waterlogging)=0.53；P(low_light)=0.01；P(sensor_anomaly)=0.01,P(healthy)=0.26；P(drought)=0.01；P(heat)=0.01；P(pest)=0.02；P(waterlogging)=0.69；P(low_light)=0.01；P(sensor_anomaly)=0.01,persistent_wet_condition_6h,same_risk_state_consistent_with_previous_belief；temporal_trend_supports_dominant_state,图像显示健康，但环境传感器提示较高风险,hold,resample_before_action,中风险 + 高不确定性 → 重新采样后再决策,土壤湿度过高；图像标签显示作物状态健康；环境和视觉存在冲突，降低直接执行可靠性；数据冲突：图像显示健康，但环境传感器提示较高风险；最近 6 小时存在持续湿润或降雨，积水状态概率上升；当前主风险与上一时刻状态信念一致，系统置信度上升；时间趋势支持当前主风险，系统置信度上升,优先让机器人复查该区域并重新采样；检查排水情况并降低灌溉优先级,normal
2026-09-12 22:00,58.5,中,0.68,0.272,0.008,0.008,0.015,0.682,0.008,0.007,35.0,中,waterlogging,63.2,12.6,1.00,0.95,0.70,0.30,环境和视觉存在冲突，降低直接执行可靠性,P(healthy)=0.20；P(drought)=0.01；P(heat)=0.01；P(pest)=0.01；P(waterlogging)=0.74；P(low_light)=0.01；P(sensor_anomaly)=0.01,P(healthy)=0.92；P(drought)=0.01；P(heat)=0.01；P(pest)=0.01；P(waterlogging)=0.01；P(low_light)=0.01；P(sensor_anomaly)=0.01,P(healthy)=0.42；P(drought)=0.01；P(heat)=0.01；P(pest)=0.01；P(waterlogging)=0.53；P(low_light)=0.01；P(sensor_anomaly)=0.01,P(healthy)=0.27；P(drought)=0.01；P(heat)=0.01；P(pest)=0.02；P(waterlogging)=0.68；P(low_light)=0.01；P(sensor_anomaly)=0.01,persistent_wet_condition_6h,same_risk_state_consistent_with_previous_belief；temporal_trend_supports_dominant_state,图像显示健康，但环境传感器提示较高风险,hold,resample_before_action,中风险 + 高不确定性 → 重新采样后再决策,土壤湿度过高；图像标签显示作物状态健康；环境和视觉存在冲突，降低直接执行可靠性；数据冲突：图像显示健康，但环境传感器提示较高风险；最近 6 小时存在持续湿润或降雨，积水状态概率上升；当前主风险与上一时刻状态信念一致，系统置信度上升；时间趋势支持当前主风险，系统置信度上升,优先让机器人复查该区域并重新采样；检查排水情况并降低灌溉优先级,normal
2026-09-12 23:00,59.6,中,0.71,0.257,0.007,0.006,0.010,0.707,0.006,0.006,35.0,中,waterlogging,69.6,12.6,1.00,0.95,0.70,0.30,环境和视觉存在冲突，降低直接执行可靠性,P(healthy)=0.11；P(drought)=0.01；P(heat)=0.01；P(pest)=0.01；P(waterlogging)=0.86；P(low_light)=0.01；P(sensor_anomaly)=0.01,P(healthy)=0.92；P(drought)=0.01；P(heat)=0.01；P(pest)=0.01；P(waterlogging)=0.01；P(low_light)=0.01；P(sensor_anomaly)=0.01,P(healthy)=0.35；P(drought)=0.01；P(heat)=0.01；P(pest)=0.01；P(waterlogging)=0.61；P(low_light)=0.01；P(sensor_anomaly)=0.01,P(healthy)=0.26；P(drought)=0.01；P(heat)=0.01；P(pest)=0.01；P(waterlogging)=0.71；P(low_light)=0.01；P(sensor_anomaly)=0.01,persistent_wet_condition_6h,same_risk_state_consistent_with_previous_belief；temporal_trend_supports_dominant_state,图像显示健康，但环境传感器提示较高风险,hold,resample_before_action,中风险 + 高不确定性 → 重新采样后再决策,降雨量较高且土壤湿度偏高；图像标签显示作物状态健康；环境和视觉存在冲突，降低直接执行可靠性；数据冲突：图像显示健康，但环境传感器提示较高风险；最近 6 小时存在持续湿润或降雨，积水状态概率上升；当前主风险与上一时刻状态信念一致，系统置信度上升；时间趋势支持当前主风险，系统置信度上升,优先让机器人复查该区域并重新采样；检查排水情况并降低灌溉优先级,normal
2026-09-13 00:00,59.0,中,0.70,0.265,0.007,0.007,0.009,0.697,0.007,0.007,35.0,中,waterlogging,63.2,13.8,1.00,0.88,0.72,0.28,环境和视觉存在冲突，降低直接执行可靠性,P(healthy)=0.20；P(drought)=0.01；P(heat)=0.01；P(pest)=0.01；P(waterlogging)=0.74；P(low_light)=0.01；P(sensor_anomaly)=0.01,P(healthy)=0.91；P(drought)=0.02；P(heat)=0.02；P(pest)=0.02；P(waterlogging)=0.02；P(low_light)=0.02；P(sensor_anomaly)=0.01,P(healthy)=0.40；P(drought)=0.01；P(heat)=0.01；P(pest)=0.01；P(waterlogging)=0.54；P(low_light)=0.01；P(sensor_anomaly)=0.01,P(healthy)=0.27；P(drought)=0.01；P(heat)=0.01；P(pest)=0.01；P(waterlogging)=0.70；P(low_light)=0.01；P(sensor_anomaly)=0.01,persistent_wet_condition_6h,same_risk_state_consistent_with_previous_belief；temporal_trend_supports_dominant_state,图像显示健康，但环境传感器提示较高风险,hold,resample_before_action,中风险 + 高不确定性 → 重新采样后再决策,土壤湿度过高；图像标签显示作物状态健康；环境和视觉存在冲突，降低直接执行可靠性；数据冲突：图像显示健康，但环境传感器提示较高风险；最近 6 小时存在持续湿润或降雨，积水状态概率上升；当前主风险与上一时刻状态信念一致，系统置信度上升；时间趋势支持当前主风险，系统置信度上升,优先让机器人复查该区域并重新采样；检查排水情况并降低灌溉优先级,normal
2026-09-13 01:00,65.3,中高,0.74,0.173,0.009,0.006,0.064,0.735,0.006,0.006,0.0,低,waterlogging,69.6,65.7,1.00,0.63,0.77,0.23,视觉置信度中等，轻微降低视觉模态权重,P(healthy)=0.11；P(drought)=0.01；P(heat)=0.01；P(pest)=0.01；P(waterlogging)=0.86；P(low_light)=0.01；P(sensor_anomaly)=0.01,P(healthy)=0.10；P(drought)=0.05；P(heat)=0.01；P(pest)=0.75；P(waterlogging)=0.05；P(low_light)=0.01；P(sensor_anomaly)=0.01,P(healthy)=0.11；P(drought)=0.02；P(heat)=0.01；P(pest)=0.18；P(waterlogging)=0.67；P(low_light)=0.01；P(sensor_anomaly)=0.01,P(healthy)=0.17；P(drought)=0.01；P(heat)=0.01；P(pest)=0.06；P(waterlogging)=0.74；P(low_light)=0.01；P(sensor_anomaly)=0.01,persistent_wet_condition_6h,same_risk_state_consistent_with_previous_belief；temporal_trend_supports_dominant_state,,execute,execute_recommended_action,高风险 + 低不确定性 → 允许执行建议动作,降雨量较高且土壤湿度偏高；图像标签疑似病虫害；视觉置信度中等，轻微降低视觉模态权重；最近 6 小时存在持续湿润或降雨，积水状态概率上升；当前主风险与上一时刻状态信念一致，系统置信度上升；时间趋势支持当前主风险，系统置信度上升,检查排水情况并降低灌溉优先级,normal
2026-09-13 02:00,61.4,中高,0.71,0.229,0.008,0.007,0.036,0.706,0.007,0.006,35.0,中,waterlogging,63.2,12.3,1.00,0.97,0.70,0.30,环境和视觉存在冲突，降低直接执行可靠性,P(healthy)=0.20；P(drought)=0.01；P(heat)=0.01；P(pest)=0.01；P(waterlogging)=0.74；P(low_light)=0.01；P(sensor_anomaly)=0.01,P(healthy)=0.93；P(drought)=0.01；P(heat)=0.01；P(pest)=0.01；P(waterlogging)=0.01；P(low_light)=0.01；P(sensor_anomaly)=0.01,P(healthy)=0.42；P(drought)=0.01；P(heat)=0.01；P(pest)=0.01；P(waterlogging)=0.52；P(low_light)=0.01；P(sensor_anomaly)=0.01,P(healthy)=0.23；P(drought)=0.01；P(heat)=0.01；P(pest)=0.04；P(waterlogging)=0.71；P(low_light)=0.01；P(sensor_anomaly)=0.01,persistent_wet_condition_6h,same_risk_state_consistent_with_previous_belief；temporal_trend_supports_dominant_state,图像显示健康，但环境传感器提示较高风险,hold,recheck_before_action,高风险 + 高不确定性 → 先复查，不直接执行动作,土壤湿度过高；图像标签显示作物状态健康；环境和视觉存在冲突，降低直接执行可靠性；数据冲突：图像显示健康，但环境传感器提示较高风险；最近 6 小时存在持续湿润或降雨，积水状态概率上升；当前主风险与上一时刻状态信念一致，系统置信度上升；时间趋势支持当前主风险，系统置信度上升,优先让机器人复查该区域并重新采样；检查排水情况并降低灌溉优先级,normal
2026-09-13 03:00,59.9,中,0.70,0.252,0.008,0.007,0.022,0.696,0.007,0.007,35.0,中,waterlogging,63.2,13.4,1.00,0.90,0.72,0.28,环境和视觉存在冲突，降低直接执行可靠性,P(healthy)=0.20；P(drought)=0.01；P(heat)=0.01；P(pest)=0.01；P(waterlogging)=0.74；P(low_light)=0.01；P(sensor_anomaly)=0.01,P(healthy)=0.91；P(drought)=0.02；P(heat)=0.02；P(pest)=0.02；P(waterlogging)=0.02；P(low_light)=0.02；P(sensor_anomaly)=0.01,P(healthy)=0.41；P(drought)=0.01；P(heat)=0.01；P(pest)=0.01；P(waterlogging)=0.54；P(low_light)=0.01；P(sensor_anomaly)=0.01,P(healthy)=0.25；P(drought)=0.01；P(heat)=0.01；P(pest)=0.02；P(waterlogging)=0.70；P(low_light)=0.01；P(sensor_anomaly)=0.01,persistent_wet_condition_6h,same_risk_state_consistent_with_previous_belief；temporal_trend_supports_dominant_state,图像显示健康，但环境传感器提示较高风险,hold,resample_before_action,中风险 + 高不确定性 → 重新采样后再决策,土壤湿度过高；图像标签显示作物状态健康；环境和视觉存在冲突，降低直接执行可靠性；数据冲突：图像显示健康，但环境传感器提示较高风险；最近 6 小时存在持续湿润或降雨，积水状态概率上升；当前主风险与上一时刻状态信念一致，系统置信度上升；时间趋势支持当前主风险，系统置信度上升,优先让机器人复查该区域并重新采样；检查排水情况并降低灌溉优先级,normal
2026-09-13 04:00,59.1,中,0.69,0.263,0.008,0.008,0.015,0.691,0.008,0.007,35.0,中,waterlogging,63.2,13.6,1.00,0.89,0.72,0.28,环境和视觉存在冲突，降低直接执行可靠性,P(healthy)=0.20；P(drought)=0.01；P(heat)=0.01；P(pest)=0.01；P(waterlogging)=0.74；P(low_light)=0.01；P(sensor_anomaly)=0.01,P(healthy)=0.91；P(drought)=0.02；P(heat)=0.02；P(pest)=0.02；P(waterlogging)=0.02；P(low_light)=0.02；P(sensor_anomaly)=0.01,P(healthy)=0.40；P(drought)=0.01；P(heat)=0.01；P(pest)=0.01；P(waterlogging)=0.54；P(low_light)=0.01；P(sensor_anomaly)=0.01,P(healthy)=0.26；P(drought)=0.01；P(heat)=0.01；P(pest)=0.02；P(waterlogging)=0.69；P(low_light)=0.01；P(sensor_anomaly)=0.01,persistent_wet_condition_6h,same_risk_state_consistent_with_previous_belief；temporal_trend_supports_dominant_state,图像显示健康，但环境传感器提示较高风险,hold,resample_before_action,中风险 + 高不确定性 → 重新采样后再决策,土壤湿度过高；图像标签显示作物状态健康；环境和视觉存在冲突，降低直接执行可靠性；数据冲突：图像显示健康，但环境传感器提示较高风险；最近 6 小时存在持续湿润或降雨，积水状态概率上升；当前主风险与上一时刻状态信念一致，系统置信度上升；时间趋势支持当前主风险，系统置信度上升,优先让机器人复查该区域并重新采样；检查排水情况并降低灌溉优先级,normal
2026-09-13 05:00,63.2,中高,0.73,0.206,0.017,0.008,0.021,0.733,0.008,0.007,44.0,中,waterlogging,63.2,57.4,1.00,0.47,0.86,0.14,视觉置信度低，降低视觉模态权重,P(healthy)=0.20；P(drought)=0.01；P(heat)=0.01；P(pest)=0.01；P(waterlogging)=0.74；P(low_light)=0.01；P(sensor_anomaly)=0.01,P(healthy)=0.27；P(drought)=0.22；P(heat)=0.02；P(pest)=0.22；P(waterlogging)=0.22；P(low_light)=0.02；P(sensor_anomaly)=0.02,P(healthy)=0.21；P(drought)=0.04；P(heat)=0.01；P(pest)=0.04；P(waterlogging)=0.67；P(low_light)=0.01；P(sensor_anomaly)=0.01,P(healthy)=0.21；P(drought)=0.02；P(heat)=0.01；P(pest)=0.02；P(waterlogging)=0.73；P(low_light)=0.01；P(sensor_anomaly)=0.01,persistent_wet_condition_6h,same_risk_state_consistent_with_previous_belief；temporal_trend_supports_dominant_state,,hold,recheck_before_action,高风险 + 高不确定性 → 先复查，不直接执行动作,土壤湿度过高；图像标签未知；视觉置信度不足，不能单独作为强决策依据；视觉置信度低，降低视觉模态权重；最近 6 小时存在持续湿润或降雨，积水状态概率上升；当前主风险与上一时刻状态信念一致，系统置信度上升；时间趋势支持当前主风险，系统置信度上升,优先让机器人复查该区域并重新采样；检查排水情况并降低灌溉优先级,normal
2026-09-13 06:00,61.0,中高,0.71,0.236,0.013,0.008,0.015,0.712,0.008,0.007,35.0,中,waterlogging,63.2,14.3,1.00,0.85,0.73,0.27,环境和视觉存在冲突，降低直接执行可靠性,P(healthy)=0.20；P(drought)=0.01；P(heat)=0.01；P(pest)=0.01；P(waterlogging)=0.74；P(low_light)=0.01；P(sensor_anomaly)=0.01,P(healthy)=0.90；P(drought)=0.02；P(heat)=0.02；P(pest)=0.02；P(waterlogging)=0.02；P(low_light)=0.02；P(sensor_anomaly)=0.01,P(healthy)=0.39；P(drought)=0.01；P(heat)=0.01；P(pest)=0.01；P(waterlogging)=0.55；P(low_light)=0.01；P(sensor_anomaly)=0.01,P(healthy)=0.24；P(drought)=0.01；P(heat)=0.01；P(pest)=0.01；P(waterlogging)=0.71；P(low_light)=0.01；P(sensor_anomaly)=0.01,persistent_wet_condition_6h,same_risk_state_consistent_with_previous_belief；temporal_trend_supports_dominant_state,图像显示健康，但环境传感器提示较高风险,hold,recheck_before_action,高风险 + 高不确定性 → 先复查，不直接执行动作,土壤湿度过高；图像标签显示作物状态健康；环境和视觉存在冲突，降低直接执行可靠性；数据冲突：图像显示健康，但环境传感器提示较高风险；最近 6 小时存在持续湿润或降雨，积水状态概率上升；当前主风险与上一时刻状态信念一致，系统置信度上升；时间趋势支持当前主风险，系统置信度上升,优先让机器人复查该区域并重新采样；检查排水情况并降低灌溉优先级,normal
2026-09-13 07:00,60.0,中高,0.70,0.251,0.011,0.008,0.012,0.703,0.008,0.007,35.0,中,waterlogging,63.2,14.7,1.00,0.83,0.73,0.27,环境和视觉存在冲突，降低直接执行可靠性,P(healthy)=0.20；P(drought)=0.01；P(heat)=0.01；P(pest)=0.01；P(waterlogging)=0.74；P(low_light)=0.01；P(sensor_anomaly)=0.01,P(healthy)=0.89；P(drought)=0.02；P(heat)=0.02；P(pest)=0.02；P(waterlogging)=0.02；P(low_light)=0.02；P(sensor_anomaly)=0.01,P(healthy)=0.39；P(drought)=0.01；P(heat)=0.01；P(pest)=0.01；P(waterlogging)=0.55；P(low_light)=0.01；P(sensor_anomaly)=0.01,P(healthy)=0.25；P(drought)=0.01；P(heat)=0.01；P(pest)=0.01；P(waterlogging)=0.70；P(low_light)=0.01；P(sensor_anomaly)=0.01,persistent_wet_condition_6h,same_risk_state_consistent_with_previous_belief；temporal_trend_supports_dominant_state,图像显示健康，但环境传感器提示较高风险,hold,recheck_before_action,高风险 + 高不确定性 → 先复查，不直接执行动作,土壤湿度过高；图像标签显示作物状态健康；环境和视觉存在冲突，降低直接执行可靠性；数据冲突：图像显示健康，但环境传感器提示较高风险；最近 6 小时存在持续湿润或降雨，积水状态概率上升；当前主风险与上一时刻状态信念一致，系统置信度上升；时间趋势支持当前主风险，系统置信度上升,优先让机器人复查该区域并重新采样；检查排水情况并降低灌溉优先级,normal
2026-09-13 08:00,60.2,中高,0.67,0.250,0.045,0.008,0.010,0.673,0.008,0.007,35.0,中,waterlogging,63.2,13.4,1.00,0.90,0.72,0.28,环境和视觉存在冲突，降低直接执行可靠性,P(healthy)=0.20；P(drought)=0.01；P(heat)=0.01；P(pest)=0.01；P(waterlogging)=0.74；P(low_light)=0.01；P(sensor_anomaly)=0.01,P(healthy)=0.91；P(drought)=0.02；P(heat)=0.02；P(pest)=0.02；P(waterlogging)=0.02；P(low_light)=0.02；P(sensor_anomaly)=0.01,P(healthy)=0.41；P(drought)=0.01；P(heat)=0.01；P(pest)=0.01；P(waterlogging)=0.54；P(low_light)=0.01；P(sensor_anomaly)=0.01,P(healthy)=0.25；P(drought)=0.05；P(heat)=0.01；P(pest)=0.01；P(waterlogging)=0.67；P(low_light)=0.01；P(sensor_anomaly)=0.01,soil_moisture_decreasing_6h；persistent_wet_condition_6h,same_risk_state_consistent_with_previous_belief；temporal_trend_supports_dominant_state,图像显示健康，但环境传感器提示较高风险,hold,recheck_before_action,高风险 + 高不确定性 → 先复查，不直接执行动作,土壤湿度过高；图像标签显示作物状态健康；环境和视觉存在冲突，降低直接执行可靠性；数据冲突：图像显示健康，但环境传感器提示较高风险；最近 6 小时土壤湿度持续下降，干旱状态概率上升；最近 6 小时存在持续湿润或降雨，积水状态概率上升；当前主风险与上一时刻状态信念一致，系统置信度上升；时间趋势支持当前主风险，系统置信度上升,优先让机器人复查该区域并重新采样；检查排水情况并降低灌溉优先级,normal
2026-09-13 09:00,60.5,中高,0.66,0.247,0.063,0.008,0.009,0.660,0.008,0.007,35.0,中,waterlogging,63.2,14.1,1.00,0.86,0.72,0.28,环境和视觉存在冲突，降低直接执行可靠性,P(healthy)=0.20；P(drought)=0.01；P(heat)=0.01；P(pest)=0.01；P(waterlogging)=0.74；P(low_light)=0.01；P(sensor_anomaly)=0.01,P(healthy)=0.90；P(drought)=0.02；P(heat)=0.02；P(pest)=0.02；P(waterlogging)=0.02；P(low_light)=0.02；P(sensor_anomaly)=0.01,P(healthy)=0.40；P(drought)=0.01；P(heat)=0.01；P(pest)=0.01；P(waterlogging)=0.54；P(low_light)=0.01；P(sensor_anomaly)=0.01,P(healthy)=0.25；P(drought)=0.06；P(heat)=0.01；P(pest)=0.01；P(waterlogging)=0.66；P(low_light)=0.01；P(sensor_anomaly)=0.01,soil_moisture_decreasing_6h；persistent_wet_condition_6h,same_risk_state_consistent_with_previous_belief；temporal_trend_supports_dominant_state,图像显示健康，但环境传感器提示较高风险,hold,recheck_before_action,高风险 + 高不确定性 → 先复查，不直接执行动作,土壤湿度过高；图像标签显示作物状态健康；环境和视觉存在冲突，降低直接执行可靠性；数据冲突：图像显示健康，但环境传感器提示较高风险；最近 6 小时土壤湿度持续下降，干旱状态概率上升；最近 6 小时存在持续湿润或降雨，积水状态概率上升；当前主风险与上一时刻状态信念一致，系统置信度上升；时间趋势支持当前主风险，系统置信度上升,优先让机器人复查该区域并重新采样；检查排水情况并降低灌溉优先级,normal
2026-09-13 10:00,50.2,中,0.50,0.396,0.076,0.006,0.012,0.497,0.006,0.006,44.0,中,waterlogging,10.5,57.4,1.00,0.30,0.91,0.09,视觉置信度低，降低视觉模态权重,P(healthy)=0.96；P(drought)=0.01；P(heat)=0.01；P(pest)=0.01；P(waterlogging)=0.01；P(low_light)=0.01；P(sensor_anomaly)=0.01,P(healthy)=0.27；P(drought)=0.22；P(heat)=0.02；P(pest)=0.22；P(waterlogging)=0.22；P(low_light)=0.02；P(sensor_anomaly)=0.02,P(healthy)=0.90；P(drought)=0.03；P(heat)=0.01；P(pest)=0.03；P(waterlogging)=0.03；P(low_light)=0.01；P(sensor_anomaly)=0.01,P(healthy)=0.40；P(drought)=0.08；P(heat)=0.01；P(pest)=0.01；P(waterlogging)=0.50；P(low_light)=0.01；P(sensor_anomaly)=0.01,soil_moisture_decreasing_6h；persistent_wet_condition_6h,same_risk_state_consistent_with_previous_belief；temporal_trend_supports_dominant_state,,hold,resample_before_action,中风险 + 高不确定性 → 重新采样后再决策,环境传感器指标处于正常范围；图像标签未知；视觉置信度不足，不能单独作为强决策依据；视觉置信度低，降低视觉模态权重；最近 6 小时土壤湿度持续下降，干旱状态概率上升；最近 6 小时存在持续湿润或降雨，积水状态概率上升；当前主风险与上一时刻状态信念一致，系统置信度上升；时间趋势支持当前主风险，系统置信度上升,优先让机器人复查该区域并重新采样；检查排水情况并降低灌溉优先级,normal
2026-09-13 11:00,39.2,低,0.55,0.553,0.089,0.007,0.011,0.326,0.007,0.006,0.0,低,healthy,10.5,14.0,1.00,0.87,0.65,0.35,,P(healthy)=0.96；P(drought)=0.01；P(heat)=0.01；P(pest)=0.01；P(waterlogging)=0.01；P(low_light)=0.01；P(sensor_anomaly)=0.01,P(healthy)=0.90；P(drought)=0.02；P(heat)=0.02；P(pest)=0.02；P(waterlogging)=0.02；P(low_light)=0.02；P(sensor_anomaly)=0.01,P(healthy)=0.94；P(drought)=0.01；P(heat)=0.01；P(pest)=0.01；P(waterlogging)=0.01；P(low_light)=0.01；P(sensor_anomaly)=0.01,P(healthy)=0.55；P(drought)=0.09；P(heat)=0.01；P(pest)=0.01；P(waterlogging)=0.33；P(low_light)=0.01；P(sensor_anomaly)=0.01,soil_moisture_decreasing_6h；persistent_wet_condition_6h,,,observe,routine_patrol,低风险 + 低不确定性 → 常规巡检,环境传感器指标处于正常范围；图像标签显示作物状态健康；最近 6 小时土壤湿度持续下降，干旱状态概率上升；最近 6 小时存在持续湿润或降雨，积水状态概率上升,继续常规巡检,normal
2026-09-13 12:00,32.9,低,0.64,0.643,0.097,0.008,0.010,0.227,0.008,0.007,0.0,低,healthy,10.5,14.7,1.00,0.83,0.66,0.34,,P(healthy)=0.96；P(drought)=0.01；P(heat)=0.01；P(pest)=0.01；P(waterlogging)=0.01；P(low_light)=0.01；P(sensor_anomaly)=0.01,P(healthy)=0.89；P(drought)=0.02；P(heat)=0.02；P(pest)=0.02；P(waterlogging)=0.02；P(low_light)=0.02；P(sensor_anomaly)=0.01,P(healthy)=0.94；P(drought)=0.01；P(heat)=0.01；P(pest)=0.01；P(waterlogging)=0.01；P(low_light)=0.01；P(sensor_anomaly)=0.01,P(healthy)=0.64；P(drought)=0.10；P(heat)=0.01；P(pest)=0.01；P(waterlogging)=0.23；P(low_light)=0.01；P(sensor_anomaly)=0.01,soil_moisture_decreasing_6h；persistent_wet_condition_6h,,,observe,routine_patrol,低风险 + 低不确定性 → 常规巡检,环境传感器指标处于正常范围；图像标签显示作物状态健康；最近 6 小时土壤湿度持续下降，干旱状态概率上升；最近 6 小时存在持续湿润或降雨，积水状态概率上升,继续常规巡检,normal
2026-09-13 13:00,35.6,低,0.60,0.597,0.105,0.008,0.103,0.173,0.008,0.007,0.0,低,healthy,10.5,69.3,1.00,0.83,0.66,0.34,,P(healthy)=0.96；P(drought)=0.01；P(heat)=0.01；P(pest)=0.01；P(waterlogging)=0.01；P(low_light)=0.01；P(sensor_anomaly)=0.01,P(healthy)=0.05；P(drought)=0.05；P(heat)=0.01；P(pest)=0.82；P(waterlogging)=0.05；P(low_light)=0.01；P(sensor_anomaly)=0.01,P(healthy)=0.65；P(drought)=0.02；P(heat)=0.01；P(pest)=0.28；P(waterlogging)=0.02；P(low_light)=0.01；P(sensor_anomaly)=0.01,P(healthy)=0.60；P(drought)=0.10；P(heat)=0.01；P(pest)=0.10；P(waterlogging)=0.17；P(low_light)=0.01；P(sensor_anomaly)=0.01,soil_moisture_decreasing_6h；persistent_wet_condition_6h,,,observe,routine_patrol,低风险 + 低不确定性 → 常规巡检,环境传感器指标处于正常范围；图像标签疑似病虫害；最近 6 小时土壤湿度持续下降，干旱状态概率上升；最近 6 小时存在持续湿润或降雨，积水状态概率上升,继续常规巡检,normal
2026-09-13 14:00,32.4,低,0.65,0.647,0.114,0.007,0.071,0.147,0.007,0.007,44.0,中,healthy,10.5,57.4,1.00,0.43,0.87,0.13,视觉置信度低，降低视觉模态权重,P(healthy)=0.96；P(drought)=0.01；P(heat)=0.01；P(pest)=0.01；P(waterlogging)=0.01；P(low_light)=0.01；P(sensor_anomaly)=0.01,P(healthy)=0.27；P(drought)=0.22；P(heat)=0.02；P(pest)=0.22；P(waterlogging)=0.22；P(low_light)=0.02；P(sensor_anomaly)=0.02,P(healthy)=0.87；P(drought)=0.03；P(heat)=0.01；P(pest)=0.03；P(waterlogging)=0.03；P(low_light)=0.01；P(sensor_anomaly)=0.01,P(healthy)=0.65；P(drought)=0.11；P(heat)=0.01；P(pest)=0.07；P(waterlogging)=0.15；P(low_light)=0.01；P(sensor_anomaly)=0.01,soil_moisture_decreasing_6h；persistent_wet_condition_6h,,,hold,monitor_more_context,风险或不确定性处于中间状态 → 继续观察并收集更多上下文,环境传感器指标处于正常范围；图像标签未知；视觉置信度不足，不能单独作为强决策依据；视觉置信度低，降低视觉模态权重；最近 6 小时土壤湿度持续下降，干旱状态概率上升；最近 6 小时存在持续湿润或降雨，积水状态概率上升,优先让机器人复查该区域并重新采样,normal
2026-09-13 15:00,28.9,低,0.70,0.698,0.111,0.008,0.045,0.123,0.008,0.007,0.0,低,healthy,10.5,14.5,1.00,0.84,0.66,0.34,,P(healthy)=0.96；P(drought)=0.01；P(heat)=0.01；P(pest)=0.01；P(waterlogging)=0.01；P(low_light)=0.01；P(sensor_anomaly)=0.01,P(healthy)=0.89；P(drought)=0.02；P(heat)=0.02；P(pest)=0.02；P(waterlogging)=0.02；P(low_light)=0.02；P(sensor_anomaly)=0.01,P(healthy)=0.94；P(drought)=0.01；P(heat)=0.01；P(pest)=0.01；P(waterlogging)=0.01；P(low_light)=0.01；P(sensor_anomaly)=0.01,P(healthy)=0.70；P(drought)=0.11；P(heat)=0.01；P(pest)=0.05；P(waterlogging)=0.12；P(low_light)=0.01；P(sensor_anomaly)=0.01,soil_moisture_decreasing_6h；persistent_wet_condition_6h,,,observe,routine_patrol,低风险 + 低不确定性 → 常规巡检,环境传感器指标处于正常范围；图像标签显示作物状态健康；最近 6 小时土壤湿度持续下降，干旱状态概率上升；最近 6 小时存在持续湿润或降雨，积水状态概率上升,继续常规巡检,normal
