timestamp,target_region,target_x_m,target_y_m,risk_level,dominant_risk,uncertainty_level,action_permission,safety_action,robot_action_mode,action_priority,motion_command,perception_command,actuator_command,operator_notification,execution_guard,command_status
2026-08-03 00:00,R01C01,10.0,11.0,很低,healthy,低,observe,routine_patrol,continue_patrol,low,continue_nominal_patrol,standard_periodic_sampling,none,R01C01 当前风险较低，保持常规巡检,normal_autonomy,ready
2026-08-03 01:00,R01C02,31.0,10.9,很低,healthy,低,observe,routine_patrol,continue_patrol,low,continue_nominal_patrol,standard_periodic_sampling,none,R01C02 当前风险较低，保持常规巡检,normal_autonomy,ready
2026-08-03 02:00,R01C03,51.5,10.5,很低,healthy,低,observe,routine_patrol,continue_patrol,low,continue_nominal_patrol,standard_periodic_sampling,none,R01C03 当前风险较低，保持常规巡检,normal_autonomy,ready
2026-08-03 03:00,R01C04,71.3,10.1,很低,healthy,低,observe,routine_patrol,continue_patrol,low,continue_nominal_patrol,standard_periodic_sampling,none,R01C04 当前风险较低，保持常规巡检,normal_autonomy,ready
2026-08-03 04:00,R01C05,90.5,9.6,很低,healthy,低,observe,routine_patrol,continue_patrol,low,continue_nominal_patrol,standard_periodic_sampling,none,R01C05 当前风险较低，保持常规巡检,normal_autonomy,ready
2026-08-03 05:00,R01C06,109.5,9.2,很低,healthy,低,observe,routine_patrol,continue_patrol,low,continue_nominal_patrol,standard_periodic_sampling,none,R01C06 当前风险较低，保持常规巡检,normal_autonomy,ready
2026-08-03 06:00,R02C06,108.7,29.0,很低,healthy,低,observe,routine_patrol,continue_patrol,low,continue_nominal_patrol,standard_periodic_sampling,none,R02C06 当前风险较低，保持常规巡检,normal_autonomy,ready
2026-08-03 07:00,R02C05,88.5,29.1,很低,healthy,低,observe,routine_patrol,continue_patrol,low,continue_nominal_patrol,standard_periodic_sampling,none,R02C05 当前风险较低，保持常规巡检,normal_autonomy,ready
2026-08-03 08:00,R02C04,69.1,29.3,很低,healthy,低,observe,routine_patrol,continue_patrol,low,continue_nominal_patrol,standard_periodic_sampling,none,R02C04 当前风险较低，保持常规巡检,normal_autonomy,ready
2026-08-03 09:00,R02C03,50.0,29.8,很低,healthy,低,observe,routine_patrol,continue_patrol,low,continue_nominal_patrol,standard_periodic_sampling,none,R02C03 当前风险较低，保持常规巡检,normal_autonomy,ready
2026-08-03 10:00,R02C02,31.0,30.3,很低,healthy,低,observe,routine_patrol,continue_patrol,low,continue_nominal_patrol,standard_periodic_sampling,none,R02C02 当前风险较低，保持常规巡检,normal_autonomy,ready
2026-08-03 11:00,R02C01,11.5,30.7,很低,healthy,低,observe,routine_patrol,continue_patrol,low,continue_nominal_patrol,standard_periodic_sampling,none,R02C01 当前风险较低，保持常规巡检,normal_autonomy,ready
2026-08-03 12:00,R03C01,11.3,51.0,中,heat,中,hold,resample_before_action,resample_sensors,medium,"hold_position:R03C01@(11.3,51.0); repeat_sampling_pass",resample_soil_moisture; resample_temperature; capture_context_image,none,R03C01 中风险且不确定性为中，重新采样后再决策,blocked_until_sensor_resample,queued_for_resampling
2026-08-03 13:00,R03C02,30.5,51.0,中,drought,中,hold,resample_before_action,resample_sensors,medium,"hold_position:R03C02@(30.5,51.0); repeat_sampling_pass",resample_soil_moisture; resample_temperature; capture_context_image,none,R03C02 中风险且不确定性为中，重新采样后再决策,blocked_until_sensor_resample,queued_for_resampling
2026-08-03 14:00,R03C03,49.5,50.8,中,drought,中,hold,resample_before_action,resample_sensors,medium,"hold_position:R03C03@(49.5,50.8); repeat_sampling_pass",resample_soil_moisture; resample_temperature; capture_context_image,none,R03C03 中风险且不确定性为中，重新采样后再决策,blocked_until_sensor_resample,queued_for_resampling
2026-08-03 15:00,R03C04,68.7,50.3,中,drought,中,hold,resample_before_action,resample_sensors,medium,"hold_position:R03C04@(68.7,50.3); repeat_sampling_pass",resample_soil_moisture; resample_temperature; capture_context_image,none,R03C04 中风险且不确定性为中，重新采样后再决策,blocked_until_sensor_resample,queued_for_resampling
2026-08-03 16:00,R03C05,88.5,49.9,中,drought,低,hold,monitor_more_context,monitor_context,normal,continue_patrol; revisit_region:R03C05,collect_next_context_window,none,R03C05 风险或不确定性处于中间状态，继续观察,no_direct_field_actuation,monitoring
2026-08-03 17:00,R03C06,109.1,49.4,中高,drought,低,execute,execute_recommended_action,irrigation_alert,high,continue_patrol_after_marking:R03C06,verify_soil_moisture_next_pass,send_irrigation_alert,R03C06 干旱风险可信，触发灌溉提醒,human_or_controller_confirmation_required_for_irrigation,ready
2026-08-03 18:00,R04C06,110.1,69.1,中高,drought,中,hold,recheck_before_action,recheck_region,high,"navigate_to:R04C06@(110.1,69.1); slow_down; hold_safe_distance",capture_close_range_image; resample_environment_sensors,defer_field_actuation,R04C06 高风险但不确定性为中，先复查后再执行,blocked_until_recheck_confirms_state,queued_for_recheck
2026-08-03 19:00,R04C05,91.0,69.0,中高,drought,中,hold,recheck_before_action,recheck_region,high,"navigate_to:R04C05@(91.0,69.0); slow_down; hold_safe_distance",capture_close_range_image; resample_environment_sensors,defer_field_actuation,R04C05 高风险但不确定性为中，先复查后再执行,blocked_until_recheck_confirms_state,queued_for_recheck
2026-08-03 20:00,R04C04,71.5,69.2,中高,drought,中,hold,recheck_before_action,recheck_region,high,"navigate_to:R04C04@(71.5,69.2); slow_down; hold_safe_distance",capture_close_range_image; resample_environment_sensors,defer_field_actuation,R04C04 高风险但不确定性为中，先复查后再执行,blocked_until_recheck_confirms_state,queued_for_recheck
2026-08-03 21:00,R04C03,51.3,69.5,中高,drought,中,hold,recheck_before_action,recheck_region,high,"navigate_to:R04C03@(51.3,69.5); slow_down; hold_safe_distance",capture_close_range_image; resample_environment_sensors,defer_field_actuation,R04C03 高风险但不确定性为中，先复查后再执行,blocked_until_recheck_confirms_state,queued_for_recheck
2026-08-03 22:00,R04C02,30.5,70.0,中高,drought,中,hold,recheck_before_action,recheck_region,high,"navigate_to:R04C02@(30.5,70.0); slow_down; hold_safe_distance",capture_close_range_image; resample_environment_sensors,defer_field_actuation,R04C02 高风险但不确定性为中，先复查后再执行,blocked_until_recheck_confirms_state,queued_for_recheck
2026-08-03 23:00,R04C01,9.4,70.5,中高,drought,中,hold,recheck_before_action,recheck_region,high,"navigate_to:R04C01@(9.4,70.5); slow_down; hold_safe_distance",capture_close_range_image; resample_environment_sensors,defer_field_actuation,R04C01 高风险但不确定性为中，先复查后再执行,blocked_until_recheck_confirms_state,queued_for_recheck
2026-08-04 00:00,R01C01,8.7,10.8,中高,drought,中,hold,recheck_before_action,recheck_region,high,"navigate_to:R01C01@(8.7,10.8); slow_down; hold_safe_distance",capture_close_range_image; resample_environment_sensors,defer_field_actuation,R01C01 高风险但不确定性为中，先复查后再执行,blocked_until_recheck_confirms_state,queued_for_recheck
2026-08-04 01:00,R01C02,28.5,11.0,中高,drought,中,hold,recheck_before_action,recheck_region,high,"navigate_to:R01C02@(28.5,11.0); slow_down; hold_safe_distance",capture_close_range_image; resample_environment_sensors,defer_field_actuation,R01C02 高风险但不确定性为中，先复查后再执行,blocked_until_recheck_confirms_state,queued_for_recheck
2026-08-04 02:00,R01C03,49.1,10.9,中高,drought,中,hold,recheck_before_action,recheck_region,high,"navigate_to:R01C03@(49.1,10.9); slow_down; hold_safe_distance",capture_close_range_image; resample_environment_sensors,defer_field_actuation,R01C03 高风险但不确定性为中，先复查后再执行,blocked_until_recheck_confirms_state,queued_for_recheck
2026-08-04 03:00,R01C04,70.1,10.6,中高,drought,中,hold,recheck_before_action,recheck_region,high,"navigate_to:R01C04@(70.1,10.6); slow_down; hold_safe_distance",capture_close_range_image; resample_environment_sensors,defer_field_actuation,R01C04 高风险但不确定性为中，先复查后再执行,blocked_until_recheck_confirms_state,queued_for_recheck
2026-08-04 04:00,R01C05,91.0,10.1,中高,drought,中,hold,recheck_before_action,recheck_region,high,"navigate_to:R01C05@(91.0,10.1); slow_down; hold_safe_distance",capture_close_range_image; resample_environment_sensors,defer_field_actuation,R01C05 高风险但不确定性为中，先复查后再执行,blocked_until_recheck_confirms_state,queued_for_recheck
2026-08-04 05:00,R01C06,111.5,9.6,中高,drought,中,hold,recheck_before_action,recheck_region,high,"navigate_to:R01C06@(111.5,9.6); slow_down; hold_safe_distance",capture_close_range_image; resample_environment_sensors,defer_field_actuation,R01C06 高风险但不确定性为中，先复查后再执行,blocked_until_recheck_confirms_state,queued_for_recheck
2026-08-04 06:00,R02C06,111.3,29.2,中高,drought,中,hold,recheck_before_action,recheck_region,high,"navigate_to:R02C06@(111.3,29.2); slow_down; hold_safe_distance",capture_close_range_image; resample_environment_sensors,defer_field_actuation,R02C06 高风险但不确定性为中，先复查后再执行,blocked_until_recheck_confirms_state,queued_for_recheck
2026-08-04 07:00,R02C05,90.4,29.0,中高,drought,中,hold,recheck_before_action,recheck_region,high,"navigate_to:R02C05@(90.4,29.0); slow_down; hold_safe_distance",capture_close_range_image; resample_environment_sensors,defer_field_actuation,R02C05 高风险但不确定性为中，先复查后再执行,blocked_until_recheck_confirms_state,queued_for_recheck
2026-08-04 08:00,R02C04,69.4,29.0,中高,drought,低,execute,execute_recommended_action,irrigation_alert,high,continue_patrol_after_marking:R02C04,verify_soil_moisture_next_pass,send_irrigation_alert,R02C04 干旱风险可信，触发灌溉提醒,human_or_controller_confirmation_required_for_irrigation,ready
2026-08-04 09:00,R02C03,48.7,29.3,高,drought,低,execute,execute_recommended_action,irrigation_alert,high,continue_patrol_after_marking:R02C03,verify_soil_moisture_next_pass,send_irrigation_alert,R02C03 干旱风险可信，触发灌溉提醒,human_or_controller_confirmation_required_for_irrigation,ready
2026-08-04 10:00,R02C02,28.5,29.7,高,drought,低,execute,execute_recommended_action,irrigation_alert,high,continue_patrol_after_marking:R02C02,verify_soil_moisture_next_pass,send_irrigation_alert,R02C02 干旱风险可信，触发灌溉提醒,human_or_controller_confirmation_required_for_irrigation,ready
2026-08-04 11:00,R02C01,9.1,30.2,高,drought,低,execute,execute_recommended_action,irrigation_alert,high,continue_patrol_after_marking:R02C01,verify_soil_moisture_next_pass,send_irrigation_alert,R02C01 干旱风险可信，触发灌溉提醒,human_or_controller_confirmation_required_for_irrigation,ready
2026-08-04 12:00,R03C01,10.1,50.7,高,drought,低,execute,execute_recommended_action,irrigation_alert,high,continue_patrol_after_marking:R03C01,verify_soil_moisture_next_pass,send_irrigation_alert,R03C01 干旱风险可信，触发灌溉提醒,human_or_controller_confirmation_required_for_irrigation,ready
2026-08-04 13:00,R03C02,31.0,50.9,高,drought,低,execute,execute_recommended_action,irrigation_alert,high,continue_patrol_after_marking:R03C02,verify_soil_moisture_next_pass,send_irrigation_alert,R03C02 干旱风险可信，触发灌溉提醒,human_or_controller_confirmation_required_for_irrigation,ready
2026-08-04 14:00,R03C03,51.5,51.0,高,drought,低,execute,execute_recommended_action,irrigation_alert,high,continue_patrol_after_marking:R03C03,verify_soil_moisture_next_pass,send_irrigation_alert,R03C03 干旱风险可信，触发灌溉提醒,human_or_controller_confirmation_required_for_irrigation,ready
2026-08-04 15:00,R03C04,71.2,50.8,高,drought,低,execute,execute_recommended_action,irrigation_alert,high,continue_patrol_after_marking:R03C04,verify_soil_moisture_next_pass,send_irrigation_alert,R03C04 干旱风险可信，触发灌溉提醒,human_or_controller_confirmation_required_for_irrigation,ready
2026-08-04 16:00,R03C05,90.4,50.4,中高,drought,低,execute,execute_recommended_action,irrigation_alert,high,continue_patrol_after_marking:R03C05,verify_soil_moisture_next_pass,send_irrigation_alert,R03C05 干旱风险可信，触发灌溉提醒,human_or_controller_confirmation_required_for_irrigation,ready
2026-08-04 17:00,R03C06,109.4,49.9,中,drought,中,hold,resample_before_action,resample_sensors,medium,"hold_position:R03C06@(109.4,49.9); repeat_sampling_pass",resample_soil_moisture; resample_temperature; capture_context_image,none,R03C06 中风险且不确定性为中，重新采样后再决策,blocked_until_sensor_resample,queued_for_resampling
2026-08-04 18:00,R04C06,108.6,69.5,很低,healthy,低,observe,routine_patrol,continue_patrol,low,continue_nominal_patrol,standard_periodic_sampling,none,R04C06 当前风险较低，保持常规巡检,normal_autonomy,ready
2026-08-04 19:00,R04C05,88.5,69.1,很低,healthy,低,observe,routine_patrol,continue_patrol,low,continue_nominal_patrol,standard_periodic_sampling,none,R04C05 当前风险较低，保持常规巡检,normal_autonomy,ready
2026-08-04 20:00,R04C04,69.1,69.0,很低,healthy,低,observe,routine_patrol,continue_patrol,low,continue_nominal_patrol,standard_periodic_sampling,none,R04C04 当前风险较低，保持常规巡检,normal_autonomy,ready
2026-08-04 21:00,R04C03,50.1,69.1,很低,healthy,低,observe,routine_patrol,continue_patrol,low,continue_nominal_patrol,standard_periodic_sampling,none,R04C03 当前风险较低，保持常规巡检,normal_autonomy,ready
2026-08-04 22:00,R04C02,31.1,69.5,很低,healthy,低,observe,routine_patrol,continue_patrol,low,continue_nominal_patrol,standard_periodic_sampling,none,R04C02 当前风险较低，保持常规巡检,normal_autonomy,ready
2026-08-04 23:00,R04C01,11.5,69.9,很低,healthy,低,observe,routine_patrol,continue_patrol,low,continue_nominal_patrol,standard_periodic_sampling,none,R04C01 当前风险较低，保持常规巡检,normal_autonomy,ready
2026-08-05 00:00,R01C01,11.2,10.4,很低,healthy,低,observe,routine_patrol,continue_patrol,low,continue_nominal_patrol,standard_periodic_sampling,none,R01C01 当前风险较低，保持常规巡检,normal_autonomy,ready
2026-08-05 01:00,R01C02,30.4,10.8,很低,healthy,低,observe,routine_patrol,continue_patrol,low,continue_nominal_patrol,standard_periodic_sampling,none,R01C02 当前风险较低，保持常规巡检,normal_autonomy,ready
2026-08-05 02:00,R01C03,49.4,11.0,很低,healthy,低,observe,routine_patrol,continue_patrol,low,continue_nominal_patrol,standard_periodic_sampling,none,R01C03 当前风险较低，保持常规巡检,normal_autonomy,ready
2026-08-05 03:00,R01C04,68.6,10.9,很低,healthy,低,observe,routine_patrol,continue_patrol,low,continue_nominal_patrol,standard_periodic_sampling,none,R01C04 当前风险较低，保持常规巡检,normal_autonomy,ready
2026-08-05 04:00,R01C05,88.6,10.6,很低,healthy,低,observe,routine_patrol,continue_patrol,low,continue_nominal_patrol,standard_periodic_sampling,none,R01C05 当前风险较低，保持常规巡检,normal_autonomy,ready
2026-08-05 05:00,R01C06,109.2,10.2,很低,healthy,低,observe,routine_patrol,continue_patrol,low,continue_nominal_patrol,standard_periodic_sampling,none,R01C06 当前风险较低，保持常规巡检,normal_autonomy,ready
2026-08-05 06:00,R02C06,110.2,29.7,很低,healthy,低,observe,routine_patrol,continue_patrol,low,continue_nominal_patrol,standard_periodic_sampling,none,R02C06 当前风险较低，保持常规巡检,normal_autonomy,ready
2026-08-05 07:00,R02C05,91.1,29.3,很低,healthy,低,observe,routine_patrol,continue_patrol,low,continue_nominal_patrol,standard_periodic_sampling,none,R02C05 当前风险较低，保持常规巡检,normal_autonomy,ready
2026-08-05 08:00,R02C04,71.5,29.0,很低,healthy,低,observe,routine_patrol,continue_patrol,low,continue_nominal_patrol,standard_periodic_sampling,none,R02C04 当前风险较低，保持常规巡检,normal_autonomy,ready
2026-08-05 09:00,R02C03,51.2,29.0,中,drought,中,hold,resample_before_action,resample_sensors,medium,"hold_position:R02C03@(51.2,29.0); repeat_sampling_pass",resample_soil_moisture; resample_temperature; capture_context_image,none,R02C03 中风险且不确定性为中，重新采样后再决策,blocked_until_sensor_resample,queued_for_resampling
2026-08-05 10:00,R02C02,30.4,29.3,中,drought,中,hold,resample_before_action,resample_sensors,medium,"hold_position:R02C02@(30.4,29.3); repeat_sampling_pass",resample_soil_moisture; resample_temperature; capture_context_image,none,R02C02 中风险且不确定性为中，重新采样后再决策,blocked_until_sensor_resample,queued_for_resampling
2026-08-05 11:00,R02C01,9.3,29.7,中,drought,中,hold,resample_before_action,resample_sensors,medium,"hold_position:R02C01@(9.3,29.7); repeat_sampling_pass",resample_soil_moisture; resample_temperature; capture_context_image,none,R02C01 中风险且不确定性为中，重新采样后再决策,blocked_until_sensor_resample,queued_for_resampling
2026-08-05 12:00,R03C01,8.6,50.2,中,drought,中,hold,resample_before_action,resample_sensors,medium,"hold_position:R03C01@(8.6,50.2); repeat_sampling_pass",resample_soil_moisture; resample_temperature; capture_context_image,none,R03C01 中风险且不确定性为中，重新采样后再决策,blocked_until_sensor_resample,queued_for_resampling
2026-08-05 13:00,R03C02,28.6,50.6,中高,drought,低,execute,execute_recommended_action,irrigation_alert,high,continue_patrol_after_marking:R03C02,verify_soil_moisture_next_pass,send_irrigation_alert,R03C02 干旱风险可信，触发灌溉提醒,human_or_controller_confirmation_required_for_irrigation,ready
2026-08-05 14:00,R03C03,49.2,50.9,中高,drought,低,execute,execute_recommended_action,irrigation_alert,high,continue_patrol_after_marking:R03C03,verify_soil_moisture_next_pass,send_irrigation_alert,R03C03 干旱风险可信，触发灌溉提醒,human_or_controller_confirmation_required_for_irrigation,ready
2026-08-05 15:00,R03C04,70.2,51.0,中高,drought,低,execute,execute_recommended_action,irrigation_alert,high,continue_patrol_after_marking:R03C04,verify_soil_moisture_next_pass,send_irrigation_alert,R03C04 干旱风险可信，触发灌溉提醒,human_or_controller_confirmation_required_for_irrigation,ready
2026-08-05 16:00,R03C05,91.1,50.8,高,drought,低,execute,execute_recommended_action,irrigation_alert,high,continue_patrol_after_marking:R03C05,verify_soil_moisture_next_pass,send_irrigation_alert,R03C05 干旱风险可信，触发灌溉提醒,human_or_controller_confirmation_required_for_irrigation,ready
2026-08-05 17:00,R03C06,111.5,50.5,高,drought,低,execute,execute_recommended_action,irrigation_alert,high,continue_patrol_after_marking:R03C06,verify_soil_moisture_next_pass,send_irrigation_alert,R03C06 干旱风险可信，触发灌溉提醒,human_or_controller_confirmation_required_for_irrigation,ready
2026-08-05 18:00,R04C06,111.2,70.0,中高,drought,中,hold,recheck_before_action,recheck_region,high,"navigate_to:R04C06@(111.2,70.0); slow_down; hold_safe_distance",capture_close_range_image; resample_environment_sensors,defer_field_actuation,R04C06 高风险但不确定性为中，先复查后再执行,blocked_until_recheck_confirms_state,queued_for_recheck
2026-08-05 19:00,R04C05,90.3,69.5,中高,drought,低,execute,execute_recommended_action,irrigation_alert,high,continue_patrol_after_marking:R04C05,verify_soil_moisture_next_pass,send_irrigation_alert,R04C05 干旱风险可信，触发灌溉提醒,human_or_controller_confirmation_required_for_irrigation,ready
2026-08-05 20:00,R04C04,69.3,69.2,中高,drought,中,hold,recheck_before_action,recheck_region,high,"navigate_to:R04C04@(69.3,69.2); slow_down; hold_safe_distance",capture_close_range_image; resample_environment_sensors,defer_field_actuation,R04C04 高风险但不确定性为中，先复查后再执行,blocked_until_recheck_confirms_state,queued_for_recheck
2026-08-05 21:00,R04C03,48.6,69.0,中高,drought,中,hold,recheck_before_action,recheck_region,high,"navigate_to:R04C03@(48.6,69.0); slow_down; hold_safe_distance",capture_close_range_image; resample_environment_sensors,defer_field_actuation,R04C03 高风险但不确定性为中，先复查后再执行,blocked_until_recheck_confirms_state,queued_for_recheck
2026-08-05 22:00,R04C02,28.6,69.1,中高,drought,中,hold,recheck_before_action,recheck_region,high,"navigate_to:R04C02@(28.6,69.1); slow_down; hold_safe_distance",capture_close_range_image; resample_environment_sensors,defer_field_actuation,R04C02 高风险但不确定性为中，先复查后再执行,blocked_until_recheck_confirms_state,queued_for_recheck
2026-08-05 23:00,R04C01,9.2,69.4,中高,drought,中,hold,recheck_before_action,recheck_region,high,"navigate_to:R04C01@(9.2,69.4); slow_down; hold_safe_distance",capture_close_range_image; resample_environment_sensors,defer_field_actuation,R04C01 高风险但不确定性为中，先复查后再执行,blocked_until_recheck_confirms_state,queued_for_recheck
2026-08-06 00:00,R01C01,10.2,9.9,中高,drought,中,hold,recheck_before_action,recheck_region,high,"navigate_to:R01C01@(10.2,9.9); slow_down; hold_safe_distance",capture_close_range_image; resample_environment_sensors,defer_field_actuation,R01C01 高风险但不确定性为中，先复查后再执行,blocked_until_recheck_confirms_state,queued_for_recheck
2026-08-06 01:00,R01C02,31.1,10.4,中,drought,中,hold,resample_before_action,resample_sensors,medium,"hold_position:R01C02@(31.1,10.4); repeat_sampling_pass",resample_soil_moisture; resample_temperature; capture_context_image,none,R01C02 中风险且不确定性为中，重新采样后再决策,blocked_until_sensor_resample,queued_for_resampling
2026-08-06 02:00,R01C03,51.5,10.8,很低,healthy,低,observe,routine_patrol,continue_patrol,low,continue_nominal_patrol,standard_periodic_sampling,none,R01C03 当前风险较低，保持常规巡检,normal_autonomy,ready
2026-08-06 03:00,R01C04,71.2,11.0,很低,healthy,低,observe,routine_patrol,continue_patrol,low,continue_nominal_patrol,standard_periodic_sampling,none,R01C04 当前风险较低，保持常规巡检,normal_autonomy,ready
2026-08-06 04:00,R01C05,90.3,11.0,很低,healthy,低,observe,routine_patrol,continue_patrol,low,continue_nominal_patrol,standard_periodic_sampling,none,R01C05 当前风险较低，保持常规巡检,normal_autonomy,ready
2026-08-06 05:00,R01C06,109.3,10.7,很低,healthy,低,observe,routine_patrol,continue_patrol,low,continue_nominal_patrol,standard_periodic_sampling,none,R01C06 当前风险较低，保持常规巡检,normal_autonomy,ready
2026-08-06 06:00,R02C06,108.6,30.3,很低,healthy,低,observe,routine_patrol,continue_patrol,low,continue_nominal_patrol,standard_periodic_sampling,none,R02C06 当前风险较低，保持常规巡检,normal_autonomy,ready
2026-08-06 07:00,R02C05,88.6,29.8,中,drought,中,hold,resample_before_action,resample_sensors,medium,"hold_position:R02C05@(88.6,29.8); repeat_sampling_pass",resample_soil_moisture; resample_temperature; capture_context_image,none,R02C05 中风险且不确定性为中，重新采样后再决策,blocked_until_sensor_resample,queued_for_resampling
2026-08-06 08:00,R02C04,69.2,29.3,低,healthy,低,observe,routine_patrol,continue_patrol,low,continue_nominal_patrol,standard_periodic_sampling,none,R02C04 当前风险较低，保持常规巡检,normal_autonomy,ready
2026-08-06 09:00,R02C03,50.2,29.1,中,drought,中,hold,resample_before_action,resample_sensors,medium,"hold_position:R02C03@(50.2,29.1); repeat_sampling_pass",resample_soil_moisture; resample_temperature; capture_context_image,none,R02C03 中风险且不确定性为中，重新采样后再决策,blocked_until_sensor_resample,queued_for_resampling
2026-08-06 10:00,R02C02,31.1,29.0,中,drought,中,hold,resample_before_action,resample_sensors,medium,"hold_position:R02C02@(31.1,29.0); repeat_sampling_pass",resample_soil_moisture; resample_temperature; capture_context_image,none,R02C02 中风险且不确定性为中，重新采样后再决策,blocked_until_sensor_resample,queued_for_resampling
2026-08-06 11:00,R02C01,11.5,29.2,中高,drought,低,execute,execute_recommended_action,irrigation_alert,high,continue_patrol_after_marking:R02C01,verify_soil_moisture_next_pass,send_irrigation_alert,R02C01 干旱风险可信，触发灌溉提醒,human_or_controller_confirmation_required_for_irrigation,ready
2026-08-06 12:00,R03C01,11.2,49.6,中高,drought,低,execute,execute_recommended_action,irrigation_alert,high,continue_patrol_after_marking:R03C01,verify_soil_moisture_next_pass,send_irrigation_alert,R03C01 干旱风险可信，触发灌溉提醒,human_or_controller_confirmation_required_for_irrigation,ready
2026-08-06 13:00,R03C02,30.3,50.1,高,drought,低,execute,execute_recommended_action,irrigation_alert,high,continue_patrol_after_marking:R03C02,verify_soil_moisture_next_pass,send_irrigation_alert,R03C02 干旱风险可信，触发灌溉提醒,human_or_controller_confirmation_required_for_irrigation,ready
2026-08-06 14:00,R03C03,49.3,50.6,高,drought,低,execute,execute_recommended_action,irrigation_alert,high,continue_patrol_after_marking:R03C03,verify_soil_moisture_next_pass,send_irrigation_alert,R03C03 干旱风险可信，触发灌溉提醒,human_or_controller_confirmation_required_for_irrigation,ready
2026-08-06 15:00,R03C04,68.6,50.9,高,drought,低,execute,execute_recommended_action,irrigation_alert,high,continue_patrol_after_marking:R03C04,verify_soil_moisture_next_pass,send_irrigation_alert,R03C04 干旱风险可信，触发灌溉提醒,human_or_controller_confirmation_required_for_irrigation,ready
2026-08-06 16:00,R03C05,88.6,51.0,中高,drought,中,hold,recheck_before_action,recheck_region,high,"navigate_to:R03C05@(88.6,51.0); slow_down; hold_safe_distance",capture_close_range_image; resample_environment_sensors,defer_field_actuation,R03C05 高风险但不确定性为中，先复查后再执行,blocked_until_recheck_confirms_state,queued_for_recheck
2026-08-06 17:00,R03C06,109.2,50.9,高,drought,低,execute,execute_recommended_action,irrigation_alert,high,continue_patrol_after_marking:R03C06,verify_soil_moisture_next_pass,send_irrigation_alert,R03C06 干旱风险可信，触发灌溉提醒,human_or_controller_confirmation_required_for_irrigation,ready
2026-08-06 18:00,R04C06,110.3,70.5,中高,drought,中,hold,recheck_before_action,recheck_region,high,"navigate_to:R04C06@(110.3,70.5); slow_down; hold_safe_distance",capture_close_range_image; resample_environment_sensors,defer_field_actuation,R04C06 高风险但不确定性为中，先复查后再执行,blocked_until_recheck_confirms_state,queued_for_recheck
2026-08-06 19:00,R04C05,91.1,70.1,中高,drought,中,hold,recheck_before_action,recheck_region,high,"navigate_to:R04C05@(91.1,70.1); slow_down; hold_safe_distance",capture_close_range_image; resample_environment_sensors,defer_field_actuation,R04C05 高风险但不确定性为中，先复查后再执行,blocked_until_recheck_confirms_state,queued_for_recheck
2026-08-06 20:00,R04C04,71.5,69.6,中高,drought,中,hold,recheck_before_action,recheck_region,high,"navigate_to:R04C04@(71.5,69.6); slow_down; hold_safe_distance",capture_close_range_image; resample_environment_sensors,defer_field_actuation,R04C04 高风险但不确定性为中，先复查后再执行,blocked_until_recheck_confirms_state,queued_for_recheck
2026-08-06 21:00,R04C03,51.1,69.2,中高,drought,中,hold,recheck_before_action,recheck_region,high,"navigate_to:R04C03@(51.1,69.2); slow_down; hold_safe_distance",capture_close_range_image; resample_environment_sensors,defer_field_actuation,R04C03 高风险但不确定性为中，先复查后再执行,blocked_until_recheck_confirms_state,queued_for_recheck
2026-08-06 22:00,R04C02,30.3,69.0,中高,drought,中,hold,recheck_before_action,recheck_region,high,"navigate_to:R04C02@(30.3,69.0); slow_down; hold_safe_distance",capture_close_range_image; resample_environment_sensors,defer_field_actuation,R04C02 高风险但不确定性为中，先复查后再执行,blocked_until_recheck_confirms_state,queued_for_recheck
2026-08-06 23:00,R04C01,9.2,69.1,中高,drought,中,hold,recheck_before_action,recheck_region,high,"navigate_to:R04C01@(9.2,69.1); slow_down; hold_safe_distance",capture_close_range_image; resample_environment_sensors,defer_field_actuation,R04C01 高风险但不确定性为中，先复查后再执行,blocked_until_recheck_confirms_state,queued_for_recheck
2026-08-07 00:00,R01C01,8.6,9.4,中高,drought,中,hold,recheck_before_action,recheck_region,high,"navigate_to:R01C01@(8.6,9.4); slow_down; hold_safe_distance",capture_close_range_image; resample_environment_sensors,defer_field_actuation,R01C01 高风险但不确定性为中，先复查后再执行,blocked_until_recheck_confirms_state,queued_for_recheck
2026-08-07 01:00,R01C02,28.6,9.8,中高,drought,中,hold,recheck_before_action,recheck_region,high,"navigate_to:R01C02@(28.6,9.8); slow_down; hold_safe_distance",capture_close_range_image; resample_environment_sensors,defer_field_actuation,R01C02 高风险但不确定性为中，先复查后再执行,blocked_until_recheck_confirms_state,queued_for_recheck
2026-08-07 02:00,R01C03,49.3,10.3,中高,drought,中,hold,recheck_before_action,recheck_region,high,"navigate_to:R01C03@(49.3,10.3); slow_down; hold_safe_distance",capture_close_range_image; resample_environment_sensors,defer_field_actuation,R01C03 高风险但不确定性为中，先复查后再执行,blocked_until_recheck_confirms_state,queued_for_recheck
2026-08-07 03:00,R01C04,70.3,10.7,中高,drought,中,hold,recheck_before_action,recheck_region,high,"navigate_to:R01C04@(70.3,10.7); slow_down; hold_safe_distance",capture_close_range_image; resample_environment_sensors,defer_field_actuation,R01C04 高风险但不确定性为中，先复查后再执行,blocked_until_recheck_confirms_state,queued_for_recheck
2026-08-07 04:00,R01C05,91.2,11.0,中高,drought,低,execute,execute_recommended_action,irrigation_alert,high,continue_patrol_after_marking:R01C05,verify_soil_moisture_next_pass,send_irrigation_alert,R01C05 干旱风险可信，触发灌溉提醒,human_or_controller_confirmation_required_for_irrigation,ready
2026-08-07 05:00,R01C06,111.5,11.0,中高,drought,中,hold,recheck_before_action,recheck_region,high,"navigate_to:R01C06@(111.5,11.0); slow_down; hold_safe_distance",capture_close_range_image; resample_environment_sensors,defer_field_actuation,R01C06 高风险但不确定性为中，先复查后再执行,blocked_until_recheck_confirms_state,queued_for_recheck
2026-08-07 06:00,R02C06,111.1,30.7,中高,drought,中,hold,recheck_before_action,recheck_region,high,"navigate_to:R02C06@(111.1,30.7); slow_down; hold_safe_distance",capture_close_range_image; resample_environment_sensors,defer_field_actuation,R02C06 高风险但不确定性为中，先复查后再执行,blocked_until_recheck_confirms_state,queued_for_recheck
2026-08-07 07:00,R02C05,90.2,30.3,中高,drought,低,execute,execute_recommended_action,irrigation_alert,high,continue_patrol_after_marking:R02C05,verify_soil_moisture_next_pass,send_irrigation_alert,R02C05 干旱风险可信，触发灌溉提醒,human_or_controller_confirmation_required_for_irrigation,ready
2026-08-07 08:00,R02C04,69.2,29.8,高,drought,低,execute,execute_recommended_action,irrigation_alert,high,continue_patrol_after_marking:R02C04,verify_soil_moisture_next_pass,send_irrigation_alert,R02C04 干旱风险可信，触发灌溉提醒,human_or_controller_confirmation_required_for_irrigation,ready
2026-08-07 09:00,R02C03,48.6,29.4,高,drought,低,execute,execute_recommended_action,irrigation_alert,high,continue_patrol_after_marking:R02C03,verify_soil_moisture_next_pass,send_irrigation_alert,R02C03 干旱风险可信，触发灌溉提醒,human_or_controller_confirmation_required_for_irrigation,ready
2026-08-07 10:00,R02C02,28.6,29.1,高,drought,低,execute,execute_recommended_action,irrigation_alert,high,continue_patrol_after_marking:R02C02,verify_soil_moisture_next_pass,send_irrigation_alert,R02C02 干旱风险可信，触发灌溉提醒,human_or_controller_confirmation_required_for_irrigation,ready
2026-08-07 11:00,R02C01,9.3,29.0,高,drought,低,execute,execute_recommended_action,irrigation_alert,high,continue_patrol_after_marking:R02C01,verify_soil_moisture_next_pass,send_irrigation_alert,R02C01 干旱风险可信，触发灌溉提醒,human_or_controller_confirmation_required_for_irrigation,ready
2026-08-07 12:00,R03C01,10.3,49.2,高,drought,低,execute,execute_recommended_action,irrigation_alert,high,continue_patrol_after_marking:R03C01,verify_soil_moisture_next_pass,send_irrigation_alert,R03C01 干旱风险可信，触发灌溉提醒,human_or_controller_confirmation_required_for_irrigation,ready
2026-08-07 13:00,R03C02,31.2,49.5,高,drought,低,execute,execute_recommended_action,irrigation_alert,high,continue_patrol_after_marking:R03C02,verify_soil_moisture_next_pass,send_irrigation_alert,R03C02 干旱风险可信，触发灌溉提醒,human_or_controller_confirmation_required_for_irrigation,ready
2026-08-07 14:00,R03C03,51.5,50.0,高,drought,低,execute,execute_recommended_action,irrigation_alert,high,continue_patrol_after_marking:R03C03,verify_soil_moisture_next_pass,send_irrigation_alert,R03C03 干旱风险可信，触发灌溉提醒,human_or_controller_confirmation_required_for_irrigation,ready
2026-08-07 15:00,R03C04,71.1,50.5,高,drought,低,execute,execute_recommended_action,irrigation_alert,high,continue_patrol_after_marking:R03C04,verify_soil_moisture_next_pass,send_irrigation_alert,R03C04 干旱风险可信，触发灌溉提醒,human_or_controller_confirmation_required_for_irrigation,ready
2026-08-07 16:00,R03C05,90.2,50.9,高,drought,低,execute,execute_recommended_action,irrigation_alert,high,continue_patrol_after_marking:R03C05,verify_soil_moisture_next_pass,send_irrigation_alert,R03C05 干旱风险可信，触发灌溉提醒,human_or_controller_confirmation_required_for_irrigation,ready
2026-08-07 17:00,R03C06,109.2,51.0,高,drought,低,execute,execute_recommended_action,irrigation_alert,high,continue_patrol_after_marking:R03C06,verify_soil_moisture_next_pass,send_irrigation_alert,R03C06 干旱风险可信，触发灌溉提醒,human_or_controller_confirmation_required_for_irrigation,ready
2026-08-07 18:00,R04C06,108.6,70.9,中高,drought,中,hold,recheck_before_action,recheck_region,high,"navigate_to:R04C06@(108.6,70.9); slow_down; hold_safe_distance",capture_close_range_image; resample_environment_sensors,defer_field_actuation,R04C06 高风险但不确定性为中，先复查后再执行,blocked_until_recheck_confirms_state,queued_for_recheck
2026-08-07 19:00,R04C05,88.6,70.6,中高,drought,中,hold,recheck_before_action,recheck_region,high,"navigate_to:R04C05@(88.6,70.6); slow_down; hold_safe_distance",capture_close_range_image; resample_environment_sensors,defer_field_actuation,R04C05 高风险但不确定性为中，先复查后再执行,blocked_until_recheck_confirms_state,queued_for_recheck
2026-08-07 20:00,R04C04,69.3,70.1,中高,drought,中,hold,recheck_before_action,recheck_region,high,"navigate_to:R04C04@(69.3,70.1); slow_down; hold_safe_distance",capture_close_range_image; resample_environment_sensors,defer_field_actuation,R04C04 高风险但不确定性为中，先复查后再执行,blocked_until_recheck_confirms_state,queued_for_recheck
2026-08-07 21:00,R04C03,50.3,69.6,中高,drought,中,hold,recheck_before_action,recheck_region,high,"navigate_to:R04C03@(50.3,69.6); slow_down; hold_safe_distance",capture_close_range_image; resample_environment_sensors,defer_field_actuation,R04C03 高风险但不确定性为中，先复查后再执行,blocked_until_recheck_confirms_state,queued_for_recheck
2026-08-07 22:00,R04C02,31.2,69.2,中高,drought,中,hold,recheck_before_action,recheck_region,high,"navigate_to:R04C02@(31.2,69.2); slow_down; hold_safe_distance",capture_close_range_image; resample_environment_sensors,defer_field_actuation,R04C02 高风险但不确定性为中，先复查后再执行,blocked_until_recheck_confirms_state,queued_for_recheck
2026-08-07 23:00,R04C01,11.5,69.0,中高,drought,中,hold,recheck_before_action,recheck_region,high,"navigate_to:R04C01@(11.5,69.0); slow_down; hold_safe_distance",capture_close_range_image; resample_environment_sensors,defer_field_actuation,R04C01 高风险但不确定性为中，先复查后再执行,blocked_until_recheck_confirms_state,queued_for_recheck
2026-08-08 00:00,R01C01,11.1,9.0,很低,healthy,中,hold,monitor_more_context,monitor_context,normal,continue_patrol; revisit_region:R01C01,collect_next_context_window,none,R01C01 风险或不确定性处于中间状态，继续观察,no_direct_field_actuation,monitoring
2026-08-08 01:00,R01C02,30.2,9.3,中,drought,中,hold,resample_before_action,resample_sensors,medium,"hold_position:R01C02@(30.2,9.3); repeat_sampling_pass",resample_soil_moisture; resample_temperature; capture_context_image,none,R01C02 中风险且不确定性为中，重新采样后再决策,blocked_until_sensor_resample,queued_for_resampling
2026-08-08 02:00,R01C03,49.2,9.7,中,drought,中,hold,resample_before_action,resample_sensors,medium,"hold_position:R01C03@(49.2,9.7); repeat_sampling_pass",resample_soil_moisture; resample_temperature; capture_context_image,none,R01C03 中风险且不确定性为中，重新采样后再决策,blocked_until_sensor_resample,queued_for_resampling
2026-08-08 03:00,R01C04,68.6,10.2,中,drought,中,hold,resample_before_action,resample_sensors,medium,"hold_position:R01C04@(68.6,10.2); repeat_sampling_pass",resample_soil_moisture; resample_temperature; capture_context_image,none,R01C04 中风险且不确定性为中，重新采样后再决策,blocked_until_sensor_resample,queued_for_resampling
2026-08-08 04:00,R01C05,88.6,10.7,中,drought,中,hold,resample_before_action,resample_sensors,medium,"hold_position:R01C05@(88.6,10.7); repeat_sampling_pass",resample_soil_moisture; resample_temperature; capture_context_image,none,R01C05 中风险且不确定性为中，重新采样后再决策,blocked_until_sensor_resample,queued_for_resampling
2026-08-08 05:00,R01C06,109.3,10.9,中,drought,中,hold,resample_before_action,resample_sensors,medium,"hold_position:R01C06@(109.3,10.9); repeat_sampling_pass",resample_soil_moisture; resample_temperature; capture_context_image,none,R01C06 中风险且不确定性为中，重新采样后再决策,blocked_until_sensor_resample,queued_for_resampling
2026-08-08 06:00,R02C06,110.3,31.0,中,drought,低,hold,monitor_more_context,monitor_context,normal,continue_patrol; revisit_region:R02C06,collect_next_context_window,none,R02C06 风险或不确定性处于中间状态，继续观察,no_direct_field_actuation,monitoring
2026-08-08 07:00,R02C05,91.2,30.8,中,drought,中,hold,resample_before_action,resample_sensors,medium,"hold_position:R02C05@(91.2,30.8); repeat_sampling_pass",resample_soil_moisture; resample_temperature; capture_context_image,none,R02C05 中风险且不确定性为中，重新采样后再决策,blocked_until_sensor_resample,queued_for_resampling
2026-08-08 08:00,R02C04,71.5,30.4,中高,drought,低,execute,execute_recommended_action,irrigation_alert,high,continue_patrol_after_marking:R02C04,verify_soil_moisture_next_pass,send_irrigation_alert,R02C04 干旱风险可信，触发灌溉提醒,human_or_controller_confirmation_required_for_irrigation,ready
2026-08-08 09:00,R02C03,51.1,29.9,中高,drought,低,execute,execute_recommended_action,irrigation_alert,high,continue_patrol_after_marking:R02C03,verify_soil_moisture_next_pass,send_irrigation_alert,R02C03 干旱风险可信，触发灌溉提醒,human_or_controller_confirmation_required_for_irrigation,ready
2026-08-08 10:00,R02C02,30.2,29.4,高,drought,低,execute,execute_recommended_action,irrigation_alert,high,continue_patrol_after_marking:R02C02,verify_soil_moisture_next_pass,send_irrigation_alert,R02C02 干旱风险可信，触发灌溉提醒,human_or_controller_confirmation_required_for_irrigation,ready
2026-08-08 11:00,R02C01,9.2,29.1,高,drought,低,execute,execute_recommended_action,irrigation_alert,high,continue_patrol_after_marking:R02C01,verify_soil_moisture_next_pass,send_irrigation_alert,R02C01 干旱风险可信，触发灌溉提醒,human_or_controller_confirmation_required_for_irrigation,ready
2026-08-08 12:00,R03C01,8.6,49.0,高,drought,低,execute,execute_recommended_action,irrigation_alert,high,continue_patrol_after_marking:R03C01,verify_soil_moisture_next_pass,send_irrigation_alert,R03C01 干旱风险可信，触发灌溉提醒,human_or_controller_confirmation_required_for_irrigation,ready
2026-08-08 13:00,R03C02,28.6,49.1,高,drought,低,execute,execute_recommended_action,irrigation_alert,high,continue_patrol_after_marking:R03C02,verify_soil_moisture_next_pass,send_irrigation_alert,R03C02 干旱风险可信，触发灌溉提醒,human_or_controller_confirmation_required_for_irrigation,ready
2026-08-08 14:00,R03C03,49.4,49.5,高,drought,低,execute,execute_recommended_action,irrigation_alert,high,continue_patrol_after_marking:R03C03,verify_soil_moisture_next_pass,send_irrigation_alert,R03C03 干旱风险可信，触发灌溉提醒,human_or_controller_confirmation_required_for_irrigation,ready
2026-08-08 15:00,R03C04,70.4,50.0,高,drought,低,execute,execute_recommended_action,irrigation_alert,high,continue_patrol_after_marking:R03C04,verify_soil_moisture_next_pass,send_irrigation_alert,R03C04 干旱风险可信，触发灌溉提醒,human_or_controller_confirmation_required_for_irrigation,ready
2026-08-08 16:00,R03C05,91.2,50.4,中高,drought,中,hold,recheck_before_action,recheck_region,high,"navigate_to:R03C05@(91.2,50.4); slow_down; hold_safe_distance",capture_close_range_image; resample_environment_sensors,defer_field_actuation,R03C05 高风险但不确定性为中，先复查后再执行,blocked_until_recheck_confirms_state,queued_for_recheck
2026-08-08 17:00,R03C06,111.5,50.8,高,drought,低,execute,execute_recommended_action,irrigation_alert,high,continue_patrol_after_marking:R03C06,verify_soil_moisture_next_pass,send_irrigation_alert,R03C06 干旱风险可信，触发灌溉提醒,human_or_controller_confirmation_required_for_irrigation,ready
2026-08-08 18:00,R04C06,111.1,71.0,中高,drought,中,hold,recheck_before_action,recheck_region,high,"navigate_to:R04C06@(111.1,71.0); slow_down; hold_safe_distance",capture_close_range_image; resample_environment_sensors,defer_field_actuation,R04C06 高风险但不确定性为中，先复查后再执行,blocked_until_recheck_confirms_state,queued_for_recheck
2026-08-08 19:00,R04C05,90.1,70.9,中高,drought,低,execute,execute_recommended_action,irrigation_alert,high,continue_patrol_after_marking:R04C05,verify_soil_moisture_next_pass,send_irrigation_alert,R04C05 干旱风险可信，触发灌溉提醒,human_or_controller_confirmation_required_for_irrigation,ready
2026-08-08 20:00,R04C04,69.1,70.6,中高,drought,中,hold,recheck_before_action,recheck_region,high,"navigate_to:R04C04@(69.1,70.6); slow_down; hold_safe_distance",capture_close_range_image; resample_environment_sensors,defer_field_actuation,R04C04 高风险但不确定性为中，先复查后再执行,blocked_until_recheck_confirms_state,queued_for_recheck
2026-08-08 21:00,R04C03,48.6,70.2,中高,drought,中,hold,recheck_before_action,recheck_region,high,"navigate_to:R04C03@(48.6,70.2); slow_down; hold_safe_distance",capture_close_range_image; resample_environment_sensors,defer_field_actuation,R04C03 高风险但不确定性为中，先复查后再执行,blocked_until_recheck_confirms_state,queued_for_recheck
2026-08-08 22:00,R04C02,28.6,69.7,中高,drought,中,hold,recheck_before_action,recheck_region,high,"navigate_to:R04C02@(28.6,69.7); slow_down; hold_safe_distance",capture_close_range_image; resample_environment_sensors,defer_field_actuation,R04C02 高风险但不确定性为中，先复查后再执行,blocked_until_recheck_confirms_state,queued_for_recheck
2026-08-08 23:00,R04C01,9.4,69.3,中高,drought,低,execute,execute_recommended_action,irrigation_alert,high,continue_patrol_after_marking:R04C01,verify_soil_moisture_next_pass,send_irrigation_alert,R04C01 干旱风险可信，触发灌溉提醒,human_or_controller_confirmation_required_for_irrigation,ready
2026-08-09 00:00,R01C01,10.4,9.0,中高,drought,中,hold,recheck_before_action,recheck_region,high,"navigate_to:R01C01@(10.4,9.0); slow_down; hold_safe_distance",capture_close_range_image; resample_environment_sensors,defer_field_actuation,R01C01 高风险但不确定性为中，先复查后再执行,blocked_until_recheck_confirms_state,queued_for_recheck
2026-08-09 01:00,R01C02,31.2,9.0,中高,drought,中,hold,recheck_before_action,recheck_region,high,"navigate_to:R01C02@(31.2,9.0); slow_down; hold_safe_distance",capture_close_range_image; resample_environment_sensors,defer_field_actuation,R01C02 高风险但不确定性为中，先复查后再执行,blocked_until_recheck_confirms_state,queued_for_recheck
2026-08-09 02:00,R01C03,51.5,9.3,中高,drought,中,hold,recheck_before_action,recheck_region,high,"navigate_to:R01C03@(51.5,9.3); slow_down; hold_safe_distance",capture_close_range_image; resample_environment_sensors,defer_field_actuation,R01C03 高风险但不确定性为中，先复查后再执行,blocked_until_recheck_confirms_state,queued_for_recheck
2026-08-09 03:00,R01C04,71.0,9.7,中高,drought,中,hold,recheck_before_action,recheck_region,high,"navigate_to:R01C04@(71.0,9.7); slow_down; hold_safe_distance",capture_close_range_image; resample_environment_sensors,defer_field_actuation,R01C04 高风险但不确定性为中，先复查后再执行,blocked_until_recheck_confirms_state,queued_for_recheck
2026-08-09 04:00,R01C05,90.1,10.2,中高,drought,中,hold,recheck_before_action,recheck_region,high,"navigate_to:R01C05@(90.1,10.2); slow_down; hold_safe_distance",capture_close_range_image; resample_environment_sensors,defer_field_actuation,R01C05 高风险但不确定性为中，先复查后再执行,blocked_until_recheck_confirms_state,queued_for_recheck
2026-08-09 05:00,R01C06,109.1,10.6,中高,drought,中,hold,recheck_before_action,recheck_region,high,"navigate_to:R01C06@(109.1,10.6); slow_down; hold_safe_distance",capture_close_range_image; resample_environment_sensors,defer_field_actuation,R01C06 高风险但不确定性为中，先复查后再执行,blocked_until_recheck_confirms_state,queued_for_recheck
2026-08-09 06:00,R02C06,108.5,30.9,中高,drought,中,hold,recheck_before_action,recheck_region,high,"navigate_to:R02C06@(108.5,30.9); slow_down; hold_safe_distance",capture_close_range_image; resample_environment_sensors,defer_field_actuation,R02C06 高风险但不确定性为中，先复查后再执行,blocked_until_recheck_confirms_state,queued_for_recheck
2026-08-09 07:00,R02C05,88.7,31.0,中高,drought,低,execute,execute_recommended_action,irrigation_alert,high,continue_patrol_after_marking:R02C05,verify_soil_moisture_next_pass,send_irrigation_alert,R02C05 干旱风险可信，触发灌溉提醒,human_or_controller_confirmation_required_for_irrigation,ready
2026-08-09 08:00,R02C04,69.4,30.8,中高,drought,中,hold,recheck_before_action,recheck_region,high,"navigate_to:R02C04@(69.4,30.8); slow_down; hold_safe_distance",capture_close_range_image; resample_environment_sensors,defer_field_actuation,R02C04 高风险但不确定性为中，先复查后再执行,blocked_until_recheck_confirms_state,queued_for_recheck
2026-08-09 09:00,R02C03,50.4,30.5,中高,drought,低,execute,execute_recommended_action,irrigation_alert,high,continue_patrol_after_marking:R02C03,verify_soil_moisture_next_pass,send_irrigation_alert,R02C03 干旱风险可信，触发灌溉提醒,human_or_controller_confirmation_required_for_irrigation,ready
2026-08-09 10:00,R02C02,31.3,30.0,高,drought,低,execute,execute_recommended_action,irrigation_alert,high,continue_patrol_after_marking:R02C02,verify_soil_moisture_next_pass,send_irrigation_alert,R02C02 干旱风险可信，触发灌溉提醒,human_or_controller_confirmation_required_for_irrigation,ready
2026-08-09 11:00,R02C01,11.5,29.5,高,drought,低,execute,execute_recommended_action,irrigation_alert,high,continue_patrol_after_marking:R02C01,verify_soil_moisture_next_pass,send_irrigation_alert,R02C01 干旱风险可信，触发灌溉提醒,human_or_controller_confirmation_required_for_irrigation,ready
2026-08-09 12:00,R03C01,11.0,49.1,高,drought,低,execute,execute_recommended_action,irrigation_alert,high,continue_patrol_after_marking:R03C01,verify_soil_moisture_next_pass,send_irrigation_alert,R03C01 干旱风险可信，触发灌溉提醒,human_or_controller_confirmation_required_for_irrigation,ready
2026-08-09 13:00,R03C02,30.1,49.0,高,drought,低,execute,execute_recommended_action,irrigation_alert,high,continue_patrol_after_marking:R03C02,verify_soil_moisture_next_pass,send_irrigation_alert,R03C02 干旱风险可信，触发灌溉提醒,human_or_controller_confirmation_required_for_irrigation,ready
2026-08-09 14:00,R03C03,49.1,49.1,高,drought,低,execute,execute_recommended_action,irrigation_alert,high,continue_patrol_after_marking:R03C03,verify_soil_moisture_next_pass,send_irrigation_alert,R03C03 干旱风险可信，触发灌溉提醒,human_or_controller_confirmation_required_for_irrigation,ready
2026-08-09 15:00,R03C04,68.5,49.4,高,drought,低,execute,execute_recommended_action,irrigation_alert,high,continue_patrol_after_marking:R03C04,verify_soil_moisture_next_pass,send_irrigation_alert,R03C04 干旱风险可信，触发灌溉提醒,human_or_controller_confirmation_required_for_irrigation,ready
2026-08-09 16:00,R03C05,88.7,49.9,中高,drought,中,hold,recheck_before_action,recheck_region,high,"navigate_to:R03C05@(88.7,49.9); slow_down; hold_safe_distance",capture_close_range_image; resample_environment_sensors,defer_field_actuation,R03C05 高风险但不确定性为中，先复查后再执行,blocked_until_recheck_confirms_state,queued_for_recheck
2026-08-09 17:00,R03C06,109.4,50.4,中高,drought,中,hold,recheck_before_action,recheck_region,high,"navigate_to:R03C06@(109.4,50.4); slow_down; hold_safe_distance",capture_close_range_image; resample_environment_sensors,defer_field_actuation,R03C06 高风险但不确定性为中，先复查后再执行,blocked_until_recheck_confirms_state,queued_for_recheck
2026-08-09 18:00,R04C06,110.4,70.8,中高,drought,中,hold,recheck_before_action,recheck_region,high,"navigate_to:R04C06@(110.4,70.8); slow_down; hold_safe_distance",capture_close_range_image; resample_environment_sensors,defer_field_actuation,R04C06 高风险但不确定性为中，先复查后再执行,blocked_until_recheck_confirms_state,queued_for_recheck
2026-08-09 19:00,R04C05,91.3,71.0,中高,drought,中,hold,recheck_before_action,recheck_region,high,"navigate_to:R04C05@(91.3,71.0); slow_down; hold_safe_distance",capture_close_range_image; resample_environment_sensors,defer_field_actuation,R04C05 高风险但不确定性为中，先复查后再执行,blocked_until_recheck_confirms_state,queued_for_recheck
2026-08-09 20:00,R04C04,71.5,70.9,中高,drought,中,hold,recheck_before_action,recheck_region,high,"navigate_to:R04C04@(71.5,70.9); slow_down; hold_safe_distance",capture_close_range_image; resample_environment_sensors,defer_field_actuation,R04C04 高风险但不确定性为中，先复查后再执行,blocked_until_recheck_confirms_state,queued_for_recheck
2026-08-09 21:00,R04C03,51.0,70.7,中高,drought,中,hold,recheck_before_action,recheck_region,high,"navigate_to:R04C03@(51.0,70.7); slow_down; hold_safe_distance",capture_close_range_image; resample_environment_sensors,defer_field_actuation,R04C03 高风险但不确定性为中，先复查后再执行,blocked_until_recheck_confirms_state,queued_for_recheck
2026-08-09 22:00,R04C02,30.1,70.2,中高,drought,中,hold,recheck_before_action,recheck_region,high,"navigate_to:R04C02@(30.1,70.2); slow_down; hold_safe_distance",capture_close_range_image; resample_environment_sensors,defer_field_actuation,R04C02 高风险但不确定性为中，先复查后再执行,blocked_until_recheck_confirms_state,queued_for_recheck
2026-08-09 23:00,R04C01,9.1,69.8,中高,drought,中,hold,recheck_before_action,recheck_region,high,"navigate_to:R04C01@(9.1,69.8); slow_down; hold_safe_distance",capture_close_range_image; resample_environment_sensors,defer_field_actuation,R04C01 高风险但不确定性为中，先复查后再执行,blocked_until_recheck_confirms_state,queued_for_recheck
2026-08-10 00:00,R01C01,8.5,9.3,中高,drought,中,hold,recheck_before_action,recheck_region,high,"navigate_to:R01C01@(8.5,9.3); slow_down; hold_safe_distance",capture_close_range_image; resample_environment_sensors,defer_field_actuation,R01C01 高风险但不确定性为中，先复查后再执行,blocked_until_recheck_confirms_state,queued_for_recheck
2026-08-10 01:00,R01C02,28.7,9.1,中高,drought,低,execute,execute_recommended_action,irrigation_alert,high,continue_patrol_after_marking:R01C02,verify_soil_moisture_next_pass,send_irrigation_alert,R01C02 干旱风险可信，触发灌溉提醒,human_or_controller_confirmation_required_for_irrigation,ready
2026-08-10 02:00,R01C03,49.4,9.0,中高,drought,中,hold,recheck_before_action,recheck_region,high,"navigate_to:R01C03@(49.4,9.0); slow_down; hold_safe_distance",capture_close_range_image; resample_environment_sensors,defer_field_actuation,R01C03 高风险但不确定性为中，先复查后再执行,blocked_until_recheck_confirms_state,queued_for_recheck
2026-08-10 03:00,R01C04,70.5,9.2,中高,drought,中,hold,recheck_before_action,recheck_region,high,"navigate_to:R01C04@(70.5,9.2); slow_down; hold_safe_distance",capture_close_range_image; resample_environment_sensors,defer_field_actuation,R01C04 高风险但不确定性为中，先复查后再执行,blocked_until_recheck_confirms_state,queued_for_recheck
2026-08-10 04:00,R01C05,91.3,9.6,中高,drought,中,hold,recheck_before_action,recheck_region,high,"navigate_to:R01C05@(91.3,9.6); slow_down; hold_safe_distance",capture_close_range_image; resample_environment_sensors,defer_field_actuation,R01C05 高风险但不确定性为中，先复查后再执行,blocked_until_recheck_confirms_state,queued_for_recheck
2026-08-10 05:00,R01C06,111.5,10.1,中高,drought,中,hold,recheck_before_action,recheck_region,high,"navigate_to:R01C06@(111.5,10.1); slow_down; hold_safe_distance",capture_close_range_image; resample_environment_sensors,defer_field_actuation,R01C06 高风险但不确定性为中，先复查后再执行,blocked_until_recheck_confirms_state,queued_for_recheck
2026-08-10 06:00,R02C06,111.0,30.6,中高,drought,中,hold,recheck_before_action,recheck_region,high,"navigate_to:R02C06@(111.0,30.6); slow_down; hold_safe_distance",capture_close_range_image; resample_environment_sensors,defer_field_actuation,R02C06 高风险但不确定性为中，先复查后再执行,blocked_until_recheck_confirms_state,queued_for_recheck
2026-08-10 07:00,R02C05,90.0,30.9,中高,drought,低,execute,execute_recommended_action,irrigation_alert,high,continue_patrol_after_marking:R02C05,verify_soil_moisture_next_pass,send_irrigation_alert,R02C05 干旱风险可信，触发灌溉提醒,human_or_controller_confirmation_required_for_irrigation,ready
2026-08-10 08:00,R02C04,69.1,31.0,中高,drought,中,hold,recheck_before_action,recheck_region,high,"navigate_to:R02C04@(69.1,31.0); slow_down; hold_safe_distance",capture_close_range_image; resample_environment_sensors,defer_field_actuation,R02C04 高风险但不确定性为中，先复查后再执行,blocked_until_recheck_confirms_state,queued_for_recheck
2026-08-10 09:00,R02C03,48.5,30.9,中高,drought,低,execute,execute_recommended_action,irrigation_alert,high,continue_patrol_after_marking:R02C03,verify_soil_moisture_next_pass,send_irrigation_alert,R02C03 干旱风险可信，触发灌溉提醒,human_or_controller_confirmation_required_for_irrigation,ready
2026-08-10 10:00,R02C02,28.7,30.5,高,drought,低,execute,execute_recommended_action,irrigation_alert,high,continue_patrol_after_marking:R02C02,verify_soil_moisture_next_pass,send_irrigation_alert,R02C02 干旱风险可信，触发灌溉提醒,human_or_controller_confirmation_required_for_irrigation,ready
2026-08-10 11:00,R02C01,9.5,30.0,高,drought,低,execute,execute_recommended_action,irrigation_alert,high,continue_patrol_after_marking:R02C01,verify_soil_moisture_next_pass,send_irrigation_alert,R02C01 干旱风险可信，触发灌溉提醒,human_or_controller_confirmation_required_for_irrigation,ready
2026-08-10 12:00,R03C01,10.5,49.6,中高,drought,低,execute,execute_recommended_action,irrigation_alert,high,continue_patrol_after_marking:R03C01,verify_soil_moisture_next_pass,send_irrigation_alert,R03C01 干旱风险可信，触发灌溉提醒,human_or_controller_confirmation_required_for_irrigation,ready
2026-08-10 13:00,R03C02,31.3,49.2,中高,drought,中,hold,recheck_before_action,recheck_region,high,"navigate_to:R03C02@(31.3,49.2); slow_down; hold_safe_distance",capture_close_range_image; resample_environment_sensors,defer_field_actuation,R03C02 高风险但不确定性为中，先复查后再执行,blocked_until_recheck_confirms_state,queued_for_recheck
2026-08-10 14:00,R03C03,51.5,49.0,中高,drought,中,hold,recheck_before_action,recheck_region,high,"navigate_to:R03C03@(51.5,49.0); slow_down; hold_safe_distance",capture_close_range_image; resample_environment_sensors,defer_field_actuation,R03C03 高风险但不确定性为中，先复查后再执行,blocked_until_recheck_confirms_state,queued_for_recheck
2026-08-10 15:00,R03C04,71.0,49.1,中高,drought,中,hold,recheck_before_action,recheck_region,high,"navigate_to:R03C04@(71.0,49.1); slow_down; hold_safe_distance",capture_close_range_image; resample_environment_sensors,defer_field_actuation,R03C04 高风险但不确定性为中，先复查后再执行,blocked_until_recheck_confirms_state,queued_for_recheck
2026-08-10 16:00,R03C05,90.0,49.4,中,drought,中,hold,resample_before_action,resample_sensors,medium,"hold_position:R03C05@(90.0,49.4); repeat_sampling_pass",resample_soil_moisture; resample_temperature; capture_context_image,none,R03C05 中风险且不确定性为中，重新采样后再决策,blocked_until_sensor_resample,queued_for_resampling
2026-08-10 17:00,R03C06,109.0,49.8,低,healthy,低,observe,routine_patrol,continue_patrol,low,continue_nominal_patrol,standard_periodic_sampling,none,R03C06 当前风险较低，保持常规巡检,normal_autonomy,ready
2026-08-10 18:00,R04C06,108.5,70.3,很低,healthy,低,observe,routine_patrol,continue_patrol,low,continue_nominal_patrol,standard_periodic_sampling,none,R04C06 当前风险较低，保持常规巡检,normal_autonomy,ready
2026-08-10 19:00,R04C05,88.7,70.7,很低,healthy,低,observe,routine_patrol,continue_patrol,low,continue_nominal_patrol,standard_periodic_sampling,none,R04C05 当前风险较低，保持常规巡检,normal_autonomy,ready
2026-08-10 20:00,R04C04,69.5,71.0,很低,healthy,低,observe,routine_patrol,continue_patrol,low,continue_nominal_patrol,standard_periodic_sampling,none,R04C04 当前风险较低，保持常规巡检,normal_autonomy,ready
2026-08-10 21:00,R04C03,50.5,71.0,很低,healthy,低,observe,routine_patrol,continue_patrol,low,continue_nominal_patrol,standard_periodic_sampling,none,R04C03 当前风险较低，保持常规巡检,normal_autonomy,ready
2026-08-10 22:00,R04C02,31.3,70.7,很低,healthy,低,observe,routine_patrol,continue_patrol,low,continue_nominal_patrol,standard_periodic_sampling,none,R04C02 当前风险较低，保持常规巡检,normal_autonomy,ready
2026-08-10 23:00,R04C01,11.5,70.3,很低,healthy,低,observe,routine_patrol,continue_patrol,low,continue_nominal_patrol,standard_periodic_sampling,none,R04C01 当前风险较低，保持常规巡检,normal_autonomy,ready
2026-08-11 00:00,R01C01,11.0,9.8,很低,healthy,低,observe,routine_patrol,continue_patrol,low,continue_nominal_patrol,standard_periodic_sampling,none,R01C01 当前风险较低，保持常规巡检,normal_autonomy,ready
2026-08-11 01:00,R01C02,30.0,9.4,很低,healthy,低,observe,routine_patrol,continue_patrol,low,continue_nominal_patrol,standard_periodic_sampling,none,R01C02 当前风险较低，保持常规巡检,normal_autonomy,ready
2026-08-11 02:00,R01C03,49.0,9.1,很低,healthy,低,observe,routine_patrol,continue_patrol,low,continue_nominal_patrol,standard_periodic_sampling,none,R01C03 当前风险较低，保持常规巡检,normal_autonomy,ready
2026-08-11 03:00,R01C04,68.5,9.0,很低,healthy,低,observe,routine_patrol,continue_patrol,low,continue_nominal_patrol,standard_periodic_sampling,none,R01C04 当前风险较低，保持常规巡检,normal_autonomy,ready
2026-08-11 04:00,R01C05,88.7,9.2,很低,healthy,低,observe,routine_patrol,continue_patrol,low,continue_nominal_patrol,standard_periodic_sampling,none,R01C05 当前风险较低，保持常规巡检,normal_autonomy,ready
2026-08-11 05:00,R01C06,109.5,9.6,很低,healthy,低,observe,routine_patrol,continue_patrol,low,continue_nominal_patrol,standard_periodic_sampling,none,R01C06 当前风险较低，保持常规巡检,normal_autonomy,ready
2026-08-11 06:00,R02C06,110.5,30.0,很低,healthy,低,observe,routine_patrol,continue_patrol,low,continue_nominal_patrol,standard_periodic_sampling,none,R02C06 当前风险较低，保持常规巡检,normal_autonomy,ready
2026-08-11 07:00,R02C05,91.3,30.5,很低,healthy,低,observe,routine_patrol,continue_patrol,low,continue_nominal_patrol,standard_periodic_sampling,none,R02C05 当前风险较低，保持常规巡检,normal_autonomy,ready
2026-08-11 08:00,R02C04,71.5,30.9,很低,healthy,低,observe,routine_patrol,continue_patrol,low,continue_nominal_patrol,standard_periodic_sampling,none,R02C04 当前风险较低，保持常规巡检,normal_autonomy,ready
2026-08-11 09:00,R02C03,50.9,31.0,很低,healthy,低,observe,routine_patrol,continue_patrol,low,continue_nominal_patrol,standard_periodic_sampling,none,R02C03 当前风险较低，保持常规巡检,normal_autonomy,ready
2026-08-11 10:00,R02C02,30.0,30.9,很低,healthy,中,hold,monitor_more_context,monitor_context,normal,continue_patrol; revisit_region:R02C02,collect_next_context_window,none,R02C02 风险或不确定性处于中间状态，继续观察,no_direct_field_actuation,monitoring
2026-08-11 11:00,R02C01,9.0,30.6,很低,healthy,低,observe,routine_patrol,continue_patrol,low,continue_nominal_patrol,standard_periodic_sampling,none,R02C01 当前风险较低，保持常规巡检,normal_autonomy,ready
2026-08-11 12:00,R03C01,8.5,50.1,中,drought,中,hold,resample_before_action,resample_sensors,medium,"hold_position:R03C01@(8.5,50.1); repeat_sampling_pass",resample_soil_moisture; resample_temperature; capture_context_image,none,R03C01 中风险且不确定性为中，重新采样后再决策,blocked_until_sensor_resample,queued_for_resampling
2026-08-11 13:00,R03C02,28.7,49.6,中,drought,中,hold,resample_before_action,resample_sensors,medium,"hold_position:R03C02@(28.7,49.6); repeat_sampling_pass",resample_soil_moisture; resample_temperature; capture_context_image,none,R03C02 中风险且不确定性为中，重新采样后再决策,blocked_until_sensor_resample,queued_for_resampling
2026-08-11 14:00,R03C03,49.5,49.2,中,drought,中,hold,resample_before_action,resample_sensors,medium,"hold_position:R03C03@(49.5,49.2); repeat_sampling_pass",resample_soil_moisture; resample_temperature; capture_context_image,none,R03C03 中风险且不确定性为中，重新采样后再决策,blocked_until_sensor_resample,queued_for_resampling
2026-08-11 15:00,R03C04,70.6,49.0,中,drought,中,hold,resample_before_action,resample_sensors,medium,"hold_position:R03C04@(70.6,49.0); repeat_sampling_pass",resample_soil_moisture; resample_temperature; capture_context_image,none,R03C04 中风险且不确定性为中，重新采样后再决策,blocked_until_sensor_resample,queued_for_resampling
2026-08-11 16:00,R03C05,91.3,49.1,中,drought,中,hold,resample_before_action,resample_sensors,medium,"hold_position:R03C05@(91.3,49.1); repeat_sampling_pass",resample_soil_moisture; resample_temperature; capture_context_image,none,R03C05 中风险且不确定性为中，重新采样后再决策,blocked_until_sensor_resample,queued_for_resampling
2026-08-11 17:00,R03C06,111.5,49.3,很低,healthy,低,observe,routine_patrol,continue_patrol,low,continue_nominal_patrol,standard_periodic_sampling,none,R03C06 当前风险较低，保持常规巡检,normal_autonomy,ready
2026-08-11 18:00,R04C06,110.9,69.8,中,waterlogging,中,hold,resample_before_action,resample_sensors,medium,"hold_position:R04C06@(110.9,69.8); repeat_sampling_pass",resample_soil_moisture; resample_temperature; capture_context_image,none,R04C06 中风险且不确定性为中，重新采样后再决策,blocked_until_sensor_resample,queued_for_resampling
2026-08-11 19:00,R04C05,89.9,70.3,很低,healthy,低,observe,routine_patrol,continue_patrol,low,continue_nominal_patrol,standard_periodic_sampling,none,R04C05 当前风险较低，保持常规巡检,normal_autonomy,ready
2026-08-11 20:00,R04C04,69.0,70.7,很低,healthy,低,observe,routine_patrol,continue_patrol,low,continue_nominal_patrol,standard_periodic_sampling,none,R04C04 当前风险较低，保持常规巡检,normal_autonomy,ready
2026-08-11 21:00,R04C03,48.5,71.0,很低,healthy,低,observe,routine_patrol,continue_patrol,low,continue_nominal_patrol,standard_periodic_sampling,none,R04C03 当前风险较低，保持常规巡检,normal_autonomy,ready
2026-08-11 22:00,R04C02,28.7,71.0,很低,healthy,低,observe,routine_patrol,continue_patrol,low,continue_nominal_patrol,standard_periodic_sampling,none,R04C02 当前风险较低，保持常规巡检,normal_autonomy,ready
2026-08-11 23:00,R04C01,9.6,70.8,很低,healthy,低,observe,routine_patrol,continue_patrol,low,continue_nominal_patrol,standard_periodic_sampling,none,R04C01 当前风险较低，保持常规巡检,normal_autonomy,ready
2026-08-12 00:00,R01C01,10.6,10.4,很低,healthy,低,observe,routine_patrol,continue_patrol,low,continue_nominal_patrol,standard_periodic_sampling,none,R01C01 当前风险较低，保持常规巡检,normal_autonomy,ready
2026-08-12 01:00,R01C02,31.3,9.9,很低,healthy,低,observe,routine_patrol,continue_patrol,low,continue_nominal_patrol,standard_periodic_sampling,none,R01C02 当前风险较低，保持常规巡检,normal_autonomy,ready
2026-08-12 02:00,R01C03,51.5,9.4,很低,healthy,低,observe,routine_patrol,continue_patrol,low,continue_nominal_patrol,standard_periodic_sampling,none,R01C03 当前风险较低，保持常规巡检,normal_autonomy,ready
2026-08-12 03:00,R01C04,70.9,9.1,很低,healthy,低,observe,routine_patrol,continue_patrol,low,continue_nominal_patrol,standard_periodic_sampling,none,R01C04 当前风险较低，保持常规巡检,normal_autonomy,ready
2026-08-12 04:00,R01C05,89.9,9.0,很低,healthy,低,observe,routine_patrol,continue_patrol,low,continue_nominal_patrol,standard_periodic_sampling,none,R01C05 当前风险较低，保持常规巡检,normal_autonomy,ready
2026-08-12 05:00,R01C06,109.0,9.1,很低,healthy,低,observe,routine_patrol,continue_patrol,low,continue_nominal_patrol,standard_periodic_sampling,none,R01C06 当前风险较低，保持常规巡检,normal_autonomy,ready
2026-08-12 06:00,R02C06,108.5,29.5,很低,healthy,低,observe,routine_patrol,continue_patrol,low,continue_nominal_patrol,standard_periodic_sampling,none,R02C06 当前风险较低，保持常规巡检,normal_autonomy,ready
2026-08-12 07:00,R02C05,88.8,30.0,很低,healthy,低,observe,routine_patrol,continue_patrol,low,continue_nominal_patrol,standard_periodic_sampling,none,R02C05 当前风险较低，保持常规巡检,normal_autonomy,ready
2026-08-12 08:00,R02C04,69.6,30.5,很低,healthy,低,observe,routine_patrol,continue_patrol,low,continue_nominal_patrol,standard_periodic_sampling,none,R02C04 当前风险较低，保持常规巡检,normal_autonomy,ready
2026-08-12 09:00,R02C03,50.6,30.8,很低,healthy,低,observe,routine_patrol,continue_patrol,low,continue_nominal_patrol,standard_periodic_sampling,none,R02C03 当前风险较低，保持常规巡检,normal_autonomy,ready
2026-08-12 10:00,R02C02,31.4,31.0,很低,healthy,低,observe,routine_patrol,continue_patrol,low,continue_nominal_patrol,standard_periodic_sampling,none,R02C02 当前风险较低，保持常规巡检,normal_autonomy,ready
2026-08-12 11:00,R02C01,11.5,30.9,很低,healthy,低,observe,routine_patrol,continue_patrol,low,continue_nominal_patrol,standard_periodic_sampling,none,R02C01 当前风险较低，保持常规巡检,normal_autonomy,ready
2026-08-12 12:00,R03C01,10.9,50.6,很低,healthy,低,observe,routine_patrol,continue_patrol,low,continue_nominal_patrol,standard_periodic_sampling,none,R03C01 当前风险较低，保持常规巡检,normal_autonomy,ready
2026-08-12 13:00,R03C02,29.9,50.2,很低,healthy,低,observe,routine_patrol,continue_patrol,low,continue_nominal_patrol,standard_periodic_sampling,none,R03C02 当前风险较低，保持常规巡检,normal_autonomy,ready
2026-08-12 14:00,R03C03,48.9,49.7,很低,healthy,低,observe,routine_patrol,continue_patrol,low,continue_nominal_patrol,standard_periodic_sampling,none,R03C03 当前风险较低，保持常规巡检,normal_autonomy,ready
2026-08-12 15:00,R03C04,68.5,49.3,很低,healthy,低,observe,routine_patrol,continue_patrol,low,continue_nominal_patrol,standard_periodic_sampling,none,R03C04 当前风险较低，保持常规巡检,normal_autonomy,ready
2026-08-12 16:00,R03C05,88.8,49.0,很低,healthy,低,observe,routine_patrol,continue_patrol,low,continue_nominal_patrol,standard_periodic_sampling,none,R03C05 当前风险较低，保持常规巡检,normal_autonomy,ready
2026-08-12 17:00,R03C06,109.6,49.0,很低,healthy,低,observe,routine_patrol,continue_patrol,low,continue_nominal_patrol,standard_periodic_sampling,none,R03C06 当前风险较低，保持常规巡检,normal_autonomy,ready
2026-08-12 18:00,R04C06,110.6,69.3,很低,healthy,低,observe,routine_patrol,continue_patrol,low,continue_nominal_patrol,standard_periodic_sampling,none,R04C06 当前风险较低，保持常规巡检,normal_autonomy,ready
2026-08-12 19:00,R04C05,91.4,69.7,很低,healthy,低,observe,routine_patrol,continue_patrol,low,continue_nominal_patrol,standard_periodic_sampling,none,R04C05 当前风险较低，保持常规巡检,normal_autonomy,ready
2026-08-12 20:00,R04C04,71.4,70.2,很低,healthy,低,observe,routine_patrol,continue_patrol,low,continue_nominal_patrol,standard_periodic_sampling,none,R04C04 当前风险较低，保持常规巡检,normal_autonomy,ready
2026-08-12 21:00,R04C03,50.9,70.6,很低,healthy,低,observe,routine_patrol,continue_patrol,low,continue_nominal_patrol,standard_periodic_sampling,none,R04C03 当前风险较低，保持常规巡检,normal_autonomy,ready
2026-08-12 22:00,R04C02,29.9,70.9,很低,healthy,低,observe,routine_patrol,continue_patrol,low,continue_nominal_patrol,standard_periodic_sampling,none,R04C02 当前风险较低，保持常规巡检,normal_autonomy,ready
2026-08-12 23:00,R04C01,8.9,71.0,很低,healthy,低,observe,routine_patrol,continue_patrol,low,continue_nominal_patrol,standard_periodic_sampling,none,R04C01 当前风险较低，保持常规巡检,normal_autonomy,ready
2026-08-13 00:00,R01C01,8.5,10.8,很低,healthy,低,observe,routine_patrol,continue_patrol,low,continue_nominal_patrol,standard_periodic_sampling,none,R01C01 当前风险较低，保持常规巡检,normal_autonomy,ready
2026-08-13 01:00,R01C02,28.8,10.4,很低,healthy,低,observe,routine_patrol,continue_patrol,low,continue_nominal_patrol,standard_periodic_sampling,none,R01C02 当前风险较低，保持常规巡检,normal_autonomy,ready
2026-08-13 02:00,R01C03,49.6,10.0,很低,healthy,低,observe,routine_patrol,continue_patrol,low,continue_nominal_patrol,standard_periodic_sampling,none,R01C03 当前风险较低，保持常规巡检,normal_autonomy,ready
2026-08-13 03:00,R01C04,70.7,9.5,很低,healthy,低,observe,routine_patrol,continue_patrol,low,continue_nominal_patrol,standard_periodic_sampling,none,R01C04 当前风险较低，保持常规巡检,normal_autonomy,ready
2026-08-13 04:00,R01C05,91.4,9.1,很低,healthy,低,observe,routine_patrol,continue_patrol,low,continue_nominal_patrol,standard_periodic_sampling,none,R01C05 当前风险较低，保持常规巡检,normal_autonomy,ready
2026-08-13 05:00,R01C06,111.4,9.0,很低,healthy,低,observe,routine_patrol,continue_patrol,low,continue_nominal_patrol,standard_periodic_sampling,none,R01C06 当前风险较低，保持常规巡检,normal_autonomy,ready
2026-08-13 06:00,R02C06,110.8,29.1,很低,healthy,低,observe,routine_patrol,continue_patrol,low,continue_nominal_patrol,standard_periodic_sampling,none,R02C06 当前风险较低，保持常规巡检,normal_autonomy,ready
2026-08-13 07:00,R02C05,89.8,29.4,很低,healthy,低,observe,routine_patrol,continue_patrol,low,continue_nominal_patrol,standard_periodic_sampling,none,R02C05 当前风险较低，保持常规巡检,normal_autonomy,ready
2026-08-13 08:00,R02C04,68.9,29.9,很低,healthy,低,observe,routine_patrol,continue_patrol,low,continue_nominal_patrol,standard_periodic_sampling,none,R02C04 当前风险较低，保持常规巡检,normal_autonomy,ready
2026-08-13 09:00,R02C03,48.5,30.4,中,waterlogging,中,hold,resample_before_action,resample_sensors,medium,"hold_position:R02C03@(48.5,30.4); repeat_sampling_pass",resample_soil_moisture; resample_temperature; capture_context_image,none,R02C03 中风险且不确定性为中，重新采样后再决策,blocked_until_sensor_resample,queued_for_resampling
2026-08-13 10:00,R02C02,28.8,30.8,很低,healthy,低,observe,routine_patrol,continue_patrol,low,continue_nominal_patrol,standard_periodic_sampling,none,R02C02 当前风险较低，保持常规巡检,normal_autonomy,ready
2026-08-13 11:00,R02C01,9.7,31.0,很低,healthy,低,observe,routine_patrol,continue_patrol,low,continue_nominal_patrol,standard_periodic_sampling,none,R02C01 当前风险较低，保持常规巡检,normal_autonomy,ready
2026-08-13 12:00,R03C01,10.7,50.9,很低,healthy,低,observe,routine_patrol,continue_patrol,low,continue_nominal_patrol,standard_periodic_sampling,none,R03C01 当前风险较低，保持常规巡检,normal_autonomy,ready
2026-08-13 13:00,R03C02,31.4,50.7,很低,healthy,低,observe,routine_patrol,continue_patrol,low,continue_nominal_patrol,standard_periodic_sampling,none,R03C02 当前风险较低，保持常规巡检,normal_autonomy,ready
2026-08-13 14:00,R03C03,51.4,50.2,很低,healthy,低,observe,routine_patrol,continue_patrol,low,continue_nominal_patrol,standard_periodic_sampling,none,R03C03 当前风险较低，保持常规巡检,normal_autonomy,ready
2026-08-13 15:00,R03C04,70.8,49.7,低,healthy,低,observe,routine_patrol,continue_patrol,low,continue_nominal_patrol,standard_periodic_sampling,none,R03C04 当前风险较低，保持常规巡检,normal_autonomy,ready
2026-08-13 16:00,R03C05,89.8,49.3,很低,healthy,低,observe,routine_patrol,continue_patrol,low,continue_nominal_patrol,standard_periodic_sampling,none,R03C05 当前风险较低，保持常规巡检,normal_autonomy,ready
2026-08-13 17:00,R03C06,108.9,49.0,很低,healthy,低,observe,routine_patrol,continue_patrol,low,continue_nominal_patrol,standard_periodic_sampling,none,R03C06 当前风险较低，保持常规巡检,normal_autonomy,ready
2026-08-13 18:00,R04C06,108.5,69.0,很低,healthy,低,observe,routine_patrol,continue_patrol,low,continue_nominal_patrol,standard_periodic_sampling,none,R04C06 当前风险较低，保持常规巡检,normal_autonomy,ready
2026-08-13 19:00,R04C05,88.8,69.2,很低,healthy,低,observe,routine_patrol,continue_patrol,low,continue_nominal_patrol,standard_periodic_sampling,none,R04C05 当前风险较低，保持常规巡检,normal_autonomy,ready
2026-08-13 20:00,R04C04,69.7,69.6,很低,healthy,低,observe,routine_patrol,continue_patrol,low,continue_nominal_patrol,standard_periodic_sampling,none,R04C04 当前风险较低，保持常规巡检,normal_autonomy,ready
2026-08-13 21:00,R04C03,50.7,70.1,很低,healthy,低,observe,routine_patrol,continue_patrol,low,continue_nominal_patrol,standard_periodic_sampling,none,R04C03 当前风险较低，保持常规巡检,normal_autonomy,ready
2026-08-13 22:00,R04C02,31.4,70.6,很低,healthy,低,observe,routine_patrol,continue_patrol,low,continue_nominal_patrol,standard_periodic_sampling,none,R04C02 当前风险较低，保持常规巡检,normal_autonomy,ready
2026-08-13 23:00,R04C01,11.4,70.9,很低,healthy,低,observe,routine_patrol,continue_patrol,low,continue_nominal_patrol,standard_periodic_sampling,none,R04C01 当前风险较低，保持常规巡检,normal_autonomy,ready
2026-08-14 00:00,R01C01,10.8,11.0,很低,healthy,低,observe,routine_patrol,continue_patrol,low,continue_nominal_patrol,standard_periodic_sampling,none,R01C01 当前风险较低，保持常规巡检,normal_autonomy,ready
2026-08-14 01:00,R01C02,29.8,10.9,很低,healthy,中,hold,monitor_more_context,monitor_context,normal,continue_patrol; revisit_region:R01C02,collect_next_context_window,none,R01C02 风险或不确定性处于中间状态，继续观察,no_direct_field_actuation,monitoring
2026-08-14 02:00,R01C03,48.9,10.5,很低,healthy,低,observe,routine_patrol,continue_patrol,low,continue_nominal_patrol,standard_periodic_sampling,none,R01C03 当前风险较低，保持常规巡检,normal_autonomy,ready
2026-08-14 03:00,R01C04,68.5,10.0,很低,healthy,低,observe,routine_patrol,continue_patrol,low,continue_nominal_patrol,standard_periodic_sampling,none,R01C04 当前风险较低，保持常规巡检,normal_autonomy,ready
2026-08-14 04:00,R01C05,88.8,9.5,很低,healthy,低,observe,routine_patrol,continue_patrol,low,continue_nominal_patrol,standard_periodic_sampling,none,R01C05 当前风险较低，保持常规巡检,normal_autonomy,ready
2026-08-14 05:00,R01C06,109.7,9.2,很低,healthy,低,observe,routine_patrol,continue_patrol,low,continue_nominal_patrol,standard_periodic_sampling,none,R01C06 当前风险较低，保持常规巡检,normal_autonomy,ready
2026-08-14 06:00,R02C06,110.7,29.0,很低,healthy,低,observe,routine_patrol,continue_patrol,low,continue_nominal_patrol,standard_periodic_sampling,none,R02C06 当前风险较低，保持常规巡检,normal_autonomy,ready
2026-08-14 07:00,R02C05,91.4,29.1,很低,healthy,低,observe,routine_patrol,continue_patrol,low,continue_nominal_patrol,standard_periodic_sampling,none,R02C05 当前风险较低，保持常规巡检,normal_autonomy,ready
2026-08-14 08:00,R02C04,71.4,29.4,很低,healthy,低,observe,routine_patrol,continue_patrol,low,continue_nominal_patrol,standard_periodic_sampling,none,R02C04 当前风险较低，保持常规巡检,normal_autonomy,ready
2026-08-14 09:00,R02C03,50.8,29.8,很低,healthy,低,observe,routine_patrol,continue_patrol,low,continue_nominal_patrol,standard_periodic_sampling,none,R02C03 当前风险较低，保持常规巡检,normal_autonomy,ready
2026-08-14 10:00,R02C02,29.8,30.3,很低,healthy,低,observe,routine_patrol,continue_patrol,low,continue_nominal_patrol,standard_periodic_sampling,none,R02C02 当前风险较低，保持常规巡检,normal_autonomy,ready
2026-08-14 11:00,R02C01,8.9,30.7,很低,healthy,低,observe,routine_patrol,continue_patrol,low,continue_nominal_patrol,standard_periodic_sampling,none,R02C01 当前风险较低，保持常规巡检,normal_autonomy,ready
2026-08-14 12:00,R03C01,8.5,51.0,很低,healthy,低,observe,routine_patrol,continue_patrol,low,continue_nominal_patrol,standard_periodic_sampling,none,R03C01 当前风险较低，保持常规巡检,normal_autonomy,ready
2026-08-14 13:00,R03C02,28.8,51.0,很低,healthy,低,observe,routine_patrol,continue_patrol,low,continue_nominal_patrol,standard_periodic_sampling,none,R03C02 当前风险较低，保持常规巡检,normal_autonomy,ready
2026-08-14 14:00,R03C03,49.7,50.7,很低,healthy,低,observe,routine_patrol,continue_patrol,low,continue_nominal_patrol,standard_periodic_sampling,none,R03C03 当前风险较低，保持常规巡检,normal_autonomy,ready
2026-08-14 15:00,R03C04,70.7,50.3,很低,healthy,低,observe,routine_patrol,continue_patrol,low,continue_nominal_patrol,standard_periodic_sampling,none,R03C04 当前风险较低，保持常规巡检,normal_autonomy,ready
2026-08-14 16:00,R03C05,91.4,49.8,很低,healthy,低,observe,routine_patrol,continue_patrol,low,continue_nominal_patrol,standard_periodic_sampling,none,R03C05 当前风险较低，保持常规巡检,normal_autonomy,ready
2026-08-14 17:00,R03C06,111.4,49.4,很低,healthy,低,observe,routine_patrol,continue_patrol,low,continue_nominal_patrol,standard_periodic_sampling,none,R03C06 当前风险较低，保持常规巡检,normal_autonomy,ready
2026-08-14 18:00,R04C06,110.7,69.1,很低,healthy,低,observe,routine_patrol,continue_patrol,low,continue_nominal_patrol,standard_periodic_sampling,none,R04C06 当前风险较低，保持常规巡检,normal_autonomy,ready
2026-08-14 19:00,R04C05,89.7,69.0,很低,healthy,低,observe,routine_patrol,continue_patrol,low,continue_nominal_patrol,standard_periodic_sampling,none,R04C05 当前风险较低，保持常规巡检,normal_autonomy,ready
2026-08-14 20:00,R04C04,68.8,69.2,很低,healthy,低,observe,routine_patrol,continue_patrol,low,continue_nominal_patrol,standard_periodic_sampling,none,R04C04 当前风险较低，保持常规巡检,normal_autonomy,ready
2026-08-14 21:00,R04C03,48.5,69.6,很低,healthy,低,observe,routine_patrol,continue_patrol,low,continue_nominal_patrol,standard_periodic_sampling,none,R04C03 当前风险较低，保持常规巡检,normal_autonomy,ready
2026-08-14 22:00,R04C02,28.9,70.1,很低,healthy,低,observe,routine_patrol,continue_patrol,low,continue_nominal_patrol,standard_periodic_sampling,none,R04C02 当前风险较低，保持常规巡检,normal_autonomy,ready
2026-08-14 23:00,R04C01,9.8,70.5,很低,healthy,低,observe,routine_patrol,continue_patrol,low,continue_nominal_patrol,standard_periodic_sampling,none,R04C01 当前风险较低，保持常规巡检,normal_autonomy,ready
2026-08-15 00:00,R01C01,10.8,10.9,很低,healthy,低,observe,routine_patrol,continue_patrol,low,continue_nominal_patrol,standard_periodic_sampling,none,R01C01 当前风险较低，保持常规巡检,normal_autonomy,ready
2026-08-15 01:00,R01C02,31.4,11.0,很低,healthy,低,observe,routine_patrol,continue_patrol,low,continue_nominal_patrol,standard_periodic_sampling,none,R01C02 当前风险较低，保持常规巡检,normal_autonomy,ready
2026-08-15 02:00,R01C03,51.4,10.9,很低,healthy,低,observe,routine_patrol,continue_patrol,low,continue_nominal_patrol,standard_periodic_sampling,none,R01C03 当前风险较低，保持常规巡检,normal_autonomy,ready
2026-08-15 03:00,R01C04,70.7,10.6,很低,healthy,低,observe,routine_patrol,continue_patrol,low,continue_nominal_patrol,standard_periodic_sampling,none,R01C04 当前风险较低，保持常规巡检,normal_autonomy,ready
2026-08-15 04:00,R01C05,89.7,10.1,很低,healthy,低,observe,routine_patrol,continue_patrol,low,continue_nominal_patrol,standard_periodic_sampling,none,R01C05 当前风险较低，保持常规巡检,normal_autonomy,ready
2026-08-15 05:00,R01C06,108.8,9.6,很低,healthy,低,observe,routine_patrol,continue_patrol,low,continue_nominal_patrol,standard_periodic_sampling,none,R01C06 当前风险较低，保持常规巡检,normal_autonomy,ready
2026-08-15 06:00,R02C06,108.5,29.2,很低,healthy,低,observe,routine_patrol,continue_patrol,low,continue_nominal_patrol,standard_periodic_sampling,none,R02C06 当前风险较低，保持常规巡检,normal_autonomy,ready
2026-08-15 07:00,R02C05,88.9,29.0,很低,healthy,低,observe,routine_patrol,continue_patrol,low,continue_nominal_patrol,standard_periodic_sampling,none,R02C05 当前风险较低，保持常规巡检,normal_autonomy,ready
2026-08-15 08:00,R02C04,69.8,29.1,很低,healthy,低,observe,routine_patrol,continue_patrol,low,continue_nominal_patrol,standard_periodic_sampling,none,R02C04 当前风险较低，保持常规巡检,normal_autonomy,ready
2026-08-15 09:00,R02C03,50.8,29.3,很低,healthy,低,observe,routine_patrol,continue_patrol,low,continue_nominal_patrol,standard_periodic_sampling,none,R02C03 当前风险较低，保持常规巡检,normal_autonomy,ready
2026-08-15 10:00,R02C02,31.4,29.8,很低,healthy,低,observe,routine_patrol,continue_patrol,low,continue_nominal_patrol,standard_periodic_sampling,none,R02C02 当前风险较低，保持常规巡检,normal_autonomy,ready
2026-08-15 11:00,R02C01,11.4,30.3,很低,healthy,低,observe,routine_patrol,continue_patrol,low,continue_nominal_patrol,standard_periodic_sampling,none,R02C01 当前风险较低，保持常规巡检,normal_autonomy,ready
2026-08-15 12:00,R03C01,10.7,50.7,很低,healthy,低,observe,routine_patrol,continue_patrol,low,continue_nominal_patrol,standard_periodic_sampling,none,R03C01 当前风险较低，保持常规巡检,normal_autonomy,ready
2026-08-15 13:00,R03C02,29.7,51.0,很低,healthy,低,observe,routine_patrol,continue_patrol,low,continue_nominal_patrol,standard_periodic_sampling,none,R03C02 当前风险较低，保持常规巡检,normal_autonomy,ready
2026-08-15 14:00,R03C03,48.8,51.0,中,drought,中,hold,resample_before_action,resample_sensors,medium,"hold_position:R03C03@(48.8,51.0); repeat_sampling_pass",resample_soil_moisture; resample_temperature; capture_context_image,none,R03C03 中风险且不确定性为中，重新采样后再决策,blocked_until_sensor_resample,queued_for_resampling
2026-08-15 15:00,R03C04,68.5,50.8,中,drought,中,hold,resample_before_action,resample_sensors,medium,"hold_position:R03C04@(68.5,50.8); repeat_sampling_pass",resample_soil_moisture; resample_temperature; capture_context_image,none,R03C04 中风险且不确定性为中，重新采样后再决策,blocked_until_sensor_resample,queued_for_resampling
2026-08-15 16:00,R03C05,88.9,50.4,中,drought,中,hold,resample_before_action,resample_sensors,medium,"hold_position:R03C05@(88.9,50.4); repeat_sampling_pass",resample_soil_moisture; resample_temperature; capture_context_image,none,R03C05 中风险且不确定性为中，重新采样后再决策,blocked_until_sensor_resample,queued_for_resampling
2026-08-15 17:00,R03C06,109.8,49.9,中,drought,中,hold,resample_before_action,resample_sensors,medium,"hold_position:R03C06@(109.8,49.9); repeat_sampling_pass",resample_soil_moisture; resample_temperature; capture_context_image,none,R03C06 中风险且不确定性为中，重新采样后再决策,blocked_until_sensor_resample,queued_for_resampling
2026-08-15 18:00,R04C06,110.8,69.4,中,drought,中,hold,resample_before_action,resample_sensors,medium,"hold_position:R04C06@(110.8,69.4); repeat_sampling_pass",resample_soil_moisture; resample_temperature; capture_context_image,none,R04C06 中风险且不确定性为中，重新采样后再决策,blocked_until_sensor_resample,queued_for_resampling
2026-08-15 19:00,R04C05,91.4,69.1,中,drought,中,hold,resample_before_action,resample_sensors,medium,"hold_position:R04C05@(91.4,69.1); repeat_sampling_pass",resample_soil_moisture; resample_temperature; capture_context_image,none,R04C05 中风险且不确定性为中，重新采样后再决策,blocked_until_sensor_resample,queued_for_resampling
2026-08-15 20:00,R04C04,71.4,69.0,中,drought,中,hold,resample_before_action,resample_sensors,medium,"hold_position:R04C04@(71.4,69.0); repeat_sampling_pass",resample_soil_moisture; resample_temperature; capture_context_image,none,R04C04 中风险且不确定性为中，重新采样后再决策,blocked_until_sensor_resample,queued_for_resampling
2026-08-15 21:00,R04C03,50.7,69.2,中高,drought,低,execute,execute_recommended_action,irrigation_alert,high,continue_patrol_after_marking:R04C03,verify_soil_moisture_next_pass,send_irrigation_alert,R04C03 干旱风险可信，触发灌溉提醒,human_or_controller_confirmation_required_for_irrigation,ready
2026-08-15 22:00,R04C02,29.7,69.5,中高,drought,中,hold,recheck_before_action,recheck_region,high,"navigate_to:R04C02@(29.7,69.5); slow_down; hold_safe_distance",capture_close_range_image; resample_environment_sensors,defer_field_actuation,R04C02 高风险但不确定性为中，先复查后再执行,blocked_until_recheck_confirms_state,queued_for_recheck
2026-08-15 23:00,R04C01,8.8,70.0,中,drought,中,hold,resample_before_action,resample_sensors,medium,"hold_position:R04C01@(8.8,70.0); repeat_sampling_pass",resample_soil_moisture; resample_temperature; capture_context_image,none,R04C01 中风险且不确定性为中，重新采样后再决策,blocked_until_sensor_resample,queued_for_resampling
2026-08-16 00:00,R01C01,8.5,10.5,中,drought,中,hold,resample_before_action,resample_sensors,medium,"hold_position:R01C01@(8.5,10.5); repeat_sampling_pass",resample_soil_moisture; resample_temperature; capture_context_image,none,R01C01 中风险且不确定性为中，重新采样后再决策,blocked_until_sensor_resample,queued_for_resampling
2026-08-16 01:00,R01C02,28.9,10.8,中,drought,中,hold,resample_before_action,resample_sensors,medium,"hold_position:R01C02@(28.9,10.8); repeat_sampling_pass",resample_soil_moisture; resample_temperature; capture_context_image,none,R01C02 中风险且不确定性为中，重新采样后再决策,blocked_until_sensor_resample,queued_for_resampling
2026-08-16 02:00,R01C03,49.8,11.0,中,drought,中,hold,resample_before_action,resample_sensors,medium,"hold_position:R01C03@(49.8,11.0); repeat_sampling_pass",resample_soil_moisture; resample_temperature; capture_context_image,none,R01C03 中风险且不确定性为中，重新采样后再决策,blocked_until_sensor_resample,queued_for_resampling
2026-08-16 03:00,R01C04,70.8,10.9,中,drought,中,hold,resample_before_action,resample_sensors,medium,"hold_position:R01C04@(70.8,10.9); repeat_sampling_pass",resample_soil_moisture; resample_temperature; capture_context_image,none,R01C04 中风险且不确定性为中，重新采样后再决策,blocked_until_sensor_resample,queued_for_resampling
2026-08-16 04:00,R01C05,91.4,10.6,中,drought,中,hold,resample_before_action,resample_sensors,medium,"hold_position:R01C05@(91.4,10.6); repeat_sampling_pass",resample_soil_moisture; resample_temperature; capture_context_image,none,R01C05 中风险且不确定性为中，重新采样后再决策,blocked_until_sensor_resample,queued_for_resampling
2026-08-16 05:00,R01C06,111.4,10.1,中,drought,中,hold,resample_before_action,resample_sensors,medium,"hold_position:R01C06@(111.4,10.1); repeat_sampling_pass",resample_soil_moisture; resample_temperature; capture_context_image,none,R01C06 中风险且不确定性为中，重新采样后再决策,blocked_until_sensor_resample,queued_for_resampling
2026-08-16 06:00,R02C06,110.7,29.7,中,drought,中,hold,resample_before_action,resample_sensors,medium,"hold_position:R02C06@(110.7,29.7); repeat_sampling_pass",resample_soil_moisture; resample_temperature; capture_context_image,none,R02C06 中风险且不确定性为中，重新采样后再决策,blocked_until_sensor_resample,queued_for_resampling
2026-08-16 07:00,R02C05,89.6,29.2,中,drought,中,hold,resample_before_action,resample_sensors,medium,"hold_position:R02C05@(89.6,29.2); repeat_sampling_pass",resample_soil_moisture; resample_temperature; capture_context_image,none,R02C05 中风险且不确定性为中，重新采样后再决策,blocked_until_sensor_resample,queued_for_resampling
2026-08-16 08:00,R02C04,68.8,29.0,中,drought,中,hold,resample_before_action,resample_sensors,medium,"hold_position:R02C04@(68.8,29.0); repeat_sampling_pass",resample_soil_moisture; resample_temperature; capture_context_image,none,R02C04 中风险且不确定性为中，重新采样后再决策,blocked_until_sensor_resample,queued_for_resampling
2026-08-16 09:00,R02C03,48.5,29.0,中高,drought,低,execute,execute_recommended_action,irrigation_alert,high,continue_patrol_after_marking:R02C03,verify_soil_moisture_next_pass,send_irrigation_alert,R02C03 干旱风险可信，触发灌溉提醒,human_or_controller_confirmation_required_for_irrigation,ready
2026-08-16 10:00,R02C02,28.9,29.3,中高,drought,低,execute,execute_recommended_action,irrigation_alert,high,continue_patrol_after_marking:R02C02,verify_soil_moisture_next_pass,send_irrigation_alert,R02C02 干旱风险可信，触发灌溉提醒,human_or_controller_confirmation_required_for_irrigation,ready
2026-08-16 11:00,R02C01,9.9,29.7,高,drought,低,execute,execute_recommended_action,irrigation_alert,high,continue_patrol_after_marking:R02C01,verify_soil_moisture_next_pass,send_irrigation_alert,R02C01 干旱风险可信，触发灌溉提醒,human_or_controller_confirmation_required_for_irrigation,ready
2026-08-16 12:00,R03C01,10.9,50.2,高,drought,低,execute,execute_recommended_action,irrigation_alert,high,continue_patrol_after_marking:R03C01,verify_soil_moisture_next_pass,send_irrigation_alert,R03C01 干旱风险可信，触发灌溉提醒,human_or_controller_confirmation_required_for_irrigation,ready
2026-08-16 13:00,R03C02,31.4,50.7,高,drought,低,execute,execute_recommended_action,irrigation_alert,high,continue_patrol_after_marking:R03C02,verify_soil_moisture_next_pass,send_irrigation_alert,R03C02 干旱风险可信，触发灌溉提醒,human_or_controller_confirmation_required_for_irrigation,ready
2026-08-16 14:00,R03C03,51.4,50.9,高,drought,低,execute,execute_recommended_action,irrigation_alert,high,continue_patrol_after_marking:R03C03,verify_soil_moisture_next_pass,send_irrigation_alert,R03C03 干旱风险可信，触发灌溉提醒,human_or_controller_confirmation_required_for_irrigation,ready
2026-08-16 15:00,R03C04,70.6,51.0,高,drought,低,execute,execute_recommended_action,irrigation_alert,high,continue_patrol_after_marking:R03C04,verify_soil_moisture_next_pass,send_irrigation_alert,R03C04 干旱风险可信，触发灌溉提醒,human_or_controller_confirmation_required_for_irrigation,ready
2026-08-16 16:00,R03C05,89.6,50.8,高,drought,低,execute,execute_recommended_action,irrigation_alert,high,continue_patrol_after_marking:R03C05,verify_soil_moisture_next_pass,send_irrigation_alert,R03C05 干旱风险可信，触发灌溉提醒,human_or_controller_confirmation_required_for_irrigation,ready
2026-08-16 17:00,R03C06,108.8,50.4,中高,drought,中,hold,recheck_before_action,recheck_region,high,"navigate_to:R03C06@(108.8,50.4); slow_down; hold_safe_distance",capture_close_range_image; resample_environment_sensors,defer_field_actuation,R03C06 高风险但不确定性为中，先复查后再执行,blocked_until_recheck_confirms_state,queued_for_recheck
2026-08-16 18:00,R04C06,108.5,69.9,中高,drought,中,hold,recheck_before_action,recheck_region,high,"navigate_to:R04C06@(108.5,69.9); slow_down; hold_safe_distance",capture_close_range_image; resample_environment_sensors,defer_field_actuation,R04C06 高风险但不确定性为中，先复查后再执行,blocked_until_recheck_confirms_state,queued_for_recheck
2026-08-16 19:00,R04C05,88.9,69.5,中高,drought,中,hold,recheck_before_action,recheck_region,high,"navigate_to:R04C05@(88.9,69.5); slow_down; hold_safe_distance",capture_close_range_image; resample_environment_sensors,defer_field_actuation,R04C05 高风险但不确定性为中，先复查后再执行,blocked_until_recheck_confirms_state,queued_for_recheck
2026-08-16 20:00,R04C04,69.9,69.1,中高,drought,中,hold,recheck_before_action,recheck_region,high,"navigate_to:R04C04@(69.9,69.1); slow_down; hold_safe_distance",capture_close_range_image; resample_environment_sensors,defer_field_actuation,R04C04 高风险但不确定性为中，先复查后再执行,blocked_until_recheck_confirms_state,queued_for_recheck
2026-08-16 21:00,R04C03,50.9,69.0,中高,drought,中,hold,recheck_before_action,recheck_region,high,"navigate_to:R04C03@(50.9,69.0); slow_down; hold_safe_distance",capture_close_range_image; resample_environment_sensors,defer_field_actuation,R04C03 高风险但不确定性为中，先复查后再执行,blocked_until_recheck_confirms_state,queued_for_recheck
2026-08-16 22:00,R04C02,31.5,69.1,中高,drought,中,hold,recheck_before_action,recheck_region,high,"navigate_to:R04C02@(31.5,69.1); slow_down; hold_safe_distance",capture_close_range_image; resample_environment_sensors,defer_field_actuation,R04C02 高风险但不确定性为中，先复查后再执行,blocked_until_recheck_confirms_state,queued_for_recheck
2026-08-16 23:00,R04C01,11.3,69.5,中高,drought,中,hold,recheck_before_action,recheck_region,high,"navigate_to:R04C01@(11.3,69.5); slow_down; hold_safe_distance",capture_close_range_image; resample_environment_sensors,defer_field_actuation,R04C01 高风险但不确定性为中，先复查后再执行,blocked_until_recheck_confirms_state,queued_for_recheck
2026-08-17 00:00,R01C01,10.6,9.9,中高,drought,中,hold,recheck_before_action,recheck_region,high,"navigate_to:R01C01@(10.6,9.9); slow_down; hold_safe_distance",capture_close_range_image; resample_environment_sensors,defer_field_actuation,R01C01 高风险但不确定性为中，先复查后再执行,blocked_until_recheck_confirms_state,queued_for_recheck
2026-08-17 01:00,R01C02,29.6,10.4,中高,drought,低,execute,execute_recommended_action,irrigation_alert,high,continue_patrol_after_marking:R01C02,verify_soil_moisture_next_pass,send_irrigation_alert,R01C02 干旱风险可信，触发灌溉提醒,human_or_controller_confirmation_required_for_irrigation,ready
2026-08-17 02:00,R01C03,48.8,10.8,中高,drought,中,hold,recheck_before_action,recheck_region,high,"navigate_to:R01C03@(48.8,10.8); slow_down; hold_safe_distance",capture_close_range_image; resample_environment_sensors,defer_field_actuation,R01C03 高风险但不确定性为中，先复查后再执行,blocked_until_recheck_confirms_state,queued_for_recheck
2026-08-17 03:00,R01C04,68.5,11.0,中高,drought,中,hold,recheck_before_action,recheck_region,high,"navigate_to:R01C04@(68.5,11.0); slow_down; hold_safe_distance",capture_close_range_image; resample_environment_sensors,defer_field_actuation,R01C04 高风险但不确定性为中，先复查后再执行,blocked_until_recheck_confirms_state,queued_for_recheck
2026-08-17 04:00,R01C05,89.0,10.9,中高,drought,中,hold,recheck_before_action,recheck_region,high,"navigate_to:R01C05@(89.0,10.9); slow_down; hold_safe_distance",capture_close_range_image; resample_environment_sensors,defer_field_actuation,R01C05 高风险但不确定性为中，先复查后再执行,blocked_until_recheck_confirms_state,queued_for_recheck
2026-08-17 05:00,R01C06,109.9,10.7,中高,drought,中,hold,recheck_before_action,recheck_region,high,"navigate_to:R01C06@(109.9,10.7); slow_down; hold_safe_distance",capture_close_range_image; resample_environment_sensors,defer_field_actuation,R01C06 高风险但不确定性为中，先复查后再执行,blocked_until_recheck_confirms_state,queued_for_recheck
2026-08-17 06:00,R02C06,110.9,30.2,中高,drought,中,hold,recheck_before_action,recheck_region,high,"navigate_to:R02C06@(110.9,30.2); slow_down; hold_safe_distance",capture_close_range_image; resample_environment_sensors,defer_field_actuation,R02C06 高风险但不确定性为中，先复查后再执行,blocked_until_recheck_confirms_state,queued_for_recheck
2026-08-17 07:00,R02C05,91.5,29.7,中高,drought,中,hold,recheck_before_action,recheck_region,high,"navigate_to:R02C05@(91.5,29.7); slow_down; hold_safe_distance",capture_close_range_image; resample_environment_sensors,defer_field_actuation,R02C05 高风险但不确定性为中，先复查后再执行,blocked_until_recheck_confirms_state,queued_for_recheck
2026-08-17 08:00,R02C04,71.3,29.3,中高,drought,低,execute,execute_recommended_action,irrigation_alert,high,continue_patrol_after_marking:R02C04,verify_soil_moisture_next_pass,send_irrigation_alert,R02C04 干旱风险可信，触发灌溉提醒,human_or_controller_confirmation_required_for_irrigation,ready
2026-08-17 09:00,R02C03,50.6,29.0,高,drought,低,execute,execute_recommended_action,irrigation_alert,high,continue_patrol_after_marking:R02C03,verify_soil_moisture_next_pass,send_irrigation_alert,R02C03 干旱风险可信，触发灌溉提醒,human_or_controller_confirmation_required_for_irrigation,ready
2026-08-17 10:00,R02C02,29.6,29.0,高,drought,低,execute,execute_recommended_action,irrigation_alert,high,continue_patrol_after_marking:R02C02,verify_soil_moisture_next_pass,send_irrigation_alert,R02C02 干旱风险可信，触发灌溉提醒,human_or_controller_confirmation_required_for_irrigation,ready
2026-08-17 11:00,R02C01,8.7,29.2,高,drought,低,execute,execute_recommended_action,irrigation_alert,high,continue_patrol_after_marking:R02C01,verify_soil_moisture_next_pass,send_irrigation_alert,R02C01 干旱风险可信，触发灌溉提醒,human_or_controller_confirmation_required_for_irrigation,ready
2026-08-17 12:00,R03C01,8.5,49.6,高,drought,低,execute,execute_recommended_action,irrigation_alert,high,continue_patrol_after_marking:R03C01,verify_soil_moisture_next_pass,send_irrigation_alert,R03C01 干旱风险可信，触发灌溉提醒,human_or_controller_confirmation_required_for_irrigation,ready
2026-08-17 13:00,R03C02,29.0,50.1,高,drought,低,execute,execute_recommended_action,irrigation_alert,high,continue_patrol_after_marking:R03C02,verify_soil_moisture_next_pass,send_irrigation_alert,R03C02 干旱风险可信，触发灌溉提醒,human_or_controller_confirmation_required_for_irrigation,ready
2026-08-17 14:00,R03C03,49.9,50.6,高,drought,低,execute,execute_recommended_action,irrigation_alert,high,continue_patrol_after_marking:R03C03,verify_soil_moisture_next_pass,send_irrigation_alert,R03C03 干旱风险可信，触发灌溉提醒,human_or_controller_confirmation_required_for_irrigation,ready
2026-08-17 15:00,R03C04,70.9,50.9,高,drought,低,execute,execute_recommended_action,irrigation_alert,high,continue_patrol_after_marking:R03C04,verify_soil_moisture_next_pass,send_irrigation_alert,R03C04 干旱风险可信，触发灌溉提醒,human_or_controller_confirmation_required_for_irrigation,ready
2026-08-17 16:00,R03C05,91.5,51.0,高,drought,低,execute,execute_recommended_action,irrigation_alert,high,continue_patrol_after_marking:R03C05,verify_soil_moisture_next_pass,send_irrigation_alert,R03C05 干旱风险可信，触发灌溉提醒,human_or_controller_confirmation_required_for_irrigation,ready
2026-08-17 17:00,R03C06,111.3,50.8,中高,drought,中,hold,recheck_before_action,recheck_region,high,"navigate_to:R03C06@(111.3,50.8); slow_down; hold_safe_distance",capture_close_range_image; resample_environment_sensors,defer_field_actuation,R03C06 高风险但不确定性为中，先复查后再执行,blocked_until_recheck_confirms_state,queued_for_recheck
2026-08-17 18:00,R04C06,110.6,70.5,中高,drought,中,hold,recheck_before_action,recheck_region,high,"navigate_to:R04C06@(110.6,70.5); slow_down; hold_safe_distance",capture_close_range_image; resample_environment_sensors,defer_field_actuation,R04C06 高风险但不确定性为中，先复查后再执行,blocked_until_recheck_confirms_state,queued_for_recheck
2026-08-17 19:00,R04C05,89.5,70.0,中高,drought,中,hold,recheck_before_action,recheck_region,high,"navigate_to:R04C05@(89.5,70.0); slow_down; hold_safe_distance",capture_close_range_image; resample_environment_sensors,defer_field_actuation,R04C05 高风险但不确定性为中，先复查后再执行,blocked_until_recheck_confirms_state,queued_for_recheck
2026-08-17 20:00,R04C04,68.7,69.5,中高,drought,中,hold,recheck_before_action,recheck_region,high,"navigate_to:R04C04@(68.7,69.5); slow_down; hold_safe_distance",capture_close_range_image; resample_environment_sensors,defer_field_actuation,R04C04 高风险但不确定性为中，先复查后再执行,blocked_until_recheck_confirms_state,queued_for_recheck
2026-08-17 21:00,R04C03,48.5,69.2,中高,drought,中,hold,recheck_before_action,recheck_region,high,"navigate_to:R04C03@(48.5,69.2); slow_down; hold_safe_distance",capture_close_range_image; resample_environment_sensors,defer_field_actuation,R04C03 高风险但不确定性为中，先复查后再执行,blocked_until_recheck_confirms_state,queued_for_recheck
2026-08-17 22:00,R04C02,29.0,69.0,中高,drought,中,hold,recheck_before_action,recheck_region,high,"navigate_to:R04C02@(29.0,69.0); slow_down; hold_safe_distance",capture_close_range_image; resample_environment_sensors,defer_field_actuation,R04C02 高风险但不确定性为中，先复查后再执行,blocked_until_recheck_confirms_state,queued_for_recheck
2026-08-17 23:00,R04C01,10.0,69.1,中高,drought,中,hold,recheck_before_action,recheck_region,high,"navigate_to:R04C01@(10.0,69.1); slow_down; hold_safe_distance",capture_close_range_image; resample_environment_sensors,defer_field_actuation,R04C01 高风险但不确定性为中，先复查后再执行,blocked_until_recheck_confirms_state,queued_for_recheck
2026-08-18 00:00,R01C01,10.9,9.4,中,drought,中,hold,resample_before_action,resample_sensors,medium,"hold_position:R01C01@(10.9,9.4); repeat_sampling_pass",resample_soil_moisture; resample_temperature; capture_context_image,none,R01C01 中风险且不确定性为中，重新采样后再决策,blocked_until_sensor_resample,queued_for_resampling
2026-08-18 01:00,R01C02,31.5,9.9,中,drought,中,hold,resample_before_action,resample_sensors,medium,"hold_position:R01C02@(31.5,9.9); repeat_sampling_pass",resample_soil_moisture; resample_temperature; capture_context_image,none,R01C02 中风险且不确定性为中，重新采样后再决策,blocked_until_sensor_resample,queued_for_resampling
2026-08-18 02:00,R01C03,51.3,10.4,中,drought,中,hold,resample_before_action,resample_sensors,medium,"hold_position:R01C03@(51.3,10.4); repeat_sampling_pass",resample_soil_moisture; resample_temperature; capture_context_image,none,R01C03 中风险且不确定性为中，重新采样后再决策,blocked_until_sensor_resample,queued_for_resampling
2026-08-18 03:00,R01C04,70.5,10.8,很低,healthy,低,observe,routine_patrol,continue_patrol,low,continue_nominal_patrol,standard_periodic_sampling,none,R01C04 当前风险较低，保持常规巡检,normal_autonomy,ready
2026-08-18 04:00,R01C05,89.5,11.0,很低,healthy,低,observe,routine_patrol,continue_patrol,low,continue_nominal_patrol,standard_periodic_sampling,none,R01C05 当前风险较低，保持常规巡检,normal_autonomy,ready
2026-08-18 05:00,R01C06,108.7,11.0,很低,healthy,低,observe,routine_patrol,continue_patrol,low,continue_nominal_patrol,standard_periodic_sampling,none,R01C06 当前风险较低，保持常规巡检,normal_autonomy,ready
2026-08-18 06:00,R02C06,108.5,30.7,很低,healthy,低,observe,routine_patrol,continue_patrol,low,continue_nominal_patrol,standard_periodic_sampling,none,R02C06 当前风险较低，保持常规巡检,normal_autonomy,ready
2026-08-18 07:00,R02C05,89.0,30.3,很低,healthy,低,observe,routine_patrol,continue_patrol,low,continue_nominal_patrol,standard_periodic_sampling,none,R02C05 当前风险较低，保持常规巡检,normal_autonomy,ready
2026-08-18 08:00,R02C04,70.0,29.8,中,drought,中,hold,resample_before_action,resample_sensors,medium,"hold_position:R02C04@(70.0,29.8); repeat_sampling_pass",resample_soil_moisture; resample_temperature; capture_context_image,none,R02C04 中风险且不确定性为中，重新采样后再决策,blocked_until_sensor_resample,queued_for_resampling
2026-08-18 09:00,R02C03,51.0,29.3,低,healthy,低,observe,routine_patrol,continue_patrol,low,continue_nominal_patrol,standard_periodic_sampling,none,R02C03 当前风险较低，保持常规巡检,normal_autonomy,ready
2026-08-18 10:00,R02C02,31.5,29.1,中,drought,中,hold,resample_before_action,resample_sensors,medium,"hold_position:R02C02@(31.5,29.1); repeat_sampling_pass",resample_soil_moisture; resample_temperature; capture_context_image,none,R02C02 中风险且不确定性为中，重新采样后再决策,blocked_until_sensor_resample,queued_for_resampling
2026-08-18 11:00,R02C01,11.3,29.0,中,drought,中,hold,resample_before_action,resample_sensors,medium,"hold_position:R02C01@(11.3,29.0); repeat_sampling_pass",resample_soil_moisture; resample_temperature; capture_context_image,none,R02C01 中风险且不确定性为中，重新采样后再决策,blocked_until_sensor_resample,queued_for_resampling
2026-08-18 12:00,R03C01,10.5,49.2,中,drought,中,hold,resample_before_action,resample_sensors,medium,"hold_position:R03C01@(10.5,49.2); repeat_sampling_pass",resample_soil_moisture; resample_temperature; capture_context_image,none,R03C01 中风险且不确定性为中，重新采样后再决策,blocked_until_sensor_resample,queued_for_resampling
2026-08-18 13:00,R03C02,29.5,49.6,中高,drought,低,execute,execute_recommended_action,irrigation_alert,high,continue_patrol_after_marking:R03C02,verify_soil_moisture_next_pass,send_irrigation_alert,R03C02 干旱风险可信，触发灌溉提醒,human_or_controller_confirmation_required_for_irrigation,ready
2026-08-18 14:00,R03C03,48.7,50.1,中高,drought,低,execute,execute_recommended_action,irrigation_alert,high,continue_patrol_after_marking:R03C03,verify_soil_moisture_next_pass,send_irrigation_alert,R03C03 干旱风险可信，触发灌溉提醒,human_or_controller_confirmation_required_for_irrigation,ready
2026-08-18 15:00,R03C04,68.5,50.5,高,drought,低,execute,execute_recommended_action,irrigation_alert,high,continue_patrol_after_marking:R03C04,verify_soil_moisture_next_pass,send_irrigation_alert,R03C04 干旱风险可信，触发灌溉提醒,human_or_controller_confirmation_required_for_irrigation,ready
2026-08-18 16:00,R03C05,89.0,50.9,高,drought,低,execute,execute_recommended_action,irrigation_alert,high,continue_patrol_after_marking:R03C05,verify_soil_moisture_next_pass,send_irrigation_alert,R03C05 干旱风险可信，触发灌溉提醒,human_or_controller_confirmation_required_for_irrigation,ready
2026-08-18 17:00,R03C06,110.0,51.0,中高,drought,中,hold,recheck_before_action,recheck_region,high,"navigate_to:R03C06@(110.0,51.0); slow_down; hold_safe_distance",capture_close_range_image; resample_environment_sensors,defer_field_actuation,R03C06 高风险但不确定性为中，先复查后再执行,blocked_until_recheck_confirms_state,queued_for_recheck
2026-08-18 18:00,R04C06,111.0,70.9,中高,drought,中,hold,recheck_before_action,recheck_region,high,"navigate_to:R04C06@(111.0,70.9); slow_down; hold_safe_distance",capture_close_range_image; resample_environment_sensors,defer_field_actuation,R04C06 高风险但不确定性为中，先复查后再执行,blocked_until_recheck_confirms_state,queued_for_recheck
2026-08-18 19:00,R04C05,91.5,70.5,中高,drought,中,hold,recheck_before_action,recheck_region,high,"navigate_to:R04C05@(91.5,70.5); slow_down; hold_safe_distance",capture_close_range_image; resample_environment_sensors,defer_field_actuation,R04C05 高风险但不确定性为中，先复查后再执行,blocked_until_recheck_confirms_state,queued_for_recheck
2026-08-18 20:00,R04C04,71.3,70.1,中高,drought,中,hold,recheck_before_action,recheck_region,high,"navigate_to:R04C04@(71.3,70.1); slow_down; hold_safe_distance",capture_close_range_image; resample_environment_sensors,defer_field_actuation,R04C04 高风险但不确定性为中，先复查后再执行,blocked_until_recheck_confirms_state,queued_for_recheck
2026-08-18 21:00,R04C03,50.5,69.6,中高,drought,中,hold,recheck_before_action,recheck_region,high,"navigate_to:R04C03@(50.5,69.6); slow_down; hold_safe_distance",capture_close_range_image; resample_environment_sensors,defer_field_actuation,R04C03 高风险但不确定性为中，先复查后再执行,blocked_until_recheck_confirms_state,queued_for_recheck
2026-08-18 22:00,R04C02,29.5,69.2,中高,drought,中,hold,recheck_before_action,recheck_region,high,"navigate_to:R04C02@(29.5,69.2); slow_down; hold_safe_distance",capture_close_range_image; resample_environment_sensors,defer_field_actuation,R04C02 高风险但不确定性为中，先复查后再执行,blocked_until_recheck_confirms_state,queued_for_recheck
2026-08-18 23:00,R04C01,8.7,69.0,中高,drought,中,hold,recheck_before_action,recheck_region,high,"navigate_to:R04C01@(8.7,69.0); slow_down; hold_safe_distance",capture_close_range_image; resample_environment_sensors,defer_field_actuation,R04C01 高风险但不确定性为中，先复查后再执行,blocked_until_recheck_confirms_state,queued_for_recheck
2026-08-19 00:00,R01C01,8.5,9.1,很低,healthy,低,observe,routine_patrol,continue_patrol,low,continue_nominal_patrol,standard_periodic_sampling,none,R01C01 当前风险较低，保持常规巡检,normal_autonomy,ready
2026-08-19 01:00,R01C02,29.1,9.3,很低,healthy,低,observe,routine_patrol,continue_patrol,low,continue_nominal_patrol,standard_periodic_sampling,none,R01C02 当前风险较低，保持常规巡检,normal_autonomy,ready
2026-08-19 02:00,R01C03,50.0,9.8,很低,healthy,低,observe,routine_patrol,continue_patrol,low,continue_nominal_patrol,standard_periodic_sampling,none,R01C03 当前风险较低，保持常规巡检,normal_autonomy,ready
2026-08-19 03:00,R01C04,71.0,10.3,很低,healthy,低,observe,routine_patrol,continue_patrol,low,continue_nominal_patrol,standard_periodic_sampling,none,R01C04 当前风险较低，保持常规巡检,normal_autonomy,ready
2026-08-19 04:00,R01C05,91.5,10.7,很低,healthy,低,observe,routine_patrol,continue_patrol,low,continue_nominal_patrol,standard_periodic_sampling,none,R01C05 当前风险较低，保持常规巡检,normal_autonomy,ready
2026-08-19 05:00,R01C06,111.3,11.0,很低,healthy,低,observe,routine_patrol,continue_patrol,low,continue_nominal_patrol,standard_periodic_sampling,none,R01C06 当前风险较低，保持常规巡检,normal_autonomy,ready
2026-08-19 06:00,R02C06,110.5,31.0,很低,healthy,低,observe,routine_patrol,continue_patrol,low,continue_nominal_patrol,standard_periodic_sampling,none,R02C06 当前风险较低，保持常规巡检,normal_autonomy,ready
2026-08-19 07:00,R02C05,89.4,30.8,很低,healthy,低,observe,routine_patrol,continue_patrol,low,continue_nominal_patrol,standard_periodic_sampling,none,R02C05 当前风险较低，保持常规巡检,normal_autonomy,ready
2026-08-19 08:00,R02C04,68.7,30.3,很低,healthy,低,observe,routine_patrol,continue_patrol,low,continue_nominal_patrol,standard_periodic_sampling,none,R02C04 当前风险较低，保持常规巡检,normal_autonomy,ready
2026-08-19 09:00,R02C03,48.5,29.9,中,drought,中,hold,resample_before_action,resample_sensors,medium,"hold_position:R02C03@(48.5,29.9); repeat_sampling_pass",resample_soil_moisture; resample_temperature; capture_context_image,none,R02C03 中风险且不确定性为中，重新采样后再决策,blocked_until_sensor_resample,queued_for_resampling
2026-08-19 10:00,R02C02,29.1,29.4,中,drought,中,hold,resample_before_action,resample_sensors,medium,"hold_position:R02C02@(29.1,29.4); repeat_sampling_pass",resample_soil_moisture; resample_temperature; capture_context_image,none,R02C02 中风险且不确定性为中，重新采样后再决策,blocked_until_sensor_resample,queued_for_resampling
2026-08-19 11:00,R02C01,10.1,29.1,中,drought,中,hold,resample_before_action,resample_sensors,medium,"hold_position:R02C01@(10.1,29.1); repeat_sampling_pass",resample_soil_moisture; resample_temperature; capture_context_image,none,R02C01 中风险且不确定性为中，重新采样后再决策,blocked_until_sensor_resample,queued_for_resampling
2026-08-19 12:00,R03C01,11.0,49.0,中,drought,低,hold,monitor_more_context,monitor_context,normal,continue_patrol; revisit_region:R03C01,collect_next_context_window,none,R03C01 风险或不确定性处于中间状态，继续观察,no_direct_field_actuation,monitoring
2026-08-19 13:00,R03C02,31.5,49.2,中高,drought,低,execute,execute_recommended_action,irrigation_alert,high,continue_patrol_after_marking:R03C02,verify_soil_moisture_next_pass,send_irrigation_alert,R03C02 干旱风险可信，触发灌溉提醒,human_or_controller_confirmation_required_for_irrigation,ready
2026-08-19 14:00,R03C03,51.3,49.5,高,drought,低,execute,execute_recommended_action,irrigation_alert,high,continue_patrol_after_marking:R03C03,verify_soil_moisture_next_pass,send_irrigation_alert,R03C03 干旱风险可信，触发灌溉提醒,human_or_controller_confirmation_required_for_irrigation,ready
2026-08-19 15:00,R03C04,70.4,50.0,高,drought,低,execute,execute_recommended_action,irrigation_alert,high,continue_patrol_after_marking:R03C04,verify_soil_moisture_next_pass,send_irrigation_alert,R03C04 干旱风险可信，触发灌溉提醒,human_or_controller_confirmation_required_for_irrigation,ready
2026-08-19 16:00,R03C05,89.4,50.5,高,drought,低,execute,execute_recommended_action,irrigation_alert,high,continue_patrol_after_marking:R03C05,verify_soil_moisture_next_pass,send_irrigation_alert,R03C05 干旱风险可信，触发灌溉提醒,human_or_controller_confirmation_required_for_irrigation,ready
2026-08-19 17:00,R03C06,108.7,50.8,中高,drought,中,hold,recheck_before_action,recheck_region,high,"navigate_to:R03C06@(108.7,50.8); slow_down; hold_safe_distance",capture_close_range_image; resample_environment_sensors,defer_field_actuation,R03C06 高风险但不确定性为中，先复查后再执行,blocked_until_recheck_confirms_state,queued_for_recheck
2026-08-19 18:00,R04C06,108.5,71.0,中高,drought,中,hold,recheck_before_action,recheck_region,high,"navigate_to:R04C06@(108.5,71.0); slow_down; hold_safe_distance",capture_close_range_image; resample_environment_sensors,defer_field_actuation,R04C06 高风险但不确定性为中，先复查后再执行,blocked_until_recheck_confirms_state,queued_for_recheck
2026-08-19 19:00,R04C05,89.1,70.9,中高,drought,中,hold,recheck_before_action,recheck_region,high,"navigate_to:R04C05@(89.1,70.9); slow_down; hold_safe_distance",capture_close_range_image; resample_environment_sensors,defer_field_actuation,R04C05 高风险但不确定性为中，先复查后再执行,blocked_until_recheck_confirms_state,queued_for_recheck
2026-08-19 20:00,R04C04,70.1,70.6,中高,drought,中,hold,recheck_before_action,recheck_region,high,"navigate_to:R04C04@(70.1,70.6); slow_down; hold_safe_distance",capture_close_range_image; resample_environment_sensors,defer_field_actuation,R04C04 高风险但不确定性为中，先复查后再执行,blocked_until_recheck_confirms_state,queued_for_recheck
2026-08-19 21:00,R04C03,51.0,70.1,中高,drought,中,hold,recheck_before_action,recheck_region,high,"navigate_to:R04C03@(51.0,70.1); slow_down; hold_safe_distance",capture_close_range_image; resample_environment_sensors,defer_field_actuation,R04C03 高风险但不确定性为中，先复查后再执行,blocked_until_recheck_confirms_state,queued_for_recheck
2026-08-19 22:00,R04C02,31.5,69.6,中高,drought,中,hold,recheck_before_action,recheck_region,high,"navigate_to:R04C02@(31.5,69.6); slow_down; hold_safe_distance",capture_close_range_image; resample_environment_sensors,defer_field_actuation,R04C02 高风险但不确定性为中，先复查后再执行,blocked_until_recheck_confirms_state,queued_for_recheck
2026-08-19 23:00,R04C01,11.2,69.2,中高,drought,中,hold,recheck_before_action,recheck_region,high,"navigate_to:R04C01@(11.2,69.2); slow_down; hold_safe_distance",capture_close_range_image; resample_environment_sensors,defer_field_actuation,R04C01 高风险但不确定性为中，先复查后再执行,blocked_until_recheck_confirms_state,queued_for_recheck
2026-08-20 00:00,R01C01,10.4,9.0,中高,drought,中,hold,recheck_before_action,recheck_region,high,"navigate_to:R01C01@(10.4,9.0); slow_down; hold_safe_distance",capture_close_range_image; resample_environment_sensors,defer_field_actuation,R01C01 高风险但不确定性为中，先复查后再执行,blocked_until_recheck_confirms_state,queued_for_recheck
2026-08-20 01:00,R01C02,29.4,9.0,中高,drought,中,hold,recheck_before_action,recheck_region,high,"navigate_to:R01C02@(29.4,9.0); slow_down; hold_safe_distance",capture_close_range_image; resample_environment_sensors,defer_field_actuation,R01C02 高风险但不确定性为中，先复查后再执行,blocked_until_recheck_confirms_state,queued_for_recheck
2026-08-20 02:00,R01C03,48.7,9.3,中高,drought,中,hold,recheck_before_action,recheck_region,high,"navigate_to:R01C03@(48.7,9.3); slow_down; hold_safe_distance",capture_close_range_image; resample_environment_sensors,defer_field_actuation,R01C03 高风险但不确定性为中，先复查后再执行,blocked_until_recheck_confirms_state,queued_for_recheck
2026-08-20 03:00,R01C04,68.5,9.7,中高,drought,中,hold,recheck_before_action,recheck_region,high,"navigate_to:R01C04@(68.5,9.7); slow_down; hold_safe_distance",capture_close_range_image; resample_environment_sensors,defer_field_actuation,R01C04 高风险但不确定性为中，先复查后再执行,blocked_until_recheck_confirms_state,queued_for_recheck
2026-08-20 04:00,R01C05,89.1,10.2,中高,drought,中,hold,recheck_before_action,recheck_region,high,"navigate_to:R01C05@(89.1,10.2); slow_down; hold_safe_distance",capture_close_range_image; resample_environment_sensors,defer_field_actuation,R01C05 高风险但不确定性为中，先复查后再执行,blocked_until_recheck_confirms_state,queued_for_recheck
2026-08-20 05:00,R01C06,110.1,10.7,中高,drought,中,hold,recheck_before_action,recheck_region,high,"navigate_to:R01C06@(110.1,10.7); slow_down; hold_safe_distance",capture_close_range_image; resample_environment_sensors,defer_field_actuation,R01C06 高风险但不确定性为中，先复查后再执行,blocked_until_recheck_confirms_state,queued_for_recheck
2026-08-20 06:00,R02C06,111.0,30.9,中高,drought,中,hold,recheck_before_action,recheck_region,high,"navigate_to:R02C06@(111.0,30.9); slow_down; hold_safe_distance",capture_close_range_image; resample_environment_sensors,defer_field_actuation,R02C06 高风险但不确定性为中，先复查后再执行,blocked_until_recheck_confirms_state,queued_for_recheck
2026-08-20 07:00,R02C05,91.5,31.0,高,drought,低,execute,execute_recommended_action,irrigation_alert,high,continue_patrol_after_marking:R02C05,verify_soil_moisture_next_pass,send_irrigation_alert,R02C05 干旱风险可信，触发灌溉提醒,human_or_controller_confirmation_required_for_irrigation,ready
2026-08-20 08:00,R02C04,71.2,30.8,高,drought,低,execute,execute_recommended_action,irrigation_alert,high,continue_patrol_after_marking:R02C04,verify_soil_moisture_next_pass,send_irrigation_alert,R02C04 干旱风险可信，触发灌溉提醒,human_or_controller_confirmation_required_for_irrigation,ready
2026-08-20 09:00,R02C03,50.4,30.4,高,drought,低,execute,execute_recommended_action,irrigation_alert,high,continue_patrol_after_marking:R02C03,verify_soil_moisture_next_pass,send_irrigation_alert,R02C03 干旱风险可信，触发灌溉提醒,human_or_controller_confirmation_required_for_irrigation,ready
2026-08-20 10:00,R02C02,29.4,29.9,高,drought,低,execute,execute_recommended_action,irrigation_alert,high,continue_patrol_after_marking:R02C02,verify_soil_moisture_next_pass,send_irrigation_alert,R02C02 干旱风险可信，触发灌溉提醒,human_or_controller_confirmation_required_for_irrigation,ready
2026-08-20 11:00,R02C01,8.6,29.4,高,drought,低,execute,execute_recommended_action,irrigation_alert,high,continue_patrol_after_marking:R02C01,verify_soil_moisture_next_pass,send_irrigation_alert,R02C01 干旱风险可信，触发灌溉提醒,human_or_controller_confirmation_required_for_irrigation,ready
2026-08-20 12:00,R03C01,8.6,49.1,高,drought,低,execute,execute_recommended_action,irrigation_alert,high,continue_patrol_after_marking:R03C01,verify_soil_moisture_next_pass,send_irrigation_alert,R03C01 干旱风险可信，触发灌溉提醒,human_or_controller_confirmation_required_for_irrigation,ready
2026-08-20 13:00,R03C02,29.1,49.0,高,drought,低,execute,execute_recommended_action,irrigation_alert,high,continue_patrol_after_marking:R03C02,verify_soil_moisture_next_pass,send_irrigation_alert,R03C02 干旱风险可信，触发灌溉提醒,human_or_controller_confirmation_required_for_irrigation,ready
2026-08-20 14:00,R03C03,50.1,49.1,高,drought,低,execute,execute_recommended_action,irrigation_alert,high,continue_patrol_after_marking:R03C03,verify_soil_moisture_next_pass,send_irrigation_alert,R03C03 干旱风险可信，触发灌溉提醒,human_or_controller_confirmation_required_for_irrigation,ready
2026-08-20 15:00,R03C04,71.1,49.5,高,drought,低,execute,execute_recommended_action,irrigation_alert,high,continue_patrol_after_marking:R03C04,verify_soil_moisture_next_pass,send_irrigation_alert,R03C04 干旱风险可信，触发灌溉提醒,human_or_controller_confirmation_required_for_irrigation,ready
2026-08-20 16:00,R03C05,91.5,49.9,高,drought,低,execute,execute_recommended_action,irrigation_alert,high,continue_patrol_after_marking:R03C05,verify_soil_moisture_next_pass,send_irrigation_alert,R03C05 干旱风险可信，触发灌溉提醒,human_or_controller_confirmation_required_for_irrigation,ready
2026-08-20 17:00,R03C06,111.2,50.4,高,drought,低,execute,execute_recommended_action,irrigation_alert,high,continue_patrol_after_marking:R03C06,verify_soil_moisture_next_pass,send_irrigation_alert,R03C06 干旱风险可信，触发灌溉提醒,human_or_controller_confirmation_required_for_irrigation,ready
2026-08-20 18:00,R04C06,110.4,70.8,中高,drought,中,hold,recheck_before_action,recheck_region,high,"navigate_to:R04C06@(110.4,70.8); slow_down; hold_safe_distance",capture_close_range_image; resample_environment_sensors,defer_field_actuation,R04C06 高风险但不确定性为中，先复查后再执行,blocked_until_recheck_confirms_state,queued_for_recheck
2026-08-20 19:00,R04C05,89.3,71.0,中高,drought,中,hold,recheck_before_action,recheck_region,high,"navigate_to:R04C05@(89.3,71.0); slow_down; hold_safe_distance",capture_close_range_image; resample_environment_sensors,defer_field_actuation,R04C05 高风险但不确定性为中，先复查后再执行,blocked_until_recheck_confirms_state,queued_for_recheck
2026-08-20 20:00,R04C04,68.6,70.9,中高,drought,中,hold,recheck_before_action,recheck_region,high,"navigate_to:R04C04@(68.6,70.9); slow_down; hold_safe_distance",capture_close_range_image; resample_environment_sensors,defer_field_actuation,R04C04 高风险但不确定性为中，先复查后再执行,blocked_until_recheck_confirms_state,queued_for_recheck
2026-08-20 21:00,R04C03,48.6,70.6,中高,drought,中,hold,recheck_before_action,recheck_region,high,"navigate_to:R04C03@(48.6,70.6); slow_down; hold_safe_distance",capture_close_range_image; resample_environment_sensors,defer_field_actuation,R04C03 高风险但不确定性为中，先复查后再执行,blocked_until_recheck_confirms_state,queued_for_recheck
2026-08-20 22:00,R04C02,29.2,70.2,中高,drought,中,hold,recheck_before_action,recheck_region,high,"navigate_to:R04C02@(29.2,70.2); slow_down; hold_safe_distance",capture_close_range_image; resample_environment_sensors,defer_field_actuation,R04C02 高风险但不确定性为中，先复查后再执行,blocked_until_recheck_confirms_state,queued_for_recheck
2026-08-20 23:00,R04C01,10.2,69.7,中高,drought,中,hold,recheck_before_action,recheck_region,high,"navigate_to:R04C01@(10.2,69.7); slow_down; hold_safe_distance",capture_close_range_image; resample_environment_sensors,defer_field_actuation,R04C01 高风险但不确定性为中，先复查后再执行,blocked_until_recheck_confirms_state,queued_for_recheck
2026-08-21 00:00,R01C01,11.1,9.3,很低,healthy,低,observe,routine_patrol,continue_patrol,low,continue_nominal_patrol,standard_periodic_sampling,none,R01C01 当前风险较低，保持常规巡检,normal_autonomy,ready
2026-08-21 01:00,R01C02,31.5,9.0,很低,healthy,低,observe,routine_patrol,continue_patrol,low,continue_nominal_patrol,standard_periodic_sampling,none,R01C02 当前风险较低，保持常规巡检,normal_autonomy,ready
2026-08-21 02:00,R01C03,51.2,9.0,很低,healthy,低,observe,routine_patrol,continue_patrol,low,continue_nominal_patrol,standard_periodic_sampling,none,R01C03 当前风险较低，保持常规巡检,normal_autonomy,ready
2026-08-21 03:00,R01C04,70.3,9.3,很低,healthy,低,observe,routine_patrol,continue_patrol,low,continue_nominal_patrol,standard_periodic_sampling,none,R01C04 当前风险较低，保持常规巡检,normal_autonomy,ready
2026-08-21 04:00,R01C05,89.3,9.7,中,drought,中,hold,resample_before_action,resample_sensors,medium,"hold_position:R01C05@(89.3,9.7); repeat_sampling_pass",resample_soil_moisture; resample_temperature; capture_context_image,none,R01C05 中风险且不确定性为中，重新采样后再决策,blocked_until_sensor_resample,queued_for_resampling
2026-08-21 05:00,R01C06,108.6,10.2,低,healthy,低,observe,routine_patrol,continue_patrol,low,continue_nominal_patrol,standard_periodic_sampling,none,R01C06 当前风险较低，保持常规巡检,normal_autonomy,ready
2026-08-21 06:00,R02C06,108.6,30.6,中,drought,中,hold,resample_before_action,resample_sensors,medium,"hold_position:R02C06@(108.6,30.6); repeat_sampling_pass",resample_soil_moisture; resample_temperature; capture_context_image,none,R02C06 中风险且不确定性为中，重新采样后再决策,blocked_until_sensor_resample,queued_for_resampling
2026-08-21 07:00,R02C05,89.2,30.9,很低,healthy,低,observe,routine_patrol,continue_patrol,low,continue_nominal_patrol,standard_periodic_sampling,none,R02C05 当前风险较低，保持常规巡检,normal_autonomy,ready
2026-08-21 08:00,R02C04,70.2,31.0,很低,healthy,中,hold,monitor_more_context,monitor_context,normal,continue_patrol; revisit_region:R02C04,collect_next_context_window,none,R02C04 风险或不确定性处于中间状态，继续观察,no_direct_field_actuation,monitoring
2026-08-21 09:00,R02C03,51.1,30.8,中,heat,中,hold,resample_before_action,resample_sensors,medium,"hold_position:R02C03@(51.1,30.8); repeat_sampling_pass",resample_soil_moisture; resample_temperature; capture_context_image,none,R02C03 中风险且不确定性为中，重新采样后再决策,blocked_until_sensor_resample,queued_for_resampling
2026-08-21 10:00,R02C02,31.5,30.5,低,healthy,低,observe,routine_patrol,continue_patrol,low,continue_nominal_patrol,standard_periodic_sampling,none,R02C02 当前风险较低，保持常规巡检,normal_autonomy,ready
2026-08-21 11:00,R02C01,11.2,30.0,中,heat,中,hold,resample_before_action,resample_sensors,medium,"hold_position:R02C01@(11.2,30.0); repeat_sampling_pass",resample_soil_moisture; resample_temperature; capture_context_image,none,R02C01 中风险且不确定性为中，重新采样后再决策,blocked_until_sensor_resample,queued_for_resampling
2026-08-21 12:00,R03C01,10.3,49.5,中,heat,中,hold,resample_before_action,resample_sensors,medium,"hold_position:R03C01@(10.3,49.5); repeat_sampling_pass",resample_soil_moisture; resample_temperature; capture_context_image,none,R03C01 中风险且不确定性为中，重新采样后再决策,blocked_until_sensor_resample,queued_for_resampling
2026-08-21 13:00,R03C02,29.3,49.1,很低,healthy,低,observe,routine_patrol,continue_patrol,low,continue_nominal_patrol,standard_periodic_sampling,none,R03C02 当前风险较低，保持常规巡检,normal_autonomy,ready
2026-08-21 14:00,R03C03,48.6,49.0,很低,healthy,低,observe,routine_patrol,continue_patrol,low,continue_nominal_patrol,standard_periodic_sampling,none,R03C03 当前风险较低，保持常规巡检,normal_autonomy,ready
2026-08-21 15:00,R03C04,68.6,49.1,很低,healthy,低,observe,routine_patrol,continue_patrol,low,continue_nominal_patrol,standard_periodic_sampling,none,R03C04 当前风险较低，保持常规巡检,normal_autonomy,ready
2026-08-21 16:00,R03C05,89.2,49.4,中,drought,中,hold,resample_before_action,resample_sensors,medium,"hold_position:R03C05@(89.2,49.4); repeat_sampling_pass",resample_soil_moisture; resample_temperature; capture_context_image,none,R03C05 中风险且不确定性为中，重新采样后再决策,blocked_until_sensor_resample,queued_for_resampling
2026-08-21 17:00,R03C06,110.2,49.9,中,drought,中,hold,resample_before_action,resample_sensors,medium,"hold_position:R03C06@(110.2,49.9); repeat_sampling_pass",resample_soil_moisture; resample_temperature; capture_context_image,none,R03C06 中风险且不确定性为中，重新采样后再决策,blocked_until_sensor_resample,queued_for_resampling
2026-08-21 18:00,R04C06,111.1,70.4,中,drought,中,hold,resample_before_action,resample_sensors,medium,"hold_position:R04C06@(111.1,70.4); repeat_sampling_pass",resample_soil_moisture; resample_temperature; capture_context_image,none,R04C06 中风险且不确定性为中，重新采样后再决策,blocked_until_sensor_resample,queued_for_resampling
2026-08-21 19:00,R04C05,91.5,70.8,中,drought,中,hold,resample_before_action,resample_sensors,medium,"hold_position:R04C05@(91.5,70.8); repeat_sampling_pass",resample_soil_moisture; resample_temperature; capture_context_image,none,R04C05 中风险且不确定性为中，重新采样后再决策,blocked_until_sensor_resample,queued_for_resampling
2026-08-21 20:00,R04C04,71.2,71.0,中,drought,中,hold,resample_before_action,resample_sensors,medium,"hold_position:R04C04@(71.2,71.0); repeat_sampling_pass",resample_soil_moisture; resample_temperature; capture_context_image,none,R04C04 中风险且不确定性为中，重新采样后再决策,blocked_until_sensor_resample,queued_for_resampling
2026-08-21 21:00,R04C03,50.3,71.0,中,drought,中,hold,resample_before_action,resample_sensors,medium,"hold_position:R04C03@(50.3,71.0); repeat_sampling_pass",resample_soil_moisture; resample_temperature; capture_context_image,none,R04C03 中风险且不确定性为中，重新采样后再决策,blocked_until_sensor_resample,queued_for_resampling
2026-08-21 22:00,R04C02,29.3,70.7,中,drought,中,hold,resample_before_action,resample_sensors,medium,"hold_position:R04C02@(29.3,70.7); repeat_sampling_pass",resample_soil_moisture; resample_temperature; capture_context_image,none,R04C02 中风险且不确定性为中，重新采样后再决策,blocked_until_sensor_resample,queued_for_resampling
2026-08-21 23:00,R04C01,8.6,70.3,中,drought,中,hold,resample_before_action,resample_sensors,medium,"hold_position:R04C01@(8.6,70.3); repeat_sampling_pass",resample_soil_moisture; resample_temperature; capture_context_image,none,R04C01 中风险且不确定性为中，重新采样后再决策,blocked_until_sensor_resample,queued_for_resampling
2026-08-22 00:00,R01C01,8.6,9.8,中,drought,中,hold,resample_before_action,resample_sensors,medium,"hold_position:R01C01@(8.6,9.8); repeat_sampling_pass",resample_soil_moisture; resample_temperature; capture_context_image,none,R01C01 中风险且不确定性为中，重新采样后再决策,blocked_until_sensor_resample,queued_for_resampling
2026-08-22 01:00,R01C02,29.2,9.3,中,drought,中,hold,resample_before_action,resample_sensors,medium,"hold_position:R01C02@(29.2,9.3); repeat_sampling_pass",resample_soil_moisture; resample_temperature; capture_context_image,none,R01C02 中风险且不确定性为中，重新采样后再决策,blocked_until_sensor_resample,queued_for_resampling
2026-08-22 02:00,R01C03,50.2,9.1,中,drought,中,hold,resample_before_action,resample_sensors,medium,"hold_position:R01C03@(50.2,9.1); repeat_sampling_pass",resample_soil_moisture; resample_temperature; capture_context_image,none,R01C03 中风险且不确定性为中，重新采样后再决策,blocked_until_sensor_resample,queued_for_resampling
2026-08-22 03:00,R01C04,71.1,9.0,中,drought,中,hold,resample_before_action,resample_sensors,medium,"hold_position:R01C04@(71.1,9.0); repeat_sampling_pass",resample_soil_moisture; resample_temperature; capture_context_image,none,R01C04 中风险且不确定性为中，重新采样后再决策,blocked_until_sensor_resample,queued_for_resampling
2026-08-22 04:00,R01C05,91.5,9.2,中,drought,中,hold,resample_before_action,resample_sensors,medium,"hold_position:R01C05@(91.5,9.2); repeat_sampling_pass",resample_soil_moisture; resample_temperature; capture_context_image,none,R01C05 中风险且不确定性为中，重新采样后再决策,blocked_until_sensor_resample,queued_for_resampling
2026-08-22 05:00,R01C06,111.2,9.6,中,drought,中,hold,resample_before_action,resample_sensors,medium,"hold_position:R01C06@(111.2,9.6); repeat_sampling_pass",resample_soil_moisture; resample_temperature; capture_context_image,none,R01C06 中风险且不确定性为中，重新采样后再决策,blocked_until_sensor_resample,queued_for_resampling
2026-08-22 06:00,R02C06,110.3,30.1,中高,drought,低,execute,execute_recommended_action,irrigation_alert,high,continue_patrol_after_marking:R02C06,verify_soil_moisture_next_pass,send_irrigation_alert,R02C06 干旱风险可信，触发灌溉提醒,human_or_controller_confirmation_required_for_irrigation,ready
2026-08-22 07:00,R02C05,89.3,30.6,中高,drought,中,hold,recheck_before_action,recheck_region,high,"navigate_to:R02C05@(89.3,30.6); slow_down; hold_safe_distance",capture_close_range_image; resample_environment_sensors,defer_field_actuation,R02C05 高风险但不确定性为中，先复查后再执行,blocked_until_recheck_confirms_state,queued_for_recheck
2026-08-22 08:00,R02C04,68.6,30.9,中高,drought,低,execute,execute_recommended_action,irrigation_alert,high,continue_patrol_after_marking:R02C04,verify_soil_moisture_next_pass,send_irrigation_alert,R02C04 干旱风险可信，触发灌溉提醒,human_or_controller_confirmation_required_for_irrigation,ready
2026-08-22 09:00,R02C03,48.6,31.0,高,drought,低,execute,execute_recommended_action,irrigation_alert,high,continue_patrol_after_marking:R02C03,verify_soil_moisture_next_pass,send_irrigation_alert,R02C03 干旱风险可信，触发灌溉提醒,human_or_controller_confirmation_required_for_irrigation,ready
2026-08-22 10:00,R02C02,29.2,30.9,高,drought,低,execute,execute_recommended_action,irrigation_alert,high,continue_patrol_after_marking:R02C02,verify_soil_moisture_next_pass,send_irrigation_alert,R02C02 干旱风险可信，触发灌溉提醒,human_or_controller_confirmation_required_for_irrigation,ready
2026-08-22 11:00,R02C01,10.3,30.5,高,drought,低,execute,execute_recommended_action,irrigation_alert,high,continue_patrol_after_marking:R02C01,verify_soil_moisture_next_pass,send_irrigation_alert,R02C01 干旱风险可信，触发灌溉提醒,human_or_controller_confirmation_required_for_irrigation,ready
2026-08-22 12:00,R03C01,11.2,50.0,高,drought,低,execute,execute_recommended_action,irrigation_alert,high,continue_patrol_after_marking:R03C01,verify_soil_moisture_next_pass,send_irrigation_alert,R03C01 干旱风险可信，触发灌溉提醒,human_or_controller_confirmation_required_for_irrigation,ready
2026-08-22 13:00,R03C02,31.5,49.6,高,drought,低,execute,execute_recommended_action,irrigation_alert,high,continue_patrol_after_marking:R03C02,verify_soil_moisture_next_pass,send_irrigation_alert,R03C02 干旱风险可信，触发灌溉提醒,human_or_controller_confirmation_required_for_irrigation,ready
2026-08-22 14:00,R03C03,51.1,49.2,高,drought,低,execute,execute_recommended_action,irrigation_alert,high,continue_patrol_after_marking:R03C03,verify_soil_moisture_next_pass,send_irrigation_alert,R03C03 干旱风险可信，触发灌溉提醒,human_or_controller_confirmation_required_for_irrigation,ready
2026-08-22 15:00,R03C04,70.2,49.0,高,drought,低,execute,execute_recommended_action,irrigation_alert,high,continue_patrol_after_marking:R03C04,verify_soil_moisture_next_pass,send_irrigation_alert,R03C04 干旱风险可信，触发灌溉提醒,human_or_controller_confirmation_required_for_irrigation,ready
2026-08-22 16:00,R03C05,89.2,49.1,高,drought,低,execute,execute_recommended_action,irrigation_alert,high,continue_patrol_after_marking:R03C05,verify_soil_moisture_next_pass,send_irrigation_alert,R03C05 干旱风险可信，触发灌溉提醒,human_or_controller_confirmation_required_for_irrigation,ready
2026-08-22 17:00,R03C06,108.6,49.4,中高,drought,中,hold,recheck_before_action,recheck_region,high,"navigate_to:R03C06@(108.6,49.4); slow_down; hold_safe_distance",capture_close_range_image; resample_environment_sensors,defer_field_actuation,R03C06 高风险但不确定性为中，先复查后再执行,blocked_until_recheck_confirms_state,queued_for_recheck
2026-08-22 18:00,R04C06,108.6,69.8,中高,drought,中,hold,recheck_before_action,recheck_region,high,"navigate_to:R04C06@(108.6,69.8); slow_down; hold_safe_distance",capture_close_range_image; resample_environment_sensors,defer_field_actuation,R04C06 高风险但不确定性为中，先复查后再执行,blocked_until_recheck_confirms_state,queued_for_recheck
2026-08-22 19:00,R04C05,89.3,70.3,中高,drought,中,hold,recheck_before_action,recheck_region,high,"navigate_to:R04C05@(89.3,70.3); slow_down; hold_safe_distance",capture_close_range_image; resample_environment_sensors,defer_field_actuation,R04C05 高风险但不确定性为中，先复查后再执行,blocked_until_recheck_confirms_state,queued_for_recheck
2026-08-22 20:00,R04C04,70.3,70.7,中高,drought,中,hold,recheck_before_action,recheck_region,high,"navigate_to:R04C04@(70.3,70.7); slow_down; hold_safe_distance",capture_close_range_image; resample_environment_sensors,defer_field_actuation,R04C04 高风险但不确定性为中，先复查后再执行,blocked_until_recheck_confirms_state,queued_for_recheck
2026-08-22 21:00,R04C03,51.2,71.0,中高,drought,中,hold,recheck_before_action,recheck_region,high,"navigate_to:R04C03@(51.2,71.0); slow_down; hold_safe_distance",capture_close_range_image; resample_environment_sensors,defer_field_actuation,R04C03 高风险但不确定性为中，先复查后再执行,blocked_until_recheck_confirms_state,queued_for_recheck
2026-08-22 22:00,R04C02,31.5,71.0,中高,drought,中,hold,recheck_before_action,recheck_region,high,"navigate_to:R04C02@(31.5,71.0); slow_down; hold_safe_distance",capture_close_range_image; resample_environment_sensors,defer_field_actuation,R04C02 高风险但不确定性为中，先复查后再执行,blocked_until_recheck_confirms_state,queued_for_recheck
2026-08-22 23:00,R04C01,11.1,70.7,中,drought,中,hold,resample_before_action,resample_sensors,medium,"hold_position:R04C01@(11.1,70.7); repeat_sampling_pass",resample_soil_moisture; resample_temperature; capture_context_image,none,R04C01 中风险且不确定性为中，重新采样后再决策,blocked_until_sensor_resample,queued_for_resampling
2026-08-23 00:00,R01C01,10.2,10.3,很低,healthy,低,observe,routine_patrol,continue_patrol,low,continue_nominal_patrol,standard_periodic_sampling,none,R01C01 当前风险较低，保持常规巡检,normal_autonomy,ready
2026-08-23 01:00,R01C02,29.2,9.8,很低,healthy,低,observe,routine_patrol,continue_patrol,low,continue_nominal_patrol,standard_periodic_sampling,none,R01C02 当前风险较低，保持常规巡检,normal_autonomy,ready
2026-08-23 02:00,R01C03,48.6,9.4,很低,healthy,低,observe,routine_patrol,continue_patrol,low,continue_nominal_patrol,standard_periodic_sampling,none,R01C03 当前风险较低，保持常规巡检,normal_autonomy,ready
2026-08-23 03:00,R01C04,68.6,9.1,很低,healthy,低,observe,routine_patrol,continue_patrol,low,continue_nominal_patrol,standard_periodic_sampling,none,R01C04 当前风险较低，保持常规巡检,normal_autonomy,ready
2026-08-23 04:00,R01C05,89.3,9.0,很低,healthy,低,observe,routine_patrol,continue_patrol,low,continue_nominal_patrol,standard_periodic_sampling,none,R01C05 当前风险较低，保持常规巡检,normal_autonomy,ready
2026-08-23 05:00,R01C06,110.3,9.2,很低,healthy,低,observe,routine_patrol,continue_patrol,low,continue_nominal_patrol,standard_periodic_sampling,none,R01C06 当前风险较低，保持常规巡检,normal_autonomy,ready
2026-08-23 06:00,R02C06,111.2,29.5,很低,healthy,低,observe,routine_patrol,continue_patrol,low,continue_nominal_patrol,standard_periodic_sampling,none,R02C06 当前风险较低，保持常规巡检,normal_autonomy,ready
2026-08-23 07:00,R02C05,91.5,30.0,很低,healthy,低,observe,routine_patrol,continue_patrol,low,continue_nominal_patrol,standard_periodic_sampling,none,R02C05 当前风险较低，保持常规巡检,normal_autonomy,ready
2026-08-23 08:00,R02C04,71.1,30.5,很低,healthy,低,observe,routine_patrol,continue_patrol,low,continue_nominal_patrol,standard_periodic_sampling,none,R02C04 当前风险较低，保持常规巡检,normal_autonomy,ready
2026-08-23 09:00,R02C03,50.2,30.9,很低,healthy,低,observe,routine_patrol,continue_patrol,low,continue_nominal_patrol,standard_periodic_sampling,none,R02C03 当前风险较低，保持常规巡检,normal_autonomy,ready
2026-08-23 10:00,R02C02,29.2,31.0,中,drought,中,hold,resample_before_action,resample_sensors,medium,"hold_position:R02C02@(29.2,31.0); repeat_sampling_pass",resample_soil_moisture; resample_temperature; capture_context_image,none,R02C02 中风险且不确定性为中，重新采样后再决策,blocked_until_sensor_resample,queued_for_resampling
2026-08-23 11:00,R02C01,8.6,30.9,中,drought,中,hold,resample_before_action,resample_sensors,medium,"hold_position:R02C01@(8.6,30.9); repeat_sampling_pass",resample_soil_moisture; resample_temperature; capture_context_image,none,R02C01 中风险且不确定性为中，重新采样后再决策,blocked_until_sensor_resample,queued_for_resampling
2026-08-23 12:00,R03C01,8.6,50.6,中,drought,中,hold,resample_before_action,resample_sensors,medium,"hold_position:R03C01@(8.6,50.6); repeat_sampling_pass",resample_soil_moisture; resample_temperature; capture_context_image,none,R03C01 中风险且不确定性为中，重新采样后再决策,blocked_until_sensor_resample,queued_for_resampling
2026-08-23 13:00,R03C02,29.3,50.1,中,drought,中,hold,resample_before_action,resample_sensors,medium,"hold_position:R03C02@(29.3,50.1); repeat_sampling_pass",resample_soil_moisture; resample_temperature; capture_context_image,none,R03C02 中风险且不确定性为中，重新采样后再决策,blocked_until_sensor_resample,queued_for_resampling
2026-08-23 14:00,R03C03,50.3,49.6,中,drought,中,hold,resample_before_action,resample_sensors,medium,"hold_position:R03C03@(50.3,49.6); repeat_sampling_pass",resample_soil_moisture; resample_temperature; capture_context_image,none,R03C03 中风险且不确定性为中，重新采样后再决策,blocked_until_sensor_resample,queued_for_resampling
2026-08-23 15:00,R03C04,71.2,49.2,中,drought,中,hold,resample_before_action,resample_sensors,medium,"hold_position:R03C04@(71.2,49.2); repeat_sampling_pass",resample_soil_moisture; resample_temperature; capture_context_image,none,R03C04 中风险且不确定性为中，重新采样后再决策,blocked_until_sensor_resample,queued_for_resampling
2026-08-23 16:00,R03C05,91.5,49.0,中,drought,中,hold,resample_before_action,resample_sensors,medium,"hold_position:R03C05@(91.5,49.0); repeat_sampling_pass",resample_soil_moisture; resample_temperature; capture_context_image,none,R03C05 中风险且不确定性为中，重新采样后再决策,blocked_until_sensor_resample,queued_for_resampling
2026-08-23 17:00,R03C06,111.1,49.0,中,drought,中,hold,resample_before_action,resample_sensors,medium,"hold_position:R03C06@(111.1,49.0); repeat_sampling_pass",resample_soil_moisture; resample_temperature; capture_context_image,none,R03C06 中风险且不确定性为中，重新采样后再决策,blocked_until_sensor_resample,queued_for_resampling
2026-08-23 18:00,R04C06,110.2,69.3,中,drought,中,hold,resample_before_action,resample_sensors,medium,"hold_position:R04C06@(110.2,69.3); repeat_sampling_pass",resample_soil_moisture; resample_temperature; capture_context_image,none,R04C06 中风险且不确定性为中，重新采样后再决策,blocked_until_sensor_resample,queued_for_resampling
2026-08-23 19:00,R04C05,89.2,69.7,中,drought,中,hold,resample_before_action,resample_sensors,medium,"hold_position:R04C05@(89.2,69.7); repeat_sampling_pass",resample_soil_moisture; resample_temperature; capture_context_image,none,R04C05 中风险且不确定性为中，重新采样后再决策,blocked_until_sensor_resample,queued_for_resampling
2026-08-23 20:00,R04C04,68.6,70.2,中,drought,中,hold,resample_before_action,resample_sensors,medium,"hold_position:R04C04@(68.6,70.2); repeat_sampling_pass",resample_soil_moisture; resample_temperature; capture_context_image,none,R04C04 中风险且不确定性为中，重新采样后再决策,blocked_until_sensor_resample,queued_for_resampling
2026-08-23 21:00,R04C03,48.6,70.7,中,drought,中,hold,resample_before_action,resample_sensors,medium,"hold_position:R04C03@(48.6,70.7); repeat_sampling_pass",resample_soil_moisture; resample_temperature; capture_context_image,none,R04C03 中风险且不确定性为中，重新采样后再决策,blocked_until_sensor_resample,queued_for_resampling
2026-08-23 22:00,R04C02,29.3,70.9,中,drought,中,hold,resample_before_action,resample_sensors,medium,"hold_position:R04C02@(29.3,70.9); repeat_sampling_pass",resample_soil_moisture; resample_temperature; capture_context_image,none,R04C02 中风险且不确定性为中，重新采样后再决策,blocked_until_sensor_resample,queued_for_resampling
2026-08-23 23:00,R04C01,10.4,71.0,中,drought,中,hold,resample_before_action,resample_sensors,medium,"hold_position:R04C01@(10.4,71.0); repeat_sampling_pass",resample_soil_moisture; resample_temperature; capture_context_image,none,R04C01 中风险且不确定性为中，重新采样后再决策,blocked_until_sensor_resample,queued_for_resampling
2026-08-24 00:00,R01C01,11.2,10.8,中,drought,中,hold,resample_before_action,resample_sensors,medium,"hold_position:R01C01@(11.2,10.8); repeat_sampling_pass",resample_soil_moisture; resample_temperature; capture_context_image,none,R01C01 中风险且不确定性为中，重新采样后再决策,blocked_until_sensor_resample,queued_for_resampling
2026-08-24 01:00,R01C02,31.5,10.4,中,drought,中,hold,resample_before_action,resample_sensors,medium,"hold_position:R01C02@(31.5,10.4); repeat_sampling_pass",resample_soil_moisture; resample_temperature; capture_context_image,none,R01C02 中风险且不确定性为中，重新采样后再决策,blocked_until_sensor_resample,queued_for_resampling
2026-08-24 02:00,R01C03,51.1,9.9,中,drought,中,hold,resample_before_action,resample_sensors,medium,"hold_position:R01C03@(51.1,9.9); repeat_sampling_pass",resample_soil_moisture; resample_temperature; capture_context_image,none,R01C03 中风险且不确定性为中，重新采样后再决策,blocked_until_sensor_resample,queued_for_resampling
2026-08-24 03:00,R01C04,70.1,9.4,中,drought,中,hold,resample_before_action,resample_sensors,medium,"hold_position:R01C04@(70.1,9.4); repeat_sampling_pass",resample_soil_moisture; resample_temperature; capture_context_image,none,R01C04 中风险且不确定性为中，重新采样后再决策,blocked_until_sensor_resample,queued_for_resampling
2026-08-24 04:00,R01C05,89.2,9.1,中,drought,中,hold,resample_before_action,resample_sensors,medium,"hold_position:R01C05@(89.2,9.1); repeat_sampling_pass",resample_soil_moisture; resample_temperature; capture_context_image,none,R01C05 中风险且不确定性为中，重新采样后再决策,blocked_until_sensor_resample,queued_for_resampling
2026-08-24 05:00,R01C06,108.6,9.0,中,drought,中,hold,resample_before_action,resample_sensors,medium,"hold_position:R01C06@(108.6,9.0); repeat_sampling_pass",resample_soil_moisture; resample_temperature; capture_context_image,none,R01C06 中风险且不确定性为中，重新采样后再决策,blocked_until_sensor_resample,queued_for_resampling
2026-08-24 06:00,R02C06,108.6,29.1,中,drought,中,hold,resample_before_action,resample_sensors,medium,"hold_position:R02C06@(108.6,29.1); repeat_sampling_pass",resample_soil_moisture; resample_temperature; capture_context_image,none,R02C06 中风险且不确定性为中，重新采样后再决策,blocked_until_sensor_resample,queued_for_resampling
2026-08-24 07:00,R02C05,89.4,29.5,很低,healthy,低,observe,routine_patrol,continue_patrol,low,continue_nominal_patrol,standard_periodic_sampling,none,R02C05 当前风险较低，保持常规巡检,normal_autonomy,ready
2026-08-24 08:00,R02C04,70.4,30.0,很低,healthy,低,observe,routine_patrol,continue_patrol,low,continue_nominal_patrol,standard_periodic_sampling,none,R02C04 当前风险较低，保持常规巡检,normal_autonomy,ready
2026-08-24 09:00,R02C03,51.2,30.4,很低,healthy,低,observe,routine_patrol,continue_patrol,low,continue_nominal_patrol,standard_periodic_sampling,none,R02C03 当前风险较低，保持常规巡检,normal_autonomy,ready
2026-08-24 10:00,R02C02,31.5,30.8,很低,healthy,低,observe,routine_patrol,continue_patrol,low,continue_nominal_patrol,standard_periodic_sampling,none,R02C02 当前风险较低，保持常规巡检,normal_autonomy,ready
2026-08-24 11:00,R02C01,11.1,31.0,很低,healthy,低,observe,routine_patrol,continue_patrol,low,continue_nominal_patrol,standard_periodic_sampling,none,R02C01 当前风险较低，保持常规巡检,normal_autonomy,ready
2026-08-24 12:00,R03C01,10.1,50.9,很低,healthy,低,observe,routine_patrol,continue_patrol,low,continue_nominal_patrol,standard_periodic_sampling,none,R03C01 当前风险较低，保持常规巡检,normal_autonomy,ready
2026-08-24 13:00,R03C02,29.1,50.6,很低,healthy,低,observe,routine_patrol,continue_patrol,low,continue_nominal_patrol,standard_periodic_sampling,none,R03C02 当前风险较低，保持常规巡检,normal_autonomy,ready
2026-08-24 14:00,R03C03,48.5,50.2,很低,healthy,低,observe,routine_patrol,continue_patrol,low,continue_nominal_patrol,standard_periodic_sampling,none,R03C03 当前风险较低，保持常规巡检,normal_autonomy,ready
2026-08-24 15:00,R03C04,68.6,49.7,很低,healthy,低,observe,routine_patrol,continue_patrol,low,continue_nominal_patrol,standard_periodic_sampling,none,R03C04 当前风险较低，保持常规巡检,normal_autonomy,ready
2026-08-24 16:00,R03C05,89.4,49.3,中,drought,中,hold,resample_before_action,resample_sensors,medium,"hold_position:R03C05@(89.4,49.3); repeat_sampling_pass",resample_soil_moisture; resample_temperature; capture_context_image,none,R03C05 中风险且不确定性为中，重新采样后再决策,blocked_until_sensor_resample,queued_for_resampling
2026-08-24 17:00,R03C06,110.4,49.0,中,drought,中,hold,resample_before_action,resample_sensors,medium,"hold_position:R03C06@(110.4,49.0); repeat_sampling_pass",resample_soil_moisture; resample_temperature; capture_context_image,none,R03C06 中风险且不确定性为中，重新采样后再决策,blocked_until_sensor_resample,queued_for_resampling
2026-08-24 18:00,R04C06,111.2,69.0,中,drought,低,hold,monitor_more_context,monitor_context,normal,continue_patrol; revisit_region:R04C06,collect_next_context_window,none,R04C06 风险或不确定性处于中间状态，继续观察,no_direct_field_actuation,monitoring
2026-08-24 19:00,R04C05,91.5,69.3,中,drought,中,hold,resample_before_action,resample_sensors,medium,"hold_position:R04C05@(91.5,69.3); repeat_sampling_pass",resample_soil_moisture; resample_temperature; capture_context_image,none,R04C05 中风险且不确定性为中，重新采样后再决策,blocked_until_sensor_resample,queued_for_resampling
2026-08-24 20:00,R04C04,71.0,69.7,中,drought,中,hold,resample_before_action,resample_sensors,medium,"hold_position:R04C04@(71.0,69.7); repeat_sampling_pass",resample_soil_moisture; resample_temperature; capture_context_image,none,R04C04 中风险且不确定性为中，重新采样后再决策,blocked_until_sensor_resample,queued_for_resampling
2026-08-24 21:00,R04C03,50.1,70.2,中,drought,中,hold,resample_before_action,resample_sensors,medium,"hold_position:R04C03@(50.1,70.2); repeat_sampling_pass",resample_soil_moisture; resample_temperature; capture_context_image,none,R04C03 中风险且不确定性为中，重新采样后再决策,blocked_until_sensor_resample,queued_for_resampling
2026-08-24 22:00,R04C02,29.1,70.6,中,drought,中,hold,resample_before_action,resample_sensors,medium,"hold_position:R04C02@(29.1,70.6); repeat_sampling_pass",resample_soil_moisture; resample_temperature; capture_context_image,none,R04C02 中风险且不确定性为中，重新采样后再决策,blocked_until_sensor_resample,queued_for_resampling
2026-08-24 23:00,R04C01,8.5,70.9,中,drought,中,hold,resample_before_action,resample_sensors,medium,"hold_position:R04C01@(8.5,70.9); repeat_sampling_pass",resample_soil_moisture; resample_temperature; capture_context_image,none,R04C01 中风险且不确定性为中，重新采样后再决策,blocked_until_sensor_resample,queued_for_resampling
2026-08-25 00:00,R01C01,8.7,11.0,中,drought,中,hold,resample_before_action,resample_sensors,medium,"hold_position:R01C01@(8.7,11.0); repeat_sampling_pass",resample_soil_moisture; resample_temperature; capture_context_image,none,R01C01 中风险且不确定性为中，重新采样后再决策,blocked_until_sensor_resample,queued_for_resampling
2026-08-25 01:00,R01C02,29.4,10.8,中,drought,中,hold,resample_before_action,resample_sensors,medium,"hold_position:R01C02@(29.4,10.8); repeat_sampling_pass",resample_soil_moisture; resample_temperature; capture_context_image,none,R01C02 中风险且不确定性为中，重新采样后再决策,blocked_until_sensor_resample,queued_for_resampling
2026-08-25 02:00,R01C03,50.4,10.4,中高,drought,低,execute,execute_recommended_action,irrigation_alert,high,continue_patrol_after_marking:R01C03,verify_soil_moisture_next_pass,send_irrigation_alert,R01C03 干旱风险可信，触发灌溉提醒,human_or_controller_confirmation_required_for_irrigation,ready
2026-08-25 03:00,R01C04,71.3,10.0,中高,drought,中,hold,recheck_before_action,recheck_region,high,"navigate_to:R01C04@(71.3,10.0); slow_down; hold_safe_distance",capture_close_range_image; resample_environment_sensors,defer_field_actuation,R01C04 高风险但不确定性为中，先复查后再执行,blocked_until_recheck_confirms_state,queued_for_recheck
2026-08-25 04:00,R01C05,91.5,9.5,很低,healthy,低,observe,routine_patrol,continue_patrol,low,continue_nominal_patrol,standard_periodic_sampling,none,R01C05 当前风险较低，保持常规巡检,normal_autonomy,ready
2026-08-25 05:00,R01C06,111.0,9.1,中,waterlogging,中,hold,resample_before_action,resample_sensors,medium,"hold_position:R01C06@(111.0,9.1); repeat_sampling_pass",resample_soil_moisture; resample_temperature; capture_context_image,none,R01C06 中风险且不确定性为中，重新采样后再决策,blocked_until_sensor_resample,queued_for_resampling
2026-08-25 06:00,R02C06,110.1,29.0,很低,healthy,低,observe,routine_patrol,continue_patrol,low,continue_nominal_patrol,standard_periodic_sampling,none,R02C06 当前风险较低，保持常规巡检,normal_autonomy,ready
2026-08-25 07:00,R02C05,89.1,29.1,很低,healthy,低,observe,routine_patrol,continue_patrol,low,continue_nominal_patrol,standard_periodic_sampling,none,R02C05 当前风险较低，保持常规巡检,normal_autonomy,ready
2026-08-25 08:00,R02C04,68.5,29.4,很低,healthy,低,observe,routine_patrol,continue_patrol,low,continue_nominal_patrol,standard_periodic_sampling,none,R02C04 当前风险较低，保持常规巡检,normal_autonomy,ready
2026-08-25 09:00,R02C03,48.7,29.9,很低,healthy,低,observe,routine_patrol,continue_patrol,low,continue_nominal_patrol,standard_periodic_sampling,none,R02C03 当前风险较低，保持常规巡检,normal_autonomy,ready
2026-08-25 10:00,R02C02,29.4,30.4,很低,healthy,低,observe,routine_patrol,continue_patrol,low,continue_nominal_patrol,standard_periodic_sampling,none,R02C02 当前风险较低，保持常规巡检,normal_autonomy,ready
2026-08-25 11:00,R02C01,10.5,30.8,很低,healthy,低,observe,routine_patrol,continue_patrol,low,continue_nominal_patrol,standard_periodic_sampling,none,R02C01 当前风险较低，保持常规巡检,normal_autonomy,ready
2026-08-25 12:00,R03C01,11.3,51.0,中,heat,中,hold,resample_before_action,resample_sensors,medium,"hold_position:R03C01@(11.3,51.0); repeat_sampling_pass",resample_soil_moisture; resample_temperature; capture_context_image,none,R03C01 中风险且不确定性为中，重新采样后再决策,blocked_until_sensor_resample,queued_for_resampling
2026-08-25 13:00,R03C02,31.5,50.9,很低,healthy,低,observe,routine_patrol,continue_patrol,low,continue_nominal_patrol,standard_periodic_sampling,none,R03C02 当前风险较低，保持常规巡检,normal_autonomy,ready
2026-08-25 14:00,R03C03,51.0,50.7,中,drought,中,hold,resample_before_action,resample_sensors,medium,"hold_position:R03C03@(51.0,50.7); repeat_sampling_pass",resample_soil_moisture; resample_temperature; capture_context_image,none,R03C03 中风险且不确定性为中，重新采样后再决策,blocked_until_sensor_resample,queued_for_resampling
2026-08-25 15:00,R03C04,70.0,50.2,中,drought,中,hold,resample_before_action,resample_sensors,medium,"hold_position:R03C04@(70.0,50.2); repeat_sampling_pass",resample_soil_moisture; resample_temperature; capture_context_image,none,R03C04 中风险且不确定性为中，重新采样后再决策,blocked_until_sensor_resample,queued_for_resampling
2026-08-25 16:00,R03C05,89.1,49.8,中,drought,中,hold,resample_before_action,resample_sensors,medium,"hold_position:R03C05@(89.1,49.8); repeat_sampling_pass",resample_soil_moisture; resample_temperature; capture_context_image,none,R03C05 中风险且不确定性为中，重新采样后再决策,blocked_until_sensor_resample,queued_for_resampling
2026-08-25 17:00,R03C06,108.5,49.3,中,drought,中,hold,resample_before_action,resample_sensors,medium,"hold_position:R03C06@(108.5,49.3); repeat_sampling_pass",resample_soil_moisture; resample_temperature; capture_context_image,none,R03C06 中风险且不确定性为中，重新采样后再决策,blocked_until_sensor_resample,queued_for_resampling
2026-08-25 18:00,R04C06,108.7,69.1,中,drought,中,hold,resample_before_action,resample_sensors,medium,"hold_position:R04C06@(108.7,69.1); repeat_sampling_pass",resample_soil_moisture; resample_temperature; capture_context_image,none,R04C06 中风险且不确定性为中，重新采样后再决策,blocked_until_sensor_resample,queued_for_resampling
2026-08-25 19:00,R04C05,89.5,69.0,中,drought,中,hold,resample_before_action,resample_sensors,medium,"hold_position:R04C05@(89.5,69.0); repeat_sampling_pass",resample_soil_moisture; resample_temperature; capture_context_image,none,R04C05 中风险且不确定性为中，重新采样后再决策,blocked_until_sensor_resample,queued_for_resampling
2026-08-25 20:00,R04C04,70.5,69.2,中,drought,中,hold,resample_before_action,resample_sensors,medium,"hold_position:R04C04@(70.5,69.2); repeat_sampling_pass",resample_soil_moisture; resample_temperature; capture_context_image,none,R04C04 中风险且不确定性为中，重新采样后再决策,blocked_until_sensor_resample,queued_for_resampling
2026-08-25 21:00,R04C03,51.3,69.6,中,drought,中,hold,resample_before_action,resample_sensors,medium,"hold_position:R04C03@(51.3,69.6); repeat_sampling_pass",resample_soil_moisture; resample_temperature; capture_context_image,none,R04C03 中风险且不确定性为中，重新采样后再决策,blocked_until_sensor_resample,queued_for_resampling
2026-08-25 22:00,R04C02,31.5,70.1,中,drought,中,hold,resample_before_action,resample_sensors,medium,"hold_position:R04C02@(31.5,70.1); repeat_sampling_pass",resample_soil_moisture; resample_temperature; capture_context_image,none,R04C02 中风险且不确定性为中，重新采样后再决策,blocked_until_sensor_resample,queued_for_resampling
2026-08-25 23:00,R04C01,11.0,70.6,中,drought,中,hold,resample_before_action,resample_sensors,medium,"hold_position:R04C01@(11.0,70.6); repeat_sampling_pass",resample_soil_moisture; resample_temperature; capture_context_image,none,R04C01 中风险且不确定性为中，重新采样后再决策,blocked_until_sensor_resample,queued_for_resampling
2026-08-26 00:00,R01C01,10.0,10.9,中,drought,中,hold,resample_before_action,resample_sensors,medium,"hold_position:R01C01@(10.0,10.9); repeat_sampling_pass",resample_soil_moisture; resample_temperature; capture_context_image,none,R01C01 中风险且不确定性为中，重新采样后再决策,blocked_until_sensor_resample,queued_for_resampling
2026-08-26 01:00,R01C02,29.1,11.0,中,drought,中,hold,resample_before_action,resample_sensors,medium,"hold_position:R01C02@(29.1,11.0); repeat_sampling_pass",resample_soil_moisture; resample_temperature; capture_context_image,none,R01C02 中风险且不确定性为中，重新采样后再决策,blocked_until_sensor_resample,queued_for_resampling
2026-08-26 02:00,R01C03,48.5,10.9,中,drought,中,hold,resample_before_action,resample_sensors,medium,"hold_position:R01C03@(48.5,10.9); repeat_sampling_pass",resample_soil_moisture; resample_temperature; capture_context_image,none,R01C03 中风险且不确定性为中，重新采样后再决策,blocked_until_sensor_resample,queued_for_resampling
2026-08-26 03:00,R01C04,68.7,10.5,中,drought,中,hold,resample_before_action,resample_sensors,medium,"hold_position:R01C04@(68.7,10.5); repeat_sampling_pass",resample_soil_moisture; resample_temperature; capture_context_image,none,R01C04 中风险且不确定性为中，重新采样后再决策,blocked_until_sensor_resample,queued_for_resampling
2026-08-26 04:00,R01C05,89.5,10.0,中,drought,中,hold,resample_before_action,resample_sensors,medium,"hold_position:R01C05@(89.5,10.0); repeat_sampling_pass",resample_soil_moisture; resample_temperature; capture_context_image,none,R01C05 中风险且不确定性为中，重新采样后再决策,blocked_until_sensor_resample,queued_for_resampling
2026-08-26 05:00,R01C06,110.5,9.5,中,drought,中,hold,resample_before_action,resample_sensors,medium,"hold_position:R01C06@(110.5,9.5); repeat_sampling_pass",resample_soil_moisture; resample_temperature; capture_context_image,none,R01C06 中风险且不确定性为中，重新采样后再决策,blocked_until_sensor_resample,queued_for_resampling
2026-08-26 06:00,R02C06,111.3,29.2,中高,drought,中,hold,recheck_before_action,recheck_region,high,"navigate_to:R02C06@(111.3,29.2); slow_down; hold_safe_distance",capture_close_range_image; resample_environment_sensors,defer_field_actuation,R02C06 高风险但不确定性为中，先复查后再执行,blocked_until_recheck_confirms_state,queued_for_recheck
2026-08-26 07:00,R02C05,91.5,29.0,中高,drought,中,hold,recheck_before_action,recheck_region,high,"navigate_to:R02C05@(91.5,29.0); slow_down; hold_safe_distance",capture_close_range_image; resample_environment_sensors,defer_field_actuation,R02C05 高风险但不确定性为中，先复查后再执行,blocked_until_recheck_confirms_state,queued_for_recheck
2026-08-26 08:00,R02C04,71.0,29.1,中高,drought,低,execute,execute_recommended_action,irrigation_alert,high,continue_patrol_after_marking:R02C04,verify_soil_moisture_next_pass,send_irrigation_alert,R02C04 干旱风险可信，触发灌溉提醒,human_or_controller_confirmation_required_for_irrigation,ready
2026-08-26 09:00,R02C03,50.0,29.4,中高,drought,中,hold,recheck_before_action,recheck_region,high,"navigate_to:R02C03@(50.0,29.4); slow_down; hold_safe_distance",capture_close_range_image; resample_environment_sensors,defer_field_actuation,R02C03 高风险但不确定性为中，先复查后再执行,blocked_until_recheck_confirms_state,queued_for_recheck
2026-08-26 10:00,R02C02,29.0,29.8,中高,drought,低,execute,execute_recommended_action,irrigation_alert,high,continue_patrol_after_marking:R02C02,verify_soil_moisture_next_pass,send_irrigation_alert,R02C02 干旱风险可信，触发灌溉提醒,human_or_controller_confirmation_required_for_irrigation,ready
2026-08-26 11:00,R02C01,8.5,30.3,高,drought,低,execute,execute_recommended_action,irrigation_alert,high,continue_patrol_after_marking:R02C01,verify_soil_moisture_next_pass,send_irrigation_alert,R02C01 干旱风险可信，触发灌溉提醒,human_or_controller_confirmation_required_for_irrigation,ready
2026-08-26 12:00,R03C01,8.7,50.7,高,drought,低,execute,execute_recommended_action,irrigation_alert,high,continue_patrol_after_marking:R03C01,verify_soil_moisture_next_pass,send_irrigation_alert,R03C01 干旱风险可信，触发灌溉提醒,human_or_controller_confirmation_required_for_irrigation,ready
2026-08-26 13:00,R03C02,29.5,51.0,中高,drought,低,execute,execute_recommended_action,irrigation_alert,high,continue_patrol_after_marking:R03C02,verify_soil_moisture_next_pass,send_irrigation_alert,R03C02 干旱风险可信，触发灌溉提醒,human_or_controller_confirmation_required_for_irrigation,ready
2026-08-26 14:00,R03C03,50.5,51.0,中高,drought,中,hold,recheck_before_action,recheck_region,high,"navigate_to:R03C03@(50.5,51.0); slow_down; hold_safe_distance",capture_close_range_image; resample_environment_sensors,defer_field_actuation,R03C03 高风险但不确定性为中，先复查后再执行,blocked_until_recheck_confirms_state,queued_for_recheck
2026-08-26 15:00,R03C04,71.3,50.7,中,drought,中,hold,resample_before_action,resample_sensors,medium,"hold_position:R03C04@(71.3,50.7); repeat_sampling_pass",resample_soil_moisture; resample_temperature; capture_context_image,none,R03C04 中风险且不确定性为中，重新采样后再决策,blocked_until_sensor_resample,queued_for_resampling
2026-08-26 16:00,R03C05,91.5,50.3,很低,healthy,低,observe,routine_patrol,continue_patrol,low,continue_nominal_patrol,standard_periodic_sampling,none,R03C05 当前风险较低，保持常规巡检,normal_autonomy,ready
2026-08-26 17:00,R03C06,110.9,49.8,很低,healthy,低,observe,routine_patrol,continue_patrol,low,continue_nominal_patrol,standard_periodic_sampling,none,R03C06 当前风险较低，保持常规巡检,normal_autonomy,ready
2026-08-26 18:00,R04C06,110.0,69.4,很低,healthy,低,observe,routine_patrol,continue_patrol,low,continue_nominal_patrol,standard_periodic_sampling,none,R04C06 当前风险较低，保持常规巡检,normal_autonomy,ready
2026-08-26 19:00,R04C05,89.0,69.1,很低,healthy,低,observe,routine_patrol,continue_patrol,low,continue_nominal_patrol,standard_periodic_sampling,none,R04C05 当前风险较低，保持常规巡检,normal_autonomy,ready
2026-08-26 20:00,R04C04,68.5,69.0,很低,healthy,低,observe,routine_patrol,continue_patrol,low,continue_nominal_patrol,standard_periodic_sampling,none,R04C04 当前风险较低，保持常规巡检,normal_autonomy,ready
2026-08-26 21:00,R04C03,48.7,69.2,很低,healthy,低,observe,routine_patrol,continue_patrol,low,continue_nominal_patrol,standard_periodic_sampling,none,R04C03 当前风险较低，保持常规巡检,normal_autonomy,ready
2026-08-26 22:00,R04C02,29.5,69.6,很低,healthy,低,observe,routine_patrol,continue_patrol,low,continue_nominal_patrol,standard_periodic_sampling,none,R04C02 当前风险较低，保持常规巡检,normal_autonomy,ready
2026-08-26 23:00,R04C01,10.6,70.0,很低,healthy,低,observe,routine_patrol,continue_patrol,low,continue_nominal_patrol,standard_periodic_sampling,none,R04C01 当前风险较低，保持常规巡检,normal_autonomy,ready
2026-08-27 00:00,R01C01,11.3,10.5,很低,healthy,低,observe,routine_patrol,continue_patrol,low,continue_nominal_patrol,standard_periodic_sampling,none,R01C01 当前风险较低，保持常规巡检,normal_autonomy,ready
2026-08-27 01:00,R01C02,31.5,10.9,很低,healthy,低,observe,routine_patrol,continue_patrol,low,continue_nominal_patrol,standard_periodic_sampling,none,R01C02 当前风险较低，保持常规巡检,normal_autonomy,ready
2026-08-27 02:00,R01C03,50.9,11.0,很低,healthy,低,observe,routine_patrol,continue_patrol,low,continue_nominal_patrol,standard_periodic_sampling,none,R01C03 当前风险较低，保持常规巡检,normal_autonomy,ready
2026-08-27 03:00,R01C04,69.9,10.9,很低,healthy,低,observe,routine_patrol,continue_patrol,low,continue_nominal_patrol,standard_periodic_sampling,none,R01C04 当前风险较低，保持常规巡检,normal_autonomy,ready
2026-08-27 04:00,R01C05,89.0,10.6,很低,healthy,低,observe,routine_patrol,continue_patrol,low,continue_nominal_patrol,standard_periodic_sampling,none,R01C05 当前风险较低，保持常规巡检,normal_autonomy,ready
2026-08-27 05:00,R01C06,108.5,10.1,中,waterlogging,中,hold,resample_before_action,resample_sensors,medium,"hold_position:R01C06@(108.5,10.1); repeat_sampling_pass",resample_soil_moisture; resample_temperature; capture_context_image,none,R01C06 中风险且不确定性为中，重新采样后再决策,blocked_until_sensor_resample,queued_for_resampling
2026-08-27 06:00,R02C06,108.7,29.6,很低,healthy,低,observe,routine_patrol,continue_patrol,low,continue_nominal_patrol,standard_periodic_sampling,none,R02C06 当前风险较低，保持常规巡检,normal_autonomy,ready
2026-08-27 07:00,R02C05,89.5,29.2,很低,healthy,低,observe,routine_patrol,continue_patrol,low,continue_nominal_patrol,standard_periodic_sampling,none,R02C05 当前风险较低，保持常规巡检,normal_autonomy,ready
2026-08-27 08:00,R02C04,70.6,29.0,很低,healthy,低,observe,routine_patrol,continue_patrol,low,continue_nominal_patrol,standard_periodic_sampling,none,R02C04 当前风险较低，保持常规巡检,normal_autonomy,ready
2026-08-27 09:00,R02C03,51.3,29.1,很低,healthy,低,observe,routine_patrol,continue_patrol,low,continue_nominal_patrol,standard_periodic_sampling,none,R02C03 当前风险较低，保持常规巡检,normal_autonomy,ready
2026-08-27 10:00,R02C02,31.5,29.3,很低,healthy,低,observe,routine_patrol,continue_patrol,low,continue_nominal_patrol,standard_periodic_sampling,none,R02C02 当前风险较低，保持常规巡检,normal_autonomy,ready
2026-08-27 11:00,R02C01,10.9,29.8,很低,healthy,低,observe,routine_patrol,continue_patrol,low,continue_nominal_patrol,standard_periodic_sampling,none,R02C01 当前风险较低，保持常规巡检,normal_autonomy,ready
2026-08-27 12:00,R03C01,9.9,50.3,很低,healthy,低,observe,routine_patrol,continue_patrol,low,continue_nominal_patrol,standard_periodic_sampling,none,R03C01 当前风险较低，保持常规巡检,normal_autonomy,ready
2026-08-27 13:00,R03C02,29.0,50.7,很低,healthy,低,observe,routine_patrol,continue_patrol,low,continue_nominal_patrol,standard_periodic_sampling,none,R03C02 当前风险较低，保持常规巡检,normal_autonomy,ready
2026-08-27 14:00,R03C03,48.5,51.0,很低,healthy,低,observe,routine_patrol,continue_patrol,low,continue_nominal_patrol,standard_periodic_sampling,none,R03C03 当前风险较低，保持常规巡检,normal_autonomy,ready
2026-08-27 15:00,R03C04,68.7,51.0,很低,healthy,低,observe,routine_patrol,continue_patrol,low,continue_nominal_patrol,standard_periodic_sampling,none,R03C04 当前风险较低，保持常规巡检,normal_autonomy,ready
2026-08-27 16:00,R03C05,89.6,50.8,很低,healthy,低,observe,routine_patrol,continue_patrol,low,continue_nominal_patrol,standard_periodic_sampling,none,R03C05 当前风险较低，保持常规巡检,normal_autonomy,ready
2026-08-27 17:00,R03C06,110.6,50.4,很低,healthy,低,observe,routine_patrol,continue_patrol,low,continue_nominal_patrol,standard_periodic_sampling,none,R03C06 当前风险较低，保持常规巡检,normal_autonomy,ready
2026-08-27 18:00,R04C06,111.3,69.9,很低,healthy,中,hold,monitor_more_context,monitor_context,normal,continue_patrol; revisit_region:R04C06,collect_next_context_window,none,R04C06 风险或不确定性处于中间状态，继续观察,no_direct_field_actuation,monitoring
2026-08-27 19:00,R04C05,91.5,69.4,很低,healthy,低,observe,routine_patrol,continue_patrol,low,continue_nominal_patrol,standard_periodic_sampling,none,R04C05 当前风险较低，保持常规巡检,normal_autonomy,ready
2026-08-27 20:00,R04C04,70.9,69.1,很低,healthy,低,observe,routine_patrol,continue_patrol,low,continue_nominal_patrol,standard_periodic_sampling,none,R04C04 当前风险较低，保持常规巡检,normal_autonomy,ready
2026-08-27 21:00,R04C03,49.9,69.0,很低,healthy,低,observe,routine_patrol,continue_patrol,low,continue_nominal_patrol,standard_periodic_sampling,none,R04C03 当前风险较低，保持常规巡检,normal_autonomy,ready
2026-08-27 22:00,R04C02,29.0,69.1,很低,healthy,低,observe,routine_patrol,continue_patrol,low,continue_nominal_patrol,standard_periodic_sampling,none,R04C02 当前风险较低，保持常规巡检,normal_autonomy,ready
2026-08-27 23:00,R04C01,8.5,69.5,很低,healthy,低,observe,routine_patrol,continue_patrol,low,continue_nominal_patrol,standard_periodic_sampling,none,R04C01 当前风险较低，保持常规巡检,normal_autonomy,ready
2026-08-28 00:00,R01C01,8.8,10.0,很低,healthy,中,hold,monitor_more_context,monitor_context,normal,continue_patrol; revisit_region:R01C01,collect_next_context_window,none,R01C01 风险或不确定性处于中间状态，继续观察,no_direct_field_actuation,monitoring
2026-08-28 01:00,R01C02,29.6,10.5,很低,healthy,低,observe,routine_patrol,continue_patrol,low,continue_nominal_patrol,standard_periodic_sampling,none,R01C02 当前风险较低，保持常规巡检,normal_autonomy,ready
2026-08-28 02:00,R01C03,50.6,10.8,很低,healthy,低,observe,routine_patrol,continue_patrol,low,continue_nominal_patrol,standard_periodic_sampling,none,R01C03 当前风险较低，保持常规巡检,normal_autonomy,ready
2026-08-28 03:00,R01C04,71.4,11.0,很低,healthy,低,observe,routine_patrol,continue_patrol,low,continue_nominal_patrol,standard_periodic_sampling,none,R01C04 当前风险较低，保持常规巡检,normal_autonomy,ready
2026-08-28 04:00,R01C05,91.5,10.9,低,healthy,低,observe,routine_patrol,continue_patrol,low,continue_nominal_patrol,standard_periodic_sampling,none,R01C05 当前风险较低，保持常规巡检,normal_autonomy,ready
2026-08-28 05:00,R01C06,110.9,10.6,中,waterlogging,中,hold,resample_before_action,resample_sensors,medium,"hold_position:R01C06@(110.9,10.6); repeat_sampling_pass",resample_soil_moisture; resample_temperature; capture_context_image,none,R01C06 中风险且不确定性为中，重新采样后再决策,blocked_until_sensor_resample,queued_for_resampling
2026-08-28 06:00,R02C06,109.9,30.2,中,waterlogging,中,hold,resample_before_action,resample_sensors,medium,"hold_position:R02C06@(109.9,30.2); repeat_sampling_pass",resample_soil_moisture; resample_temperature; capture_context_image,none,R02C06 中风险且不确定性为中，重新采样后再决策,blocked_until_sensor_resample,queued_for_resampling
2026-08-28 07:00,R02C05,88.9,29.7,中,waterlogging,中,hold,resample_before_action,resample_sensors,medium,"hold_position:R02C05@(88.9,29.7); repeat_sampling_pass",resample_soil_moisture; resample_temperature; capture_context_image,none,R02C05 中风险且不确定性为中，重新采样后再决策,blocked_until_sensor_resample,queued_for_resampling
2026-08-28 08:00,R02C04,68.5,29.3,中,waterlogging,中,hold,resample_before_action,resample_sensors,medium,"hold_position:R02C04@(68.5,29.3); repeat_sampling_pass",resample_soil_moisture; resample_temperature; capture_context_image,none,R02C04 中风险且不确定性为中，重新采样后再决策,blocked_until_sensor_resample,queued_for_resampling
2026-08-28 09:00,R02C03,48.8,29.0,中,waterlogging,中,hold,resample_before_action,resample_sensors,medium,"hold_position:R02C03@(48.8,29.0); repeat_sampling_pass",resample_soil_moisture; resample_temperature; capture_context_image,none,R02C03 中风险且不确定性为中，重新采样后再决策,blocked_until_sensor_resample,queued_for_resampling
2026-08-28 10:00,R02C02,29.6,29.0,中高,waterlogging,低,execute,execute_recommended_action,reroute_and_drainage_check,high,reroute_around_region:R02C02; mark_low_traction_zone,inspect_drainage_channel; verify_soil_moisture,send_drainage_alert,R02C02 疑似积水，机器人绕行并发送排水检查提醒,execute_without_entering_risky_cell,ready
2026-08-28 11:00,R02C01,10.6,29.3,中高,waterlogging,低,execute,execute_recommended_action,reroute_and_drainage_check,high,reroute_around_region:R02C01; mark_low_traction_zone,inspect_drainage_channel; verify_soil_moisture,send_drainage_alert,R02C01 疑似积水，机器人绕行并发送排水检查提醒,execute_without_entering_risky_cell,ready
2026-08-28 12:00,R03C01,11.4,49.7,中高,waterlogging,中,hold,recheck_before_action,recheck_region,high,"navigate_to:R03C01@(11.4,49.7); slow_down; hold_safe_distance",capture_close_range_image; resample_environment_sensors,defer_field_actuation,R03C01 高风险但不确定性为中，先复查后再执行,blocked_until_recheck_confirms_state,queued_for_recheck
2026-08-28 13:00,R03C02,31.4,50.2,中高,waterlogging,中,hold,recheck_before_action,recheck_region,high,"navigate_to:R03C02@(31.4,50.2); slow_down; hold_safe_distance",capture_close_range_image; resample_environment_sensors,defer_field_actuation,R03C02 高风险但不确定性为中，先复查后再执行,blocked_until_recheck_confirms_state,queued_for_recheck
2026-08-28 14:00,R03C03,50.8,50.6,中高,waterlogging,中,hold,recheck_before_action,recheck_region,high,"navigate_to:R03C03@(50.8,50.6); slow_down; hold_safe_distance",capture_close_range_image; resample_environment_sensors,defer_field_actuation,R03C03 高风险但不确定性为中，先复查后再执行,blocked_until_recheck_confirms_state,queued_for_recheck
2026-08-28 15:00,R03C04,69.8,50.9,中高,waterlogging,低,execute,execute_recommended_action,reroute_and_drainage_check,high,reroute_around_region:R03C04; mark_low_traction_zone,inspect_drainage_channel; verify_soil_moisture,send_drainage_alert,R03C04 疑似积水，机器人绕行并发送排水检查提醒,execute_without_entering_risky_cell,ready
2026-08-28 16:00,R03C05,88.9,51.0,中高,waterlogging,中,hold,recheck_before_action,recheck_region,high,"navigate_to:R03C05@(88.9,51.0); slow_down; hold_safe_distance",capture_close_range_image; resample_environment_sensors,defer_field_actuation,R03C05 高风险但不确定性为中，先复查后再执行,blocked_until_recheck_confirms_state,queued_for_recheck
2026-08-28 17:00,R03C06,108.5,50.8,中高,waterlogging,中,hold,recheck_before_action,recheck_region,high,"navigate_to:R03C06@(108.5,50.8); slow_down; hold_safe_distance",capture_close_range_image; resample_environment_sensors,defer_field_actuation,R03C06 高风险但不确定性为中，先复查后再执行,blocked_until_recheck_confirms_state,queued_for_recheck
2026-08-28 18:00,R04C06,108.8,70.4,中高,waterlogging,中,hold,recheck_before_action,recheck_region,high,"navigate_to:R04C06@(108.8,70.4); slow_down; hold_safe_distance",capture_close_range_image; resample_environment_sensors,defer_field_actuation,R04C06 高风险但不确定性为中，先复查后再执行,blocked_until_recheck_confirms_state,queued_for_recheck
2026-08-28 19:00,R04C05,89.6,69.9,中高,waterlogging,中,hold,recheck_before_action,recheck_region,high,"navigate_to:R04C05@(89.6,69.9); slow_down; hold_safe_distance",capture_close_range_image; resample_environment_sensors,defer_field_actuation,R04C05 高风险但不确定性为中，先复查后再执行,blocked_until_recheck_confirms_state,queued_for_recheck
2026-08-28 20:00,R04C04,70.7,69.5,中高,waterlogging,低,execute,execute_recommended_action,reroute_and_drainage_check,high,reroute_around_region:R04C04; mark_low_traction_zone,inspect_drainage_channel; verify_soil_moisture,send_drainage_alert,R04C04 疑似积水，机器人绕行并发送排水检查提醒,execute_without_entering_risky_cell,ready
2026-08-28 21:00,R04C03,51.4,69.1,中高,waterlogging,低,execute,execute_recommended_action,reroute_and_drainage_check,high,reroute_around_region:R04C03; mark_low_traction_zone,inspect_drainage_channel; verify_soil_moisture,send_drainage_alert,R04C03 疑似积水，机器人绕行并发送排水检查提醒,execute_without_entering_risky_cell,ready
2026-08-28 22:00,R04C02,31.4,69.0,中高,waterlogging,中,hold,recheck_before_action,recheck_region,high,"navigate_to:R04C02@(31.4,69.0); slow_down; hold_safe_distance",capture_close_range_image; resample_environment_sensors,defer_field_actuation,R04C02 高风险但不确定性为中，先复查后再执行,blocked_until_recheck_confirms_state,queued_for_recheck
2026-08-28 23:00,R04C01,10.8,69.1,中高,waterlogging,中,hold,recheck_before_action,recheck_region,high,"navigate_to:R04C01@(10.8,69.1); slow_down; hold_safe_distance",capture_close_range_image; resample_environment_sensors,defer_field_actuation,R04C01 高风险但不确定性为中，先复查后再执行,blocked_until_recheck_confirms_state,queued_for_recheck
2026-08-29 00:00,R01C01,9.8,9.4,中高,waterlogging,低,execute,execute_recommended_action,reroute_and_drainage_check,high,reroute_around_region:R01C01; mark_low_traction_zone,inspect_drainage_channel; verify_soil_moisture,send_drainage_alert,R01C01 疑似积水，机器人绕行并发送排水检查提醒,execute_without_entering_risky_cell,ready
2026-08-29 01:00,R01C02,28.9,9.9,中高,waterlogging,中,hold,recheck_before_action,recheck_region,high,"navigate_to:R01C02@(28.9,9.9); slow_down; hold_safe_distance",capture_close_range_image; resample_environment_sensors,defer_field_actuation,R01C02 高风险但不确定性为中，先复查后再执行,blocked_until_recheck_confirms_state,queued_for_recheck
2026-08-29 02:00,R01C03,48.5,10.4,中高,waterlogging,中,hold,recheck_before_action,recheck_region,high,"navigate_to:R01C03@(48.5,10.4); slow_down; hold_safe_distance",capture_close_range_image; resample_environment_sensors,defer_field_actuation,R01C03 高风险但不确定性为中，先复查后再执行,blocked_until_recheck_confirms_state,queued_for_recheck
2026-08-29 03:00,R01C04,68.8,10.8,中高,waterlogging,中,hold,recheck_before_action,recheck_region,high,"navigate_to:R01C04@(68.8,10.8); slow_down; hold_safe_distance",capture_close_range_image; resample_environment_sensors,defer_field_actuation,R01C04 高风险但不确定性为中，先复查后再执行,blocked_until_recheck_confirms_state,queued_for_recheck
2026-08-29 04:00,R01C05,89.7,11.0,中高,waterlogging,中,hold,recheck_before_action,recheck_region,high,"navigate_to:R01C05@(89.7,11.0); slow_down; hold_safe_distance",capture_close_range_image; resample_environment_sensors,defer_field_actuation,R01C05 高风险但不确定性为中，先复查后再执行,blocked_until_recheck_confirms_state,queued_for_recheck
2026-08-29 05:00,R01C06,110.7,10.9,中高,waterlogging,中,hold,recheck_before_action,recheck_region,high,"navigate_to:R01C06@(110.7,10.9); slow_down; hold_safe_distance",capture_close_range_image; resample_environment_sensors,defer_field_actuation,R01C06 高风险但不确定性为中，先复查后再执行,blocked_until_recheck_confirms_state,queued_for_recheck
2026-08-29 06:00,R02C06,111.4,30.7,中高,waterlogging,中,hold,recheck_before_action,recheck_region,high,"navigate_to:R02C06@(111.4,30.7); slow_down; hold_safe_distance",capture_close_range_image; resample_environment_sensors,defer_field_actuation,R02C06 高风险但不确定性为中，先复查后再执行,blocked_until_recheck_confirms_state,queued_for_recheck
2026-08-29 07:00,R02C05,91.4,30.2,中高,waterlogging,中,hold,recheck_before_action,recheck_region,high,"navigate_to:R02C05@(91.4,30.2); slow_down; hold_safe_distance",capture_close_range_image; resample_environment_sensors,defer_field_actuation,R02C05 高风险但不确定性为中，先复查后再执行,blocked_until_recheck_confirms_state,queued_for_recheck
2026-08-29 08:00,R02C04,70.8,29.7,中高,waterlogging,中,hold,recheck_before_action,recheck_region,high,"navigate_to:R02C04@(70.8,29.7); slow_down; hold_safe_distance",capture_close_range_image; resample_environment_sensors,defer_field_actuation,R02C04 高风险但不确定性为中，先复查后再执行,blocked_until_recheck_confirms_state,queued_for_recheck
2026-08-29 09:00,R02C03,49.8,29.3,中高,waterlogging,中,hold,recheck_before_action,recheck_region,high,"navigate_to:R02C03@(49.8,29.3); slow_down; hold_safe_distance",capture_close_range_image; resample_environment_sensors,defer_field_actuation,R02C03 高风险但不确定性为中，先复查后再执行,blocked_until_recheck_confirms_state,queued_for_recheck
2026-08-29 10:00,R02C02,28.9,29.0,中高,waterlogging,中,hold,recheck_before_action,recheck_region,high,"navigate_to:R02C02@(28.9,29.0); slow_down; hold_safe_distance",capture_close_range_image; resample_environment_sensors,defer_field_actuation,R02C02 高风险但不确定性为中，先复查后再执行,blocked_until_recheck_confirms_state,queued_for_recheck
2026-08-29 11:00,R02C01,8.5,29.0,很低,healthy,低,observe,routine_patrol,continue_patrol,low,continue_nominal_patrol,standard_periodic_sampling,none,R02C01 当前风险较低，保持常规巡检,normal_autonomy,ready
2026-08-29 12:00,R03C01,8.8,49.2,很低,healthy,低,observe,routine_patrol,continue_patrol,low,continue_nominal_patrol,standard_periodic_sampling,none,R03C01 当前风险较低，保持常规巡检,normal_autonomy,ready
2026-08-29 13:00,R03C02,29.7,49.6,很低,healthy,低,observe,routine_patrol,continue_patrol,low,continue_nominal_patrol,standard_periodic_sampling,none,R03C02 当前风险较低，保持常规巡检,normal_autonomy,ready
2026-08-29 14:00,R03C03,50.7,50.1,很低,healthy,低,observe,routine_patrol,continue_patrol,low,continue_nominal_patrol,standard_periodic_sampling,none,R03C03 当前风险较低，保持常规巡检,normal_autonomy,ready
2026-08-29 15:00,R03C04,71.4,50.6,很低,healthy,低,observe,routine_patrol,continue_patrol,low,continue_nominal_patrol,standard_periodic_sampling,none,R03C04 当前风险较低，保持常规巡检,normal_autonomy,ready
2026-08-29 16:00,R03C05,91.4,50.9,很低,healthy,低,observe,routine_patrol,continue_patrol,low,continue_nominal_patrol,standard_periodic_sampling,none,R03C05 当前风险较低，保持常规巡检,normal_autonomy,ready
2026-08-29 17:00,R03C06,110.8,51.0,很低,healthy,中,hold,monitor_more_context,monitor_context,normal,continue_patrol; revisit_region:R03C06,collect_next_context_window,none,R03C06 风险或不确定性处于中间状态，继续观察,no_direct_field_actuation,monitoring
2026-08-29 18:00,R04C06,109.8,70.8,很低,healthy,低,observe,routine_patrol,continue_patrol,low,continue_nominal_patrol,standard_periodic_sampling,none,R04C06 当前风险较低，保持常规巡检,normal_autonomy,ready
2026-08-29 19:00,R04C05,88.9,70.5,很低,healthy,低,observe,routine_patrol,continue_patrol,low,continue_nominal_patrol,standard_periodic_sampling,none,R04C05 当前风险较低，保持常规巡检,normal_autonomy,ready
2026-08-29 20:00,R04C04,68.5,70.0,很低,healthy,低,observe,routine_patrol,continue_patrol,low,continue_nominal_patrol,standard_periodic_sampling,none,R04C04 当前风险较低，保持常规巡检,normal_autonomy,ready
2026-08-29 21:00,R04C03,48.8,69.5,很低,healthy,低,observe,routine_patrol,continue_patrol,low,continue_nominal_patrol,standard_periodic_sampling,none,R04C03 当前风险较低，保持常规巡检,normal_autonomy,ready
2026-08-29 22:00,R04C02,29.7,69.2,很低,healthy,低,observe,routine_patrol,continue_patrol,low,continue_nominal_patrol,standard_periodic_sampling,none,R04C02 当前风险较低，保持常规巡检,normal_autonomy,ready
2026-08-29 23:00,R04C01,10.7,69.0,很低,healthy,低,observe,routine_patrol,continue_patrol,low,continue_nominal_patrol,standard_periodic_sampling,none,R04C01 当前风险较低，保持常规巡检,normal_autonomy,ready
2026-08-30 00:00,R01C01,11.4,9.1,很低,healthy,中,hold,monitor_more_context,monitor_context,normal,continue_patrol; revisit_region:R01C01,collect_next_context_window,none,R01C01 风险或不确定性处于中间状态，继续观察,no_direct_field_actuation,monitoring
2026-08-30 01:00,R01C02,31.4,9.4,很低,healthy,低,observe,routine_patrol,continue_patrol,low,continue_nominal_patrol,standard_periodic_sampling,none,R01C02 当前风险较低，保持常规巡检,normal_autonomy,ready
2026-08-30 02:00,R01C03,50.8,9.8,很低,healthy,低,observe,routine_patrol,continue_patrol,low,continue_nominal_patrol,standard_periodic_sampling,none,R01C03 当前风险较低，保持常规巡检,normal_autonomy,ready
2026-08-30 03:00,R01C04,69.7,10.3,低,healthy,低,observe,routine_patrol,continue_patrol,low,continue_nominal_patrol,standard_periodic_sampling,none,R01C04 当前风险较低，保持常规巡检,normal_autonomy,ready
2026-08-30 04:00,R01C05,88.9,10.7,中,waterlogging,中,hold,resample_before_action,resample_sensors,medium,"hold_position:R01C05@(88.9,10.7); repeat_sampling_pass",resample_soil_moisture; resample_temperature; capture_context_image,none,R01C05 中风险且不确定性为中，重新采样后再决策,blocked_until_sensor_resample,queued_for_resampling
2026-08-30 05:00,R01C06,108.5,11.0,中,waterlogging,中,hold,resample_before_action,resample_sensors,medium,"hold_position:R01C06@(108.5,11.0); repeat_sampling_pass",resample_soil_moisture; resample_temperature; capture_context_image,none,R01C06 中风险且不确定性为中，重新采样后再决策,blocked_until_sensor_resample,queued_for_resampling
2026-08-30 06:00,R02C06,108.9,31.0,中,waterlogging,中,hold,resample_before_action,resample_sensors,medium,"hold_position:R02C06@(108.9,31.0); repeat_sampling_pass",resample_soil_moisture; resample_temperature; capture_context_image,none,R02C06 中风险且不确定性为中，重新采样后再决策,blocked_until_sensor_resample,queued_for_resampling
2026-08-30 07:00,R02C05,89.7,30.7,中,waterlogging,中,hold,resample_before_action,resample_sensors,medium,"hold_position:R02C05@(89.7,30.7); repeat_sampling_pass",resample_soil_moisture; resample_temperature; capture_context_image,none,R02C05 中风险且不确定性为中，重新采样后再决策,blocked_until_sensor_resample,queued_for_resampling
2026-08-30 08:00,R02C04,70.8,30.3,中,waterlogging,中,hold,resample_before_action,resample_sensors,medium,"hold_position:R02C04@(70.8,30.3); repeat_sampling_pass",resample_soil_moisture; resample_temperature; capture_context_image,none,R02C04 中风险且不确定性为中，重新采样后再决策,blocked_until_sensor_resample,queued_for_resampling
2026-08-30 09:00,R02C03,51.4,29.8,中,waterlogging,中,hold,resample_before_action,resample_sensors,medium,"hold_position:R02C03@(51.4,29.8); repeat_sampling_pass",resample_soil_moisture; resample_temperature; capture_context_image,none,R02C03 中风险且不确定性为中，重新采样后再决策,blocked_until_sensor_resample,queued_for_resampling
2026-08-30 10:00,R02C02,31.4,29.4,中,waterlogging,中,hold,resample_before_action,resample_sensors,medium,"hold_position:R02C02@(31.4,29.4); repeat_sampling_pass",resample_soil_moisture; resample_temperature; capture_context_image,none,R02C02 中风险且不确定性为中，重新采样后再决策,blocked_until_sensor_resample,queued_for_resampling
2026-08-30 11:00,R02C01,10.7,29.1,中,waterlogging,中,hold,resample_before_action,resample_sensors,medium,"hold_position:R02C01@(10.7,29.1); repeat_sampling_pass",resample_soil_moisture; resample_temperature; capture_context_image,none,R02C01 中风险且不确定性为中，重新采样后再决策,blocked_until_sensor_resample,queued_for_resampling
2026-08-30 12:00,R03C01,9.7,49.0,中,waterlogging,中,hold,resample_before_action,resample_sensors,medium,"hold_position:R03C01@(9.7,49.0); repeat_sampling_pass",resample_soil_moisture; resample_temperature; capture_context_image,none,R03C01 中风险且不确定性为中，重新采样后再决策,blocked_until_sensor_resample,queued_for_resampling
2026-08-30 13:00,R03C02,28.8,49.2,很低,healthy,低,observe,routine_patrol,continue_patrol,low,continue_nominal_patrol,standard_periodic_sampling,none,R03C02 当前风险较低，保持常规巡检,normal_autonomy,ready
2026-08-30 14:00,R03C03,48.5,49.6,很低,healthy,低,observe,routine_patrol,continue_patrol,low,continue_nominal_patrol,standard_periodic_sampling,none,R03C03 当前风险较低，保持常规巡检,normal_autonomy,ready
2026-08-30 15:00,R03C04,68.9,50.1,很低,healthy,低,observe,routine_patrol,continue_patrol,low,continue_nominal_patrol,standard_periodic_sampling,none,R03C04 当前风险较低，保持常规巡检,normal_autonomy,ready
2026-08-30 16:00,R03C05,89.8,50.5,很低,healthy,低,observe,routine_patrol,continue_patrol,low,continue_nominal_patrol,standard_periodic_sampling,none,R03C05 当前风险较低，保持常规巡检,normal_autonomy,ready
2026-08-30 17:00,R03C06,110.8,50.9,很低,healthy,低,observe,routine_patrol,continue_patrol,low,continue_nominal_patrol,standard_periodic_sampling,none,R03C06 当前风险较低，保持常规巡检,normal_autonomy,ready
2026-08-30 18:00,R04C06,111.4,71.0,很低,healthy,低,observe,routine_patrol,continue_patrol,low,continue_nominal_patrol,standard_periodic_sampling,none,R04C06 当前风险较低，保持常规巡检,normal_autonomy,ready
2026-08-30 19:00,R04C05,91.4,70.9,很低,healthy,低,observe,routine_patrol,continue_patrol,low,continue_nominal_patrol,standard_periodic_sampling,none,R04C05 当前风险较低，保持常规巡检,normal_autonomy,ready
2026-08-30 20:00,R04C04,70.7,70.5,很低,healthy,低,observe,routine_patrol,continue_patrol,low,continue_nominal_patrol,standard_periodic_sampling,none,R04C04 当前风险较低，保持常规巡检,normal_autonomy,ready
2026-08-30 21:00,R04C03,49.7,70.1,很低,healthy,低,observe,routine_patrol,continue_patrol,low,continue_nominal_patrol,standard_periodic_sampling,none,R04C03 当前风险较低，保持常规巡检,normal_autonomy,ready
2026-08-30 22:00,R04C02,28.8,69.6,很低,healthy,低,observe,routine_patrol,continue_patrol,low,continue_nominal_patrol,standard_periodic_sampling,none,R04C02 当前风险较低，保持常规巡检,normal_autonomy,ready
2026-08-30 23:00,R04C01,8.5,69.2,很低,healthy,低,observe,routine_patrol,continue_patrol,low,continue_nominal_patrol,standard_periodic_sampling,none,R04C01 当前风险较低，保持常规巡检,normal_autonomy,ready
2026-08-31 00:00,R01C01,8.9,9.0,很低,healthy,低,observe,routine_patrol,continue_patrol,low,continue_nominal_patrol,standard_periodic_sampling,none,R01C01 当前风险较低，保持常规巡检,normal_autonomy,ready
2026-08-31 01:00,R01C02,29.8,9.1,很低,healthy,低,observe,routine_patrol,continue_patrol,low,continue_nominal_patrol,standard_periodic_sampling,none,R01C02 当前风险较低，保持常规巡检,normal_autonomy,ready
2026-08-31 02:00,R01C03,50.8,9.3,很低,healthy,低,observe,routine_patrol,continue_patrol,low,continue_nominal_patrol,standard_periodic_sampling,none,R01C03 当前风险较低，保持常规巡检,normal_autonomy,ready
2026-08-31 03:00,R01C04,71.4,9.8,很低,healthy,低,observe,routine_patrol,continue_patrol,low,continue_nominal_patrol,standard_periodic_sampling,none,R01C04 当前风险较低，保持常规巡检,normal_autonomy,ready
2026-08-31 04:00,R01C05,91.4,10.3,很低,healthy,中,hold,monitor_more_context,monitor_context,normal,continue_patrol; revisit_region:R01C05,collect_next_context_window,none,R01C05 风险或不确定性处于中间状态，继续观察,no_direct_field_actuation,monitoring
2026-08-31 05:00,R01C06,110.7,10.7,很低,healthy,低,observe,routine_patrol,continue_patrol,low,continue_nominal_patrol,standard_periodic_sampling,none,R01C06 当前风险较低，保持常规巡检,normal_autonomy,ready
2026-08-31 06:00,R02C06,109.7,31.0,很低,healthy,低,observe,routine_patrol,continue_patrol,low,continue_nominal_patrol,standard_periodic_sampling,none,R02C06 当前风险较低，保持常规巡检,normal_autonomy,ready
2026-08-31 07:00,R02C05,88.8,31.0,很低,healthy,低,observe,routine_patrol,continue_patrol,low,continue_nominal_patrol,standard_periodic_sampling,none,R02C05 当前风险较低，保持常规巡检,normal_autonomy,ready
2026-08-31 08:00,R02C04,68.5,30.8,很低,healthy,低,observe,routine_patrol,continue_patrol,low,continue_nominal_patrol,standard_periodic_sampling,none,R02C04 当前风险较低，保持常规巡检,normal_autonomy,ready
2026-08-31 09:00,R02C03,48.9,30.4,很低,healthy,低,observe,routine_patrol,continue_patrol,low,continue_nominal_patrol,standard_periodic_sampling,none,R02C03 当前风险较低，保持常规巡检,normal_autonomy,ready
2026-08-31 10:00,R02C02,29.8,29.9,很低,healthy,低,observe,routine_patrol,continue_patrol,low,continue_nominal_patrol,standard_periodic_sampling,none,R02C02 当前风险较低，保持常规巡检,normal_autonomy,ready
2026-08-31 11:00,R02C01,10.8,29.4,很低,healthy,低,observe,routine_patrol,continue_patrol,low,continue_nominal_patrol,standard_periodic_sampling,none,R02C01 当前风险较低，保持常规巡检,normal_autonomy,ready
2026-08-31 12:00,R03C01,11.4,49.1,很低,healthy,低,observe,routine_patrol,continue_patrol,low,continue_nominal_patrol,standard_periodic_sampling,none,R03C01 当前风险较低，保持常规巡检,normal_autonomy,ready
2026-08-31 13:00,R03C02,31.4,49.0,中,heat,中,hold,resample_before_action,resample_sensors,medium,"hold_position:R03C02@(31.4,49.0); repeat_sampling_pass",resample_soil_moisture; resample_temperature; capture_context_image,none,R03C02 中风险且不确定性为中，重新采样后再决策,blocked_until_sensor_resample,queued_for_resampling
2026-08-31 14:00,R03C03,50.7,49.2,很低,healthy,中,hold,monitor_more_context,monitor_context,normal,continue_patrol; revisit_region:R03C03,collect_next_context_window,none,R03C03 风险或不确定性处于中间状态，继续观察,no_direct_field_actuation,monitoring
2026-08-31 15:00,R03C04,69.6,49.5,中,waterlogging,中,hold,resample_before_action,resample_sensors,medium,"hold_position:R03C04@(69.6,49.5); repeat_sampling_pass",resample_soil_moisture; resample_temperature; capture_context_image,none,R03C04 中风险且不确定性为中，重新采样后再决策,blocked_until_sensor_resample,queued_for_resampling
2026-08-31 16:00,R03C05,88.8,50.0,中,waterlogging,低,hold,monitor_more_context,reroute_and_drainage_check,medium,reroute_around_region:R03C05; mark_low_traction_zone,inspect_drainage_channel; verify_soil_moisture,send_drainage_alert,R03C05 疑似积水，机器人绕行并发送排水检查提醒,execute_without_entering_risky_cell,ready
2026-08-31 17:00,R03C06,108.5,50.5,中,waterlogging,中,hold,resample_before_action,resample_sensors,medium,"hold_position:R03C06@(108.5,50.5); repeat_sampling_pass",resample_soil_moisture; resample_temperature; capture_context_image,none,R03C06 中风险且不确定性为中，重新采样后再决策,blocked_until_sensor_resample,queued_for_resampling
2026-08-31 18:00,R04C06,108.9,70.8,中,waterlogging,中,hold,resample_before_action,resample_sensors,medium,"hold_position:R04C06@(108.9,70.8); repeat_sampling_pass",resample_soil_moisture; resample_temperature; capture_context_image,none,R04C06 中风险且不确定性为中，重新采样后再决策,blocked_until_sensor_resample,queued_for_resampling
2026-08-31 19:00,R04C05,89.8,71.0,中,waterlogging,中,hold,resample_before_action,resample_sensors,medium,"hold_position:R04C05@(89.8,71.0); repeat_sampling_pass",resample_soil_moisture; resample_temperature; capture_context_image,none,R04C05 中风险且不确定性为中，重新采样后再决策,blocked_until_sensor_resample,queued_for_resampling
2026-08-31 20:00,R04C04,70.8,70.9,中,waterlogging,中,hold,resample_before_action,resample_sensors,medium,"hold_position:R04C04@(70.8,70.9); repeat_sampling_pass",resample_soil_moisture; resample_temperature; capture_context_image,none,R04C04 中风险且不确定性为中，重新采样后再决策,blocked_until_sensor_resample,queued_for_resampling
2026-08-31 21:00,R04C03,51.4,70.6,中,waterlogging,中,hold,resample_before_action,resample_sensors,medium,"hold_position:R04C03@(51.4,70.6); repeat_sampling_pass",resample_soil_moisture; resample_temperature; capture_context_image,none,R04C03 中风险且不确定性为中，重新采样后再决策,blocked_until_sensor_resample,queued_for_resampling
2026-08-31 22:00,R04C02,31.4,70.1,中高,waterlogging,低,execute,execute_recommended_action,reroute_and_drainage_check,high,reroute_around_region:R04C02; mark_low_traction_zone,inspect_drainage_channel; verify_soil_moisture,send_drainage_alert,R04C02 疑似积水，机器人绕行并发送排水检查提醒,execute_without_entering_risky_cell,ready
2026-08-31 23:00,R04C01,10.6,69.7,中高,waterlogging,中,hold,recheck_before_action,recheck_region,high,"navigate_to:R04C01@(10.6,69.7); slow_down; hold_safe_distance",capture_close_range_image; resample_environment_sensors,defer_field_actuation,R04C01 高风险但不确定性为中，先复查后再执行,blocked_until_recheck_confirms_state,queued_for_recheck
2026-09-01 00:00,R01C01,9.6,9.2,中高,waterlogging,中,hold,recheck_before_action,recheck_region,high,"navigate_to:R01C01@(9.6,9.2); slow_down; hold_safe_distance",capture_close_range_image; resample_environment_sensors,defer_field_actuation,R01C01 高风险但不确定性为中，先复查后再执行,blocked_until_recheck_confirms_state,queued_for_recheck
2026-09-01 01:00,R01C02,28.8,9.0,中高,waterlogging,中,hold,recheck_before_action,recheck_region,high,"navigate_to:R01C02@(28.8,9.0); slow_down; hold_safe_distance",capture_close_range_image; resample_environment_sensors,defer_field_actuation,R01C02 高风险但不确定性为中，先复查后再执行,blocked_until_recheck_confirms_state,queued_for_recheck
2026-09-01 02:00,R01C03,48.5,9.0,中高,waterlogging,中,hold,recheck_before_action,recheck_region,high,"navigate_to:R01C03@(48.5,9.0); slow_down; hold_safe_distance",capture_close_range_image; resample_environment_sensors,defer_field_actuation,R01C03 高风险但不确定性为中，先复查后再执行,blocked_until_recheck_confirms_state,queued_for_recheck
2026-09-01 03:00,R01C04,68.9,9.3,中高,waterlogging,中,hold,recheck_before_action,recheck_region,high,"navigate_to:R01C04@(68.9,9.3); slow_down; hold_safe_distance",capture_close_range_image; resample_environment_sensors,defer_field_actuation,R01C04 高风险但不确定性为中，先复查后再执行,blocked_until_recheck_confirms_state,queued_for_recheck
2026-09-01 04:00,R01C05,89.9,9.7,中高,waterlogging,中,hold,recheck_before_action,recheck_region,high,"navigate_to:R01C05@(89.9,9.7); slow_down; hold_safe_distance",capture_close_range_image; resample_environment_sensors,defer_field_actuation,R01C05 高风险但不确定性为中，先复查后再执行,blocked_until_recheck_confirms_state,queued_for_recheck
2026-09-01 05:00,R01C06,110.9,10.2,中高,waterlogging,中,hold,recheck_before_action,recheck_region,high,"navigate_to:R01C06@(110.9,10.2); slow_down; hold_safe_distance",capture_close_range_image; resample_environment_sensors,defer_field_actuation,R01C06 高风险但不确定性为中，先复查后再执行,blocked_until_recheck_confirms_state,queued_for_recheck
2026-09-01 06:00,R02C06,111.4,30.7,中高,waterlogging,中,hold,recheck_before_action,recheck_region,high,"navigate_to:R02C06@(111.4,30.7); slow_down; hold_safe_distance",capture_close_range_image; resample_environment_sensors,defer_field_actuation,R02C06 高风险但不确定性为中，先复查后再执行,blocked_until_recheck_confirms_state,queued_for_recheck
2026-09-01 07:00,R02C05,91.4,30.9,中高,waterlogging,中,hold,recheck_before_action,recheck_region,high,"navigate_to:R02C05@(91.4,30.9); slow_down; hold_safe_distance",capture_close_range_image; resample_environment_sensors,defer_field_actuation,R02C05 高风险但不确定性为中，先复查后再执行,blocked_until_recheck_confirms_state,queued_for_recheck
2026-09-01 08:00,R02C04,70.6,31.0,中高,waterlogging,中,hold,recheck_before_action,recheck_region,high,"navigate_to:R02C04@(70.6,31.0); slow_down; hold_safe_distance",capture_close_range_image; resample_environment_sensors,defer_field_actuation,R02C04 高风险但不确定性为中，先复查后再执行,blocked_until_recheck_confirms_state,queued_for_recheck
2026-09-01 09:00,R02C03,49.6,30.8,中高,waterlogging,低,execute,execute_recommended_action,reroute_and_drainage_check,high,reroute_around_region:R02C03; mark_low_traction_zone,inspect_drainage_channel; verify_soil_moisture,send_drainage_alert,R02C03 疑似积水，机器人绕行并发送排水检查提醒,execute_without_entering_risky_cell,ready
2026-09-01 10:00,R02C02,28.8,30.4,中,waterlogging,低,hold,monitor_more_context,reroute_and_drainage_check,medium,reroute_around_region:R02C02; mark_low_traction_zone,inspect_drainage_channel; verify_soil_moisture,send_drainage_alert,R02C02 疑似积水，机器人绕行并发送排水检查提醒,execute_without_entering_risky_cell,ready
2026-09-01 11:00,R02C01,8.5,29.9,低,healthy,低,observe,routine_patrol,continue_patrol,low,continue_nominal_patrol,standard_periodic_sampling,none,R02C01 当前风险较低，保持常规巡检,normal_autonomy,ready
2026-09-01 12:00,R03C01,9.0,49.5,很低,healthy,低,observe,routine_patrol,continue_patrol,low,continue_nominal_patrol,standard_periodic_sampling,none,R03C01 当前风险较低，保持常规巡检,normal_autonomy,ready
2026-09-01 13:00,R03C02,29.9,49.1,中,heat,中,hold,resample_before_action,resample_sensors,medium,"hold_position:R03C02@(29.9,49.1); repeat_sampling_pass",resample_soil_moisture; resample_temperature; capture_context_image,none,R03C02 中风险且不确定性为中，重新采样后再决策,blocked_until_sensor_resample,queued_for_resampling
2026-09-01 14:00,R03C03,50.9,49.0,中,waterlogging,中,hold,resample_before_action,resample_sensors,medium,"hold_position:R03C03@(50.9,49.0); repeat_sampling_pass",resample_soil_moisture; resample_temperature; capture_context_image,none,R03C03 中风险且不确定性为中，重新采样后再决策,blocked_until_sensor_resample,queued_for_resampling
2026-09-01 15:00,R03C04,71.5,49.1,中,waterlogging,中,hold,resample_before_action,resample_sensors,medium,"hold_position:R03C04@(71.5,49.1); repeat_sampling_pass",resample_soil_moisture; resample_temperature; capture_context_image,none,R03C04 中风险且不确定性为中，重新采样后再决策,blocked_until_sensor_resample,queued_for_resampling
2026-09-01 16:00,R03C05,91.3,49.5,中,waterlogging,中,hold,resample_before_action,resample_sensors,medium,"hold_position:R03C05@(91.3,49.5); repeat_sampling_pass",resample_soil_moisture; resample_temperature; capture_context_image,none,R03C05 中风险且不确定性为中，重新采样后再决策,blocked_until_sensor_resample,queued_for_resampling
2026-09-01 17:00,R03C06,110.6,49.9,中,waterlogging,中,hold,resample_before_action,resample_sensors,medium,"hold_position:R03C06@(110.6,49.9); repeat_sampling_pass",resample_soil_moisture; resample_temperature; capture_context_image,none,R03C06 中风险且不确定性为中，重新采样后再决策,blocked_until_sensor_resample,queued_for_resampling
2026-09-01 18:00,R04C06,109.6,70.4,中,waterlogging,中,hold,resample_before_action,resample_sensors,medium,"hold_position:R04C06@(109.6,70.4); repeat_sampling_pass",resample_soil_moisture; resample_temperature; capture_context_image,none,R04C06 中风险且不确定性为中，重新采样后再决策,blocked_until_sensor_resample,queued_for_resampling
2026-09-01 19:00,R04C05,88.7,70.8,中,waterlogging,中,hold,resample_before_action,resample_sensors,medium,"hold_position:R04C05@(88.7,70.8); repeat_sampling_pass",resample_soil_moisture; resample_temperature; capture_context_image,none,R04C05 中风险且不确定性为中，重新采样后再决策,blocked_until_sensor_resample,queued_for_resampling
2026-09-01 20:00,R04C04,68.5,71.0,中,waterlogging,中,hold,resample_before_action,resample_sensors,medium,"hold_position:R04C04@(68.5,71.0); repeat_sampling_pass",resample_soil_moisture; resample_temperature; capture_context_image,none,R04C04 中风险且不确定性为中，重新采样后再决策,blocked_until_sensor_resample,queued_for_resampling
2026-09-01 21:00,R04C03,49.0,70.9,中,waterlogging,中,hold,resample_before_action,resample_sensors,medium,"hold_position:R04C03@(49.0,70.9); repeat_sampling_pass",resample_soil_moisture; resample_temperature; capture_context_image,none,R04C03 中风险且不确定性为中，重新采样后再决策,blocked_until_sensor_resample,queued_for_resampling
2026-09-01 22:00,R04C02,29.9,70.7,中,waterlogging,中,hold,resample_before_action,resample_sensors,medium,"hold_position:R04C02@(29.9,70.7); repeat_sampling_pass",resample_soil_moisture; resample_temperature; capture_context_image,none,R04C02 中风险且不确定性为中，重新采样后再决策,blocked_until_sensor_resample,queued_for_resampling
2026-09-01 23:00,R04C01,10.9,70.2,中,waterlogging,中,hold,resample_before_action,resample_sensors,medium,"hold_position:R04C01@(10.9,70.2); repeat_sampling_pass",resample_soil_moisture; resample_temperature; capture_context_image,none,R04C01 中风险且不确定性为中，重新采样后再决策,blocked_until_sensor_resample,queued_for_resampling
2026-09-02 00:00,R01C01,11.5,9.7,中,waterlogging,中,hold,resample_before_action,resample_sensors,medium,"hold_position:R01C01@(11.5,9.7); repeat_sampling_pass",resample_soil_moisture; resample_temperature; capture_context_image,none,R01C01 中风险且不确定性为中，重新采样后再决策,blocked_until_sensor_resample,queued_for_resampling
2026-09-02 01:00,R01C02,31.3,9.3,中,waterlogging,中,hold,resample_before_action,resample_sensors,medium,"hold_position:R01C02@(31.3,9.3); repeat_sampling_pass",resample_soil_moisture; resample_temperature; capture_context_image,none,R01C02 中风险且不确定性为中，重新采样后再决策,blocked_until_sensor_resample,queued_for_resampling
2026-09-02 02:00,R01C03,50.6,9.0,中高,waterlogging,中,hold,recheck_before_action,recheck_region,high,"navigate_to:R01C03@(50.6,9.0); slow_down; hold_safe_distance",capture_close_range_image; resample_environment_sensors,defer_field_actuation,R01C03 高风险但不确定性为中，先复查后再执行,blocked_until_recheck_confirms_state,queued_for_recheck
2026-09-02 03:00,R01C04,69.6,9.0,中高,waterlogging,中,hold,recheck_before_action,recheck_region,high,"navigate_to:R01C04@(69.6,9.0); slow_down; hold_safe_distance",capture_close_range_image; resample_environment_sensors,defer_field_actuation,R01C04 高风险但不确定性为中，先复查后再执行,blocked_until_recheck_confirms_state,queued_for_recheck
2026-09-02 04:00,R01C05,88.7,9.2,中高,waterlogging,中,hold,recheck_before_action,recheck_region,high,"navigate_to:R01C05@(88.7,9.2); slow_down; hold_safe_distance",capture_close_range_image; resample_environment_sensors,defer_field_actuation,R01C05 高风险但不确定性为中，先复查后再执行,blocked_until_recheck_confirms_state,queued_for_recheck
2026-09-02 05:00,R01C06,108.5,9.7,中高,waterlogging,低,execute,execute_recommended_action,reroute_and_drainage_check,high,reroute_around_region:R01C06; mark_low_traction_zone,inspect_drainage_channel; verify_soil_moisture,send_drainage_alert,R01C06 疑似积水，机器人绕行并发送排水检查提醒,execute_without_entering_risky_cell,ready
2026-09-02 06:00,R02C06,109.0,30.1,中高,waterlogging,中,hold,recheck_before_action,recheck_region,high,"navigate_to:R02C06@(109.0,30.1); slow_down; hold_safe_distance",capture_close_range_image; resample_environment_sensors,defer_field_actuation,R02C06 高风险但不确定性为中，先复查后再执行,blocked_until_recheck_confirms_state,queued_for_recheck
2026-09-02 07:00,R02C05,89.9,30.6,中高,waterlogging,中,hold,recheck_before_action,recheck_region,high,"navigate_to:R02C05@(89.9,30.6); slow_down; hold_safe_distance",capture_close_range_image; resample_environment_sensors,defer_field_actuation,R02C05 高风险但不确定性为中，先复查后再执行,blocked_until_recheck_confirms_state,queued_for_recheck
2026-09-02 08:00,R02C04,70.9,30.9,低,healthy,低,observe,routine_patrol,continue_patrol,low,continue_nominal_patrol,standard_periodic_sampling,none,R02C04 当前风险较低，保持常规巡检,normal_autonomy,ready
2026-09-02 09:00,R02C03,51.5,31.0,很低,healthy,低,observe,routine_patrol,continue_patrol,low,continue_nominal_patrol,standard_periodic_sampling,none,R02C03 当前风险较低，保持常规巡检,normal_autonomy,ready
2026-09-02 10:00,R02C02,31.3,30.8,中,heat,中,hold,resample_before_action,resample_sensors,medium,"hold_position:R02C02@(31.3,30.8); repeat_sampling_pass",resample_soil_moisture; resample_temperature; capture_context_image,none,R02C02 中风险且不确定性为中，重新采样后再决策,blocked_until_sensor_resample,queued_for_resampling
2026-09-02 11:00,R02C01,10.6,30.5,很低,healthy,低,observe,routine_patrol,continue_patrol,low,continue_nominal_patrol,standard_periodic_sampling,none,R02C01 当前风险较低，保持常规巡检,normal_autonomy,ready
2026-09-02 12:00,R03C01,9.5,50.0,中,heat,中,hold,resample_before_action,resample_sensors,medium,"hold_position:R03C01@(9.5,50.0); repeat_sampling_pass",resample_soil_moisture; resample_temperature; capture_context_image,none,R03C01 中风险且不确定性为中，重新采样后再决策,blocked_until_sensor_resample,queued_for_resampling
2026-09-02 13:00,R03C02,28.7,49.5,中,heat,中,hold,resample_before_action,resample_sensors,medium,"hold_position:R03C02@(28.7,49.5); repeat_sampling_pass",resample_soil_moisture; resample_temperature; capture_context_image,none,R03C02 中风险且不确定性为中，重新采样后再决策,blocked_until_sensor_resample,queued_for_resampling
2026-09-02 14:00,R03C03,48.5,49.2,很低,healthy,低,observe,routine_patrol,continue_patrol,low,continue_nominal_patrol,standard_periodic_sampling,none,R03C03 当前风险较低，保持常规巡检,normal_autonomy,ready
2026-09-02 15:00,R03C04,69.0,49.0,很低,healthy,低,observe,routine_patrol,continue_patrol,low,continue_nominal_patrol,standard_periodic_sampling,none,R03C04 当前风险较低，保持常规巡检,normal_autonomy,ready
2026-09-02 16:00,R03C05,90.0,49.1,很低,healthy,低,observe,routine_patrol,continue_patrol,low,continue_nominal_patrol,standard_periodic_sampling,none,R03C05 当前风险较低，保持常规巡检,normal_autonomy,ready
2026-09-02 17:00,R03C06,110.9,49.4,很低,healthy,低,observe,routine_patrol,continue_patrol,low,continue_nominal_patrol,standard_periodic_sampling,none,R03C06 当前风险较低，保持常规巡检,normal_autonomy,ready
2026-09-02 18:00,R04C06,111.5,69.9,很低,healthy,低,observe,routine_patrol,continue_patrol,low,continue_nominal_patrol,standard_periodic_sampling,none,R04C06 当前风险较低，保持常规巡检,normal_autonomy,ready
2026-09-02 19:00,R04C05,91.3,70.4,很低,healthy,低,observe,routine_patrol,continue_patrol,low,continue_nominal_patrol,standard_periodic_sampling,none,R04C05 当前风险较低，保持常规巡检,normal_autonomy,ready
2026-09-02 20:00,R04C04,70.5,70.8,很低,healthy,低,observe,routine_patrol,continue_patrol,low,continue_nominal_patrol,standard_periodic_sampling,none,R04C04 当前风险较低，保持常规巡检,normal_autonomy,ready
2026-09-02 21:00,R04C03,49.5,71.0,很低,healthy,低,observe,routine_patrol,continue_patrol,low,continue_nominal_patrol,standard_periodic_sampling,none,R04C03 当前风险较低，保持常规巡检,normal_autonomy,ready
2026-09-02 22:00,R04C02,28.7,71.0,很低,healthy,低,observe,routine_patrol,continue_patrol,low,continue_nominal_patrol,standard_periodic_sampling,none,R04C02 当前风险较低，保持常规巡检,normal_autonomy,ready
2026-09-02 23:00,R04C01,8.5,70.7,很低,healthy,低,observe,routine_patrol,continue_patrol,low,continue_nominal_patrol,standard_periodic_sampling,none,R04C01 当前风险较低，保持常规巡检,normal_autonomy,ready
2026-09-03 00:00,R01C01,9.0,10.3,很低,healthy,低,observe,routine_patrol,continue_patrol,low,continue_nominal_patrol,standard_periodic_sampling,none,R01C01 当前风险较低，保持常规巡检,normal_autonomy,ready
2026-09-03 01:00,R01C02,30.0,9.8,低,healthy,低,observe,routine_patrol,continue_patrol,low,continue_nominal_patrol,standard_periodic_sampling,none,R01C02 当前风险较低，保持常规巡检,normal_autonomy,ready
2026-09-03 02:00,R01C03,51.0,9.3,很低,healthy,低,observe,routine_patrol,continue_patrol,low,continue_nominal_patrol,standard_periodic_sampling,none,R01C03 当前风险较低，保持常规巡检,normal_autonomy,ready
2026-09-03 03:00,R01C04,71.5,9.1,低,healthy,低,observe,routine_patrol,continue_patrol,low,continue_nominal_patrol,standard_periodic_sampling,none,R01C04 当前风险较低，保持常规巡检,normal_autonomy,ready
2026-09-03 04:00,R01C05,91.3,9.0,中,waterlogging,中,hold,resample_before_action,resample_sensors,medium,"hold_position:R01C05@(91.3,9.0); repeat_sampling_pass",resample_soil_moisture; resample_temperature; capture_context_image,none,R01C05 中风险且不确定性为中，重新采样后再决策,blocked_until_sensor_resample,queued_for_resampling
2026-09-03 05:00,R01C06,110.5,9.2,中,waterlogging,中,hold,resample_before_action,resample_sensors,medium,"hold_position:R01C06@(110.5,9.2); repeat_sampling_pass",resample_soil_moisture; resample_temperature; capture_context_image,none,R01C06 中风险且不确定性为中，重新采样后再决策,blocked_until_sensor_resample,queued_for_resampling
2026-09-03 06:00,R02C06,109.5,29.6,中,waterlogging,中,hold,resample_before_action,resample_sensors,medium,"hold_position:R02C06@(109.5,29.6); repeat_sampling_pass",resample_soil_moisture; resample_temperature; capture_context_image,none,R02C06 中风险且不确定性为中，重新采样后再决策,blocked_until_sensor_resample,queued_for_resampling
2026-09-03 07:00,R02C05,88.7,30.1,中,waterlogging,中,hold,resample_before_action,resample_sensors,medium,"hold_position:R02C05@(88.7,30.1); repeat_sampling_pass",resample_soil_moisture; resample_temperature; capture_context_image,none,R02C05 中风险且不确定性为中，重新采样后再决策,blocked_until_sensor_resample,queued_for_resampling
2026-09-03 08:00,R02C04,68.5,30.5,中,waterlogging,中,hold,resample_before_action,resample_sensors,medium,"hold_position:R02C04@(68.5,30.5); repeat_sampling_pass",resample_soil_moisture; resample_temperature; capture_context_image,none,R02C04 中风险且不确定性为中，重新采样后再决策,blocked_until_sensor_resample,queued_for_resampling
2026-09-03 09:00,R02C03,49.0,30.9,中,waterlogging,中,hold,resample_before_action,resample_sensors,medium,"hold_position:R02C03@(49.0,30.9); repeat_sampling_pass",resample_soil_moisture; resample_temperature; capture_context_image,none,R02C03 中风险且不确定性为中，重新采样后再决策,blocked_until_sensor_resample,queued_for_resampling
2026-09-03 10:00,R02C02,30.0,31.0,中,waterlogging,中,hold,resample_before_action,resample_sensors,medium,"hold_position:R02C02@(30.0,31.0); repeat_sampling_pass",resample_soil_moisture; resample_temperature; capture_context_image,none,R02C02 中风险且不确定性为中，重新采样后再决策,blocked_until_sensor_resample,queued_for_resampling
2026-09-03 11:00,R02C01,11.0,30.9,中,waterlogging,中,hold,resample_before_action,resample_sensors,medium,"hold_position:R02C01@(11.0,30.9); repeat_sampling_pass",resample_soil_moisture; resample_temperature; capture_context_image,none,R02C01 中风险且不确定性为中，重新采样后再决策,blocked_until_sensor_resample,queued_for_resampling
2026-09-03 12:00,R03C01,11.5,50.5,中,heat,中,hold,resample_before_action,resample_sensors,medium,"hold_position:R03C01@(11.5,50.5); repeat_sampling_pass",resample_soil_moisture; resample_temperature; capture_context_image,none,R03C01 中风险且不确定性为中，重新采样后再决策,blocked_until_sensor_resample,queued_for_resampling
2026-09-03 13:00,R03C02,31.3,50.1,中,heat,中,hold,resample_before_action,resample_sensors,medium,"hold_position:R03C02@(31.3,50.1); repeat_sampling_pass",resample_soil_moisture; resample_temperature; capture_context_image,none,R03C02 中风险且不确定性为中，重新采样后再决策,blocked_until_sensor_resample,queued_for_resampling
2026-09-03 14:00,R03C03,50.5,49.6,中,heat,中,hold,resample_before_action,resample_sensors,medium,"hold_position:R03C03@(50.5,49.6); repeat_sampling_pass",resample_soil_moisture; resample_temperature; capture_context_image,none,R03C03 中风险且不确定性为中，重新采样后再决策,blocked_until_sensor_resample,queued_for_resampling
2026-09-03 15:00,R03C04,69.5,49.2,很低,healthy,低,observe,routine_patrol,continue_patrol,low,continue_nominal_patrol,standard_periodic_sampling,none,R03C04 当前风险较低，保持常规巡检,normal_autonomy,ready
2026-09-03 16:00,R03C05,88.7,49.0,很低,healthy,低,observe,routine_patrol,continue_patrol,low,continue_nominal_patrol,standard_periodic_sampling,none,R03C05 当前风险较低，保持常规巡检,normal_autonomy,ready
2026-09-03 17:00,R03C06,108.5,49.1,很低,healthy,低,observe,routine_patrol,continue_patrol,low,continue_nominal_patrol,standard_periodic_sampling,none,R03C06 当前风险较低，保持常规巡检,normal_autonomy,ready
2026-09-03 18:00,R04C06,109.1,69.4,很低,healthy,低,observe,routine_patrol,continue_patrol,low,continue_nominal_patrol,standard_periodic_sampling,none,R04C06 当前风险较低，保持常规巡检,normal_autonomy,ready
2026-09-03 19:00,R04C05,90.0,69.8,很低,healthy,低,observe,routine_patrol,continue_patrol,low,continue_nominal_patrol,standard_periodic_sampling,none,R04C05 当前风险较低，保持常规巡检,normal_autonomy,ready
2026-09-03 20:00,R04C04,71.0,70.3,很低,healthy,低,observe,routine_patrol,continue_patrol,low,continue_nominal_patrol,standard_periodic_sampling,none,R04C04 当前风险较低，保持常规巡检,normal_autonomy,ready
2026-09-03 21:00,R04C03,51.5,70.7,很低,healthy,低,observe,routine_patrol,continue_patrol,low,continue_nominal_patrol,standard_periodic_sampling,none,R04C03 当前风险较低，保持常规巡检,normal_autonomy,ready
2026-09-03 22:00,R04C02,31.3,71.0,中,waterlogging,中,hold,resample_before_action,resample_sensors,medium,"hold_position:R04C02@(31.3,71.0); repeat_sampling_pass",resample_soil_moisture; resample_temperature; capture_context_image,none,R04C02 中风险且不确定性为中，重新采样后再决策,blocked_until_sensor_resample,queued_for_resampling
2026-09-03 23:00,R04C01,10.5,71.0,中,waterlogging,中,hold,resample_before_action,resample_sensors,medium,"hold_position:R04C01@(10.5,71.0); repeat_sampling_pass",resample_soil_moisture; resample_temperature; capture_context_image,none,R04C01 中风险且不确定性为中，重新采样后再决策,blocked_until_sensor_resample,queued_for_resampling
2026-09-04 00:00,R01C01,9.4,10.7,中,waterlogging,中,hold,resample_before_action,resample_sensors,medium,"hold_position:R01C01@(9.4,10.7); repeat_sampling_pass",resample_soil_moisture; resample_temperature; capture_context_image,none,R01C01 中风险且不确定性为中，重新采样后再决策,blocked_until_sensor_resample,queued_for_resampling
2026-09-04 01:00,R01C02,28.7,10.3,中,waterlogging,中,hold,resample_before_action,resample_sensors,medium,"hold_position:R01C02@(28.7,10.3); repeat_sampling_pass",resample_soil_moisture; resample_temperature; capture_context_image,none,R01C02 中风险且不确定性为中，重新采样后再决策,blocked_until_sensor_resample,queued_for_resampling
2026-09-04 02:00,R01C03,48.5,9.8,中,waterlogging,中,hold,resample_before_action,resample_sensors,medium,"hold_position:R01C03@(48.5,9.8); repeat_sampling_pass",resample_soil_moisture; resample_temperature; capture_context_image,none,R01C03 中风险且不确定性为中，重新采样后再决策,blocked_until_sensor_resample,queued_for_resampling
2026-09-04 03:00,R01C04,69.1,9.4,中,waterlogging,低,hold,monitor_more_context,reroute_and_drainage_check,medium,reroute_around_region:R01C04; mark_low_traction_zone,inspect_drainage_channel; verify_soil_moisture,send_drainage_alert,R01C04 疑似积水，机器人绕行并发送排水检查提醒,execute_without_entering_risky_cell,ready
2026-09-04 04:00,R01C05,90.1,9.1,中,waterlogging,中,hold,resample_before_action,resample_sensors,medium,"hold_position:R01C05@(90.1,9.1); repeat_sampling_pass",resample_soil_moisture; resample_temperature; capture_context_image,none,R01C05 中风险且不确定性为中，重新采样后再决策,blocked_until_sensor_resample,queued_for_resampling
2026-09-04 05:00,R01C06,111.0,9.0,中,waterlogging,中,hold,resample_before_action,resample_sensors,medium,"hold_position:R01C06@(111.0,9.0); repeat_sampling_pass",resample_soil_moisture; resample_temperature; capture_context_image,none,R01C06 中风险且不确定性为中，重新采样后再决策,blocked_until_sensor_resample,queued_for_resampling
2026-09-04 06:00,R02C06,111.5,29.2,中高,waterlogging,中,hold,recheck_before_action,recheck_region,high,"navigate_to:R02C06@(111.5,29.2); slow_down; hold_safe_distance",capture_close_range_image; resample_environment_sensors,defer_field_actuation,R02C06 高风险但不确定性为中，先复查后再执行,blocked_until_recheck_confirms_state,queued_for_recheck
2026-09-04 07:00,R02C05,91.3,29.5,低,healthy,低,observe,routine_patrol,continue_patrol,low,continue_nominal_patrol,standard_periodic_sampling,none,R02C05 当前风险较低，保持常规巡检,normal_autonomy,ready
2026-09-04 08:00,R02C04,70.4,30.0,很低,healthy,低,observe,routine_patrol,continue_patrol,low,continue_nominal_patrol,standard_periodic_sampling,none,R02C04 当前风险较低，保持常规巡检,normal_autonomy,ready
2026-09-04 09:00,R02C03,49.4,30.5,很低,healthy,低,observe,routine_patrol,continue_patrol,low,continue_nominal_patrol,standard_periodic_sampling,none,R02C03 当前风险较低，保持常规巡检,normal_autonomy,ready
2026-09-04 10:00,R02C02,28.7,30.8,中,heat,中,hold,resample_before_action,resample_sensors,medium,"hold_position:R02C02@(28.7,30.8); repeat_sampling_pass",resample_soil_moisture; resample_temperature; capture_context_image,none,R02C02 中风险且不确定性为中，重新采样后再决策,blocked_until_sensor_resample,queued_for_resampling
2026-09-04 11:00,R02C01,8.5,31.0,很低,healthy,低,observe,routine_patrol,continue_patrol,low,continue_nominal_patrol,standard_periodic_sampling,none,R02C01 当前风险较低，保持常规巡检,normal_autonomy,ready
2026-09-04 12:00,R03C01,9.1,50.9,中,heat,中,hold,resample_before_action,resample_sensors,medium,"hold_position:R03C01@(9.1,50.9); repeat_sampling_pass",resample_soil_moisture; resample_temperature; capture_context_image,none,R03C01 中风险且不确定性为中，重新采样后再决策,blocked_until_sensor_resample,queued_for_resampling
2026-09-04 13:00,R03C02,30.1,50.6,中,heat,中,hold,resample_before_action,resample_sensors,medium,"hold_position:R03C02@(30.1,50.6); repeat_sampling_pass",resample_soil_moisture; resample_temperature; capture_context_image,none,R03C02 中风险且不确定性为中，重新采样后再决策,blocked_until_sensor_resample,queued_for_resampling
2026-09-04 14:00,R03C03,51.0,50.1,中,heat,中,hold,resample_before_action,resample_sensors,medium,"hold_position:R03C03@(51.0,50.1); repeat_sampling_pass",resample_soil_moisture; resample_temperature; capture_context_image,none,R03C03 中风险且不确定性为中，重新采样后再决策,blocked_until_sensor_resample,queued_for_resampling
2026-09-04 15:00,R03C04,71.5,49.6,很低,healthy,低,observe,routine_patrol,continue_patrol,low,continue_nominal_patrol,standard_periodic_sampling,none,R03C04 当前风险较低，保持常规巡检,normal_autonomy,ready
2026-09-04 16:00,R03C05,91.2,49.2,很低,healthy,低,observe,routine_patrol,continue_patrol,low,continue_nominal_patrol,standard_periodic_sampling,none,R03C05 当前风险较低，保持常规巡检,normal_autonomy,ready
2026-09-04 17:00,R03C06,110.4,49.0,很低,healthy,低,observe,routine_patrol,continue_patrol,low,continue_nominal_patrol,standard_periodic_sampling,none,R03C06 当前风险较低，保持常规巡检,normal_autonomy,ready
2026-09-04 18:00,R04C06,109.4,69.0,很低,healthy,中,hold,monitor_more_context,monitor_context,normal,continue_patrol; revisit_region:R04C06,collect_next_context_window,none,R04C06 风险或不确定性处于中间状态，继续观察,no_direct_field_actuation,monitoring
2026-09-04 19:00,R04C05,88.6,69.3,很低,healthy,低,observe,routine_patrol,continue_patrol,low,continue_nominal_patrol,standard_periodic_sampling,none,R04C05 当前风险较低，保持常规巡检,normal_autonomy,ready
2026-09-04 20:00,R04C04,68.5,69.7,很低,healthy,低,observe,routine_patrol,continue_patrol,low,continue_nominal_patrol,standard_periodic_sampling,none,R04C04 当前风险较低，保持常规巡检,normal_autonomy,ready
2026-09-04 21:00,R04C03,49.1,70.2,很低,healthy,低,observe,routine_patrol,continue_patrol,low,continue_nominal_patrol,standard_periodic_sampling,none,R04C03 当前风险较低，保持常规巡检,normal_autonomy,ready
2026-09-04 22:00,R04C02,30.1,70.7,很低,healthy,低,observe,routine_patrol,continue_patrol,low,continue_nominal_patrol,standard_periodic_sampling,none,R04C02 当前风险较低，保持常规巡检,normal_autonomy,ready
2026-09-04 23:00,R04C01,11.1,70.9,很低,healthy,低,observe,routine_patrol,continue_patrol,low,continue_nominal_patrol,standard_periodic_sampling,none,R04C01 当前风险较低，保持常规巡检,normal_autonomy,ready
2026-09-05 00:00,R01C01,11.5,11.0,很低,healthy,低,observe,routine_patrol,continue_patrol,low,continue_nominal_patrol,standard_periodic_sampling,none,R01C01 当前风险较低，保持常规巡检,normal_autonomy,ready
2026-09-05 01:00,R01C02,31.2,10.8,很低,healthy,低,observe,routine_patrol,continue_patrol,low,continue_nominal_patrol,standard_periodic_sampling,none,R01C02 当前风险较低，保持常规巡检,normal_autonomy,ready
2026-09-05 02:00,R01C03,50.4,10.4,很低,healthy,低,observe,routine_patrol,continue_patrol,low,continue_nominal_patrol,standard_periodic_sampling,none,R01C03 当前风险较低，保持常规巡检,normal_autonomy,ready
2026-09-05 03:00,R01C04,69.4,9.9,很低,healthy,低,observe,routine_patrol,continue_patrol,low,continue_nominal_patrol,standard_periodic_sampling,none,R01C04 当前风险较低，保持常规巡检,normal_autonomy,ready
2026-09-05 04:00,R01C05,88.6,9.4,很低,healthy,低,observe,routine_patrol,continue_patrol,low,continue_nominal_patrol,standard_periodic_sampling,none,R01C05 当前风险较低，保持常规巡检,normal_autonomy,ready
2026-09-05 05:00,R01C06,108.6,9.1,低,healthy,低,observe,routine_patrol,continue_patrol,low,continue_nominal_patrol,standard_periodic_sampling,none,R01C06 当前风险较低，保持常规巡检,normal_autonomy,ready
2026-09-05 06:00,R02C06,109.1,29.0,很低,healthy,低,observe,routine_patrol,continue_patrol,low,continue_nominal_patrol,standard_periodic_sampling,none,R02C06 当前风险较低，保持常规巡检,normal_autonomy,ready
2026-09-05 07:00,R02C05,90.1,29.1,很低,healthy,低,observe,routine_patrol,continue_patrol,low,continue_nominal_patrol,standard_periodic_sampling,none,R02C05 当前风险较低，保持常规巡检,normal_autonomy,ready
2026-09-05 08:00,R02C04,71.1,29.5,很低,healthy,低,observe,routine_patrol,continue_patrol,low,continue_nominal_patrol,standard_periodic_sampling,none,R02C04 当前风险较低，保持常规巡检,normal_autonomy,ready
2026-09-05 09:00,R02C03,51.5,29.9,很低,healthy,低,observe,routine_patrol,continue_patrol,low,continue_nominal_patrol,standard_periodic_sampling,none,R02C03 当前风险较低，保持常规巡检,normal_autonomy,ready
2026-09-05 10:00,R02C02,31.2,30.4,很低,healthy,低,observe,routine_patrol,continue_patrol,low,continue_nominal_patrol,standard_periodic_sampling,none,R02C02 当前风险较低，保持常规巡检,normal_autonomy,ready
2026-09-05 11:00,R02C01,10.4,30.8,很低,healthy,低,observe,routine_patrol,continue_patrol,low,continue_nominal_patrol,standard_periodic_sampling,none,R02C01 当前风险较低，保持常规巡检,normal_autonomy,ready
2026-09-05 12:00,R03C01,9.3,51.0,中,heat,中,hold,resample_before_action,resample_sensors,medium,"hold_position:R03C01@(9.3,51.0); repeat_sampling_pass",resample_soil_moisture; resample_temperature; capture_context_image,none,R03C01 中风险且不确定性为中，重新采样后再决策,blocked_until_sensor_resample,queued_for_resampling
2026-09-05 13:00,R03C02,28.6,50.9,很低,healthy,低,observe,routine_patrol,continue_patrol,low,continue_nominal_patrol,standard_periodic_sampling,none,R03C02 当前风险较低，保持常规巡检,normal_autonomy,ready
2026-09-05 14:00,R03C03,48.6,50.6,中,heat,中,hold,resample_before_action,resample_sensors,medium,"hold_position:R03C03@(48.6,50.6); repeat_sampling_pass",resample_soil_moisture; resample_temperature; capture_context_image,none,R03C03 中风险且不确定性为中，重新采样后再决策,blocked_until_sensor_resample,queued_for_resampling
2026-09-05 15:00,R03C04,69.2,50.2,很低,healthy,低,observe,routine_patrol,continue_patrol,low,continue_nominal_patrol,standard_periodic_sampling,none,R03C04 当前风险较低，保持常规巡检,normal_autonomy,ready
2026-09-05 16:00,R03C05,90.2,49.7,很低,healthy,低,observe,routine_patrol,continue_patrol,low,continue_nominal_patrol,standard_periodic_sampling,none,R03C05 当前风险较低，保持常规巡检,normal_autonomy,ready
2026-09-05 17:00,R03C06,111.1,49.3,很低,healthy,低,observe,routine_patrol,continue_patrol,low,continue_nominal_patrol,standard_periodic_sampling,none,R03C06 当前风险较低，保持常规巡检,normal_autonomy,ready
2026-09-05 18:00,R04C06,111.5,69.0,很低,healthy,低,observe,routine_patrol,continue_patrol,low,continue_nominal_patrol,standard_periodic_sampling,none,R04C06 当前风险较低，保持常规巡检,normal_autonomy,ready
2026-09-05 19:00,R04C05,91.2,69.0,很低,healthy,低,observe,routine_patrol,continue_patrol,low,continue_nominal_patrol,standard_periodic_sampling,none,R04C05 当前风险较低，保持常规巡检,normal_autonomy,ready
2026-09-05 20:00,R04C04,70.3,69.3,很低,healthy,低,observe,routine_patrol,continue_patrol,low,continue_nominal_patrol,standard_periodic_sampling,none,R04C04 当前风险较低，保持常规巡检,normal_autonomy,ready
2026-09-05 21:00,R04C03,49.3,69.7,很低,healthy,低,observe,routine_patrol,continue_patrol,low,continue_nominal_patrol,standard_periodic_sampling,none,R04C03 当前风险较低，保持常规巡检,normal_autonomy,ready
2026-09-05 22:00,R04C02,28.6,70.2,很低,healthy,低,observe,routine_patrol,continue_patrol,low,continue_nominal_patrol,standard_periodic_sampling,none,R04C02 当前风险较低，保持常规巡检,normal_autonomy,ready
2026-09-05 23:00,R04C01,8.6,70.6,很低,healthy,低,observe,routine_patrol,continue_patrol,low,continue_nominal_patrol,standard_periodic_sampling,none,R04C01 当前风险较低，保持常规巡检,normal_autonomy,ready
2026-09-06 00:00,R01C01,9.2,10.9,很低,healthy,低,observe,routine_patrol,continue_patrol,low,continue_nominal_patrol,standard_periodic_sampling,none,R01C01 当前风险较低，保持常规巡检,normal_autonomy,ready
2026-09-06 01:00,R01C02,30.2,11.0,很低,healthy,低,observe,routine_patrol,continue_patrol,low,continue_nominal_patrol,standard_periodic_sampling,none,R01C02 当前风险较低，保持常规巡检,normal_autonomy,ready
2026-09-06 02:00,R01C03,51.1,10.8,很低,healthy,低,observe,routine_patrol,continue_patrol,low,continue_nominal_patrol,standard_periodic_sampling,none,R01C03 当前风险较低，保持常规巡检,normal_autonomy,ready
2026-09-06 03:00,R01C04,71.5,10.5,很低,healthy,低,observe,routine_patrol,continue_patrol,low,continue_nominal_patrol,standard_periodic_sampling,none,R01C04 当前风险较低，保持常规巡检,normal_autonomy,ready
2026-09-06 04:00,R01C05,91.2,10.0,很低,healthy,低,observe,routine_patrol,continue_patrol,low,continue_nominal_patrol,standard_periodic_sampling,none,R01C05 当前风险较低，保持常规巡检,normal_autonomy,ready
2026-09-06 05:00,R01C06,110.3,9.5,很低,healthy,低,observe,routine_patrol,continue_patrol,low,continue_nominal_patrol,standard_periodic_sampling,none,R01C06 当前风险较低，保持常规巡检,normal_autonomy,ready
2026-09-06 06:00,R02C06,109.3,29.1,很低,healthy,低,observe,routine_patrol,continue_patrol,low,continue_nominal_patrol,standard_periodic_sampling,none,R02C06 当前风险较低，保持常规巡检,normal_autonomy,ready
2026-09-06 07:00,R02C05,88.6,29.0,很低,healthy,低,observe,routine_patrol,continue_patrol,low,continue_nominal_patrol,standard_periodic_sampling,none,R02C05 当前风险较低，保持常规巡检,normal_autonomy,ready
2026-09-06 08:00,R02C04,68.6,29.1,很低,healthy,低,observe,routine_patrol,continue_patrol,low,continue_nominal_patrol,standard_periodic_sampling,none,R02C04 当前风险较低，保持常规巡检,normal_autonomy,ready
2026-09-06 09:00,R02C03,49.2,29.4,很低,healthy,低,observe,routine_patrol,continue_patrol,low,continue_nominal_patrol,standard_periodic_sampling,none,R02C03 当前风险较低，保持常规巡检,normal_autonomy,ready
2026-09-06 10:00,R02C02,30.2,29.9,很低,healthy,低,observe,routine_patrol,continue_patrol,low,continue_nominal_patrol,standard_periodic_sampling,none,R02C02 当前风险较低，保持常规巡检,normal_autonomy,ready
2026-09-06 11:00,R02C01,11.1,30.4,很低,healthy,低,observe,routine_patrol,continue_patrol,low,continue_nominal_patrol,standard_periodic_sampling,none,R02C01 当前风险较低，保持常规巡检,normal_autonomy,ready
2026-09-06 12:00,R03C01,11.5,50.8,很低,healthy,低,observe,routine_patrol,continue_patrol,low,continue_nominal_patrol,standard_periodic_sampling,none,R03C01 当前风险较低，保持常规巡检,normal_autonomy,ready
2026-09-06 13:00,R03C02,31.2,51.0,很低,healthy,低,observe,routine_patrol,continue_patrol,low,continue_nominal_patrol,standard_periodic_sampling,none,R03C02 当前风险较低，保持常规巡检,normal_autonomy,ready
2026-09-06 14:00,R03C03,50.3,51.0,中,drought,中,hold,resample_before_action,resample_sensors,medium,"hold_position:R03C03@(50.3,51.0); repeat_sampling_pass",resample_soil_moisture; resample_temperature; capture_context_image,none,R03C03 中风险且不确定性为中，重新采样后再决策,blocked_until_sensor_resample,queued_for_resampling
2026-09-06 15:00,R03C04,69.3,50.7,中,drought,中,hold,resample_before_action,resample_sensors,medium,"hold_position:R03C04@(69.3,50.7); repeat_sampling_pass",resample_soil_moisture; resample_temperature; capture_context_image,none,R03C04 中风险且不确定性为中，重新采样后再决策,blocked_until_sensor_resample,queued_for_resampling
2026-09-06 16:00,R03C05,88.6,50.3,中,drought,中,hold,resample_before_action,resample_sensors,medium,"hold_position:R03C05@(88.6,50.3); repeat_sampling_pass",resample_soil_moisture; resample_temperature; capture_context_image,none,R03C05 中风险且不确定性为中，重新采样后再决策,blocked_until_sensor_resample,queued_for_resampling
2026-09-06 17:00,R03C06,108.6,49.8,中,drought,中,hold,resample_before_action,resample_sensors,medium,"hold_position:R03C06@(108.6,49.8); repeat_sampling_pass",resample_soil_moisture; resample_temperature; capture_context_image,none,R03C06 中风险且不确定性为中，重新采样后再决策,blocked_until_sensor_resample,queued_for_resampling
2026-09-06 18:00,R04C06,109.2,69.3,中,drought,中,hold,resample_before_action,resample_sensors,medium,"hold_position:R04C06@(109.2,69.3); repeat_sampling_pass",resample_soil_moisture; resample_temperature; capture_context_image,none,R04C06 中风险且不确定性为中，重新采样后再决策,blocked_until_sensor_resample,queued_for_resampling
2026-09-06 19:00,R04C05,90.2,69.1,中,drought,中,hold,resample_before_action,resample_sensors,medium,"hold_position:R04C05@(90.2,69.1); repeat_sampling_pass",resample_soil_moisture; resample_temperature; capture_context_image,none,R04C05 中风险且不确定性为中，重新采样后再决策,blocked_until_sensor_resample,queued_for_resampling
2026-09-06 20:00,R04C04,71.1,69.0,中,drought,中,hold,resample_before_action,resample_sensors,medium,"hold_position:R04C04@(71.1,69.0); repeat_sampling_pass",resample_soil_moisture; resample_temperature; capture_context_image,none,R04C04 中风险且不确定性为中，重新采样后再决策,blocked_until_sensor_resample,queued_for_resampling
2026-09-06 21:00,R04C03,51.5,69.2,中,drought,中,hold,resample_before_action,resample_sensors,medium,"hold_position:R04C03@(51.5,69.2); repeat_sampling_pass",resample_soil_moisture; resample_temperature; capture_context_image,none,R04C03 中风险且不确定性为中，重新采样后再决策,blocked_until_sensor_resample,queued_for_resampling
2026-09-06 22:00,R04C02,31.2,69.6,中,drought,中,hold,resample_before_action,resample_sensors,medium,"hold_position:R04C02@(31.2,69.6); repeat_sampling_pass",resample_soil_moisture; resample_temperature; capture_context_image,none,R04C02 中风险且不确定性为中，重新采样后再决策,blocked_until_sensor_resample,queued_for_resampling
2026-09-06 23:00,R04C01,10.3,70.1,中,drought,中,hold,resample_before_action,resample_sensors,medium,"hold_position:R04C01@(10.3,70.1); repeat_sampling_pass",resample_soil_moisture; resample_temperature; capture_context_image,none,R04C01 中风险且不确定性为中，重新采样后再决策,blocked_until_sensor_resample,queued_for_resampling
2026-09-07 00:00,R01C01,9.3,10.6,中,drought,中,hold,resample_before_action,resample_sensors,medium,"hold_position:R01C01@(9.3,10.6); repeat_sampling_pass",resample_soil_moisture; resample_temperature; capture_context_image,none,R01C01 中风险且不确定性为中，重新采样后再决策,blocked_until_sensor_resample,queued_for_resampling
2026-09-07 01:00,R01C02,28.6,10.9,中,drought,中,hold,resample_before_action,resample_sensors,medium,"hold_position:R01C02@(28.6,10.9); repeat_sampling_pass",resample_soil_moisture; resample_temperature; capture_context_image,none,R01C02 中风险且不确定性为中，重新采样后再决策,blocked_until_sensor_resample,queued_for_resampling
2026-09-07 02:00,R01C03,48.6,11.0,中,drought,中,hold,resample_before_action,resample_sensors,medium,"hold_position:R01C03@(48.6,11.0); repeat_sampling_pass",resample_soil_moisture; resample_temperature; capture_context_image,none,R01C03 中风险且不确定性为中，重新采样后再决策,blocked_until_sensor_resample,queued_for_resampling
2026-09-07 03:00,R01C04,69.3,10.9,中,drought,中,hold,resample_before_action,resample_sensors,medium,"hold_position:R01C04@(69.3,10.9); repeat_sampling_pass",resample_soil_moisture; resample_temperature; capture_context_image,none,R01C04 中风险且不确定性为中，重新采样后再决策,blocked_until_sensor_resample,queued_for_resampling
2026-09-07 04:00,R01C05,90.3,10.5,中,drought,中,hold,resample_before_action,resample_sensors,medium,"hold_position:R01C05@(90.3,10.5); repeat_sampling_pass",resample_soil_moisture; resample_temperature; capture_context_image,none,R01C05 中风险且不确定性为中，重新采样后再决策,blocked_until_sensor_resample,queued_for_resampling
2026-09-07 05:00,R01C06,111.2,10.0,中,drought,中,hold,resample_before_action,resample_sensors,medium,"hold_position:R01C06@(111.2,10.0); repeat_sampling_pass",resample_soil_moisture; resample_temperature; capture_context_image,none,R01C06 中风险且不确定性为中，重新采样后再决策,blocked_until_sensor_resample,queued_for_resampling
2026-09-07 06:00,R02C06,111.5,29.6,中,drought,中,hold,resample_before_action,resample_sensors,medium,"hold_position:R02C06@(111.5,29.6); repeat_sampling_pass",resample_soil_moisture; resample_temperature; capture_context_image,none,R02C06 中风险且不确定性为中，重新采样后再决策,blocked_until_sensor_resample,queued_for_resampling
2026-09-07 07:00,R02C05,91.1,29.2,中,drought,中,hold,resample_before_action,resample_sensors,medium,"hold_position:R02C05@(91.1,29.2); repeat_sampling_pass",resample_soil_moisture; resample_temperature; capture_context_image,none,R02C05 中风险且不确定性为中，重新采样后再决策,blocked_until_sensor_resample,queued_for_resampling
2026-09-07 08:00,R02C04,70.2,29.0,中,drought,中,hold,resample_before_action,resample_sensors,medium,"hold_position:R02C04@(70.2,29.0); repeat_sampling_pass",resample_soil_moisture; resample_temperature; capture_context_image,none,R02C04 中风险且不确定性为中，重新采样后再决策,blocked_until_sensor_resample,queued_for_resampling
2026-09-07 09:00,R02C03,49.2,29.1,很低,healthy,低,observe,routine_patrol,continue_patrol,low,continue_nominal_patrol,standard_periodic_sampling,none,R02C03 当前风险较低，保持常规巡检,normal_autonomy,ready
2026-09-07 10:00,R02C02,28.6,29.4,很低,healthy,低,observe,routine_patrol,continue_patrol,low,continue_nominal_patrol,standard_periodic_sampling,none,R02C02 当前风险较低，保持常规巡检,normal_autonomy,ready
2026-09-07 11:00,R02C01,8.6,29.8,很低,healthy,低,observe,routine_patrol,continue_patrol,low,continue_nominal_patrol,standard_periodic_sampling,none,R02C01 当前风险较低，保持常规巡检,normal_autonomy,ready
2026-09-07 12:00,R03C01,9.3,50.3,中,drought,中,hold,resample_before_action,resample_sensors,medium,"hold_position:R03C01@(9.3,50.3); repeat_sampling_pass",resample_soil_moisture; resample_temperature; capture_context_image,none,R03C01 中风险且不确定性为中，重新采样后再决策,blocked_until_sensor_resample,queued_for_resampling
2026-09-07 13:00,R03C02,30.3,50.7,中,waterlogging,中,hold,resample_before_action,resample_sensors,medium,"hold_position:R03C02@(30.3,50.7); repeat_sampling_pass",resample_soil_moisture; resample_temperature; capture_context_image,none,R03C02 中风险且不确定性为中，重新采样后再决策,blocked_until_sensor_resample,queued_for_resampling
2026-09-07 14:00,R03C03,51.2,51.0,中,waterlogging,中,hold,resample_before_action,resample_sensors,medium,"hold_position:R03C03@(51.2,51.0); repeat_sampling_pass",resample_soil_moisture; resample_temperature; capture_context_image,none,R03C03 中风险且不确定性为中，重新采样后再决策,blocked_until_sensor_resample,queued_for_resampling
2026-09-07 15:00,R03C04,71.5,51.0,很低,healthy,低,observe,routine_patrol,continue_patrol,low,continue_nominal_patrol,standard_periodic_sampling,none,R03C04 当前风险较低，保持常规巡检,normal_autonomy,ready
2026-09-07 16:00,R03C05,91.1,50.7,很低,healthy,低,observe,routine_patrol,continue_patrol,low,continue_nominal_patrol,standard_periodic_sampling,none,R03C05 当前风险较低，保持常规巡检,normal_autonomy,ready
2026-09-07 17:00,R03C06,110.2,50.3,很低,healthy,低,observe,routine_patrol,continue_patrol,low,continue_nominal_patrol,standard_periodic_sampling,none,R03C06 当前风险较低，保持常规巡检,normal_autonomy,ready
2026-09-07 18:00,R04C06,109.2,69.8,很低,healthy,低,observe,routine_patrol,continue_patrol,low,continue_nominal_patrol,standard_periodic_sampling,none,R04C06 当前风险较低，保持常规巡检,normal_autonomy,ready
2026-09-07 19:00,R04C05,88.6,69.4,很低,healthy,低,observe,routine_patrol,continue_patrol,low,continue_nominal_patrol,standard_periodic_sampling,none,R04C05 当前风险较低，保持常规巡检,normal_autonomy,ready
2026-09-07 20:00,R04C04,68.6,69.1,低,healthy,低,observe,routine_patrol,continue_patrol,low,continue_nominal_patrol,standard_periodic_sampling,none,R04C04 当前风险较低，保持常规巡检,normal_autonomy,ready
2026-09-07 21:00,R04C03,49.3,69.0,中,waterlogging,中,hold,resample_before_action,resample_sensors,medium,"hold_position:R04C03@(49.3,69.0); repeat_sampling_pass",resample_soil_moisture; resample_temperature; capture_context_image,none,R04C03 中风险且不确定性为中，重新采样后再决策,blocked_until_sensor_resample,queued_for_resampling
2026-09-07 22:00,R04C02,30.3,69.2,中,waterlogging,低,hold,monitor_more_context,reroute_and_drainage_check,medium,reroute_around_region:R04C02; mark_low_traction_zone,inspect_drainage_channel; verify_soil_moisture,send_drainage_alert,R04C02 疑似积水，机器人绕行并发送排水检查提醒,execute_without_entering_risky_cell,ready
2026-09-07 23:00,R04C01,11.2,69.5,中,waterlogging,中,hold,resample_before_action,resample_sensors,medium,"hold_position:R04C01@(11.2,69.5); repeat_sampling_pass",resample_soil_moisture; resample_temperature; capture_context_image,none,R04C01 中风险且不确定性为中，重新采样后再决策,blocked_until_sensor_resample,queued_for_resampling
2026-09-08 00:00,R01C01,11.5,10.0,中高,waterlogging,中,hold,recheck_before_action,recheck_region,high,"navigate_to:R01C01@(11.5,10.0); slow_down; hold_safe_distance",capture_close_range_image; resample_environment_sensors,defer_field_actuation,R01C01 高风险但不确定性为中，先复查后再执行,blocked_until_recheck_confirms_state,queued_for_recheck
2026-09-08 01:00,R01C02,31.1,10.5,中高,waterlogging,中,hold,recheck_before_action,recheck_region,high,"navigate_to:R01C02@(31.1,10.5); slow_down; hold_safe_distance",capture_close_range_image; resample_environment_sensors,defer_field_actuation,R01C02 高风险但不确定性为中，先复查后再执行,blocked_until_recheck_confirms_state,queued_for_recheck
2026-09-08 02:00,R01C03,50.2,10.9,中高,waterlogging,中,hold,recheck_before_action,recheck_region,high,"navigate_to:R01C03@(50.2,10.9); slow_down; hold_safe_distance",capture_close_range_image; resample_environment_sensors,defer_field_actuation,R01C03 高风险但不确定性为中，先复查后再执行,blocked_until_recheck_confirms_state,queued_for_recheck
2026-09-08 03:00,R01C04,69.2,11.0,中高,waterlogging,中,hold,recheck_before_action,recheck_region,high,"navigate_to:R01C04@(69.2,11.0); slow_down; hold_safe_distance",capture_close_range_image; resample_environment_sensors,defer_field_actuation,R01C04 高风险但不确定性为中，先复查后再执行,blocked_until_recheck_confirms_state,queued_for_recheck
2026-09-08 04:00,R01C05,88.6,10.9,中高,waterlogging,中,hold,recheck_before_action,recheck_region,high,"navigate_to:R01C05@(88.6,10.9); slow_down; hold_safe_distance",capture_close_range_image; resample_environment_sensors,defer_field_actuation,R01C05 高风险但不确定性为中，先复查后再执行,blocked_until_recheck_confirms_state,queued_for_recheck
2026-09-08 05:00,R01C06,108.6,10.6,中高,waterlogging,中,hold,recheck_before_action,recheck_region,high,"navigate_to:R01C06@(108.6,10.6); slow_down; hold_safe_distance",capture_close_range_image; resample_environment_sensors,defer_field_actuation,R01C06 高风险但不确定性为中，先复查后再执行,blocked_until_recheck_confirms_state,queued_for_recheck
2026-09-08 06:00,R02C06,109.3,30.1,中高,waterlogging,中,hold,recheck_before_action,recheck_region,high,"navigate_to:R02C06@(109.3,30.1); slow_down; hold_safe_distance",capture_close_range_image; resample_environment_sensors,defer_field_actuation,R02C06 高风险但不确定性为中，先复查后再执行,blocked_until_recheck_confirms_state,queued_for_recheck
2026-09-08 07:00,R02C05,90.3,29.6,中高,waterlogging,中,hold,recheck_before_action,recheck_region,high,"navigate_to:R02C05@(90.3,29.6); slow_down; hold_safe_distance",capture_close_range_image; resample_environment_sensors,defer_field_actuation,R02C05 高风险但不确定性为中，先复查后再执行,blocked_until_recheck_confirms_state,queued_for_recheck
2026-09-08 08:00,R02C04,71.2,29.2,中高,waterlogging,中,hold,recheck_before_action,recheck_region,high,"navigate_to:R02C04@(71.2,29.2); slow_down; hold_safe_distance",capture_close_range_image; resample_environment_sensors,defer_field_actuation,R02C04 高风险但不确定性为中，先复查后再执行,blocked_until_recheck_confirms_state,queued_for_recheck
2026-09-08 09:00,R02C03,51.5,29.0,中高,waterlogging,中,hold,recheck_before_action,recheck_region,high,"navigate_to:R02C03@(51.5,29.0); slow_down; hold_safe_distance",capture_close_range_image; resample_environment_sensors,defer_field_actuation,R02C03 高风险但不确定性为中，先复查后再执行,blocked_until_recheck_confirms_state,queued_for_recheck
2026-09-08 10:00,R02C02,31.1,29.1,低,healthy,低,observe,routine_patrol,continue_patrol,low,continue_nominal_patrol,standard_periodic_sampling,none,R02C02 当前风险较低，保持常规巡检,normal_autonomy,ready
2026-09-08 11:00,R02C01,10.2,29.3,很低,healthy,低,observe,routine_patrol,continue_patrol,low,continue_nominal_patrol,standard_periodic_sampling,none,R02C01 当前风险较低，保持常规巡检,normal_autonomy,ready
2026-09-08 12:00,R03C01,9.2,49.8,很低,healthy,低,observe,routine_patrol,continue_patrol,low,continue_nominal_patrol,standard_periodic_sampling,none,R03C01 当前风险较低，保持常规巡检,normal_autonomy,ready
2026-09-08 13:00,R03C02,28.6,50.2,很低,healthy,低,observe,routine_patrol,continue_patrol,low,continue_nominal_patrol,standard_periodic_sampling,none,R03C02 当前风险较低，保持常规巡检,normal_autonomy,ready
2026-09-08 14:00,R03C03,48.6,50.7,很低,healthy,低,observe,routine_patrol,continue_patrol,low,continue_nominal_patrol,standard_periodic_sampling,none,R03C03 当前风险较低，保持常规巡检,normal_autonomy,ready
2026-09-08 15:00,R03C04,69.3,50.9,很低,healthy,低,observe,routine_patrol,continue_patrol,low,continue_nominal_patrol,standard_periodic_sampling,none,R03C04 当前风险较低，保持常规巡检,normal_autonomy,ready
2026-09-08 16:00,R03C05,90.4,51.0,很低,healthy,低,observe,routine_patrol,continue_patrol,low,continue_nominal_patrol,standard_periodic_sampling,none,R03C05 当前风险较低，保持常规巡检,normal_autonomy,ready
2026-09-08 17:00,R03C06,111.2,50.8,很低,healthy,低,observe,routine_patrol,continue_patrol,low,continue_nominal_patrol,standard_periodic_sampling,none,R03C06 当前风险较低，保持常规巡检,normal_autonomy,ready
2026-09-08 18:00,R04C06,111.5,70.4,低,healthy,低,observe,routine_patrol,continue_patrol,low,continue_nominal_patrol,standard_periodic_sampling,none,R04C06 当前风险较低，保持常规巡检,normal_autonomy,ready
2026-09-08 19:00,R04C05,91.1,69.9,中,waterlogging,低,hold,monitor_more_context,reroute_and_drainage_check,medium,reroute_around_region:R04C05; mark_low_traction_zone,inspect_drainage_channel; verify_soil_moisture,send_drainage_alert,R04C05 疑似积水，机器人绕行并发送排水检查提醒,execute_without_entering_risky_cell,ready
2026-09-08 20:00,R04C04,70.1,69.4,中,waterlogging,中,hold,resample_before_action,resample_sensors,medium,"hold_position:R04C04@(70.1,69.4); repeat_sampling_pass",resample_soil_moisture; resample_temperature; capture_context_image,none,R04C04 中风险且不确定性为中，重新采样后再决策,blocked_until_sensor_resample,queued_for_resampling
2026-09-08 21:00,R04C03,49.1,69.1,中,waterlogging,中,hold,resample_before_action,resample_sensors,medium,"hold_position:R04C03@(49.1,69.1); repeat_sampling_pass",resample_soil_moisture; resample_temperature; capture_context_image,none,R04C03 中风险且不确定性为中，重新采样后再决策,blocked_until_sensor_resample,queued_for_resampling
2026-09-08 22:00,R04C02,28.6,69.0,中,waterlogging,中,hold,resample_before_action,resample_sensors,medium,"hold_position:R04C02@(28.6,69.0); repeat_sampling_pass",resample_soil_moisture; resample_temperature; capture_context_image,none,R04C02 中风险且不确定性为中，重新采样后再决策,blocked_until_sensor_resample,queued_for_resampling
2026-09-08 23:00,R04C01,8.6,69.1,中高,waterlogging,中,hold,recheck_before_action,recheck_region,high,"navigate_to:R04C01@(8.6,69.1); slow_down; hold_safe_distance",capture_close_range_image; resample_environment_sensors,defer_field_actuation,R04C01 高风险但不确定性为中，先复查后再执行,blocked_until_recheck_confirms_state,queued_for_recheck
2026-09-09 00:00,R01C01,9.4,9.5,中高,waterlogging,低,execute,execute_recommended_action,reroute_and_drainage_check,high,reroute_around_region:R01C01; mark_low_traction_zone,inspect_drainage_channel; verify_soil_moisture,send_drainage_alert,R01C01 疑似积水，机器人绕行并发送排水检查提醒,execute_without_entering_risky_cell,ready
2026-09-09 01:00,R01C02,30.4,10.0,中高,waterlogging,中,hold,recheck_before_action,recheck_region,high,"navigate_to:R01C02@(30.4,10.0); slow_down; hold_safe_distance",capture_close_range_image; resample_environment_sensors,defer_field_actuation,R01C02 高风险但不确定性为中，先复查后再执行,blocked_until_recheck_confirms_state,queued_for_recheck
2026-09-09 02:00,R01C03,51.2,10.4,中高,waterlogging,中,hold,recheck_before_action,recheck_region,high,"navigate_to:R01C03@(51.2,10.4); slow_down; hold_safe_distance",capture_close_range_image; resample_environment_sensors,defer_field_actuation,R01C03 高风险但不确定性为中，先复查后再执行,blocked_until_recheck_confirms_state,queued_for_recheck
2026-09-09 03:00,R01C04,71.5,10.8,中高,waterlogging,中,hold,recheck_before_action,recheck_region,high,"navigate_to:R01C04@(71.5,10.8); slow_down; hold_safe_distance",capture_close_range_image; resample_environment_sensors,defer_field_actuation,R01C04 高风险但不确定性为中，先复查后再执行,blocked_until_recheck_confirms_state,queued_for_recheck
2026-09-09 04:00,R01C05,91.1,11.0,中高,waterlogging,中,hold,recheck_before_action,recheck_region,high,"navigate_to:R01C05@(91.1,11.0); slow_down; hold_safe_distance",capture_close_range_image; resample_environment_sensors,defer_field_actuation,R01C05 高风险但不确定性为中，先复查后再执行,blocked_until_recheck_confirms_state,queued_for_recheck
2026-09-09 05:00,R01C06,110.1,10.9,中高,waterlogging,中,hold,recheck_before_action,recheck_region,high,"navigate_to:R01C06@(110.1,10.9); slow_down; hold_safe_distance",capture_close_range_image; resample_environment_sensors,defer_field_actuation,R01C06 高风险但不确定性为中，先复查后再执行,blocked_until_recheck_confirms_state,queued_for_recheck
2026-09-09 06:00,R02C06,109.1,30.6,中高,waterlogging,中,hold,recheck_before_action,recheck_region,high,"navigate_to:R02C06@(109.1,30.6); slow_down; hold_safe_distance",capture_close_range_image; resample_environment_sensors,defer_field_actuation,R02C06 高风险但不确定性为中，先复查后再执行,blocked_until_recheck_confirms_state,queued_for_recheck
2026-09-09 07:00,R02C05,88.5,30.2,中高,waterlogging,中,hold,recheck_before_action,recheck_region,high,"navigate_to:R02C05@(88.5,30.2); slow_down; hold_safe_distance",capture_close_range_image; resample_environment_sensors,defer_field_actuation,R02C05 高风险但不确定性为中，先复查后再执行,blocked_until_recheck_confirms_state,queued_for_recheck
2026-09-09 08:00,R02C04,68.7,29.7,中高,waterlogging,中,hold,recheck_before_action,recheck_region,high,"navigate_to:R02C04@(68.7,29.7); slow_down; hold_safe_distance",capture_close_range_image; resample_environment_sensors,defer_field_actuation,R02C04 高风险但不确定性为中，先复查后再执行,blocked_until_recheck_confirms_state,queued_for_recheck
2026-09-09 09:00,R02C03,49.4,29.3,中高,waterlogging,中,hold,recheck_before_action,recheck_region,high,"navigate_to:R02C03@(49.4,29.3); slow_down; hold_safe_distance",capture_close_range_image; resample_environment_sensors,defer_field_actuation,R02C03 高风险但不确定性为中，先复查后再执行,blocked_until_recheck_confirms_state,queued_for_recheck
2026-09-09 10:00,R02C02,30.4,29.0,中高,waterlogging,中,hold,recheck_before_action,recheck_region,high,"navigate_to:R02C02@(30.4,29.0); slow_down; hold_safe_distance",capture_close_range_image; resample_environment_sensors,defer_field_actuation,R02C02 高风险但不确定性为中，先复查后再执行,blocked_until_recheck_confirms_state,queued_for_recheck
2026-09-09 11:00,R02C01,11.2,29.0,中高,waterlogging,低,execute,execute_recommended_action,reroute_and_drainage_check,high,reroute_around_region:R02C01; mark_low_traction_zone,inspect_drainage_channel; verify_soil_moisture,send_drainage_alert,R02C01 疑似积水，机器人绕行并发送排水检查提醒,execute_without_entering_risky_cell,ready
2026-09-09 12:00,R03C01,11.5,49.3,中高,waterlogging,中,hold,recheck_before_action,recheck_region,high,"navigate_to:R03C01@(11.5,49.3); slow_down; hold_safe_distance",capture_close_range_image; resample_environment_sensors,defer_field_actuation,R03C01 高风险但不确定性为中，先复查后再执行,blocked_until_recheck_confirms_state,queued_for_recheck
2026-09-09 13:00,R03C02,31.0,49.7,中高,waterlogging,中,hold,recheck_before_action,recheck_region,high,"navigate_to:R03C02@(31.0,49.7); slow_down; hold_safe_distance",capture_close_range_image; resample_environment_sensors,defer_field_actuation,R03C02 高风险但不确定性为中，先复查后再执行,blocked_until_recheck_confirms_state,queued_for_recheck
2026-09-09 14:00,R03C03,50.1,50.2,中高,waterlogging,中,hold,recheck_before_action,recheck_region,high,"navigate_to:R03C03@(50.1,50.2); slow_down; hold_safe_distance",capture_close_range_image; resample_environment_sensors,defer_field_actuation,R03C03 高风险但不确定性为中，先复查后再执行,blocked_until_recheck_confirms_state,queued_for_recheck
2026-09-09 15:00,R03C04,69.1,50.6,中高,waterlogging,中,hold,recheck_before_action,recheck_region,high,"navigate_to:R03C04@(69.1,50.6); slow_down; hold_safe_distance",capture_close_range_image; resample_environment_sensors,defer_field_actuation,R03C04 高风险但不确定性为中，先复查后再执行,blocked_until_recheck_confirms_state,queued_for_recheck
2026-09-09 16:00,R03C05,88.5,50.9,低,healthy,低,observe,routine_patrol,continue_patrol,low,continue_nominal_patrol,standard_periodic_sampling,none,R03C05 当前风险较低，保持常规巡检,normal_autonomy,ready
2026-09-09 17:00,R03C06,108.7,51.0,很低,healthy,低,observe,routine_patrol,continue_patrol,low,continue_nominal_patrol,standard_periodic_sampling,none,R03C06 当前风险较低，保持常规巡检,normal_autonomy,ready
2026-09-09 18:00,R04C06,109.4,70.8,很低,healthy,低,observe,routine_patrol,continue_patrol,low,continue_nominal_patrol,standard_periodic_sampling,none,R04C06 当前风险较低，保持常规巡检,normal_autonomy,ready
2026-09-09 19:00,R04C05,90.4,70.4,很低,healthy,低,observe,routine_patrol,continue_patrol,low,continue_nominal_patrol,standard_periodic_sampling,none,R04C05 当前风险较低，保持常规巡检,normal_autonomy,ready
2026-09-09 20:00,R04C04,71.3,70.0,很低,healthy,低,observe,routine_patrol,continue_patrol,low,continue_nominal_patrol,standard_periodic_sampling,none,R04C04 当前风险较低，保持常规巡检,normal_autonomy,ready
2026-09-09 21:00,R04C03,51.5,69.5,很低,healthy,低,observe,routine_patrol,continue_patrol,low,continue_nominal_patrol,standard_periodic_sampling,none,R04C03 当前风险较低，保持常规巡检,normal_autonomy,ready
2026-09-09 22:00,R04C02,31.0,69.1,很低,healthy,低,observe,routine_patrol,continue_patrol,low,continue_nominal_patrol,standard_periodic_sampling,none,R04C02 当前风险较低，保持常规巡检,normal_autonomy,ready
2026-09-09 23:00,R04C01,10.1,69.0,很低,healthy,低,observe,routine_patrol,continue_patrol,low,continue_nominal_patrol,standard_periodic_sampling,none,R04C01 当前风险较低，保持常规巡检,normal_autonomy,ready
2026-09-10 00:00,R01C01,9.1,9.1,很低,healthy,低,observe,routine_patrol,continue_patrol,low,continue_nominal_patrol,standard_periodic_sampling,none,R01C01 当前风险较低，保持常规巡检,normal_autonomy,ready
2026-09-10 01:00,R01C02,28.5,9.4,很低,healthy,低,observe,routine_patrol,continue_patrol,low,continue_nominal_patrol,standard_periodic_sampling,none,R01C02 当前风险较低，保持常规巡检,normal_autonomy,ready
2026-09-10 02:00,R01C03,48.7,9.9,很低,healthy,低,observe,routine_patrol,continue_patrol,low,continue_nominal_patrol,standard_periodic_sampling,none,R01C03 当前风险较低，保持常规巡检,normal_autonomy,ready
2026-09-10 03:00,R01C04,69.4,10.4,很低,healthy,低,observe,routine_patrol,continue_patrol,low,continue_nominal_patrol,standard_periodic_sampling,none,R01C04 当前风险较低，保持常规巡检,normal_autonomy,ready
2026-09-10 04:00,R01C05,90.5,10.8,很低,healthy,低,observe,routine_patrol,continue_patrol,low,continue_nominal_patrol,standard_periodic_sampling,none,R01C05 当前风险较低，保持常规巡检,normal_autonomy,ready
2026-09-10 05:00,R01C06,111.3,11.0,中,waterlogging,中,hold,resample_before_action,resample_sensors,medium,"hold_position:R01C06@(111.3,11.0); repeat_sampling_pass",resample_soil_moisture; resample_temperature; capture_context_image,none,R01C06 中风险且不确定性为中，重新采样后再决策,blocked_until_sensor_resample,queued_for_resampling
2026-09-10 06:00,R02C06,111.5,30.9,中,waterlogging,低,hold,monitor_more_context,reroute_and_drainage_check,medium,reroute_around_region:R02C06; mark_low_traction_zone,inspect_drainage_channel; verify_soil_moisture,send_drainage_alert,R02C06 疑似积水，机器人绕行并发送排水检查提醒,execute_without_entering_risky_cell,ready
2026-09-10 07:00,R02C05,91.0,30.7,中,waterlogging,中,hold,resample_before_action,resample_sensors,medium,"hold_position:R02C05@(91.0,30.7); repeat_sampling_pass",resample_soil_moisture; resample_temperature; capture_context_image,none,R02C05 中风险且不确定性为中，重新采样后再决策,blocked_until_sensor_resample,queued_for_resampling
2026-09-10 08:00,R02C04,70.0,30.2,中,waterlogging,中,hold,resample_before_action,resample_sensors,medium,"hold_position:R02C04@(70.0,30.2); repeat_sampling_pass",resample_soil_moisture; resample_temperature; capture_context_image,none,R02C04 中风险且不确定性为中，重新采样后再决策,blocked_until_sensor_resample,queued_for_resampling
2026-09-10 09:00,R02C03,49.1,29.7,中,waterlogging,中,hold,resample_before_action,resample_sensors,medium,"hold_position:R02C03@(49.1,29.7); repeat_sampling_pass",resample_soil_moisture; resample_temperature; capture_context_image,none,R02C03 中风险且不确定性为中，重新采样后再决策,blocked_until_sensor_resample,queued_for_resampling
2026-09-10 10:00,R02C02,28.5,29.3,中,waterlogging,中,hold,resample_before_action,resample_sensors,medium,"hold_position:R02C02@(28.5,29.3); repeat_sampling_pass",resample_soil_moisture; resample_temperature; capture_context_image,none,R02C02 中风险且不确定性为中，重新采样后再决策,blocked_until_sensor_resample,queued_for_resampling
2026-09-10 11:00,R02C01,8.7,29.0,中高,waterlogging,低,execute,execute_recommended_action,reroute_and_drainage_check,high,reroute_around_region:R02C01; mark_low_traction_zone,inspect_drainage_channel; verify_soil_moisture,send_drainage_alert,R02C01 疑似积水，机器人绕行并发送排水检查提醒,execute_without_entering_risky_cell,ready
2026-09-10 12:00,R03C01,9.5,49.0,中高,waterlogging,中,hold,recheck_before_action,recheck_region,high,"navigate_to:R03C01@(9.5,49.0); slow_down; hold_safe_distance",capture_close_range_image; resample_environment_sensors,defer_field_actuation,R03C01 高风险但不确定性为中，先复查后再执行,blocked_until_recheck_confirms_state,queued_for_recheck
2026-09-10 13:00,R03C02,30.5,49.2,低,healthy,低,observe,routine_patrol,continue_patrol,low,continue_nominal_patrol,standard_periodic_sampling,none,R03C02 当前风险较低，保持常规巡检,normal_autonomy,ready
2026-09-10 14:00,R03C03,51.3,49.6,很低,healthy,低,observe,routine_patrol,continue_patrol,low,continue_nominal_patrol,standard_periodic_sampling,none,R03C03 当前风险较低，保持常规巡检,normal_autonomy,ready
2026-09-10 15:00,R03C04,71.5,50.1,很低,healthy,低,observe,routine_patrol,continue_patrol,low,continue_nominal_patrol,standard_periodic_sampling,none,R03C04 当前风险较低，保持常规巡检,normal_autonomy,ready
2026-09-10 16:00,R03C05,91.0,50.6,很低,healthy,低,observe,routine_patrol,continue_patrol,low,continue_nominal_patrol,standard_periodic_sampling,none,R03C05 当前风险较低，保持常规巡检,normal_autonomy,ready
2026-09-10 17:00,R03C06,110.0,50.9,很低,healthy,低,observe,routine_patrol,continue_patrol,low,continue_nominal_patrol,standard_periodic_sampling,none,R03C06 当前风险较低，保持常规巡检,normal_autonomy,ready
2026-09-10 18:00,R04C06,109.0,71.0,很低,healthy,低,observe,routine_patrol,continue_patrol,low,continue_nominal_patrol,standard_periodic_sampling,none,R04C06 当前风险较低，保持常规巡检,normal_autonomy,ready
2026-09-10 19:00,R04C05,88.5,70.9,很低,healthy,低,observe,routine_patrol,continue_patrol,low,continue_nominal_patrol,standard_periodic_sampling,none,R04C05 当前风险较低，保持常规巡检,normal_autonomy,ready
2026-09-10 20:00,R04C04,68.7,70.5,很低,healthy,低,observe,routine_patrol,continue_patrol,low,continue_nominal_patrol,standard_periodic_sampling,none,R04C04 当前风险较低，保持常规巡检,normal_autonomy,ready
2026-09-10 21:00,R04C03,49.5,70.0,很低,healthy,低,observe,routine_patrol,continue_patrol,low,continue_nominal_patrol,standard_periodic_sampling,none,R04C03 当前风险较低，保持常规巡检,normal_autonomy,ready
2026-09-10 22:00,R04C02,30.5,69.5,很低,healthy,低,observe,routine_patrol,continue_patrol,low,continue_nominal_patrol,standard_periodic_sampling,none,R04C02 当前风险较低，保持常规巡检,normal_autonomy,ready
2026-09-10 23:00,R04C01,11.3,69.2,很低,healthy,低,observe,routine_patrol,continue_patrol,low,continue_nominal_patrol,standard_periodic_sampling,none,R04C01 当前风险较低，保持常规巡检,normal_autonomy,ready
2026-09-11 00:00,R01C01,11.5,9.0,很低,healthy,低,observe,routine_patrol,continue_patrol,low,continue_nominal_patrol,standard_periodic_sampling,none,R01C01 当前风险较低，保持常规巡检,normal_autonomy,ready
2026-09-11 01:00,R01C02,31.0,9.1,低,healthy,低,observe,routine_patrol,continue_patrol,low,continue_nominal_patrol,standard_periodic_sampling,none,R01C02 当前风险较低，保持常规巡检,normal_autonomy,ready
2026-09-11 02:00,R01C03,50.0,9.4,中,waterlogging,中,hold,resample_before_action,resample_sensors,medium,"hold_position:R01C03@(50.0,9.4); repeat_sampling_pass",resample_soil_moisture; resample_temperature; capture_context_image,none,R01C03 中风险且不确定性为中，重新采样后再决策,blocked_until_sensor_resample,queued_for_resampling
2026-09-11 03:00,R01C04,69.0,9.8,中,waterlogging,中,hold,resample_before_action,resample_sensors,medium,"hold_position:R01C04@(69.0,9.8); repeat_sampling_pass",resample_soil_moisture; resample_temperature; capture_context_image,none,R01C04 中风险且不确定性为中，重新采样后再决策,blocked_until_sensor_resample,queued_for_resampling
2026-09-11 04:00,R01C05,88.5,10.3,中,waterlogging,中,hold,resample_before_action,resample_sensors,medium,"hold_position:R01C05@(88.5,10.3); repeat_sampling_pass",resample_soil_moisture; resample_temperature; capture_context_image,none,R01C05 中风险且不确定性为中，重新采样后再决策,blocked_until_sensor_resample,queued_for_resampling
2026-09-11 05:00,R01C06,108.7,10.7,中,waterlogging,中,hold,resample_before_action,resample_sensors,medium,"hold_position:R01C06@(108.7,10.7); repeat_sampling_pass",resample_soil_moisture; resample_temperature; capture_context_image,none,R01C06 中风险且不确定性为中，重新采样后再决策,blocked_until_sensor_resample,queued_for_resampling
2026-09-11 06:00,R02C06,109.5,31.0,中,waterlogging,中,hold,resample_before_action,resample_sensors,medium,"hold_position:R02C06@(109.5,31.0); repeat_sampling_pass",resample_soil_moisture; resample_temperature; capture_context_image,none,R02C06 中风险且不确定性为中，重新采样后再决策,blocked_until_sensor_resample,queued_for_resampling
2026-09-11 07:00,R02C05,90.5,31.0,中,waterlogging,中,hold,resample_before_action,resample_sensors,medium,"hold_position:R02C05@(90.5,31.0); repeat_sampling_pass",resample_soil_moisture; resample_temperature; capture_context_image,none,R02C05 中风险且不确定性为中，重新采样后再决策,blocked_until_sensor_resample,queued_for_resampling
2026-09-11 08:00,R02C04,71.3,30.7,中高,waterlogging,低,execute,execute_recommended_action,reroute_and_drainage_check,high,reroute_around_region:R02C04; mark_low_traction_zone,inspect_drainage_channel; verify_soil_moisture,send_drainage_alert,R02C04 疑似积水，机器人绕行并发送排水检查提醒,execute_without_entering_risky_cell,ready
2026-09-11 09:00,R02C03,51.5,30.3,中高,waterlogging,中,hold,recheck_before_action,recheck_region,high,"navigate_to:R02C03@(51.5,30.3); slow_down; hold_safe_distance",capture_close_range_image; resample_environment_sensors,defer_field_actuation,R02C03 高风险但不确定性为中，先复查后再执行,blocked_until_recheck_confirms_state,queued_for_recheck
2026-09-11 10:00,R02C02,30.9,29.8,中高,waterlogging,中,hold,recheck_before_action,recheck_region,high,"navigate_to:R02C02@(30.9,29.8); slow_down; hold_safe_distance",capture_close_range_image; resample_environment_sensors,defer_field_actuation,R02C02 高风险但不确定性为中，先复查后再执行,blocked_until_recheck_confirms_state,queued_for_recheck
2026-09-11 11:00,R02C01,10.0,29.4,中高,waterlogging,中,hold,recheck_before_action,recheck_region,high,"navigate_to:R02C01@(10.0,29.4); slow_down; hold_safe_distance",capture_close_range_image; resample_environment_sensors,defer_field_actuation,R02C01 高风险但不确定性为中，先复查后再执行,blocked_until_recheck_confirms_state,queued_for_recheck
2026-09-11 12:00,R03C01,9.0,49.1,中高,waterlogging,低,execute,execute_recommended_action,reroute_and_drainage_check,high,reroute_around_region:R03C01; mark_low_traction_zone,inspect_drainage_channel; verify_soil_moisture,send_drainage_alert,R03C01 疑似积水，机器人绕行并发送排水检查提醒,execute_without_entering_risky_cell,ready
2026-09-11 13:00,R03C02,28.5,49.0,中高,waterlogging,中,hold,recheck_before_action,recheck_region,high,"navigate_to:R03C02@(28.5,49.0); slow_down; hold_safe_distance",capture_close_range_image; resample_environment_sensors,defer_field_actuation,R03C02 高风险但不确定性为中，先复查后再执行,blocked_until_recheck_confirms_state,queued_for_recheck
2026-09-11 14:00,R03C03,48.7,49.2,中高,waterlogging,中,hold,recheck_before_action,recheck_region,high,"navigate_to:R03C03@(48.7,49.2); slow_down; hold_safe_distance",capture_close_range_image; resample_environment_sensors,defer_field_actuation,R03C03 高风险但不确定性为中，先复查后再执行,blocked_until_recheck_confirms_state,queued_for_recheck
2026-09-11 15:00,R03C04,69.5,49.6,低,healthy,低,observe,routine_patrol,continue_patrol,low,continue_nominal_patrol,standard_periodic_sampling,none,R03C04 当前风险较低，保持常规巡检,normal_autonomy,ready
2026-09-11 16:00,R03C05,90.6,50.0,很低,healthy,低,observe,routine_patrol,continue_patrol,low,continue_nominal_patrol,standard_periodic_sampling,none,R03C05 当前风险较低，保持常规巡检,normal_autonomy,ready
2026-09-11 17:00,R03C06,111.3,50.5,很低,healthy,低,observe,routine_patrol,continue_patrol,low,continue_nominal_patrol,standard_periodic_sampling,none,R03C06 当前风险较低，保持常规巡检,normal_autonomy,ready
2026-09-11 18:00,R04C06,111.5,70.9,很低,healthy,中,hold,monitor_more_context,monitor_context,normal,continue_patrol; revisit_region:R04C06,collect_next_context_window,none,R04C06 风险或不确定性处于中间状态，继续观察,no_direct_field_actuation,monitoring
2026-09-11 19:00,R04C05,90.9,71.0,很低,healthy,低,observe,routine_patrol,continue_patrol,low,continue_nominal_patrol,standard_periodic_sampling,none,R04C05 当前风险较低，保持常规巡检,normal_autonomy,ready
2026-09-11 20:00,R04C04,69.9,70.9,很低,healthy,低,observe,routine_patrol,continue_patrol,low,continue_nominal_patrol,standard_periodic_sampling,none,R04C04 当前风险较低，保持常规巡检,normal_autonomy,ready
2026-09-11 21:00,R04C03,49.0,70.6,很低,healthy,低,observe,routine_patrol,continue_patrol,low,continue_nominal_patrol,standard_periodic_sampling,none,R04C03 当前风险较低，保持常规巡检,normal_autonomy,ready
2026-09-11 22:00,R04C02,28.5,70.1,很低,healthy,低,observe,routine_patrol,continue_patrol,low,continue_nominal_patrol,standard_periodic_sampling,none,R04C02 当前风险较低，保持常规巡检,normal_autonomy,ready
2026-09-11 23:00,R04C01,8.7,69.6,很低,healthy,低,observe,routine_patrol,continue_patrol,low,continue_nominal_patrol,standard_periodic_sampling,none,R04C01 当前风险较低，保持常规巡检,normal_autonomy,ready
2026-09-12 00:00,R01C01,9.6,9.2,中,waterlogging,中,hold,resample_before_action,resample_sensors,medium,"hold_position:R01C01@(9.6,9.2); repeat_sampling_pass",resample_soil_moisture; resample_temperature; capture_context_image,none,R01C01 中风险且不确定性为中，重新采样后再决策,blocked_until_sensor_resample,queued_for_resampling
2026-09-12 01:00,R01C02,30.6,9.0,中,waterlogging,低,hold,monitor_more_context,reroute_and_drainage_check,medium,reroute_around_region:R01C02; mark_low_traction_zone,inspect_drainage_channel; verify_soil_moisture,send_drainage_alert,R01C02 疑似积水，机器人绕行并发送排水检查提醒,execute_without_entering_risky_cell,ready
2026-09-12 02:00,R01C03,51.3,9.1,中高,waterlogging,低,execute,execute_recommended_action,reroute_and_drainage_check,high,reroute_around_region:R01C03; mark_low_traction_zone,inspect_drainage_channel; verify_soil_moisture,send_drainage_alert,R01C03 疑似积水，机器人绕行并发送排水检查提醒,execute_without_entering_risky_cell,ready
2026-09-12 03:00,R01C04,71.5,9.3,中高,waterlogging,中,hold,recheck_before_action,recheck_region,high,"navigate_to:R01C04@(71.5,9.3); slow_down; hold_safe_distance",capture_close_range_image; resample_environment_sensors,defer_field_actuation,R01C04 高风险但不确定性为中，先复查后再执行,blocked_until_recheck_confirms_state,queued_for_recheck
2026-09-12 04:00,R01C05,90.9,9.8,中高,waterlogging,中,hold,recheck_before_action,recheck_region,high,"navigate_to:R01C05@(90.9,9.8); slow_down; hold_safe_distance",capture_close_range_image; resample_environment_sensors,defer_field_actuation,R01C05 高风险但不确定性为中，先复查后再执行,blocked_until_recheck_confirms_state,queued_for_recheck
2026-09-12 05:00,R01C06,109.9,10.3,中高,waterlogging,中,hold,recheck_before_action,recheck_region,high,"navigate_to:R01C06@(109.9,10.3); slow_down; hold_safe_distance",capture_close_range_image; resample_environment_sensors,defer_field_actuation,R01C06 高风险但不确定性为中，先复查后再执行,blocked_until_recheck_confirms_state,queued_for_recheck
2026-09-12 06:00,R02C06,109.0,30.7,中高,waterlogging,中,hold,recheck_before_action,recheck_region,high,"navigate_to:R02C06@(109.0,30.7); slow_down; hold_safe_distance",capture_close_range_image; resample_environment_sensors,defer_field_actuation,R02C06 高风险但不确定性为中，先复查后再执行,blocked_until_recheck_confirms_state,queued_for_recheck
2026-09-12 07:00,R02C05,88.5,31.0,中高,waterlogging,中,hold,recheck_before_action,recheck_region,high,"navigate_to:R02C05@(88.5,31.0); slow_down; hold_safe_distance",capture_close_range_image; resample_environment_sensors,defer_field_actuation,R02C05 高风险但不确定性为中，先复查后再执行,blocked_until_recheck_confirms_state,queued_for_recheck
2026-09-12 08:00,R02C04,68.8,31.0,中高,waterlogging,中,hold,recheck_before_action,recheck_region,high,"navigate_to:R02C04@(68.8,31.0); slow_down; hold_safe_distance",capture_close_range_image; resample_environment_sensors,defer_field_actuation,R02C04 高风险但不确定性为中，先复查后再执行,blocked_until_recheck_confirms_state,queued_for_recheck
2026-09-12 09:00,R02C03,49.6,30.8,中高,waterlogging,中,hold,recheck_before_action,recheck_region,high,"navigate_to:R02C03@(49.6,30.8); slow_down; hold_safe_distance",capture_close_range_image; resample_environment_sensors,defer_field_actuation,R02C03 高风险但不确定性为中，先复查后再执行,blocked_until_recheck_confirms_state,queued_for_recheck
2026-09-12 10:00,R02C02,30.6,30.4,中高,waterlogging,中,hold,recheck_before_action,recheck_region,high,"navigate_to:R02C02@(30.6,30.4); slow_down; hold_safe_distance",capture_close_range_image; resample_environment_sensors,defer_field_actuation,R02C02 高风险但不确定性为中，先复查后再执行,blocked_until_recheck_confirms_state,queued_for_recheck
2026-09-12 11:00,R02C01,11.3,29.9,很低,healthy,低,observe,routine_patrol,continue_patrol,low,continue_nominal_patrol,standard_periodic_sampling,none,R02C01 当前风险较低，保持常规巡检,normal_autonomy,ready
2026-09-12 12:00,R03C01,11.5,49.4,中,waterlogging,中,hold,resample_before_action,resample_sensors,medium,"hold_position:R03C01@(11.5,49.4); repeat_sampling_pass",resample_soil_moisture; resample_temperature; capture_context_image,none,R03C01 中风险且不确定性为中，重新采样后再决策,blocked_until_sensor_resample,queued_for_resampling
2026-09-12 13:00,R03C02,30.9,49.1,中,waterlogging,中,hold,resample_before_action,resample_sensors,medium,"hold_position:R03C02@(30.9,49.1); repeat_sampling_pass",resample_soil_moisture; resample_temperature; capture_context_image,none,R03C02 中风险且不确定性为中，重新采样后再决策,blocked_until_sensor_resample,queued_for_resampling
2026-09-12 14:00,R03C03,49.9,49.0,中高,waterlogging,低,execute,execute_recommended_action,reroute_and_drainage_check,high,reroute_around_region:R03C03; mark_low_traction_zone,inspect_drainage_channel; verify_soil_moisture,send_drainage_alert,R03C03 疑似积水，机器人绕行并发送排水检查提醒,execute_without_entering_risky_cell,ready
2026-09-12 15:00,R03C04,69.0,49.1,中高,waterlogging,低,execute,execute_recommended_action,reroute_and_drainage_check,high,reroute_around_region:R03C04; mark_low_traction_zone,inspect_drainage_channel; verify_soil_moisture,send_drainage_alert,R03C04 疑似积水，机器人绕行并发送排水检查提醒,execute_without_entering_risky_cell,ready
2026-09-12 16:00,R03C05,88.5,49.5,中高,waterlogging,中,hold,recheck_before_action,recheck_region,high,"navigate_to:R03C05@(88.5,49.5); slow_down; hold_safe_distance",capture_close_range_image; resample_environment_sensors,defer_field_actuation,R03C05 高风险但不确定性为中，先复查后再执行,blocked_until_recheck_confirms_state,queued_for_recheck
2026-09-12 17:00,R03C06,108.8,50.0,中高,waterlogging,中,hold,recheck_before_action,recheck_region,high,"navigate_to:R03C06@(108.8,50.0); slow_down; hold_safe_distance",capture_close_range_image; resample_environment_sensors,defer_field_actuation,R03C06 高风险但不确定性为中，先复查后再执行,blocked_until_recheck_confirms_state,queued_for_recheck
2026-09-12 18:00,R04C06,109.6,70.5,中高,waterlogging,中,hold,recheck_before_action,recheck_region,high,"navigate_to:R04C06@(109.6,70.5); slow_down; hold_safe_distance",capture_close_range_image; resample_environment_sensors,defer_field_actuation,R04C06 高风险但不确定性为中，先复查后再执行,blocked_until_recheck_confirms_state,queued_for_recheck
2026-09-12 19:00,R04C05,90.6,70.8,中高,waterlogging,低,execute,execute_recommended_action,reroute_and_drainage_check,high,reroute_around_region:R04C05; mark_low_traction_zone,inspect_drainage_channel; verify_soil_moisture,send_drainage_alert,R04C05 疑似积水，机器人绕行并发送排水检查提醒,execute_without_entering_risky_cell,ready
2026-09-12 20:00,R04C04,71.4,71.0,中高,waterlogging,中,hold,recheck_before_action,recheck_region,high,"navigate_to:R04C04@(71.4,71.0); slow_down; hold_safe_distance",capture_close_range_image; resample_environment_sensors,defer_field_actuation,R04C04 高风险但不确定性为中，先复查后再执行,blocked_until_recheck_confirms_state,queued_for_recheck
2026-09-12 21:00,R04C03,51.4,70.9,中高,waterlogging,中,hold,recheck_before_action,recheck_region,high,"navigate_to:R04C03@(51.4,70.9); slow_down; hold_safe_distance",capture_close_range_image; resample_environment_sensors,defer_field_actuation,R04C03 高风险但不确定性为中，先复查后再执行,blocked_until_recheck_confirms_state,queued_for_recheck
2026-09-12 22:00,R04C02,30.9,70.6,中高,waterlogging,中,hold,recheck_before_action,recheck_region,high,"navigate_to:R04C02@(30.9,70.6); slow_down; hold_safe_distance",capture_close_range_image; resample_environment_sensors,defer_field_actuation,R04C02 高风险但不确定性为中，先复查后再执行,blocked_until_recheck_confirms_state,queued_for_recheck
2026-09-12 23:00,R04C01,9.9,70.2,中高,waterlogging,中,hold,recheck_before_action,recheck_region,high,"navigate_to:R04C01@(9.9,70.2); slow_down; hold_safe_distance",capture_close_range_image; resample_environment_sensors,defer_field_actuation,R04C01 高风险但不确定性为中，先复查后再执行,blocked_until_recheck_confirms_state,queued_for_recheck
2026-09-13 00:00,R01C01,8.9,9.7,中高,waterlogging,中,hold,recheck_before_action,recheck_region,high,"navigate_to:R01C01@(8.9,9.7); slow_down; hold_safe_distance",capture_close_range_image; resample_environment_sensors,defer_field_actuation,R01C01 高风险但不确定性为中，先复查后再执行,blocked_until_recheck_confirms_state,queued_for_recheck
2026-09-13 01:00,R01C02,28.5,9.3,中高,waterlogging,低,execute,execute_recommended_action,reroute_and_drainage_check,high,reroute_around_region:R01C02; mark_low_traction_zone,inspect_drainage_channel; verify_soil_moisture,send_drainage_alert,R01C02 疑似积水，机器人绕行并发送排水检查提醒,execute_without_entering_risky_cell,ready
2026-09-13 02:00,R01C03,48.8,9.0,中高,waterlogging,中,hold,recheck_before_action,recheck_region,high,"navigate_to:R01C03@(48.8,9.0); slow_down; hold_safe_distance",capture_close_range_image; resample_environment_sensors,defer_field_actuation,R01C03 高风险但不确定性为中，先复查后再执行,blocked_until_recheck_confirms_state,queued_for_recheck
2026-09-13 03:00,R01C04,69.6,9.0,中高,waterlogging,中,hold,recheck_before_action,recheck_region,high,"navigate_to:R01C04@(69.6,9.0); slow_down; hold_safe_distance",capture_close_range_image; resample_environment_sensors,defer_field_actuation,R01C04 高风险但不确定性为中，先复查后再执行,blocked_until_recheck_confirms_state,queued_for_recheck
2026-09-13 04:00,R01C05,90.7,9.3,中高,waterlogging,中,hold,recheck_before_action,recheck_region,high,"navigate_to:R01C05@(90.7,9.3); slow_down; hold_safe_distance",capture_close_range_image; resample_environment_sensors,defer_field_actuation,R01C05 高风险但不确定性为中，先复查后再执行,blocked_until_recheck_confirms_state,queued_for_recheck
2026-09-13 05:00,R01C06,111.4,9.7,中高,waterlogging,中,hold,recheck_before_action,recheck_region,high,"navigate_to:R01C06@(111.4,9.7); slow_down; hold_safe_distance",capture_close_range_image; resample_environment_sensors,defer_field_actuation,R01C06 高风险但不确定性为中，先复查后再执行,blocked_until_recheck_confirms_state,queued_for_recheck
2026-09-13 06:00,R02C06,111.4,30.2,中高,waterlogging,中,hold,recheck_before_action,recheck_region,high,"navigate_to:R02C06@(111.4,30.2); slow_down; hold_safe_distance",capture_close_range_image; resample_environment_sensors,defer_field_actuation,R02C06 高风险但不确定性为中，先复查后再执行,blocked_until_recheck_confirms_state,queued_for_recheck
2026-09-13 07:00,R02C05,90.8,30.6,中高,waterlogging,中,hold,recheck_before_action,recheck_region,high,"navigate_to:R02C05@(90.8,30.6); slow_down; hold_safe_distance",capture_close_range_image; resample_environment_sensors,defer_field_actuation,R02C05 高风险但不确定性为中，先复查后再执行,blocked_until_recheck_confirms_state,queued_for_recheck
2026-09-13 08:00,R02C04,69.8,30.9,中高,waterlogging,中,hold,recheck_before_action,recheck_region,high,"navigate_to:R02C04@(69.8,30.9); slow_down; hold_safe_distance",capture_close_range_image; resample_environment_sensors,defer_field_actuation,R02C04 高风险但不确定性为中，先复查后再执行,blocked_until_recheck_confirms_state,queued_for_recheck
2026-09-13 09:00,R02C03,48.9,31.0,中高,waterlogging,中,hold,recheck_before_action,recheck_region,high,"navigate_to:R02C03@(48.9,31.0); slow_down; hold_safe_distance",capture_close_range_image; resample_environment_sensors,defer_field_actuation,R02C03 高风险但不确定性为中，先复查后再执行,blocked_until_recheck_confirms_state,queued_for_recheck
2026-09-13 10:00,R02C02,28.5,30.8,低,healthy,中,hold,monitor_more_context,monitor_context,normal,continue_patrol; revisit_region:R02C02,collect_next_context_window,none,R02C02 风险或不确定性处于中间状态，继续观察,no_direct_field_actuation,monitoring
2026-09-13 11:00,R02C01,8.8,30.4,很低,healthy,低,observe,routine_patrol,continue_patrol,low,continue_nominal_patrol,standard_periodic_sampling,none,R02C01 当前风险较低，保持常规巡检,normal_autonomy,ready
2026-09-13 12:00,R03C01,9.7,49.9,很低,healthy,低,observe,routine_patrol,continue_patrol,low,continue_nominal_patrol,standard_periodic_sampling,none,R03C01 当前风险较低，保持常规巡检,normal_autonomy,ready
2026-09-13 13:00,R03C02,30.7,49.5,很低,healthy,低,observe,routine_patrol,continue_patrol,low,continue_nominal_patrol,standard_periodic_sampling,none,R03C02 当前风险较低，保持常规巡检,normal_autonomy,ready
2026-09-13 14:00,R03C03,51.4,49.1,很低,healthy,中,hold,monitor_more_context,monitor_context,normal,continue_patrol; revisit_region:R03C03,collect_next_context_window,none,R03C03 风险或不确定性处于中间状态，继续观察,no_direct_field_actuation,monitoring
2026-09-13 15:00,R03C04,71.4,49.0,很低,healthy,低,observe,routine_patrol,continue_patrol,low,continue_nominal_patrol,standard_periodic_sampling,none,R03C04 当前风险较低，保持常规巡检,normal_autonomy,ready
