timestamp,robot_x_m,robot_y_m,robot_heading_deg,region_id,grid_row,grid_column,path_segment,patrol_loop,risk_score,risk_level,state_confidence,uncertainty_score,uncertainty_level,dominant_risk,action_permission,safety_action,safety_policy,robot_action_mode,action_priority,motion_command,perception_command,actuator_command,operator_notification,execution_guard,command_status,uncertainty_case
2026-08-03 00:00,10.0,11.0,90,R01C01,1,1,row_1,1,8.5,很低,0.99,0.0,低,healthy,observe,routine_patrol,低风险 + 低不确定性 → 常规巡检,continue_patrol,low,continue_nominal_patrol,standard_periodic_sampling,none,R01C01 当前风险较低，保持常规巡检,normal_autonomy,ready,normal
2026-08-03 01:00,31.0,10.9,90,R01C02,1,2,row_1,1,8.2,很低,1.00,0.0,低,healthy,observe,routine_patrol,低风险 + 低不确定性 → 常规巡检,continue_patrol,low,continue_nominal_patrol,standard_periodic_sampling,none,R01C02 当前风险较低，保持常规巡检,normal_autonomy,ready,normal
2026-08-03 02:00,51.5,10.5,90,R01C03,1,3,row_1,1,8.2,很低,1.00,0.0,低,healthy,observe,routine_patrol,低风险 + 低不确定性 → 常规巡检,continue_patrol,low,continue_nominal_patrol,standard_periodic_sampling,none,R01C03 当前风险较低，保持常规巡检,normal_autonomy,ready,normal
2026-08-03 03:00,71.3,10.1,90,R01C04,1,4,row_1,1,8.2,很低,1.00,0.0,低,healthy,observe,routine_patrol,低风险 + 低不确定性 → 常规巡检,continue_patrol,low,continue_nominal_patrol,standard_periodic_sampling,none,R01C04 当前风险较低，保持常规巡检,normal_autonomy,ready,normal
2026-08-03 04:00,90.5,9.6,90,R01C05,1,5,row_1,1,8.2,很低,1.00,0.0,低,healthy,observe,routine_patrol,低风险 + 低不确定性 → 常规巡检,continue_patrol,low,continue_nominal_patrol,standard_periodic_sampling,none,R01C05 当前风险较低，保持常规巡检,normal_autonomy,ready,normal
2026-08-03 05:00,109.5,9.2,90,R01C06,1,6,row_1,1,8.2,很低,1.00,0.0,低,healthy,observe,routine_patrol,低风险 + 低不确定性 → 常规巡检,continue_patrol,low,continue_nominal_patrol,standard_periodic_sampling,none,R01C06 当前风险较低，保持常规巡检,normal_autonomy,ready,normal
2026-08-03 06:00,108.7,29.0,270,R02C06,2,6,row_2,1,8.6,很低,0.99,0.0,低,healthy,observe,routine_patrol,低风险 + 低不确定性 → 常规巡检,continue_patrol,low,continue_nominal_patrol,standard_periodic_sampling,none,R02C06 当前风险较低，保持常规巡检,normal_autonomy,ready,normal
2026-08-03 07:00,88.5,29.1,270,R02C05,2,5,row_2,1,8.2,很低,1.00,0.0,低,healthy,observe,routine_patrol,低风险 + 低不确定性 → 常规巡检,continue_patrol,low,continue_nominal_patrol,standard_periodic_sampling,none,R02C05 当前风险较低，保持常规巡检,normal_autonomy,ready,normal
2026-08-03 08:00,69.1,29.3,270,R02C04,2,4,row_2,1,8.2,很低,1.00,0.0,低,healthy,observe,routine_patrol,低风险 + 低不确定性 → 常规巡检,continue_patrol,low,continue_nominal_patrol,standard_periodic_sampling,none,R02C04 当前风险较低，保持常规巡检,normal_autonomy,ready,normal
2026-08-03 09:00,50.0,29.8,270,R02C03,2,3,row_2,1,8.5,很低,0.99,0.0,低,healthy,observe,routine_patrol,低风险 + 低不确定性 → 常规巡检,continue_patrol,low,continue_nominal_patrol,standard_periodic_sampling,none,R02C03 当前风险较低，保持常规巡检,normal_autonomy,ready,normal
2026-08-03 10:00,31.0,30.3,270,R02C02,2,2,row_2,1,8.5,很低,0.99,0.0,低,healthy,observe,routine_patrol,低风险 + 低不确定性 → 常规巡检,continue_patrol,low,continue_nominal_patrol,standard_periodic_sampling,none,R02C02 当前风险较低，保持常规巡检,normal_autonomy,ready,normal
2026-08-03 11:00,11.5,30.7,270,R02C01,2,1,row_2,1,8.5,很低,0.99,0.0,低,healthy,observe,routine_patrol,低风险 + 低不确定性 → 常规巡检,continue_patrol,low,continue_nominal_patrol,standard_periodic_sampling,none,R02C01 当前风险较低，保持常规巡检,normal_autonomy,ready,normal
2026-08-03 12:00,11.3,51.0,90,R03C01,3,1,row_3,1,45.0,中,0.03,47.0,中,heat,hold,resample_before_action,中风险 + 高不确定性 → 重新采样后再决策,resample_sensors,medium,"hold_position:R03C01@(11.3,51.0); repeat_sampling_pass",resample_soil_moisture; resample_temperature; capture_context_image,none,R03C01 中风险且不确定性为中，重新采样后再决策,blocked_until_sensor_resample,queued_for_resampling,normal
2026-08-03 13:00,30.5,51.0,90,R03C02,3,2,row_3,1,45.0,中,0.07,47.0,中,drought,hold,resample_before_action,中风险 + 高不确定性 → 重新采样后再决策,resample_sensors,medium,"hold_position:R03C02@(30.5,51.0); repeat_sampling_pass",resample_soil_moisture; resample_temperature; capture_context_image,none,R03C02 中风险且不确定性为中，重新采样后再决策,blocked_until_sensor_resample,queued_for_resampling,normal
2026-08-03 14:00,49.5,50.8,90,R03C03,3,3,row_3,1,45.0,中,0.14,47.0,中,drought,hold,resample_before_action,中风险 + 高不确定性 → 重新采样后再决策,resample_sensors,medium,"hold_position:R03C03@(49.5,50.8); repeat_sampling_pass",resample_soil_moisture; resample_temperature; capture_context_image,none,R03C03 中风险且不确定性为中，重新采样后再决策,blocked_until_sensor_resample,queued_for_resampling,normal
2026-08-03 15:00,68.7,50.3,90,R03C04,3,4,row_3,1,45.0,中,0.25,47.0,中,drought,hold,resample_before_action,中风险 + 高不确定性 → 重新采样后再决策,resample_sensors,medium,"hold_position:R03C04@(68.7,50.3); repeat_sampling_pass",resample_soil_moisture; resample_temperature; capture_context_image,none,R03C04 中风险且不确定性为中，重新采样后再决策,blocked_until_sensor_resample,queued_for_resampling,normal
2026-08-03 16:00,88.5,49.9,90,R03C05,3,5,row_3,1,59.7,中,0.69,0.0,低,drought,hold,monitor_more_context,风险或不确定性处于中间状态 → 继续观察并收集更多上下文,monitor_context,normal,continue_patrol; revisit_region:R03C05,collect_next_context_window,none,R03C05 风险或不确定性处于中间状态，继续观察,no_direct_field_actuation,monitoring,normal
2026-08-03 17:00,109.1,49.4,90,R03C06,3,6,row_3,1,76.2,中高,0.92,0.0,低,drought,execute,execute_recommended_action,高风险 + 低不确定性 → 允许执行建议动作,irrigation_alert,high,continue_patrol_after_marking:R03C06,verify_soil_moisture_next_pass,send_irrigation_alert,R03C06 干旱风险可信，触发灌溉提醒,human_or_controller_confirmation_required_for_irrigation,ready,normal
2026-08-03 18:00,110.1,69.1,270,R04C06,4,6,row_4,1,71.7,中高,0.85,35.0,中,drought,hold,recheck_before_action,高风险 + 高不确定性 → 先复查，不直接执行动作,recheck_region,high,"navigate_to:R04C06@(110.1,69.1); slow_down; hold_safe_distance",capture_close_range_image; resample_environment_sensors,defer_field_actuation,R04C06 高风险但不确定性为中，先复查后再执行,blocked_until_recheck_confirms_state,queued_for_recheck,normal
2026-08-03 19:00,91.0,69.0,270,R04C05,4,5,row_4,1,69.7,中高,0.82,35.0,中,drought,hold,recheck_before_action,高风险 + 高不确定性 → 先复查，不直接执行动作,recheck_region,high,"navigate_to:R04C05@(91.0,69.0); slow_down; hold_safe_distance",capture_close_range_image; resample_environment_sensors,defer_field_actuation,R04C05 高风险但不确定性为中，先复查后再执行,blocked_until_recheck_confirms_state,queued_for_recheck,normal
2026-08-03 20:00,71.5,69.2,270,R04C04,4,4,row_4,1,70.5,中高,0.84,35.0,中,drought,hold,recheck_before_action,高风险 + 高不确定性 → 先复查，不直接执行动作,recheck_region,high,"navigate_to:R04C04@(71.5,69.2); slow_down; hold_safe_distance",capture_close_range_image; resample_environment_sensors,defer_field_actuation,R04C04 高风险但不确定性为中，先复查后再执行,blocked_until_recheck_confirms_state,queued_for_recheck,normal
2026-08-03 21:00,51.3,69.5,270,R04C03,4,3,row_4,1,66.4,中高,0.78,35.0,中,drought,hold,recheck_before_action,高风险 + 高不确定性 → 先复查，不直接执行动作,recheck_region,high,"navigate_to:R04C03@(51.3,69.5); slow_down; hold_safe_distance",capture_close_range_image; resample_environment_sensors,defer_field_actuation,R04C03 高风险但不确定性为中，先复查后再执行,blocked_until_recheck_confirms_state,queued_for_recheck,normal
2026-08-03 22:00,30.5,70.0,270,R04C02,4,2,row_4,1,65.4,中高,0.77,35.0,中,drought,hold,recheck_before_action,高风险 + 高不确定性 → 先复查，不直接执行动作,recheck_region,high,"navigate_to:R04C02@(30.5,70.0); slow_down; hold_safe_distance",capture_close_range_image; resample_environment_sensors,defer_field_actuation,R04C02 高风险但不确定性为中，先复查后再执行,blocked_until_recheck_confirms_state,queued_for_recheck,normal
2026-08-03 23:00,9.4,70.5,270,R04C01,4,1,row_4,1,66.5,中高,0.78,35.0,中,drought,hold,recheck_before_action,高风险 + 高不确定性 → 先复查，不直接执行动作,recheck_region,high,"navigate_to:R04C01@(9.4,70.5); slow_down; hold_safe_distance",capture_close_range_image; resample_environment_sensors,defer_field_actuation,R04C01 高风险但不确定性为中，先复查后再执行,blocked_until_recheck_confirms_state,queued_for_recheck,normal
2026-08-04 00:00,8.7,10.8,90,R01C01,1,1,row_1,2,66.3,中高,0.78,35.0,中,drought,hold,recheck_before_action,高风险 + 高不确定性 → 先复查，不直接执行动作,recheck_region,high,"navigate_to:R01C01@(8.7,10.8); slow_down; hold_safe_distance",capture_close_range_image; resample_environment_sensors,defer_field_actuation,R01C01 高风险但不确定性为中，先复查后再执行,blocked_until_recheck_confirms_state,queued_for_recheck,normal
2026-08-04 01:00,28.5,11.0,90,R01C02,1,2,row_1,2,66.4,中高,0.78,35.0,中,drought,hold,recheck_before_action,高风险 + 高不确定性 → 先复查，不直接执行动作,recheck_region,high,"navigate_to:R01C02@(28.5,11.0); slow_down; hold_safe_distance",capture_close_range_image; resample_environment_sensors,defer_field_actuation,R01C02 高风险但不确定性为中，先复查后再执行,blocked_until_recheck_confirms_state,queued_for_recheck,normal
2026-08-04 02:00,49.1,10.9,90,R01C03,1,3,row_1,2,66.4,中高,0.78,35.0,中,drought,hold,recheck_before_action,高风险 + 高不确定性 → 先复查，不直接执行动作,recheck_region,high,"navigate_to:R01C03@(49.1,10.9); slow_down; hold_safe_distance",capture_close_range_image; resample_environment_sensors,defer_field_actuation,R01C03 高风险但不确定性为中，先复查后再执行,blocked_until_recheck_confirms_state,queued_for_recheck,normal
2026-08-04 03:00,70.1,10.6,90,R01C04,1,4,row_1,2,66.2,中高,0.78,35.0,中,drought,hold,recheck_before_action,高风险 + 高不确定性 → 先复查，不直接执行动作,recheck_region,high,"navigate_to:R01C04@(70.1,10.6); slow_down; hold_safe_distance",capture_close_range_image; resample_environment_sensors,defer_field_actuation,R01C04 高风险但不确定性为中，先复查后再执行,blocked_until_recheck_confirms_state,queued_for_recheck,normal
2026-08-04 04:00,91.0,10.1,90,R01C05,1,5,row_1,2,67.2,中高,0.79,35.0,中,drought,hold,recheck_before_action,高风险 + 高不确定性 → 先复查，不直接执行动作,recheck_region,high,"navigate_to:R01C05@(91.0,10.1); slow_down; hold_safe_distance",capture_close_range_image; resample_environment_sensors,defer_field_actuation,R01C05 高风险但不确定性为中，先复查后再执行,blocked_until_recheck_confirms_state,queued_for_recheck,normal
2026-08-04 05:00,111.5,9.6,90,R01C06,1,6,row_1,2,67.8,中高,0.80,35.0,中,drought,hold,recheck_before_action,高风险 + 高不确定性 → 先复查，不直接执行动作,recheck_region,high,"navigate_to:R01C06@(111.5,9.6); slow_down; hold_safe_distance",capture_close_range_image; resample_environment_sensors,defer_field_actuation,R01C06 高风险但不确定性为中，先复查后再执行,blocked_until_recheck_confirms_state,queued_for_recheck,normal
2026-08-04 06:00,111.3,29.2,270,R02C06,2,6,row_2,2,67.7,中高,0.80,35.0,中,drought,hold,recheck_before_action,高风险 + 高不确定性 → 先复查，不直接执行动作,recheck_region,high,"navigate_to:R02C06@(111.3,29.2); slow_down; hold_safe_distance",capture_close_range_image; resample_environment_sensors,defer_field_actuation,R02C06 高风险但不确定性为中，先复查后再执行,blocked_until_recheck_confirms_state,queued_for_recheck,normal
2026-08-04 07:00,90.4,29.0,270,R02C05,2,5,row_2,2,67.4,中高,0.79,35.0,中,drought,hold,recheck_before_action,高风险 + 高不确定性 → 先复查，不直接执行动作,recheck_region,high,"navigate_to:R02C05@(90.4,29.0); slow_down; hold_safe_distance",capture_close_range_image; resample_environment_sensors,defer_field_actuation,R02C05 高风险但不确定性为中，先复查后再执行,blocked_until_recheck_confirms_state,queued_for_recheck,normal
2026-08-04 08:00,69.4,29.0,270,R02C04,2,4,row_2,2,78.9,中高,0.95,0.0,低,drought,execute,execute_recommended_action,高风险 + 低不确定性 → 允许执行建议动作,irrigation_alert,high,continue_patrol_after_marking:R02C04,verify_soil_moisture_next_pass,send_irrigation_alert,R02C04 干旱风险可信，触发灌溉提醒,human_or_controller_confirmation_required_for_irrigation,ready,normal
2026-08-04 09:00,48.7,29.3,270,R02C03,2,3,row_2,2,80.5,高,0.98,0.0,低,drought,execute,execute_recommended_action,高风险 + 低不确定性 → 允许执行建议动作,irrigation_alert,high,continue_patrol_after_marking:R02C03,verify_soil_moisture_next_pass,send_irrigation_alert,R02C03 干旱风险可信，触发灌溉提醒,human_or_controller_confirmation_required_for_irrigation,ready,normal
2026-08-04 10:00,28.5,29.7,270,R02C02,2,2,row_2,2,80.7,高,0.98,0.0,低,drought,execute,execute_recommended_action,高风险 + 低不确定性 → 允许执行建议动作,irrigation_alert,high,continue_patrol_after_marking:R02C02,verify_soil_moisture_next_pass,send_irrigation_alert,R02C02 干旱风险可信，触发灌溉提醒,human_or_controller_confirmation_required_for_irrigation,ready,normal
2026-08-04 11:00,9.1,30.2,270,R02C01,2,1,row_2,2,80.7,高,0.98,0.0,低,drought,execute,execute_recommended_action,高风险 + 低不确定性 → 允许执行建议动作,irrigation_alert,high,continue_patrol_after_marking:R02C01,verify_soil_moisture_next_pass,send_irrigation_alert,R02C01 干旱风险可信，触发灌溉提醒,human_or_controller_confirmation_required_for_irrigation,ready,normal
2026-08-04 12:00,10.1,50.7,90,R03C01,3,1,row_3,2,80.9,高,0.98,0.0,低,drought,execute,execute_recommended_action,高风险 + 低不确定性 → 允许执行建议动作,irrigation_alert,high,continue_patrol_after_marking:R03C01,verify_soil_moisture_next_pass,send_irrigation_alert,R03C01 干旱风险可信，触发灌溉提醒,human_or_controller_confirmation_required_for_irrigation,ready,normal
2026-08-04 13:00,31.0,50.9,90,R03C02,3,2,row_3,2,80.8,高,0.98,0.0,低,drought,execute,execute_recommended_action,高风险 + 低不确定性 → 允许执行建议动作,irrigation_alert,high,continue_patrol_after_marking:R03C02,verify_soil_moisture_next_pass,send_irrigation_alert,R03C02 干旱风险可信，触发灌溉提醒,human_or_controller_confirmation_required_for_irrigation,ready,normal
2026-08-04 14:00,51.5,51.0,90,R03C03,3,3,row_3,2,80.7,高,0.97,0.0,低,drought,execute,execute_recommended_action,高风险 + 低不确定性 → 允许执行建议动作,irrigation_alert,high,continue_patrol_after_marking:R03C03,verify_soil_moisture_next_pass,send_irrigation_alert,R03C03 干旱风险可信，触发灌溉提醒,human_or_controller_confirmation_required_for_irrigation,ready,normal
2026-08-04 15:00,71.2,50.8,90,R03C04,3,4,row_3,2,80.6,高,0.98,0.0,低,drought,execute,execute_recommended_action,高风险 + 低不确定性 → 允许执行建议动作,irrigation_alert,high,continue_patrol_after_marking:R03C04,verify_soil_moisture_next_pass,send_irrigation_alert,R03C04 干旱风险可信，触发灌溉提醒,human_or_controller_confirmation_required_for_irrigation,ready,normal
2026-08-04 16:00,90.4,50.4,90,R03C05,3,5,row_3,2,79.7,中高,0.97,0.0,低,drought,execute,execute_recommended_action,高风险 + 低不确定性 → 允许执行建议动作,irrigation_alert,high,continue_patrol_after_marking:R03C05,verify_soil_moisture_next_pass,send_irrigation_alert,R03C05 干旱风险可信，触发灌溉提醒,human_or_controller_confirmation_required_for_irrigation,ready,normal
2026-08-04 17:00,109.4,49.9,90,R03C06,3,6,row_3,2,45.0,中,0.39,47.0,中,drought,hold,resample_before_action,中风险 + 高不确定性 → 重新采样后再决策,resample_sensors,medium,"hold_position:R03C06@(109.4,49.9); repeat_sampling_pass",resample_soil_moisture; resample_temperature; capture_context_image,none,R03C06 中风险且不确定性为中，重新采样后再决策,blocked_until_sensor_resample,queued_for_resampling,normal
2026-08-04 18:00,108.6,69.5,270,R04C06,4,6,row_4,2,10.0,很低,0.97,0.0,低,healthy,observe,routine_patrol,低风险 + 低不确定性 → 常规巡检,continue_patrol,low,continue_nominal_patrol,standard_periodic_sampling,none,R04C06 当前风险较低，保持常规巡检,normal_autonomy,ready,normal
2026-08-04 19:00,88.5,69.1,270,R04C05,4,5,row_4,2,8.4,很低,0.99,0.0,低,healthy,observe,routine_patrol,低风险 + 低不确定性 → 常规巡检,continue_patrol,low,continue_nominal_patrol,standard_periodic_sampling,none,R04C05 当前风险较低，保持常规巡检,normal_autonomy,ready,normal
2026-08-04 20:00,69.1,69.0,270,R04C04,4,4,row_4,2,9.0,很低,0.99,0.0,低,healthy,observe,routine_patrol,低风险 + 低不确定性 → 常规巡检,continue_patrol,low,continue_nominal_patrol,standard_periodic_sampling,none,R04C04 当前风险较低，保持常规巡检,normal_autonomy,ready,normal
2026-08-04 21:00,50.1,69.1,270,R04C03,4,3,row_4,2,8.2,很低,1.00,0.0,低,healthy,observe,routine_patrol,低风险 + 低不确定性 → 常规巡检,continue_patrol,low,continue_nominal_patrol,standard_periodic_sampling,none,R04C03 当前风险较低，保持常规巡检,normal_autonomy,ready,normal
2026-08-04 22:00,31.1,69.5,270,R04C02,4,2,row_4,2,8.2,很低,1.00,0.0,低,healthy,observe,routine_patrol,低风险 + 低不确定性 → 常规巡检,continue_patrol,low,continue_nominal_patrol,standard_periodic_sampling,none,R04C02 当前风险较低，保持常规巡检,normal_autonomy,ready,normal
2026-08-04 23:00,11.5,69.9,270,R04C01,4,1,row_4,2,8.2,很低,1.00,0.0,低,healthy,observe,routine_patrol,低风险 + 低不确定性 → 常规巡检,continue_patrol,low,continue_nominal_patrol,standard_periodic_sampling,none,R04C01 当前风险较低，保持常规巡检,normal_autonomy,ready,normal
2026-08-05 00:00,11.2,10.4,90,R01C01,1,1,row_1,3,8.2,很低,1.00,0.0,低,healthy,observe,routine_patrol,低风险 + 低不确定性 → 常规巡检,continue_patrol,low,continue_nominal_patrol,standard_periodic_sampling,none,R01C01 当前风险较低，保持常规巡检,normal_autonomy,ready,normal
2026-08-05 01:00,30.4,10.8,90,R01C02,1,2,row_1,3,8.2,很低,1.00,0.0,低,healthy,observe,routine_patrol,低风险 + 低不确定性 → 常规巡检,continue_patrol,low,continue_nominal_patrol,standard_periodic_sampling,none,R01C02 当前风险较低，保持常规巡检,normal_autonomy,ready,normal
2026-08-05 02:00,49.4,11.0,90,R01C03,1,3,row_1,3,8.2,很低,1.00,0.0,低,healthy,observe,routine_patrol,低风险 + 低不确定性 → 常规巡检,continue_patrol,low,continue_nominal_patrol,standard_periodic_sampling,none,R01C03 当前风险较低，保持常规巡检,normal_autonomy,ready,normal
2026-08-05 03:00,68.6,10.9,90,R01C04,1,4,row_1,3,8.2,很低,1.00,0.0,低,healthy,observe,routine_patrol,低风险 + 低不确定性 → 常规巡检,continue_patrol,low,continue_nominal_patrol,standard_periodic_sampling,none,R01C04 当前风险较低，保持常规巡检,normal_autonomy,ready,normal
2026-08-05 04:00,88.6,10.6,90,R01C05,1,5,row_1,3,8.8,很低,0.99,0.0,低,healthy,observe,routine_patrol,低风险 + 低不确定性 → 常规巡检,continue_patrol,low,continue_nominal_patrol,standard_periodic_sampling,none,R01C05 当前风险较低，保持常规巡检,normal_autonomy,ready,normal
2026-08-05 05:00,109.2,10.2,90,R01C06,1,6,row_1,3,8.2,很低,1.00,0.0,低,healthy,observe,routine_patrol,低风险 + 低不确定性 → 常规巡检,continue_patrol,low,continue_nominal_patrol,standard_periodic_sampling,none,R01C06 当前风险较低，保持常规巡检,normal_autonomy,ready,normal
2026-08-05 06:00,110.2,29.7,270,R02C06,2,6,row_2,3,8.2,很低,1.00,0.0,低,healthy,observe,routine_patrol,低风险 + 低不确定性 → 常规巡检,continue_patrol,low,continue_nominal_patrol,standard_periodic_sampling,none,R02C06 当前风险较低，保持常规巡检,normal_autonomy,ready,normal
2026-08-05 07:00,91.1,29.3,270,R02C05,2,5,row_2,3,8.2,很低,1.00,0.0,低,healthy,observe,routine_patrol,低风险 + 低不确定性 → 常规巡检,continue_patrol,low,continue_nominal_patrol,standard_periodic_sampling,none,R02C05 当前风险较低，保持常规巡检,normal_autonomy,ready,normal
2026-08-05 08:00,71.5,29.0,270,R02C04,2,4,row_2,3,8.5,很低,0.99,0.0,低,healthy,observe,routine_patrol,低风险 + 低不确定性 → 常规巡检,continue_patrol,low,continue_nominal_patrol,standard_periodic_sampling,none,R02C04 当前风险较低，保持常规巡检,normal_autonomy,ready,normal
2026-08-05 09:00,51.2,29.0,270,R02C03,2,3,row_2,3,45.0,中,0.08,47.0,中,drought,hold,resample_before_action,中风险 + 高不确定性 → 重新采样后再决策,resample_sensors,medium,"hold_position:R02C03@(51.2,29.0); repeat_sampling_pass",resample_soil_moisture; resample_temperature; capture_context_image,none,R02C03 中风险且不确定性为中，重新采样后再决策,blocked_until_sensor_resample,queued_for_resampling,normal
2026-08-05 10:00,30.4,29.3,270,R02C02,2,2,row_2,3,45.0,中,0.16,47.0,中,drought,hold,resample_before_action,中风险 + 高不确定性 → 重新采样后再决策,resample_sensors,medium,"hold_position:R02C02@(30.4,29.3); repeat_sampling_pass",resample_soil_moisture; resample_temperature; capture_context_image,none,R02C02 中风险且不确定性为中，重新采样后再决策,blocked_until_sensor_resample,queued_for_resampling,normal
2026-08-05 11:00,9.3,29.7,270,R02C01,2,1,row_2,3,45.0,中,0.20,47.0,中,drought,hold,resample_before_action,中风险 + 高不确定性 → 重新采样后再决策,resample_sensors,medium,"hold_position:R02C01@(9.3,29.7); repeat_sampling_pass",resample_soil_moisture; resample_temperature; capture_context_image,none,R02C01 中风险且不确定性为中，重新采样后再决策,blocked_until_sensor_resample,queued_for_resampling,normal
2026-08-05 12:00,8.6,50.2,90,R03C01,3,1,row_3,3,45.0,中,0.25,47.0,中,drought,hold,resample_before_action,中风险 + 高不确定性 → 重新采样后再决策,resample_sensors,medium,"hold_position:R03C01@(8.6,50.2); repeat_sampling_pass",resample_soil_moisture; resample_temperature; capture_context_image,none,R03C01 中风险且不确定性为中，重新采样后再决策,blocked_until_sensor_resample,queued_for_resampling,normal
2026-08-05 13:00,28.6,50.6,90,R03C02,3,2,row_3,3,64.0,中高,0.70,0.0,低,drought,execute,execute_recommended_action,高风险 + 低不确定性 → 允许执行建议动作,irrigation_alert,high,continue_patrol_after_marking:R03C02,verify_soil_moisture_next_pass,send_irrigation_alert,R03C02 干旱风险可信，触发灌溉提醒,human_or_controller_confirmation_required_for_irrigation,ready,normal
2026-08-05 14:00,49.2,50.9,90,R03C03,3,3,row_3,3,76.6,中高,0.91,0.0,低,drought,execute,execute_recommended_action,高风险 + 低不确定性 → 允许执行建议动作,irrigation_alert,high,continue_patrol_after_marking:R03C03,verify_soil_moisture_next_pass,send_irrigation_alert,R03C03 干旱风险可信，触发灌溉提醒,human_or_controller_confirmation_required_for_irrigation,ready,normal
2026-08-05 15:00,70.2,51.0,90,R03C04,3,4,row_3,3,79.5,中高,0.94,0.0,低,drought,execute,execute_recommended_action,高风险 + 低不确定性 → 允许执行建议动作,irrigation_alert,high,continue_patrol_after_marking:R03C04,verify_soil_moisture_next_pass,send_irrigation_alert,R03C04 干旱风险可信，触发灌溉提醒,human_or_controller_confirmation_required_for_irrigation,ready,normal
2026-08-05 16:00,91.1,50.8,90,R03C05,3,5,row_3,3,80.6,高,0.97,0.0,低,drought,execute,execute_recommended_action,高风险 + 低不确定性 → 允许执行建议动作,irrigation_alert,high,continue_patrol_after_marking:R03C05,verify_soil_moisture_next_pass,send_irrigation_alert,R03C05 干旱风险可信，触发灌溉提醒,human_or_controller_confirmation_required_for_irrigation,ready,normal
2026-08-05 17:00,111.5,50.5,90,R03C06,3,6,row_3,3,80.7,高,0.98,0.0,低,drought,execute,execute_recommended_action,高风险 + 低不确定性 → 允许执行建议动作,irrigation_alert,high,continue_patrol_after_marking:R03C06,verify_soil_moisture_next_pass,send_irrigation_alert,R03C06 干旱风险可信，触发灌溉提醒,human_or_controller_confirmation_required_for_irrigation,ready,normal
2026-08-05 18:00,111.2,70.0,270,R04C06,4,6,row_4,3,75.9,中高,0.91,35.0,中,drought,hold,recheck_before_action,高风险 + 高不确定性 → 先复查，不直接执行动作,recheck_region,high,"navigate_to:R04C06@(111.2,70.0); slow_down; hold_safe_distance",capture_close_range_image; resample_environment_sensors,defer_field_actuation,R04C06 高风险但不确定性为中，先复查后再执行,blocked_until_recheck_confirms_state,queued_for_recheck,normal
2026-08-05 19:00,90.3,69.5,270,R04C05,4,5,row_4,3,79.4,中高,0.95,0.0,低,drought,execute,execute_recommended_action,高风险 + 低不确定性 → 允许执行建议动作,irrigation_alert,high,continue_patrol_after_marking:R04C05,verify_soil_moisture_next_pass,send_irrigation_alert,R04C05 干旱风险可信，触发灌溉提醒,human_or_controller_confirmation_required_for_irrigation,ready,normal
2026-08-05 20:00,69.3,69.2,270,R04C04,4,4,row_4,3,75.7,中高,0.91,35.0,中,drought,hold,recheck_before_action,高风险 + 高不确定性 → 先复查，不直接执行动作,recheck_region,high,"navigate_to:R04C04@(69.3,69.2); slow_down; hold_safe_distance",capture_close_range_image; resample_environment_sensors,defer_field_actuation,R04C04 高风险但不确定性为中，先复查后再执行,blocked_until_recheck_confirms_state,queued_for_recheck,normal
2026-08-05 21:00,48.6,69.0,270,R04C03,4,3,row_4,3,72.5,中高,0.86,35.0,中,drought,hold,recheck_before_action,高风险 + 高不确定性 → 先复查，不直接执行动作,recheck_region,high,"navigate_to:R04C03@(48.6,69.0); slow_down; hold_safe_distance",capture_close_range_image; resample_environment_sensors,defer_field_actuation,R04C03 高风险但不确定性为中，先复查后再执行,blocked_until_recheck_confirms_state,queued_for_recheck,normal
2026-08-05 22:00,28.6,69.1,270,R04C02,4,2,row_4,3,70.2,中高,0.83,35.0,中,drought,hold,recheck_before_action,高风险 + 高不确定性 → 先复查，不直接执行动作,recheck_region,high,"navigate_to:R04C02@(28.6,69.1); slow_down; hold_safe_distance",capture_close_range_image; resample_environment_sensors,defer_field_actuation,R04C02 高风险但不确定性为中，先复查后再执行,blocked_until_recheck_confirms_state,queued_for_recheck,normal
2026-08-05 23:00,9.2,69.4,270,R04C01,4,1,row_4,3,68.6,中高,0.81,35.0,中,drought,hold,recheck_before_action,高风险 + 高不确定性 → 先复查，不直接执行动作,recheck_region,high,"navigate_to:R04C01@(9.2,69.4); slow_down; hold_safe_distance",capture_close_range_image; resample_environment_sensors,defer_field_actuation,R04C01 高风险但不确定性为中，先复查后再执行,blocked_until_recheck_confirms_state,queued_for_recheck,normal
2026-08-06 00:00,10.2,9.9,90,R01C01,1,1,row_1,4,61.4,中高,0.70,35.0,中,drought,hold,recheck_before_action,高风险 + 高不确定性 → 先复查，不直接执行动作,recheck_region,high,"navigate_to:R01C01@(10.2,9.9); slow_down; hold_safe_distance",capture_close_range_image; resample_environment_sensors,defer_field_actuation,R01C01 高风险但不确定性为中，先复查后再执行,blocked_until_recheck_confirms_state,queued_for_recheck,normal
2026-08-06 01:00,31.1,10.4,90,R01C02,1,2,row_1,4,59.0,中,0.68,35.0,中,drought,hold,resample_before_action,中风险 + 高不确定性 → 重新采样后再决策,resample_sensors,medium,"hold_position:R01C02@(31.1,10.4); repeat_sampling_pass",resample_soil_moisture; resample_temperature; capture_context_image,none,R01C02 中风险且不确定性为中，重新采样后再决策,blocked_until_sensor_resample,queued_for_resampling,normal
2026-08-06 02:00,51.5,10.8,90,R01C03,1,3,row_1,4,10.6,很低,0.96,0.0,低,healthy,observe,routine_patrol,低风险 + 低不确定性 → 常规巡检,continue_patrol,low,continue_nominal_patrol,standard_periodic_sampling,none,R01C03 当前风险较低，保持常规巡检,normal_autonomy,ready,normal
2026-08-06 03:00,71.2,11.0,90,R01C04,1,4,row_1,4,8.2,很低,1.00,0.0,低,healthy,observe,routine_patrol,低风险 + 低不确定性 → 常规巡检,continue_patrol,low,continue_nominal_patrol,standard_periodic_sampling,none,R01C04 当前风险较低，保持常规巡检,normal_autonomy,ready,normal
2026-08-06 04:00,90.3,11.0,90,R01C05,1,5,row_1,4,8.2,很低,1.00,0.0,低,healthy,observe,routine_patrol,低风险 + 低不确定性 → 常规巡检,continue_patrol,low,continue_nominal_patrol,standard_periodic_sampling,none,R01C05 当前风险较低，保持常规巡检,normal_autonomy,ready,normal
2026-08-06 05:00,109.3,10.7,90,R01C06,1,6,row_1,4,8.2,很低,1.00,0.0,低,healthy,observe,routine_patrol,低风险 + 低不确定性 → 常规巡检,continue_patrol,low,continue_nominal_patrol,standard_periodic_sampling,none,R01C06 当前风险较低，保持常规巡检,normal_autonomy,ready,normal
2026-08-06 06:00,108.6,30.3,270,R02C06,2,6,row_2,4,8.2,很低,1.00,0.0,低,healthy,observe,routine_patrol,低风险 + 低不确定性 → 常规巡检,continue_patrol,low,continue_nominal_patrol,standard_periodic_sampling,none,R02C06 当前风险较低，保持常规巡检,normal_autonomy,ready,normal
2026-08-06 07:00,88.6,29.8,270,R02C05,2,5,row_2,4,45.0,中,0.07,47.0,中,drought,hold,resample_before_action,中风险 + 高不确定性 → 重新采样后再决策,resample_sensors,medium,"hold_position:R02C05@(88.6,29.8); repeat_sampling_pass",resample_soil_moisture; resample_temperature; capture_context_image,none,R02C05 中风险且不确定性为中，重新采样后再决策,blocked_until_sensor_resample,queued_for_resampling,normal
2026-08-06 08:00,69.2,29.3,270,R02C04,2,4,row_2,4,33.0,低,0.66,0.0,低,healthy,observe,routine_patrol,低风险 + 低不确定性 → 常规巡检,continue_patrol,low,continue_nominal_patrol,standard_periodic_sampling,none,R02C04 当前风险较低，保持常规巡检,normal_autonomy,ready,normal
2026-08-06 09:00,50.2,29.1,270,R02C03,2,3,row_2,4,45.0,中,0.39,47.0,中,drought,hold,resample_before_action,中风险 + 高不确定性 → 重新采样后再决策,resample_sensors,medium,"hold_position:R02C03@(50.2,29.1); repeat_sampling_pass",resample_soil_moisture; resample_temperature; capture_context_image,none,R02C03 中风险且不确定性为中，重新采样后再决策,blocked_until_sensor_resample,queued_for_resampling,normal
2026-08-06 10:00,31.1,29.0,270,R02C02,2,2,row_2,4,45.0,中,0.41,47.0,中,drought,hold,resample_before_action,中风险 + 高不确定性 → 重新采样后再决策,resample_sensors,medium,"hold_position:R02C02@(31.1,29.0); repeat_sampling_pass",resample_soil_moisture; resample_temperature; capture_context_image,none,R02C02 中风险且不确定性为中，重新采样后再决策,blocked_until_sensor_resample,queued_for_resampling,normal
2026-08-06 11:00,11.5,29.2,270,R02C01,2,1,row_2,4,69.2,中高,0.79,0.0,低,drought,execute,execute_recommended_action,高风险 + 低不确定性 → 允许执行建议动作,irrigation_alert,high,continue_patrol_after_marking:R02C01,verify_soil_moisture_next_pass,send_irrigation_alert,R02C01 干旱风险可信，触发灌溉提醒,human_or_controller_confirmation_required_for_irrigation,ready,normal
2026-08-06 12:00,11.2,49.6,90,R03C01,3,1,row_3,4,78.3,中高,0.92,0.0,低,drought,execute,execute_recommended_action,高风险 + 低不确定性 → 允许执行建议动作,irrigation_alert,high,continue_patrol_after_marking:R03C01,verify_soil_moisture_next_pass,send_irrigation_alert,R03C01 干旱风险可信，触发灌溉提醒,human_or_controller_confirmation_required_for_irrigation,ready,normal
2026-08-06 13:00,30.3,50.1,90,R03C02,3,2,row_3,4,80.4,高,0.95,0.0,低,drought,execute,execute_recommended_action,高风险 + 低不确定性 → 允许执行建议动作,irrigation_alert,high,continue_patrol_after_marking:R03C02,verify_soil_moisture_next_pass,send_irrigation_alert,R03C02 干旱风险可信，触发灌溉提醒,human_or_controller_confirmation_required_for_irrigation,ready,normal
2026-08-06 14:00,49.3,50.6,90,R03C03,3,3,row_3,4,80.5,高,0.96,0.0,低,drought,execute,execute_recommended_action,高风险 + 低不确定性 → 允许执行建议动作,irrigation_alert,high,continue_patrol_after_marking:R03C03,verify_soil_moisture_next_pass,send_irrigation_alert,R03C03 干旱风险可信，触发灌溉提醒,human_or_controller_confirmation_required_for_irrigation,ready,normal
2026-08-06 15:00,68.6,50.9,90,R03C04,3,4,row_3,4,80.6,高,0.97,0.0,低,drought,execute,execute_recommended_action,高风险 + 低不确定性 → 允许执行建议动作,irrigation_alert,high,continue_patrol_after_marking:R03C04,verify_soil_moisture_next_pass,send_irrigation_alert,R03C04 干旱风险可信，触发灌溉提醒,human_or_controller_confirmation_required_for_irrigation,ready,normal
2026-08-06 16:00,88.6,51.0,90,R03C05,3,5,row_3,4,76.4,中高,0.92,35.0,中,drought,hold,recheck_before_action,高风险 + 高不确定性 → 先复查，不直接执行动作,recheck_region,high,"navigate_to:R03C05@(88.6,51.0); slow_down; hold_safe_distance",capture_close_range_image; resample_environment_sensors,defer_field_actuation,R03C05 高风险但不确定性为中，先复查后再执行,blocked_until_recheck_confirms_state,queued_for_recheck,normal
2026-08-06 17:00,109.2,50.9,90,R03C06,3,6,row_3,4,80.3,高,0.97,0.0,低,drought,execute,execute_recommended_action,高风险 + 低不确定性 → 允许执行建议动作,irrigation_alert,high,continue_patrol_after_marking:R03C06,verify_soil_moisture_next_pass,send_irrigation_alert,R03C06 干旱风险可信，触发灌溉提醒,human_or_controller_confirmation_required_for_irrigation,ready,normal
2026-08-06 18:00,110.3,70.5,270,R04C06,4,6,row_4,4,76.2,中高,0.91,35.0,中,drought,hold,recheck_before_action,高风险 + 高不确定性 → 先复查，不直接执行动作,recheck_region,high,"navigate_to:R04C06@(110.3,70.5); slow_down; hold_safe_distance",capture_close_range_image; resample_environment_sensors,defer_field_actuation,R04C06 高风险但不确定性为中，先复查后再执行,blocked_until_recheck_confirms_state,queued_for_recheck,normal
2026-08-06 19:00,91.1,70.1,270,R04C05,4,5,row_4,4,73.5,中高,0.88,35.0,中,drought,hold,recheck_before_action,高风险 + 高不确定性 → 先复查，不直接执行动作,recheck_region,high,"navigate_to:R04C05@(91.1,70.1); slow_down; hold_safe_distance",capture_close_range_image; resample_environment_sensors,defer_field_actuation,R04C05 高风险但不确定性为中，先复查后再执行,blocked_until_recheck_confirms_state,queued_for_recheck,normal
2026-08-06 20:00,71.5,69.6,270,R04C04,4,4,row_4,4,72.3,中高,0.86,35.0,中,drought,hold,recheck_before_action,高风险 + 高不确定性 → 先复查，不直接执行动作,recheck_region,high,"navigate_to:R04C04@(71.5,69.6); slow_down; hold_safe_distance",capture_close_range_image; resample_environment_sensors,defer_field_actuation,R04C04 高风险但不确定性为中，先复查后再执行,blocked_until_recheck_confirms_state,queued_for_recheck,normal
2026-08-06 21:00,51.1,69.2,270,R04C03,4,3,row_4,4,70.0,中高,0.83,35.0,中,drought,hold,recheck_before_action,高风险 + 高不确定性 → 先复查，不直接执行动作,recheck_region,high,"navigate_to:R04C03@(51.1,69.2); slow_down; hold_safe_distance",capture_close_range_image; resample_environment_sensors,defer_field_actuation,R04C03 高风险但不确定性为中，先复查后再执行,blocked_until_recheck_confirms_state,queued_for_recheck,normal
2026-08-06 22:00,30.3,69.0,270,R04C02,4,2,row_4,4,69.2,中高,0.82,35.0,中,drought,hold,recheck_before_action,高风险 + 高不确定性 → 先复查，不直接执行动作,recheck_region,high,"navigate_to:R04C02@(30.3,69.0); slow_down; hold_safe_distance",capture_close_range_image; resample_environment_sensors,defer_field_actuation,R04C02 高风险但不确定性为中，先复查后再执行,blocked_until_recheck_confirms_state,queued_for_recheck,normal
2026-08-06 23:00,9.2,69.1,270,R04C01,4,1,row_4,4,68.8,中高,0.81,35.0,中,drought,hold,recheck_before_action,高风险 + 高不确定性 → 先复查，不直接执行动作,recheck_region,high,"navigate_to:R04C01@(9.2,69.1); slow_down; hold_safe_distance",capture_close_range_image; resample_environment_sensors,defer_field_actuation,R04C01 高风险但不确定性为中，先复查后再执行,blocked_until_recheck_confirms_state,queued_for_recheck,normal
2026-08-07 00:00,8.6,9.4,90,R01C01,1,1,row_1,5,67.7,中高,0.80,35.0,中,drought,hold,recheck_before_action,高风险 + 高不确定性 → 先复查，不直接执行动作,recheck_region,high,"navigate_to:R01C01@(8.6,9.4); slow_down; hold_safe_distance",capture_close_range_image; resample_environment_sensors,defer_field_actuation,R01C01 高风险但不确定性为中，先复查后再执行,blocked_until_recheck_confirms_state,queued_for_recheck,normal
2026-08-07 01:00,28.6,9.8,90,R01C02,1,2,row_1,5,67.0,中高,0.79,35.0,中,drought,hold,recheck_before_action,高风险 + 高不确定性 → 先复查，不直接执行动作,recheck_region,high,"navigate_to:R01C02@(28.6,9.8); slow_down; hold_safe_distance",capture_close_range_image; resample_environment_sensors,defer_field_actuation,R01C02 高风险但不确定性为中，先复查后再执行,blocked_until_recheck_confirms_state,queued_for_recheck,normal
2026-08-07 02:00,49.3,10.3,90,R01C03,1,3,row_1,5,66.2,中高,0.78,35.0,中,drought,hold,recheck_before_action,高风险 + 高不确定性 → 先复查，不直接执行动作,recheck_region,high,"navigate_to:R01C03@(49.3,10.3); slow_down; hold_safe_distance",capture_close_range_image; resample_environment_sensors,defer_field_actuation,R01C03 高风险但不确定性为中，先复查后再执行,blocked_until_recheck_confirms_state,queued_for_recheck,normal
2026-08-07 03:00,70.3,10.7,90,R01C04,1,4,row_1,5,67.2,中高,0.79,35.0,中,drought,hold,recheck_before_action,高风险 + 高不确定性 → 先复查，不直接执行动作,recheck_region,high,"navigate_to:R01C04@(70.3,10.7); slow_down; hold_safe_distance",capture_close_range_image; resample_environment_sensors,defer_field_actuation,R01C04 高风险但不确定性为中，先复查后再执行,blocked_until_recheck_confirms_state,queued_for_recheck,normal
2026-08-07 04:00,91.2,11.0,90,R01C05,1,5,row_1,5,76.6,中高,0.92,0.0,低,drought,execute,execute_recommended_action,高风险 + 低不确定性 → 允许执行建议动作,irrigation_alert,high,continue_patrol_after_marking:R01C05,verify_soil_moisture_next_pass,send_irrigation_alert,R01C05 干旱风险可信，触发灌溉提醒,human_or_controller_confirmation_required_for_irrigation,ready,normal
2026-08-07 05:00,111.5,11.0,90,R01C06,1,6,row_1,5,73.3,中高,0.87,35.0,中,drought,hold,recheck_before_action,高风险 + 高不确定性 → 先复查，不直接执行动作,recheck_region,high,"navigate_to:R01C06@(111.5,11.0); slow_down; hold_safe_distance",capture_close_range_image; resample_environment_sensors,defer_field_actuation,R01C06 高风险但不确定性为中，先复查后再执行,blocked_until_recheck_confirms_state,queued_for_recheck,normal
2026-08-07 06:00,111.1,30.7,270,R02C06,2,6,row_2,5,70.1,中高,0.83,35.0,中,drought,hold,recheck_before_action,高风险 + 高不确定性 → 先复查，不直接执行动作,recheck_region,high,"navigate_to:R02C06@(111.1,30.7); slow_down; hold_safe_distance",capture_close_range_image; resample_environment_sensors,defer_field_actuation,R02C06 高风险但不确定性为中，先复查后再执行,blocked_until_recheck_confirms_state,queued_for_recheck,normal
2026-08-07 07:00,90.2,30.3,270,R02C05,2,5,row_2,5,78.9,中高,0.96,0.0,低,drought,execute,execute_recommended_action,高风险 + 低不确定性 → 允许执行建议动作,irrigation_alert,high,continue_patrol_after_marking:R02C05,verify_soil_moisture_next_pass,send_irrigation_alert,R02C05 干旱风险可信，触发灌溉提醒,human_or_controller_confirmation_required_for_irrigation,ready,normal
2026-08-07 08:00,69.2,29.8,270,R02C04,2,4,row_2,5,80.5,高,0.98,0.0,低,drought,execute,execute_recommended_action,高风险 + 低不确定性 → 允许执行建议动作,irrigation_alert,high,continue_patrol_after_marking:R02C04,verify_soil_moisture_next_pass,send_irrigation_alert,R02C04 干旱风险可信，触发灌溉提醒,human_or_controller_confirmation_required_for_irrigation,ready,normal
2026-08-07 09:00,48.6,29.4,270,R02C03,2,3,row_2,5,80.4,高,0.96,0.0,低,drought,execute,execute_recommended_action,高风险 + 低不确定性 → 允许执行建议动作,irrigation_alert,high,continue_patrol_after_marking:R02C03,verify_soil_moisture_next_pass,send_irrigation_alert,R02C03 干旱风险可信，触发灌溉提醒,human_or_controller_confirmation_required_for_irrigation,ready,normal
2026-08-07 10:00,28.6,29.1,270,R02C02,2,2,row_2,5,80.7,高,0.98,0.0,低,drought,execute,execute_recommended_action,高风险 + 低不确定性 → 允许执行建议动作,irrigation_alert,high,continue_patrol_after_marking:R02C02,verify_soil_moisture_next_pass,send_irrigation_alert,R02C02 干旱风险可信，触发灌溉提醒,human_or_controller_confirmation_required_for_irrigation,ready,normal
2026-08-07 11:00,9.3,29.0,270,R02C01,2,1,row_2,5,80.7,高,0.97,0.0,低,drought,execute,execute_recommended_action,高风险 + 低不确定性 → 允许执行建议动作,irrigation_alert,high,continue_patrol_after_marking:R02C01,verify_soil_moisture_next_pass,send_irrigation_alert,R02C01 干旱风险可信，触发灌溉提醒,human_or_controller_confirmation_required_for_irrigation,ready,normal
2026-08-07 12:00,10.3,49.2,90,R03C01,3,1,row_3,5,80.5,高,0.96,0.0,低,drought,execute,execute_recommended_action,高风险 + 低不确定性 → 允许执行建议动作,irrigation_alert,high,continue_patrol_after_marking:R03C01,verify_soil_moisture_next_pass,send_irrigation_alert,R03C01 干旱风险可信，触发灌溉提醒,human_or_controller_confirmation_required_for_irrigation,ready,normal
2026-08-07 13:00,31.2,49.5,90,R03C02,3,2,row_3,5,80.4,高,0.96,0.0,低,drought,execute,execute_recommended_action,高风险 + 低不确定性 → 允许执行建议动作,irrigation_alert,high,continue_patrol_after_marking:R03C02,verify_soil_moisture_next_pass,send_irrigation_alert,R03C02 干旱风险可信，触发灌溉提醒,human_or_controller_confirmation_required_for_irrigation,ready,normal
2026-08-07 14:00,51.5,50.0,90,R03C03,3,3,row_3,5,80.6,高,0.98,0.0,低,drought,execute,execute_recommended_action,高风险 + 低不确定性 → 允许执行建议动作,irrigation_alert,high,continue_patrol_after_marking:R03C03,verify_soil_moisture_next_pass,send_irrigation_alert,R03C03 干旱风险可信，触发灌溉提醒,human_or_controller_confirmation_required_for_irrigation,ready,normal
2026-08-07 15:00,71.1,50.5,90,R03C04,3,4,row_3,5,80.7,高,0.98,0.0,低,drought,execute,execute_recommended_action,高风险 + 低不确定性 → 允许执行建议动作,irrigation_alert,high,continue_patrol_after_marking:R03C04,verify_soil_moisture_next_pass,send_irrigation_alert,R03C04 干旱风险可信，触发灌溉提醒,human_or_controller_confirmation_required_for_irrigation,ready,normal
2026-08-07 16:00,90.2,50.9,90,R03C05,3,5,row_3,5,80.5,高,0.98,0.0,低,drought,execute,execute_recommended_action,高风险 + 低不确定性 → 允许执行建议动作,irrigation_alert,high,continue_patrol_after_marking:R03C05,verify_soil_moisture_next_pass,send_irrigation_alert,R03C05 干旱风险可信，触发灌溉提醒,human_or_controller_confirmation_required_for_irrigation,ready,normal
2026-08-07 17:00,109.2,51.0,90,R03C06,3,6,row_3,5,80.5,高,0.98,0.0,低,drought,execute,execute_recommended_action,高风险 + 低不确定性 → 允许执行建议动作,irrigation_alert,high,continue_patrol_after_marking:R03C06,verify_soil_moisture_next_pass,send_irrigation_alert,R03C06 干旱风险可信，触发灌溉提醒,human_or_controller_confirmation_required_for_irrigation,ready,normal
2026-08-07 18:00,108.6,70.9,270,R04C06,4,6,row_4,5,74.5,中高,0.89,35.0,中,drought,hold,recheck_before_action,高风险 + 高不确定性 → 先复查，不直接执行动作,recheck_region,high,"navigate_to:R04C06@(108.6,70.9); slow_down; hold_safe_distance",capture_close_range_image; resample_environment_sensors,defer_field_actuation,R04C06 高风险但不确定性为中，先复查后再执行,blocked_until_recheck_confirms_state,queued_for_recheck,normal
2026-08-07 19:00,88.6,70.6,270,R04C05,4,5,row_4,5,72.0,中高,0.86,35.0,中,drought,hold,recheck_before_action,高风险 + 高不确定性 → 先复查，不直接执行动作,recheck_region,high,"navigate_to:R04C05@(88.6,70.6); slow_down; hold_safe_distance",capture_close_range_image; resample_environment_sensors,defer_field_actuation,R04C05 高风险但不确定性为中，先复查后再执行,blocked_until_recheck_confirms_state,queued_for_recheck,normal
2026-08-07 20:00,69.3,70.1,270,R04C04,4,4,row_4,5,69.1,中高,0.82,35.0,中,drought,hold,recheck_before_action,高风险 + 高不确定性 → 先复查，不直接执行动作,recheck_region,high,"navigate_to:R04C04@(69.3,70.1); slow_down; hold_safe_distance",capture_close_range_image; resample_environment_sensors,defer_field_actuation,R04C04 高风险但不确定性为中，先复查后再执行,blocked_until_recheck_confirms_state,queued_for_recheck,normal
2026-08-07 21:00,50.3,69.6,270,R04C03,4,3,row_4,5,68.1,中高,0.80,35.0,中,drought,hold,recheck_before_action,高风险 + 高不确定性 → 先复查，不直接执行动作,recheck_region,high,"navigate_to:R04C03@(50.3,69.6); slow_down; hold_safe_distance",capture_close_range_image; resample_environment_sensors,defer_field_actuation,R04C03 高风险但不确定性为中，先复查后再执行,blocked_until_recheck_confirms_state,queued_for_recheck,normal
2026-08-07 22:00,31.2,69.2,270,R04C02,4,2,row_4,5,68.2,中高,0.80,35.0,中,drought,hold,recheck_before_action,高风险 + 高不确定性 → 先复查，不直接执行动作,recheck_region,high,"navigate_to:R04C02@(31.2,69.2); slow_down; hold_safe_distance",capture_close_range_image; resample_environment_sensors,defer_field_actuation,R04C02 高风险但不确定性为中，先复查后再执行,blocked_until_recheck_confirms_state,queued_for_recheck,normal
2026-08-07 23:00,11.5,69.0,270,R04C01,4,1,row_4,5,64.7,中高,0.76,35.0,中,drought,hold,recheck_before_action,高风险 + 高不确定性 → 先复查，不直接执行动作,recheck_region,high,"navigate_to:R04C01@(11.5,69.0); slow_down; hold_safe_distance",capture_close_range_image; resample_environment_sensors,defer_field_actuation,R04C01 高风险但不确定性为中，先复查后再执行,blocked_until_recheck_confirms_state,queued_for_recheck,normal
2026-08-08 00:00,11.1,9.0,90,R01C01,1,1,row_1,6,16.0,很低,0.89,32.0,中,healthy,hold,monitor_more_context,风险或不确定性处于中间状态 → 继续观察并收集更多上下文,monitor_context,normal,continue_patrol; revisit_region:R01C01,collect_next_context_window,none,R01C01 风险或不确定性处于中间状态，继续观察,no_direct_field_actuation,monitoring,sensor_missing_soil_moisture
2026-08-08 01:00,30.2,9.3,90,R01C02,1,2,row_1,6,45.0,中,0.14,47.0,中,drought,hold,resample_before_action,中风险 + 高不确定性 → 重新采样后再决策,resample_sensors,medium,"hold_position:R01C02@(30.2,9.3); repeat_sampling_pass",resample_soil_moisture; resample_temperature; capture_context_image,none,R01C02 中风险且不确定性为中，重新采样后再决策,blocked_until_sensor_resample,queued_for_resampling,normal
2026-08-08 02:00,49.2,9.7,90,R01C03,1,3,row_1,6,45.0,中,0.20,47.0,中,drought,hold,resample_before_action,中风险 + 高不确定性 → 重新采样后再决策,resample_sensors,medium,"hold_position:R01C03@(49.2,9.7); repeat_sampling_pass",resample_soil_moisture; resample_temperature; capture_context_image,none,R01C03 中风险且不确定性为中，重新采样后再决策,blocked_until_sensor_resample,queued_for_resampling,normal
2026-08-08 03:00,68.6,10.2,90,R01C04,1,4,row_1,6,45.0,中,0.25,47.0,中,drought,hold,resample_before_action,中风险 + 高不确定性 → 重新采样后再决策,resample_sensors,medium,"hold_position:R01C04@(68.6,10.2); repeat_sampling_pass",resample_soil_moisture; resample_temperature; capture_context_image,none,R01C04 中风险且不确定性为中，重新采样后再决策,blocked_until_sensor_resample,queued_for_resampling,normal
2026-08-08 04:00,88.6,10.7,90,R01C05,1,5,row_1,6,45.0,中,0.29,47.0,中,drought,hold,resample_before_action,中风险 + 高不确定性 → 重新采样后再决策,resample_sensors,medium,"hold_position:R01C05@(88.6,10.7); repeat_sampling_pass",resample_soil_moisture; resample_temperature; capture_context_image,none,R01C05 中风险且不确定性为中，重新采样后再决策,blocked_until_sensor_resample,queued_for_resampling,normal
2026-08-08 05:00,109.3,10.9,90,R01C06,1,6,row_1,6,45.0,中,0.31,47.0,中,drought,hold,resample_before_action,中风险 + 高不确定性 → 重新采样后再决策,resample_sensors,medium,"hold_position:R01C06@(109.3,10.9); repeat_sampling_pass",resample_soil_moisture; resample_temperature; capture_context_image,none,R01C06 中风险且不确定性为中，重新采样后再决策,blocked_until_sensor_resample,queued_for_resampling,normal
2026-08-08 06:00,110.3,31.0,270,R02C06,2,6,row_2,6,53.2,中,0.59,0.0,低,drought,hold,monitor_more_context,风险或不确定性处于中间状态 → 继续观察并收集更多上下文,monitor_context,normal,continue_patrol; revisit_region:R02C06,collect_next_context_window,none,R02C06 风险或不确定性处于中间状态，继续观察,no_direct_field_actuation,monitoring,normal
2026-08-08 07:00,91.2,30.8,270,R02C05,2,5,row_2,6,53.1,中,0.60,35.0,中,drought,hold,resample_before_action,中风险 + 高不确定性 → 重新采样后再决策,resample_sensors,medium,"hold_position:R02C05@(91.2,30.8); repeat_sampling_pass",resample_soil_moisture; resample_temperature; capture_context_image,none,R02C05 中风险且不确定性为中，重新采样后再决策,blocked_until_sensor_resample,queued_for_resampling,normal
2026-08-08 08:00,71.5,30.4,270,R02C04,2,4,row_2,6,72.4,中高,0.87,0.0,低,drought,execute,execute_recommended_action,高风险 + 低不确定性 → 允许执行建议动作,irrigation_alert,high,continue_patrol_after_marking:R02C04,verify_soil_moisture_next_pass,send_irrigation_alert,R02C04 干旱风险可信，触发灌溉提醒,human_or_controller_confirmation_required_for_irrigation,ready,normal
2026-08-08 09:00,51.1,29.9,270,R02C03,2,3,row_2,6,78.9,中高,0.95,0.0,低,drought,execute,execute_recommended_action,高风险 + 低不确定性 → 允许执行建议动作,irrigation_alert,high,continue_patrol_after_marking:R02C03,verify_soil_moisture_next_pass,send_irrigation_alert,R02C03 干旱风险可信，触发灌溉提醒,human_or_controller_confirmation_required_for_irrigation,ready,normal
2026-08-08 10:00,30.2,29.4,270,R02C02,2,2,row_2,6,80.7,高,0.98,0.0,低,drought,execute,execute_recommended_action,高风险 + 低不确定性 → 允许执行建议动作,irrigation_alert,high,continue_patrol_after_marking:R02C02,verify_soil_moisture_next_pass,send_irrigation_alert,R02C02 干旱风险可信，触发灌溉提醒,human_or_controller_confirmation_required_for_irrigation,ready,normal
2026-08-08 11:00,9.2,29.1,270,R02C01,2,1,row_2,6,80.7,高,0.97,0.0,低,drought,execute,execute_recommended_action,高风险 + 低不确定性 → 允许执行建议动作,irrigation_alert,high,continue_patrol_after_marking:R02C01,verify_soil_moisture_next_pass,send_irrigation_alert,R02C01 干旱风险可信，触发灌溉提醒,human_or_controller_confirmation_required_for_irrigation,ready,normal
2026-08-08 12:00,8.6,49.0,90,R03C01,3,1,row_3,6,80.7,高,0.98,0.0,低,drought,execute,execute_recommended_action,高风险 + 低不确定性 → 允许执行建议动作,irrigation_alert,high,continue_patrol_after_marking:R03C01,verify_soil_moisture_next_pass,send_irrigation_alert,R03C01 干旱风险可信，触发灌溉提醒,human_or_controller_confirmation_required_for_irrigation,ready,normal
2026-08-08 13:00,28.6,49.1,90,R03C02,3,2,row_3,6,80.8,高,0.98,0.0,低,drought,execute,execute_recommended_action,高风险 + 低不确定性 → 允许执行建议动作,irrigation_alert,high,continue_patrol_after_marking:R03C02,verify_soil_moisture_next_pass,send_irrigation_alert,R03C02 干旱风险可信，触发灌溉提醒,human_or_controller_confirmation_required_for_irrigation,ready,normal
2026-08-08 14:00,49.4,49.5,90,R03C03,3,3,row_3,6,80.8,高,0.97,0.0,低,drought,execute,execute_recommended_action,高风险 + 低不确定性 → 允许执行建议动作,irrigation_alert,high,continue_patrol_after_marking:R03C03,verify_soil_moisture_next_pass,send_irrigation_alert,R03C03 干旱风险可信，触发灌溉提醒,human_or_controller_confirmation_required_for_irrigation,ready,normal
2026-08-08 15:00,70.4,50.0,90,R03C04,3,4,row_3,6,80.7,高,0.98,0.0,低,drought,execute,execute_recommended_action,高风险 + 低不确定性 → 允许执行建议动作,irrigation_alert,high,continue_patrol_after_marking:R03C04,verify_soil_moisture_next_pass,send_irrigation_alert,R03C04 干旱风险可信，触发灌溉提醒,human_or_controller_confirmation_required_for_irrigation,ready,normal
2026-08-08 16:00,91.2,50.4,90,R03C05,3,5,row_3,6,76.4,中高,0.92,35.0,中,drought,hold,recheck_before_action,高风险 + 高不确定性 → 先复查，不直接执行动作,recheck_region,high,"navigate_to:R03C05@(91.2,50.4); slow_down; hold_safe_distance",capture_close_range_image; resample_environment_sensors,defer_field_actuation,R03C05 高风险但不确定性为中，先复查后再执行,blocked_until_recheck_confirms_state,queued_for_recheck,normal
2026-08-08 17:00,111.5,50.8,90,R03C06,3,6,row_3,6,80.3,高,0.97,0.0,低,drought,execute,execute_recommended_action,高风险 + 低不确定性 → 允许执行建议动作,irrigation_alert,high,continue_patrol_after_marking:R03C06,verify_soil_moisture_next_pass,send_irrigation_alert,R03C06 干旱风险可信，触发灌溉提醒,human_or_controller_confirmation_required_for_irrigation,ready,normal
2026-08-08 18:00,111.1,71.0,270,R04C06,4,6,row_4,6,75.7,中高,0.91,35.0,中,drought,hold,recheck_before_action,高风险 + 高不确定性 → 先复查，不直接执行动作,recheck_region,high,"navigate_to:R04C06@(111.1,71.0); slow_down; hold_safe_distance",capture_close_range_image; resample_environment_sensors,defer_field_actuation,R04C06 高风险但不确定性为中，先复查后再执行,blocked_until_recheck_confirms_state,queued_for_recheck,normal
2026-08-08 19:00,90.1,70.9,270,R04C05,4,5,row_4,6,78.6,中高,0.94,0.0,低,drought,execute,execute_recommended_action,高风险 + 低不确定性 → 允许执行建议动作,irrigation_alert,high,continue_patrol_after_marking:R04C05,verify_soil_moisture_next_pass,send_irrigation_alert,R04C05 干旱风险可信，触发灌溉提醒,human_or_controller_confirmation_required_for_irrigation,ready,normal
2026-08-08 20:00,69.1,70.6,270,R04C04,4,4,row_4,6,73.4,中高,0.87,35.0,中,drought,hold,recheck_before_action,高风险 + 高不确定性 → 先复查，不直接执行动作,recheck_region,high,"navigate_to:R04C04@(69.1,70.6); slow_down; hold_safe_distance",capture_close_range_image; resample_environment_sensors,defer_field_actuation,R04C04 高风险但不确定性为中，先复查后再执行,blocked_until_recheck_confirms_state,queued_for_recheck,normal
2026-08-08 21:00,48.6,70.2,270,R04C03,4,3,row_4,6,70.1,中高,0.83,35.0,中,drought,hold,recheck_before_action,高风险 + 高不确定性 → 先复查，不直接执行动作,recheck_region,high,"navigate_to:R04C03@(48.6,70.2); slow_down; hold_safe_distance",capture_close_range_image; resample_environment_sensors,defer_field_actuation,R04C03 高风险但不确定性为中，先复查后再执行,blocked_until_recheck_confirms_state,queued_for_recheck,normal
2026-08-08 22:00,28.6,69.7,270,R04C02,4,2,row_4,6,68.0,中高,0.80,35.0,中,drought,hold,recheck_before_action,高风险 + 高不确定性 → 先复查，不直接执行动作,recheck_region,high,"navigate_to:R04C02@(28.6,69.7); slow_down; hold_safe_distance",capture_close_range_image; resample_environment_sensors,defer_field_actuation,R04C02 高风险但不确定性为中，先复查后再执行,blocked_until_recheck_confirms_state,queued_for_recheck,normal
2026-08-08 23:00,9.4,69.3,270,R04C01,4,1,row_4,6,76.5,中高,0.91,0.0,低,drought,execute,execute_recommended_action,高风险 + 低不确定性 → 允许执行建议动作,irrigation_alert,high,continue_patrol_after_marking:R04C01,verify_soil_moisture_next_pass,send_irrigation_alert,R04C01 干旱风险可信，触发灌溉提醒,human_or_controller_confirmation_required_for_irrigation,ready,normal
2026-08-09 00:00,10.4,9.0,90,R01C01,1,1,row_1,7,72.9,中高,0.87,35.0,中,drought,hold,recheck_before_action,高风险 + 高不确定性 → 先复查，不直接执行动作,recheck_region,high,"navigate_to:R01C01@(10.4,9.0); slow_down; hold_safe_distance",capture_close_range_image; resample_environment_sensors,defer_field_actuation,R01C01 高风险但不确定性为中，先复查后再执行,blocked_until_recheck_confirms_state,queued_for_recheck,normal
2026-08-09 01:00,31.2,9.0,90,R01C02,1,2,row_1,7,70.4,中高,0.83,35.0,中,drought,hold,recheck_before_action,高风险 + 高不确定性 → 先复查，不直接执行动作,recheck_region,high,"navigate_to:R01C02@(31.2,9.0); slow_down; hold_safe_distance",capture_close_range_image; resample_environment_sensors,defer_field_actuation,R01C02 高风险但不确定性为中，先复查后再执行,blocked_until_recheck_confirms_state,queued_for_recheck,normal
2026-08-09 02:00,51.5,9.3,90,R01C03,1,3,row_1,7,69.4,中高,0.82,35.0,中,drought,hold,recheck_before_action,高风险 + 高不确定性 → 先复查，不直接执行动作,recheck_region,high,"navigate_to:R01C03@(51.5,9.3); slow_down; hold_safe_distance",capture_close_range_image; resample_environment_sensors,defer_field_actuation,R01C03 高风险但不确定性为中，先复查后再执行,blocked_until_recheck_confirms_state,queued_for_recheck,normal
2026-08-09 03:00,71.0,9.7,90,R01C04,1,4,row_1,7,68.4,中高,0.81,35.0,中,drought,hold,recheck_before_action,高风险 + 高不确定性 → 先复查，不直接执行动作,recheck_region,high,"navigate_to:R01C04@(71.0,9.7); slow_down; hold_safe_distance",capture_close_range_image; resample_environment_sensors,defer_field_actuation,R01C04 高风险但不确定性为中，先复查后再执行,blocked_until_recheck_confirms_state,queued_for_recheck,normal
2026-08-09 04:00,90.1,10.2,90,R01C05,1,5,row_1,7,67.6,中高,0.80,35.0,中,drought,hold,recheck_before_action,高风险 + 高不确定性 → 先复查，不直接执行动作,recheck_region,high,"navigate_to:R01C05@(90.1,10.2); slow_down; hold_safe_distance",capture_close_range_image; resample_environment_sensors,defer_field_actuation,R01C05 高风险但不确定性为中，先复查后再执行,blocked_until_recheck_confirms_state,queued_for_recheck,normal
2026-08-09 05:00,109.1,10.6,90,R01C06,1,6,row_1,7,67.3,中高,0.79,35.0,中,drought,hold,recheck_before_action,高风险 + 高不确定性 → 先复查，不直接执行动作,recheck_region,high,"navigate_to:R01C06@(109.1,10.6); slow_down; hold_safe_distance",capture_close_range_image; resample_environment_sensors,defer_field_actuation,R01C06 高风险但不确定性为中，先复查后再执行,blocked_until_recheck_confirms_state,queued_for_recheck,normal
2026-08-09 06:00,108.5,30.9,270,R02C06,2,6,row_2,7,67.8,中高,0.80,35.0,中,drought,hold,recheck_before_action,高风险 + 高不确定性 → 先复查，不直接执行动作,recheck_region,high,"navigate_to:R02C06@(108.5,30.9); slow_down; hold_safe_distance",capture_close_range_image; resample_environment_sensors,defer_field_actuation,R02C06 高风险但不确定性为中，先复查后再执行,blocked_until_recheck_confirms_state,queued_for_recheck,normal
2026-08-09 07:00,88.7,31.0,270,R02C05,2,5,row_2,7,78.7,中高,0.95,0.0,低,drought,execute,execute_recommended_action,高风险 + 低不确定性 → 允许执行建议动作,irrigation_alert,high,continue_patrol_after_marking:R02C05,verify_soil_moisture_next_pass,send_irrigation_alert,R02C05 干旱风险可信，触发灌溉提醒,human_or_controller_confirmation_required_for_irrigation,ready,normal
2026-08-09 08:00,69.4,30.8,270,R02C04,2,4,row_2,7,74.3,中高,0.89,35.0,中,drought,hold,recheck_before_action,高风险 + 高不确定性 → 先复查，不直接执行动作,recheck_region,high,"navigate_to:R02C04@(69.4,30.8); slow_down; hold_safe_distance",capture_close_range_image; resample_environment_sensors,defer_field_actuation,R02C04 高风险但不确定性为中，先复查后再执行,blocked_until_recheck_confirms_state,queued_for_recheck,normal
2026-08-09 09:00,50.4,30.5,270,R02C03,2,3,row_2,7,79.8,中高,0.97,0.0,低,drought,execute,execute_recommended_action,高风险 + 低不确定性 → 允许执行建议动作,irrigation_alert,high,continue_patrol_after_marking:R02C03,verify_soil_moisture_next_pass,send_irrigation_alert,R02C03 干旱风险可信，触发灌溉提醒,human_or_controller_confirmation_required_for_irrigation,ready,normal
2026-08-09 10:00,31.3,30.0,270,R02C02,2,2,row_2,7,80.4,高,0.98,0.0,低,drought,execute,execute_recommended_action,高风险 + 低不确定性 → 允许执行建议动作,irrigation_alert,high,continue_patrol_after_marking:R02C02,verify_soil_moisture_next_pass,send_irrigation_alert,R02C02 干旱风险可信，触发灌溉提醒,human_or_controller_confirmation_required_for_irrigation,ready,normal
2026-08-09 11:00,11.5,29.5,270,R02C01,2,1,row_2,7,80.5,高,0.98,0.0,低,drought,execute,execute_recommended_action,高风险 + 低不确定性 → 允许执行建议动作,irrigation_alert,high,continue_patrol_after_marking:R02C01,verify_soil_moisture_next_pass,send_irrigation_alert,R02C01 干旱风险可信，触发灌溉提醒,human_or_controller_confirmation_required_for_irrigation,ready,normal
2026-08-09 12:00,11.0,49.1,90,R03C01,3,1,row_3,7,80.6,高,0.98,0.0,低,drought,execute,execute_recommended_action,高风险 + 低不确定性 → 允许执行建议动作,irrigation_alert,high,continue_patrol_after_marking:R03C01,verify_soil_moisture_next_pass,send_irrigation_alert,R03C01 干旱风险可信，触发灌溉提醒,human_or_controller_confirmation_required_for_irrigation,ready,normal
2026-08-09 13:00,30.1,49.0,90,R03C02,3,2,row_3,7,80.6,高,0.98,0.0,低,drought,execute,execute_recommended_action,高风险 + 低不确定性 → 允许执行建议动作,irrigation_alert,high,continue_patrol_after_marking:R03C02,verify_soil_moisture_next_pass,send_irrigation_alert,R03C02 干旱风险可信，触发灌溉提醒,human_or_controller_confirmation_required_for_irrigation,ready,normal
2026-08-09 14:00,49.1,49.1,90,R03C03,3,3,row_3,7,80.6,高,0.98,0.0,低,drought,execute,execute_recommended_action,高风险 + 低不确定性 → 允许执行建议动作,irrigation_alert,high,continue_patrol_after_marking:R03C03,verify_soil_moisture_next_pass,send_irrigation_alert,R03C03 干旱风险可信，触发灌溉提醒,human_or_controller_confirmation_required_for_irrigation,ready,normal
2026-08-09 15:00,68.5,49.4,90,R03C04,3,4,row_3,7,80.7,高,0.98,0.0,低,drought,execute,execute_recommended_action,高风险 + 低不确定性 → 允许执行建议动作,irrigation_alert,high,continue_patrol_after_marking:R03C04,verify_soil_moisture_next_pass,send_irrigation_alert,R03C04 干旱风险可信，触发灌溉提醒,human_or_controller_confirmation_required_for_irrigation,ready,normal
2026-08-09 16:00,88.7,49.9,90,R03C05,3,5,row_3,7,75.4,中高,0.90,35.0,中,drought,hold,recheck_before_action,高风险 + 高不确定性 → 先复查，不直接执行动作,recheck_region,high,"navigate_to:R03C05@(88.7,49.9); slow_down; hold_safe_distance",capture_close_range_image; resample_environment_sensors,defer_field_actuation,R03C05 高风险但不确定性为中，先复查后再执行,blocked_until_recheck_confirms_state,queued_for_recheck,normal
2026-08-09 17:00,109.4,50.4,90,R03C06,3,6,row_3,7,72.5,中高,0.86,35.0,中,drought,hold,recheck_before_action,高风险 + 高不确定性 → 先复查，不直接执行动作,recheck_region,high,"navigate_to:R03C06@(109.4,50.4); slow_down; hold_safe_distance",capture_close_range_image; resample_environment_sensors,defer_field_actuation,R03C06 高风险但不确定性为中，先复查后再执行,blocked_until_recheck_confirms_state,queued_for_recheck,normal
2026-08-09 18:00,110.4,70.8,270,R04C06,4,6,row_4,7,70.1,中高,0.83,35.0,中,drought,hold,recheck_before_action,高风险 + 高不确定性 → 先复查，不直接执行动作,recheck_region,high,"navigate_to:R04C06@(110.4,70.8); slow_down; hold_safe_distance",capture_close_range_image; resample_environment_sensors,defer_field_actuation,R04C06 高风险但不确定性为中，先复查后再执行,blocked_until_recheck_confirms_state,queued_for_recheck,normal
2026-08-09 19:00,91.3,71.0,270,R04C05,4,5,row_4,7,67.9,中高,0.80,35.0,中,drought,hold,recheck_before_action,高风险 + 高不确定性 → 先复查，不直接执行动作,recheck_region,high,"navigate_to:R04C05@(91.3,71.0); slow_down; hold_safe_distance",capture_close_range_image; resample_environment_sensors,defer_field_actuation,R04C05 高风险但不确定性为中，先复查后再执行,blocked_until_recheck_confirms_state,queued_for_recheck,normal
2026-08-09 20:00,71.5,70.9,270,R04C04,4,4,row_4,7,67.7,中高,0.80,35.0,中,drought,hold,recheck_before_action,高风险 + 高不确定性 → 先复查，不直接执行动作,recheck_region,high,"navigate_to:R04C04@(71.5,70.9); slow_down; hold_safe_distance",capture_close_range_image; resample_environment_sensors,defer_field_actuation,R04C04 高风险但不确定性为中，先复查后再执行,blocked_until_recheck_confirms_state,queued_for_recheck,normal
2026-08-09 21:00,51.0,70.7,270,R04C03,4,3,row_4,7,67.4,中高,0.79,35.0,中,drought,hold,recheck_before_action,高风险 + 高不确定性 → 先复查，不直接执行动作,recheck_region,high,"navigate_to:R04C03@(51.0,70.7); slow_down; hold_safe_distance",capture_close_range_image; resample_environment_sensors,defer_field_actuation,R04C03 高风险但不确定性为中，先复查后再执行,blocked_until_recheck_confirms_state,queued_for_recheck,normal
2026-08-09 22:00,30.1,70.2,270,R04C02,4,2,row_4,7,66.0,中高,0.77,35.0,中,drought,hold,recheck_before_action,高风险 + 高不确定性 → 先复查，不直接执行动作,recheck_region,high,"navigate_to:R04C02@(30.1,70.2); slow_down; hold_safe_distance",capture_close_range_image; resample_environment_sensors,defer_field_actuation,R04C02 高风险但不确定性为中，先复查后再执行,blocked_until_recheck_confirms_state,queued_for_recheck,normal
2026-08-09 23:00,9.1,69.8,270,R04C01,4,1,row_4,7,66.7,中高,0.78,35.0,中,drought,hold,recheck_before_action,高风险 + 高不确定性 → 先复查，不直接执行动作,recheck_region,high,"navigate_to:R04C01@(9.1,69.8); slow_down; hold_safe_distance",capture_close_range_image; resample_environment_sensors,defer_field_actuation,R04C01 高风险但不确定性为中，先复查后再执行,blocked_until_recheck_confirms_state,queued_for_recheck,normal
2026-08-10 00:00,8.5,9.3,90,R01C01,1,1,row_1,8,67.3,中高,0.79,35.0,中,drought,hold,recheck_before_action,高风险 + 高不确定性 → 先复查，不直接执行动作,recheck_region,high,"navigate_to:R01C01@(8.5,9.3); slow_down; hold_safe_distance",capture_close_range_image; resample_environment_sensors,defer_field_actuation,R01C01 高风险但不确定性为中，先复查后再执行,blocked_until_recheck_confirms_state,queued_for_recheck,normal
2026-08-10 01:00,28.7,9.1,90,R01C02,1,2,row_1,8,76.7,中高,0.92,0.0,低,drought,execute,execute_recommended_action,高风险 + 低不确定性 → 允许执行建议动作,irrigation_alert,high,continue_patrol_after_marking:R01C02,verify_soil_moisture_next_pass,send_irrigation_alert,R01C02 干旱风险可信，触发灌溉提醒,human_or_controller_confirmation_required_for_irrigation,ready,normal
2026-08-10 02:00,49.4,9.0,90,R01C03,1,3,row_1,8,73.0,中高,0.87,35.0,中,drought,hold,recheck_before_action,高风险 + 高不确定性 → 先复查，不直接执行动作,recheck_region,high,"navigate_to:R01C03@(49.4,9.0); slow_down; hold_safe_distance",capture_close_range_image; resample_environment_sensors,defer_field_actuation,R01C03 高风险但不确定性为中，先复查后再执行,blocked_until_recheck_confirms_state,queued_for_recheck,normal
2026-08-10 03:00,70.5,9.2,90,R01C04,1,4,row_1,8,70.7,中高,0.84,35.0,中,drought,hold,recheck_before_action,高风险 + 高不确定性 → 先复查，不直接执行动作,recheck_region,high,"navigate_to:R01C04@(70.5,9.2); slow_down; hold_safe_distance",capture_close_range_image; resample_environment_sensors,defer_field_actuation,R01C04 高风险但不确定性为中，先复查后再执行,blocked_until_recheck_confirms_state,queued_for_recheck,normal
2026-08-10 04:00,91.3,9.6,90,R01C05,1,5,row_1,8,66.0,中高,0.77,35.0,中,drought,hold,recheck_before_action,高风险 + 高不确定性 → 先复查，不直接执行动作,recheck_region,high,"navigate_to:R01C05@(91.3,9.6); slow_down; hold_safe_distance",capture_close_range_image; resample_environment_sensors,defer_field_actuation,R01C05 高风险但不确定性为中，先复查后再执行,blocked_until_recheck_confirms_state,queued_for_recheck,normal
2026-08-10 05:00,111.5,10.1,90,R01C06,1,6,row_1,8,61.5,中高,0.71,35.0,中,drought,hold,recheck_before_action,高风险 + 高不确定性 → 先复查，不直接执行动作,recheck_region,high,"navigate_to:R01C06@(111.5,10.1); slow_down; hold_safe_distance",capture_close_range_image; resample_environment_sensors,defer_field_actuation,R01C06 高风险但不确定性为中，先复查后再执行,blocked_until_recheck_confirms_state,queued_for_recheck,normal
2026-08-10 06:00,111.0,30.6,270,R02C06,2,6,row_2,8,63.4,中高,0.74,35.0,中,drought,hold,recheck_before_action,高风险 + 高不确定性 → 先复查，不直接执行动作,recheck_region,high,"navigate_to:R02C06@(111.0,30.6); slow_down; hold_safe_distance",capture_close_range_image; resample_environment_sensors,defer_field_actuation,R02C06 高风险但不确定性为中，先复查后再执行,blocked_until_recheck_confirms_state,queued_for_recheck,normal
2026-08-10 07:00,90.0,30.9,270,R02C05,2,5,row_2,8,75.2,中高,0.90,0.0,低,drought,execute,execute_recommended_action,高风险 + 低不确定性 → 允许执行建议动作,irrigation_alert,high,continue_patrol_after_marking:R02C05,verify_soil_moisture_next_pass,send_irrigation_alert,R02C05 干旱风险可信，触发灌溉提醒,human_or_controller_confirmation_required_for_irrigation,ready,normal
2026-08-10 08:00,69.1,31.0,270,R02C04,2,4,row_2,8,72.2,中高,0.86,35.0,中,drought,hold,recheck_before_action,高风险 + 高不确定性 → 先复查，不直接执行动作,recheck_region,high,"navigate_to:R02C04@(69.1,31.0); slow_down; hold_safe_distance",capture_close_range_image; resample_environment_sensors,defer_field_actuation,R02C04 高风险但不确定性为中，先复查后再执行,blocked_until_recheck_confirms_state,queued_for_recheck,normal
2026-08-10 09:00,48.5,30.9,270,R02C03,2,3,row_2,8,79.3,中高,0.96,0.0,低,drought,execute,execute_recommended_action,高风险 + 低不确定性 → 允许执行建议动作,irrigation_alert,high,continue_patrol_after_marking:R02C03,verify_soil_moisture_next_pass,send_irrigation_alert,R02C03 干旱风险可信，触发灌溉提醒,human_or_controller_confirmation_required_for_irrigation,ready,normal
2026-08-10 10:00,28.7,30.5,270,R02C02,2,2,row_2,8,80.4,高,0.98,0.0,低,drought,execute,execute_recommended_action,高风险 + 低不确定性 → 允许执行建议动作,irrigation_alert,high,continue_patrol_after_marking:R02C02,verify_soil_moisture_next_pass,send_irrigation_alert,R02C02 干旱风险可信，触发灌溉提醒,human_or_controller_confirmation_required_for_irrigation,ready,normal
2026-08-10 11:00,9.5,30.0,270,R02C01,2,1,row_2,8,80.6,高,0.98,0.0,低,drought,execute,execute_recommended_action,高风险 + 低不确定性 → 允许执行建议动作,irrigation_alert,high,continue_patrol_after_marking:R02C01,verify_soil_moisture_next_pass,send_irrigation_alert,R02C01 干旱风险可信，触发灌溉提醒,human_or_controller_confirmation_required_for_irrigation,ready,normal
2026-08-10 12:00,10.5,49.6,90,R03C01,3,1,row_3,8,79.9,中高,0.97,0.0,低,drought,execute,execute_recommended_action,高风险 + 低不确定性 → 允许执行建议动作,irrigation_alert,high,continue_patrol_after_marking:R03C01,verify_soil_moisture_next_pass,send_irrigation_alert,R03C01 干旱风险可信，触发灌溉提醒,human_or_controller_confirmation_required_for_irrigation,ready,normal
2026-08-10 13:00,31.3,49.2,90,R03C02,3,2,row_3,8,72.4,中高,0.86,35.0,中,drought,hold,recheck_before_action,高风险 + 高不确定性 → 先复查，不直接执行动作,recheck_region,high,"navigate_to:R03C02@(31.3,49.2); slow_down; hold_safe_distance",capture_close_range_image; resample_environment_sensors,defer_field_actuation,R03C02 高风险但不确定性为中，先复查后再执行,blocked_until_recheck_confirms_state,queued_for_recheck,normal
2026-08-10 14:00,51.5,49.0,90,R03C03,3,3,row_3,8,67.7,中高,0.80,35.0,中,drought,hold,recheck_before_action,高风险 + 高不确定性 → 先复查，不直接执行动作,recheck_region,high,"navigate_to:R03C03@(51.5,49.0); slow_down; hold_safe_distance",capture_close_range_image; resample_environment_sensors,defer_field_actuation,R03C03 高风险但不确定性为中，先复查后再执行,blocked_until_recheck_confirms_state,queued_for_recheck,normal
2026-08-10 15:00,71.0,49.1,90,R03C04,3,4,row_3,8,62.7,中高,0.73,35.0,中,drought,hold,recheck_before_action,高风险 + 高不确定性 → 先复查，不直接执行动作,recheck_region,high,"navigate_to:R03C04@(71.0,49.1); slow_down; hold_safe_distance",capture_close_range_image; resample_environment_sensors,defer_field_actuation,R03C04 高风险但不确定性为中，先复查后再执行,blocked_until_recheck_confirms_state,queued_for_recheck,normal
2026-08-10 16:00,90.0,49.4,90,R03C05,3,5,row_3,8,59.9,中,0.69,35.0,中,drought,hold,resample_before_action,中风险 + 高不确定性 → 重新采样后再决策,resample_sensors,medium,"hold_position:R03C05@(90.0,49.4); repeat_sampling_pass",resample_soil_moisture; resample_temperature; capture_context_image,none,R03C05 中风险且不确定性为中，重新采样后再决策,blocked_until_sensor_resample,queued_for_resampling,normal
2026-08-10 17:00,109.0,49.8,90,R03C06,3,6,row_3,8,35.4,低,0.60,0.0,低,healthy,observe,routine_patrol,低风险 + 低不确定性 → 常规巡检,continue_patrol,low,continue_nominal_patrol,standard_periodic_sampling,none,R03C06 当前风险较低，保持常规巡检,normal_autonomy,ready,normal
2026-08-10 18:00,108.5,70.3,270,R04C06,4,6,row_4,8,9.0,很低,0.99,0.0,低,healthy,observe,routine_patrol,低风险 + 低不确定性 → 常规巡检,continue_patrol,low,continue_nominal_patrol,standard_periodic_sampling,none,R04C06 当前风险较低，保持常规巡检,normal_autonomy,ready,normal
2026-08-10 19:00,88.7,70.7,270,R04C05,4,5,row_4,8,8.2,很低,1.00,0.0,低,healthy,observe,routine_patrol,低风险 + 低不确定性 → 常规巡检,continue_patrol,low,continue_nominal_patrol,standard_periodic_sampling,none,R04C05 当前风险较低，保持常规巡检,normal_autonomy,ready,normal
2026-08-10 20:00,69.5,71.0,270,R04C04,4,4,row_4,8,8.2,很低,1.00,0.0,低,healthy,observe,routine_patrol,低风险 + 低不确定性 → 常规巡检,continue_patrol,low,continue_nominal_patrol,standard_periodic_sampling,none,R04C04 当前风险较低，保持常规巡检,normal_autonomy,ready,normal
2026-08-10 21:00,50.5,71.0,270,R04C03,4,3,row_4,8,8.2,很低,1.00,0.0,低,healthy,observe,routine_patrol,低风险 + 低不确定性 → 常规巡检,continue_patrol,low,continue_nominal_patrol,standard_periodic_sampling,none,R04C03 当前风险较低，保持常规巡检,normal_autonomy,ready,normal
2026-08-10 22:00,31.3,70.7,270,R04C02,4,2,row_4,8,8.2,很低,1.00,0.0,低,healthy,observe,routine_patrol,低风险 + 低不确定性 → 常规巡检,continue_patrol,low,continue_nominal_patrol,standard_periodic_sampling,none,R04C02 当前风险较低，保持常规巡检,normal_autonomy,ready,normal
2026-08-10 23:00,11.5,70.3,270,R04C01,4,1,row_4,8,8.7,很低,0.99,0.0,低,healthy,observe,routine_patrol,低风险 + 低不确定性 → 常规巡检,continue_patrol,low,continue_nominal_patrol,standard_periodic_sampling,none,R04C01 当前风险较低，保持常规巡检,normal_autonomy,ready,normal
2026-08-11 00:00,11.0,9.8,90,R01C01,1,1,row_1,9,8.2,很低,1.00,0.0,低,healthy,observe,routine_patrol,低风险 + 低不确定性 → 常规巡检,continue_patrol,low,continue_nominal_patrol,standard_periodic_sampling,none,R01C01 当前风险较低，保持常规巡检,normal_autonomy,ready,normal
2026-08-11 01:00,30.0,9.4,90,R01C02,1,2,row_1,9,8.2,很低,1.00,0.0,低,healthy,observe,routine_patrol,低风险 + 低不确定性 → 常规巡检,continue_patrol,low,continue_nominal_patrol,standard_periodic_sampling,none,R01C02 当前风险较低，保持常规巡检,normal_autonomy,ready,normal
2026-08-11 02:00,49.0,9.1,90,R01C03,1,3,row_1,9,8.2,很低,1.00,0.0,低,healthy,observe,routine_patrol,低风险 + 低不确定性 → 常规巡检,continue_patrol,low,continue_nominal_patrol,standard_periodic_sampling,none,R01C03 当前风险较低，保持常规巡检,normal_autonomy,ready,normal
2026-08-11 03:00,68.5,9.0,90,R01C04,1,4,row_1,9,8.2,很低,1.00,0.0,低,healthy,observe,routine_patrol,低风险 + 低不确定性 → 常规巡检,continue_patrol,low,continue_nominal_patrol,standard_periodic_sampling,none,R01C04 当前风险较低，保持常规巡检,normal_autonomy,ready,normal
2026-08-11 04:00,88.7,9.2,90,R01C05,1,5,row_1,9,8.2,很低,1.00,0.0,低,healthy,observe,routine_patrol,低风险 + 低不确定性 → 常规巡检,continue_patrol,low,continue_nominal_patrol,standard_periodic_sampling,none,R01C05 当前风险较低，保持常规巡检,normal_autonomy,ready,normal
2026-08-11 05:00,109.5,9.6,90,R01C06,1,6,row_1,9,8.2,很低,1.00,0.0,低,healthy,observe,routine_patrol,低风险 + 低不确定性 → 常规巡检,continue_patrol,low,continue_nominal_patrol,standard_periodic_sampling,none,R01C06 当前风险较低，保持常规巡检,normal_autonomy,ready,normal
2026-08-11 06:00,110.5,30.0,270,R02C06,2,6,row_2,9,8.2,很低,1.00,0.0,低,healthy,observe,routine_patrol,低风险 + 低不确定性 → 常规巡检,continue_patrol,low,continue_nominal_patrol,standard_periodic_sampling,none,R02C06 当前风险较低，保持常规巡检,normal_autonomy,ready,normal
2026-08-11 07:00,91.3,30.5,270,R02C05,2,5,row_2,9,8.2,很低,1.00,0.0,低,healthy,observe,routine_patrol,低风险 + 低不确定性 → 常规巡检,continue_patrol,low,continue_nominal_patrol,standard_periodic_sampling,none,R02C05 当前风险较低，保持常规巡检,normal_autonomy,ready,normal
2026-08-11 08:00,71.5,30.9,270,R02C04,2,4,row_2,9,8.2,很低,1.00,0.0,低,healthy,observe,routine_patrol,低风险 + 低不确定性 → 常规巡检,continue_patrol,low,continue_nominal_patrol,standard_periodic_sampling,none,R02C04 当前风险较低，保持常规巡检,normal_autonomy,ready,normal
2026-08-11 09:00,50.9,31.0,270,R02C03,2,3,row_2,9,8.2,很低,1.00,0.0,低,healthy,observe,routine_patrol,低风险 + 低不确定性 → 常规巡检,continue_patrol,low,continue_nominal_patrol,standard_periodic_sampling,none,R02C03 当前风险较低，保持常规巡检,normal_autonomy,ready,normal
2026-08-11 10:00,30.0,30.9,270,R02C02,2,2,row_2,9,9.0,很低,0.99,44.0,中,healthy,hold,monitor_more_context,风险或不确定性处于中间状态 → 继续观察并收集更多上下文,monitor_context,normal,continue_patrol; revisit_region:R02C02,collect_next_context_window,none,R02C02 风险或不确定性处于中间状态，继续观察,no_direct_field_actuation,monitoring,normal
2026-08-11 11:00,9.0,30.6,270,R02C01,2,1,row_2,9,8.5,很低,0.99,0.0,低,healthy,observe,routine_patrol,低风险 + 低不确定性 → 常规巡检,continue_patrol,low,continue_nominal_patrol,standard_periodic_sampling,none,R02C01 当前风险较低，保持常规巡检,normal_autonomy,ready,normal
2026-08-11 12:00,8.5,50.1,90,R03C01,3,1,row_3,9,45.0,中,0.08,47.0,中,drought,hold,resample_before_action,中风险 + 高不确定性 → 重新采样后再决策,resample_sensors,medium,"hold_position:R03C01@(8.5,50.1); repeat_sampling_pass",resample_soil_moisture; resample_temperature; capture_context_image,none,R03C01 中风险且不确定性为中，重新采样后再决策,blocked_until_sensor_resample,queued_for_resampling,normal
2026-08-11 13:00,28.7,49.6,90,R03C02,3,2,row_3,9,45.0,中,0.16,47.0,中,drought,hold,resample_before_action,中风险 + 高不确定性 → 重新采样后再决策,resample_sensors,medium,"hold_position:R03C02@(28.7,49.6); repeat_sampling_pass",resample_soil_moisture; resample_temperature; capture_context_image,none,R03C02 中风险且不确定性为中，重新采样后再决策,blocked_until_sensor_resample,queued_for_resampling,normal
2026-08-11 14:00,49.5,49.2,90,R03C03,3,3,row_3,9,45.0,中,0.24,47.0,中,drought,hold,resample_before_action,中风险 + 高不确定性 → 重新采样后再决策,resample_sensors,medium,"hold_position:R03C03@(49.5,49.2); repeat_sampling_pass",resample_soil_moisture; resample_temperature; capture_context_image,none,R03C03 中风险且不确定性为中，重新采样后再决策,blocked_until_sensor_resample,queued_for_resampling,normal
2026-08-11 15:00,70.6,49.0,90,R03C04,3,4,row_3,9,45.0,中,0.35,47.0,中,drought,hold,resample_before_action,中风险 + 高不确定性 → 重新采样后再决策,resample_sensors,medium,"hold_position:R03C04@(70.6,49.0); repeat_sampling_pass",resample_soil_moisture; resample_temperature; capture_context_image,none,R03C04 中风险且不确定性为中，重新采样后再决策,blocked_until_sensor_resample,queued_for_resampling,normal
2026-08-11 16:00,91.3,49.1,90,R03C05,3,5,row_3,9,45.0,中,0.05,47.0,中,drought,hold,resample_before_action,中风险 + 高不确定性 → 重新采样后再决策,resample_sensors,medium,"hold_position:R03C05@(91.3,49.1); repeat_sampling_pass",resample_soil_moisture; resample_temperature; capture_context_image,none,R03C05 中风险且不确定性为中，重新采样后再决策,blocked_until_sensor_resample,queued_for_resampling,normal
2026-08-11 17:00,111.5,49.3,90,R03C06,3,6,row_3,9,9.0,很低,0.98,0.0,低,healthy,observe,routine_patrol,低风险 + 低不确定性 → 常规巡检,continue_patrol,low,continue_nominal_patrol,standard_periodic_sampling,none,R03C06 当前风险较低，保持常规巡检,normal_autonomy,ready,normal
2026-08-11 18:00,110.9,69.8,270,R04C06,4,6,row_4,9,45.0,中,0.02,47.0,中,waterlogging,hold,resample_before_action,中风险 + 高不确定性 → 重新采样后再决策,resample_sensors,medium,"hold_position:R04C06@(110.9,69.8); repeat_sampling_pass",resample_soil_moisture; resample_temperature; capture_context_image,none,R04C06 中风险且不确定性为中，重新采样后再决策,blocked_until_sensor_resample,queued_for_resampling,normal
2026-08-11 19:00,89.9,70.3,270,R04C05,4,5,row_4,9,8.2,很低,1.00,0.0,低,healthy,observe,routine_patrol,低风险 + 低不确定性 → 常规巡检,continue_patrol,low,continue_nominal_patrol,standard_periodic_sampling,none,R04C05 当前风险较低，保持常规巡检,normal_autonomy,ready,normal
2026-08-11 20:00,69.0,70.7,270,R04C04,4,4,row_4,9,8.2,很低,1.00,0.0,低,healthy,observe,routine_patrol,低风险 + 低不确定性 → 常规巡检,continue_patrol,low,continue_nominal_patrol,standard_periodic_sampling,none,R04C04 当前风险较低，保持常规巡检,normal_autonomy,ready,normal
2026-08-11 21:00,48.5,71.0,270,R04C03,4,3,row_4,9,8.2,很低,1.00,0.0,低,healthy,observe,routine_patrol,低风险 + 低不确定性 → 常规巡检,continue_patrol,low,continue_nominal_patrol,standard_periodic_sampling,none,R04C03 当前风险较低，保持常规巡检,normal_autonomy,ready,normal
2026-08-11 22:00,28.7,71.0,270,R04C02,4,2,row_4,9,8.2,很低,1.00,0.0,低,healthy,observe,routine_patrol,低风险 + 低不确定性 → 常规巡检,continue_patrol,low,continue_nominal_patrol,standard_periodic_sampling,none,R04C02 当前风险较低，保持常规巡检,normal_autonomy,ready,normal
2026-08-11 23:00,9.6,70.8,270,R04C01,4,1,row_4,9,8.8,很低,0.99,0.0,低,healthy,observe,routine_patrol,低风险 + 低不确定性 → 常规巡检,continue_patrol,low,continue_nominal_patrol,standard_periodic_sampling,none,R04C01 当前风险较低，保持常规巡检,normal_autonomy,ready,normal
2026-08-12 00:00,10.6,10.4,90,R01C01,1,1,row_1,10,8.2,很低,1.00,0.0,低,healthy,observe,routine_patrol,低风险 + 低不确定性 → 常规巡检,continue_patrol,low,continue_nominal_patrol,standard_periodic_sampling,none,R01C01 当前风险较低，保持常规巡检,normal_autonomy,ready,normal
2026-08-12 01:00,31.3,9.9,90,R01C02,1,2,row_1,10,8.2,很低,1.00,0.0,低,healthy,observe,routine_patrol,低风险 + 低不确定性 → 常规巡检,continue_patrol,low,continue_nominal_patrol,standard_periodic_sampling,none,R01C02 当前风险较低，保持常规巡检,normal_autonomy,ready,normal
2026-08-12 02:00,51.5,9.4,90,R01C03,1,3,row_1,10,8.2,很低,1.00,0.0,低,healthy,observe,routine_patrol,低风险 + 低不确定性 → 常规巡检,continue_patrol,low,continue_nominal_patrol,standard_periodic_sampling,none,R01C03 当前风险较低，保持常规巡检,normal_autonomy,ready,normal
2026-08-12 03:00,70.9,9.1,90,R01C04,1,4,row_1,10,8.2,很低,1.00,0.0,低,healthy,observe,routine_patrol,低风险 + 低不确定性 → 常规巡检,continue_patrol,low,continue_nominal_patrol,standard_periodic_sampling,none,R01C04 当前风险较低，保持常规巡检,normal_autonomy,ready,normal
2026-08-12 04:00,89.9,9.0,90,R01C05,1,5,row_1,10,8.2,很低,1.00,0.0,低,healthy,observe,routine_patrol,低风险 + 低不确定性 → 常规巡检,continue_patrol,low,continue_nominal_patrol,standard_periodic_sampling,none,R01C05 当前风险较低，保持常规巡检,normal_autonomy,ready,normal
2026-08-12 05:00,109.0,9.1,90,R01C06,1,6,row_1,10,8.2,很低,1.00,0.0,低,healthy,observe,routine_patrol,低风险 + 低不确定性 → 常规巡检,continue_patrol,low,continue_nominal_patrol,standard_periodic_sampling,none,R01C06 当前风险较低，保持常规巡检,normal_autonomy,ready,normal
2026-08-12 06:00,108.5,29.5,270,R02C06,2,6,row_2,10,8.2,很低,1.00,0.0,低,healthy,observe,routine_patrol,低风险 + 低不确定性 → 常规巡检,continue_patrol,low,continue_nominal_patrol,standard_periodic_sampling,none,R02C06 当前风险较低，保持常规巡检,normal_autonomy,ready,normal
2026-08-12 07:00,88.8,30.0,270,R02C05,2,5,row_2,10,8.2,很低,1.00,0.0,低,healthy,observe,routine_patrol,低风险 + 低不确定性 → 常规巡检,continue_patrol,low,continue_nominal_patrol,standard_periodic_sampling,none,R02C05 当前风险较低，保持常规巡检,normal_autonomy,ready,normal
2026-08-12 08:00,69.6,30.5,270,R02C04,2,4,row_2,10,8.2,很低,1.00,0.0,低,healthy,observe,routine_patrol,低风险 + 低不确定性 → 常规巡检,continue_patrol,low,continue_nominal_patrol,standard_periodic_sampling,none,R02C04 当前风险较低，保持常规巡检,normal_autonomy,ready,normal
2026-08-12 09:00,50.6,30.8,270,R02C03,2,3,row_2,10,8.2,很低,1.00,0.0,低,healthy,observe,routine_patrol,低风险 + 低不确定性 → 常规巡检,continue_patrol,low,continue_nominal_patrol,standard_periodic_sampling,none,R02C03 当前风险较低，保持常规巡检,normal_autonomy,ready,normal
2026-08-12 10:00,31.4,31.0,270,R02C02,2,2,row_2,10,8.8,很低,0.99,0.0,低,healthy,observe,routine_patrol,低风险 + 低不确定性 → 常规巡检,continue_patrol,low,continue_nominal_patrol,standard_periodic_sampling,none,R02C02 当前风险较低，保持常规巡检,normal_autonomy,ready,normal
2026-08-12 11:00,11.5,30.9,270,R02C01,2,1,row_2,10,8.5,很低,0.99,0.0,低,healthy,observe,routine_patrol,低风险 + 低不确定性 → 常规巡检,continue_patrol,low,continue_nominal_patrol,standard_periodic_sampling,none,R02C01 当前风险较低，保持常规巡检,normal_autonomy,ready,normal
2026-08-12 12:00,10.9,50.6,90,R03C01,3,1,row_3,10,8.5,很低,0.99,0.0,低,healthy,observe,routine_patrol,低风险 + 低不确定性 → 常规巡检,continue_patrol,low,continue_nominal_patrol,standard_periodic_sampling,none,R03C01 当前风险较低，保持常规巡检,normal_autonomy,ready,normal
2026-08-12 13:00,29.9,50.2,90,R03C02,3,2,row_3,10,8.5,很低,0.99,0.0,低,healthy,observe,routine_patrol,低风险 + 低不确定性 → 常规巡检,continue_patrol,low,continue_nominal_patrol,standard_periodic_sampling,none,R03C02 当前风险较低，保持常规巡检,normal_autonomy,ready,normal
2026-08-12 14:00,48.9,49.7,90,R03C03,3,3,row_3,10,8.5,很低,0.99,0.0,低,healthy,observe,routine_patrol,低风险 + 低不确定性 → 常规巡检,continue_patrol,low,continue_nominal_patrol,standard_periodic_sampling,none,R03C03 当前风险较低，保持常规巡检,normal_autonomy,ready,normal
2026-08-12 15:00,68.5,49.3,90,R03C04,3,4,row_3,10,8.5,很低,0.99,0.0,低,healthy,observe,routine_patrol,低风险 + 低不确定性 → 常规巡检,continue_patrol,low,continue_nominal_patrol,standard_periodic_sampling,none,R03C04 当前风险较低，保持常规巡检,normal_autonomy,ready,normal
2026-08-12 16:00,88.8,49.0,90,R03C05,3,5,row_3,10,9.2,很低,0.98,0.0,低,healthy,observe,routine_patrol,低风险 + 低不确定性 → 常规巡检,continue_patrol,low,continue_nominal_patrol,standard_periodic_sampling,none,R03C05 当前风险较低，保持常规巡检,normal_autonomy,ready,normal
2026-08-12 17:00,109.6,49.0,90,R03C06,3,6,row_3,10,9.2,很低,0.98,0.0,低,healthy,observe,routine_patrol,低风险 + 低不确定性 → 常规巡检,continue_patrol,low,continue_nominal_patrol,standard_periodic_sampling,none,R03C06 当前风险较低，保持常规巡检,normal_autonomy,ready,normal
2026-08-12 18:00,110.6,69.3,270,R04C06,4,6,row_4,10,8.6,很低,0.99,0.0,低,healthy,observe,routine_patrol,低风险 + 低不确定性 → 常规巡检,continue_patrol,low,continue_nominal_patrol,standard_periodic_sampling,none,R04C06 当前风险较低，保持常规巡检,normal_autonomy,ready,normal
2026-08-12 19:00,91.4,69.7,270,R04C05,4,5,row_4,10,8.5,很低,0.99,0.0,低,healthy,observe,routine_patrol,低风险 + 低不确定性 → 常规巡检,continue_patrol,low,continue_nominal_patrol,standard_periodic_sampling,none,R04C05 当前风险较低，保持常规巡检,normal_autonomy,ready,normal
2026-08-12 20:00,71.4,70.2,270,R04C04,4,4,row_4,10,8.2,很低,1.00,0.0,低,healthy,observe,routine_patrol,低风险 + 低不确定性 → 常规巡检,continue_patrol,low,continue_nominal_patrol,standard_periodic_sampling,none,R04C04 当前风险较低，保持常规巡检,normal_autonomy,ready,normal
2026-08-12 21:00,50.9,70.6,270,R04C03,4,3,row_4,10,8.2,很低,1.00,0.0,低,healthy,observe,routine_patrol,低风险 + 低不确定性 → 常规巡检,continue_patrol,low,continue_nominal_patrol,standard_periodic_sampling,none,R04C03 当前风险较低，保持常规巡检,normal_autonomy,ready,normal
2026-08-12 22:00,29.9,70.9,270,R04C02,4,2,row_4,10,8.2,很低,1.00,0.0,低,healthy,observe,routine_patrol,低风险 + 低不确定性 → 常规巡检,continue_patrol,low,continue_nominal_patrol,standard_periodic_sampling,none,R04C02 当前风险较低，保持常规巡检,normal_autonomy,ready,normal
2026-08-12 23:00,8.9,71.0,270,R04C01,4,1,row_4,10,8.2,很低,1.00,0.0,低,healthy,observe,routine_patrol,低风险 + 低不确定性 → 常规巡检,continue_patrol,low,continue_nominal_patrol,standard_periodic_sampling,none,R04C01 当前风险较低，保持常规巡检,normal_autonomy,ready,normal
2026-08-13 00:00,8.5,10.8,90,R01C01,1,1,row_1,11,8.2,很低,1.00,0.0,低,healthy,observe,routine_patrol,低风险 + 低不确定性 → 常规巡检,continue_patrol,low,continue_nominal_patrol,standard_periodic_sampling,none,R01C01 当前风险较低，保持常规巡检,normal_autonomy,ready,normal
2026-08-13 01:00,28.8,10.4,90,R01C02,1,2,row_1,11,8.2,很低,1.00,0.0,低,healthy,observe,routine_patrol,低风险 + 低不确定性 → 常规巡检,continue_patrol,low,continue_nominal_patrol,standard_periodic_sampling,none,R01C02 当前风险较低，保持常规巡检,normal_autonomy,ready,normal
2026-08-13 02:00,49.6,10.0,90,R01C03,1,3,row_1,11,8.2,很低,1.00,0.0,低,healthy,observe,routine_patrol,低风险 + 低不确定性 → 常规巡检,continue_patrol,low,continue_nominal_patrol,standard_periodic_sampling,none,R01C03 当前风险较低，保持常规巡检,normal_autonomy,ready,normal
2026-08-13 03:00,70.7,9.5,90,R01C04,1,4,row_1,11,8.2,很低,1.00,0.0,低,healthy,observe,routine_patrol,低风险 + 低不确定性 → 常规巡检,continue_patrol,low,continue_nominal_patrol,standard_periodic_sampling,none,R01C04 当前风险较低，保持常规巡检,normal_autonomy,ready,normal
2026-08-13 04:00,91.4,9.1,90,R01C05,1,5,row_1,11,8.2,很低,1.00,0.0,低,healthy,observe,routine_patrol,低风险 + 低不确定性 → 常规巡检,continue_patrol,low,continue_nominal_patrol,standard_periodic_sampling,none,R01C05 当前风险较低，保持常规巡检,normal_autonomy,ready,normal
2026-08-13 05:00,111.4,9.0,90,R01C06,1,6,row_1,11,8.2,很低,1.00,0.0,低,healthy,observe,routine_patrol,低风险 + 低不确定性 → 常规巡检,continue_patrol,low,continue_nominal_patrol,standard_periodic_sampling,none,R01C06 当前风险较低，保持常规巡检,normal_autonomy,ready,normal
2026-08-13 06:00,110.8,29.1,270,R02C06,2,6,row_2,11,8.8,很低,0.99,0.0,低,healthy,observe,routine_patrol,低风险 + 低不确定性 → 常规巡检,continue_patrol,low,continue_nominal_patrol,standard_periodic_sampling,none,R02C06 当前风险较低，保持常规巡检,normal_autonomy,ready,normal
2026-08-13 07:00,89.8,29.4,270,R02C05,2,5,row_2,11,8.2,很低,1.00,0.0,低,healthy,observe,routine_patrol,低风险 + 低不确定性 → 常规巡检,continue_patrol,low,continue_nominal_patrol,standard_periodic_sampling,none,R02C05 当前风险较低，保持常规巡检,normal_autonomy,ready,normal
2026-08-13 08:00,68.9,29.9,270,R02C04,2,4,row_2,11,8.2,很低,1.00,0.0,低,healthy,observe,routine_patrol,低风险 + 低不确定性 → 常规巡检,continue_patrol,low,continue_nominal_patrol,standard_periodic_sampling,none,R02C04 当前风险较低，保持常规巡检,normal_autonomy,ready,normal
2026-08-13 09:00,48.5,30.4,270,R02C03,2,3,row_2,11,45.0,中,0.02,47.0,中,waterlogging,hold,resample_before_action,中风险 + 高不确定性 → 重新采样后再决策,resample_sensors,medium,"hold_position:R02C03@(48.5,30.4); repeat_sampling_pass",resample_soil_moisture; resample_temperature; capture_context_image,none,R02C03 中风险且不确定性为中，重新采样后再决策,blocked_until_sensor_resample,queued_for_resampling,normal
2026-08-13 10:00,28.8,30.8,270,R02C02,2,2,row_2,11,8.2,很低,1.00,0.0,低,healthy,observe,routine_patrol,低风险 + 低不确定性 → 常规巡检,continue_patrol,low,continue_nominal_patrol,standard_periodic_sampling,none,R02C02 当前风险较低，保持常规巡检,normal_autonomy,ready,normal
2026-08-13 11:00,9.7,31.0,270,R02C01,2,1,row_2,11,8.2,很低,1.00,0.0,低,healthy,observe,routine_patrol,低风险 + 低不确定性 → 常规巡检,continue_patrol,low,continue_nominal_patrol,standard_periodic_sampling,none,R02C01 当前风险较低，保持常规巡检,normal_autonomy,ready,normal
2026-08-13 12:00,10.7,50.9,90,R03C01,3,1,row_3,11,8.2,很低,1.00,0.0,低,healthy,observe,routine_patrol,低风险 + 低不确定性 → 常规巡检,continue_patrol,low,continue_nominal_patrol,standard_periodic_sampling,none,R03C01 当前风险较低，保持常规巡检,normal_autonomy,ready,normal
2026-08-13 13:00,31.4,50.7,90,R03C02,3,2,row_3,11,8.2,很低,1.00,0.0,低,healthy,observe,routine_patrol,低风险 + 低不确定性 → 常规巡检,continue_patrol,low,continue_nominal_patrol,standard_periodic_sampling,none,R03C02 当前风险较低，保持常规巡检,normal_autonomy,ready,normal
2026-08-13 14:00,51.4,50.2,90,R03C03,3,3,row_3,11,8.2,很低,1.00,0.0,低,healthy,observe,routine_patrol,低风险 + 低不确定性 → 常规巡检,continue_patrol,low,continue_nominal_patrol,standard_periodic_sampling,none,R03C03 当前风险较低，保持常规巡检,normal_autonomy,ready,normal
2026-08-13 15:00,70.8,49.7,90,R03C04,3,4,row_3,11,21.0,低,0.81,0.0,低,healthy,observe,routine_patrol,低风险 + 低不确定性 → 常规巡检,continue_patrol,low,continue_nominal_patrol,standard_periodic_sampling,none,R03C04 当前风险较低，保持常规巡检,normal_autonomy,ready,normal
2026-08-13 16:00,89.8,49.3,90,R03C05,3,5,row_3,11,8.5,很低,0.99,0.0,低,healthy,observe,routine_patrol,低风险 + 低不确定性 → 常规巡检,continue_patrol,low,continue_nominal_patrol,standard_periodic_sampling,none,R03C05 当前风险较低，保持常规巡检,normal_autonomy,ready,normal
2026-08-13 17:00,108.9,49.0,90,R03C06,3,6,row_3,11,8.2,很低,1.00,0.0,低,healthy,observe,routine_patrol,低风险 + 低不确定性 → 常规巡检,continue_patrol,low,continue_nominal_patrol,standard_periodic_sampling,none,R03C06 当前风险较低，保持常规巡检,normal_autonomy,ready,normal
2026-08-13 18:00,108.5,69.0,270,R04C06,4,6,row_4,11,8.2,很低,1.00,0.0,低,healthy,observe,routine_patrol,低风险 + 低不确定性 → 常规巡检,continue_patrol,low,continue_nominal_patrol,standard_periodic_sampling,none,R04C06 当前风险较低，保持常规巡检,normal_autonomy,ready,normal
2026-08-13 19:00,88.8,69.2,270,R04C05,4,5,row_4,11,8.2,很低,1.00,0.0,低,healthy,observe,routine_patrol,低风险 + 低不确定性 → 常规巡检,continue_patrol,low,continue_nominal_patrol,standard_periodic_sampling,none,R04C05 当前风险较低，保持常规巡检,normal_autonomy,ready,normal
2026-08-13 20:00,69.7,69.6,270,R04C04,4,4,row_4,11,8.2,很低,1.00,0.0,低,healthy,observe,routine_patrol,低风险 + 低不确定性 → 常规巡检,continue_patrol,low,continue_nominal_patrol,standard_periodic_sampling,none,R04C04 当前风险较低，保持常规巡检,normal_autonomy,ready,normal
2026-08-13 21:00,50.7,70.1,270,R04C03,4,3,row_4,11,8.2,很低,1.00,0.0,低,healthy,observe,routine_patrol,低风险 + 低不确定性 → 常规巡检,continue_patrol,low,continue_nominal_patrol,standard_periodic_sampling,none,R04C03 当前风险较低，保持常规巡检,normal_autonomy,ready,normal
2026-08-13 22:00,31.4,70.6,270,R04C02,4,2,row_4,11,8.2,很低,1.00,0.0,低,healthy,observe,routine_patrol,低风险 + 低不确定性 → 常规巡检,continue_patrol,low,continue_nominal_patrol,standard_periodic_sampling,none,R04C02 当前风险较低，保持常规巡检,normal_autonomy,ready,normal
2026-08-13 23:00,11.4,70.9,270,R04C01,4,1,row_4,11,8.2,很低,1.00,0.0,低,healthy,observe,routine_patrol,低风险 + 低不确定性 → 常规巡检,continue_patrol,low,continue_nominal_patrol,standard_periodic_sampling,none,R04C01 当前风险较低，保持常规巡检,normal_autonomy,ready,normal
2026-08-14 00:00,10.8,11.0,90,R01C01,1,1,row_1,12,8.2,很低,1.00,0.0,低,healthy,observe,routine_patrol,低风险 + 低不确定性 → 常规巡检,continue_patrol,low,continue_nominal_patrol,standard_periodic_sampling,none,R01C01 当前风险较低，保持常规巡检,normal_autonomy,ready,normal
2026-08-14 01:00,29.8,10.9,90,R01C02,1,2,row_1,12,8.6,很低,0.99,44.0,中,healthy,hold,monitor_more_context,风险或不确定性处于中间状态 → 继续观察并收集更多上下文,monitor_context,normal,continue_patrol; revisit_region:R01C02,collect_next_context_window,none,R01C02 风险或不确定性处于中间状态，继续观察,no_direct_field_actuation,monitoring,normal
2026-08-14 02:00,48.9,10.5,90,R01C03,1,3,row_1,12,8.2,很低,1.00,0.0,低,healthy,observe,routine_patrol,低风险 + 低不确定性 → 常规巡检,continue_patrol,low,continue_nominal_patrol,standard_periodic_sampling,none,R01C03 当前风险较低，保持常规巡检,normal_autonomy,ready,normal
2026-08-14 03:00,68.5,10.0,90,R01C04,1,4,row_1,12,8.2,很低,1.00,0.0,低,healthy,observe,routine_patrol,低风险 + 低不确定性 → 常规巡检,continue_patrol,low,continue_nominal_patrol,standard_periodic_sampling,none,R01C04 当前风险较低，保持常规巡检,normal_autonomy,ready,normal
2026-08-14 04:00,88.8,9.5,90,R01C05,1,5,row_1,12,8.2,很低,1.00,0.0,低,healthy,observe,routine_patrol,低风险 + 低不确定性 → 常规巡检,continue_patrol,low,continue_nominal_patrol,standard_periodic_sampling,none,R01C05 当前风险较低，保持常规巡检,normal_autonomy,ready,normal
2026-08-14 05:00,109.7,9.2,90,R01C06,1,6,row_1,12,8.2,很低,1.00,0.0,低,healthy,observe,routine_patrol,低风险 + 低不确定性 → 常规巡检,continue_patrol,low,continue_nominal_patrol,standard_periodic_sampling,none,R01C06 当前风险较低，保持常规巡检,normal_autonomy,ready,normal
2026-08-14 06:00,110.7,29.0,270,R02C06,2,6,row_2,12,8.2,很低,1.00,0.0,低,healthy,observe,routine_patrol,低风险 + 低不确定性 → 常规巡检,continue_patrol,low,continue_nominal_patrol,standard_periodic_sampling,none,R02C06 当前风险较低，保持常规巡检,normal_autonomy,ready,normal
2026-08-14 07:00,91.4,29.1,270,R02C05,2,5,row_2,12,8.2,很低,1.00,0.0,低,healthy,observe,routine_patrol,低风险 + 低不确定性 → 常规巡检,continue_patrol,low,continue_nominal_patrol,standard_periodic_sampling,none,R02C05 当前风险较低，保持常规巡检,normal_autonomy,ready,normal
2026-08-14 08:00,71.4,29.4,270,R02C04,2,4,row_2,12,8.2,很低,1.00,0.0,低,healthy,observe,routine_patrol,低风险 + 低不确定性 → 常规巡检,continue_patrol,low,continue_nominal_patrol,standard_periodic_sampling,none,R02C04 当前风险较低，保持常规巡检,normal_autonomy,ready,normal
2026-08-14 09:00,50.8,29.8,270,R02C03,2,3,row_2,12,8.2,很低,1.00,0.0,低,healthy,observe,routine_patrol,低风险 + 低不确定性 → 常规巡检,continue_patrol,low,continue_nominal_patrol,standard_periodic_sampling,none,R02C03 当前风险较低，保持常规巡检,normal_autonomy,ready,normal
2026-08-14 10:00,29.8,30.3,270,R02C02,2,2,row_2,12,8.2,很低,1.00,0.0,低,healthy,observe,routine_patrol,低风险 + 低不确定性 → 常规巡检,continue_patrol,low,continue_nominal_patrol,standard_periodic_sampling,none,R02C02 当前风险较低，保持常规巡检,normal_autonomy,ready,normal
2026-08-14 11:00,8.9,30.7,270,R02C01,2,1,row_2,12,8.5,很低,0.99,0.0,低,healthy,observe,routine_patrol,低风险 + 低不确定性 → 常规巡检,continue_patrol,low,continue_nominal_patrol,standard_periodic_sampling,none,R02C01 当前风险较低，保持常规巡检,normal_autonomy,ready,normal
2026-08-14 12:00,8.5,51.0,90,R03C01,3,1,row_3,12,8.5,很低,0.99,0.0,低,healthy,observe,routine_patrol,低风险 + 低不确定性 → 常规巡检,continue_patrol,low,continue_nominal_patrol,standard_periodic_sampling,none,R03C01 当前风险较低，保持常规巡检,normal_autonomy,ready,normal
2026-08-14 13:00,28.8,51.0,90,R03C02,3,2,row_3,12,8.5,很低,0.99,0.0,低,healthy,observe,routine_patrol,低风险 + 低不确定性 → 常规巡检,continue_patrol,low,continue_nominal_patrol,standard_periodic_sampling,none,R03C02 当前风险较低，保持常规巡检,normal_autonomy,ready,normal
2026-08-14 14:00,49.7,50.7,90,R03C03,3,3,row_3,12,8.5,很低,0.99,0.0,低,healthy,observe,routine_patrol,低风险 + 低不确定性 → 常规巡检,continue_patrol,low,continue_nominal_patrol,standard_periodic_sampling,none,R03C03 当前风险较低，保持常规巡检,normal_autonomy,ready,normal
2026-08-14 15:00,70.7,50.3,90,R03C04,3,4,row_3,12,8.5,很低,0.99,0.0,低,healthy,observe,routine_patrol,低风险 + 低不确定性 → 常规巡检,continue_patrol,low,continue_nominal_patrol,standard_periodic_sampling,none,R03C04 当前风险较低，保持常规巡检,normal_autonomy,ready,normal
2026-08-14 16:00,91.4,49.8,90,R03C05,3,5,row_3,12,8.5,很低,0.99,0.0,低,healthy,observe,routine_patrol,低风险 + 低不确定性 → 常规巡检,continue_patrol,low,continue_nominal_patrol,standard_periodic_sampling,none,R03C05 当前风险较低，保持常规巡检,normal_autonomy,ready,normal
2026-08-14 17:00,111.4,49.4,90,R03C06,3,6,row_3,12,8.5,很低,0.99,0.0,低,healthy,observe,routine_patrol,低风险 + 低不确定性 → 常规巡检,continue_patrol,low,continue_nominal_patrol,standard_periodic_sampling,none,R03C06 当前风险较低，保持常规巡检,normal_autonomy,ready,normal
2026-08-14 18:00,110.7,69.1,270,R04C06,4,6,row_4,12,8.2,很低,1.00,0.0,低,healthy,observe,routine_patrol,低风险 + 低不确定性 → 常规巡检,continue_patrol,low,continue_nominal_patrol,standard_periodic_sampling,none,R04C06 当前风险较低，保持常规巡检,normal_autonomy,ready,normal
2026-08-14 19:00,89.7,69.0,270,R04C05,4,5,row_4,12,8.2,很低,1.00,0.0,低,healthy,observe,routine_patrol,低风险 + 低不确定性 → 常规巡检,continue_patrol,low,continue_nominal_patrol,standard_periodic_sampling,none,R04C05 当前风险较低，保持常规巡检,normal_autonomy,ready,normal
2026-08-14 20:00,68.8,69.2,270,R04C04,4,4,row_4,12,8.2,很低,1.00,0.0,低,healthy,observe,routine_patrol,低风险 + 低不确定性 → 常规巡检,continue_patrol,low,continue_nominal_patrol,standard_periodic_sampling,none,R04C04 当前风险较低，保持常规巡检,normal_autonomy,ready,normal
2026-08-14 21:00,48.5,69.6,270,R04C03,4,3,row_4,12,8.2,很低,1.00,0.0,低,healthy,observe,routine_patrol,低风险 + 低不确定性 → 常规巡检,continue_patrol,low,continue_nominal_patrol,standard_periodic_sampling,none,R04C03 当前风险较低，保持常规巡检,normal_autonomy,ready,normal
2026-08-14 22:00,28.9,70.1,270,R04C02,4,2,row_4,12,8.2,很低,1.00,0.0,低,healthy,observe,routine_patrol,低风险 + 低不确定性 → 常规巡检,continue_patrol,low,continue_nominal_patrol,standard_periodic_sampling,none,R04C02 当前风险较低，保持常规巡检,normal_autonomy,ready,normal
2026-08-14 23:00,9.8,70.5,270,R04C01,4,1,row_4,12,8.2,很低,1.00,0.0,低,healthy,observe,routine_patrol,低风险 + 低不确定性 → 常规巡检,continue_patrol,low,continue_nominal_patrol,standard_periodic_sampling,none,R04C01 当前风险较低，保持常规巡检,normal_autonomy,ready,normal
2026-08-15 00:00,10.8,10.9,90,R01C01,1,1,row_1,13,8.2,很低,1.00,0.0,低,healthy,observe,routine_patrol,低风险 + 低不确定性 → 常规巡检,continue_patrol,low,continue_nominal_patrol,standard_periodic_sampling,none,R01C01 当前风险较低，保持常规巡检,normal_autonomy,ready,normal
2026-08-15 01:00,31.4,11.0,90,R01C02,1,2,row_1,13,8.2,很低,1.00,0.0,低,healthy,observe,routine_patrol,低风险 + 低不确定性 → 常规巡检,continue_patrol,low,continue_nominal_patrol,standard_periodic_sampling,none,R01C02 当前风险较低，保持常规巡检,normal_autonomy,ready,normal
2026-08-15 02:00,51.4,10.9,90,R01C03,1,3,row_1,13,8.2,很低,1.00,0.0,低,healthy,observe,routine_patrol,低风险 + 低不确定性 → 常规巡检,continue_patrol,low,continue_nominal_patrol,standard_periodic_sampling,none,R01C03 当前风险较低，保持常规巡检,normal_autonomy,ready,normal
2026-08-15 03:00,70.7,10.6,90,R01C04,1,4,row_1,13,8.2,很低,1.00,0.0,低,healthy,observe,routine_patrol,低风险 + 低不确定性 → 常规巡检,continue_patrol,low,continue_nominal_patrol,standard_periodic_sampling,none,R01C04 当前风险较低，保持常规巡检,normal_autonomy,ready,normal
2026-08-15 04:00,89.7,10.1,90,R01C05,1,5,row_1,13,8.2,很低,1.00,0.0,低,healthy,observe,routine_patrol,低风险 + 低不确定性 → 常规巡检,continue_patrol,low,continue_nominal_patrol,standard_periodic_sampling,none,R01C05 当前风险较低，保持常规巡检,normal_autonomy,ready,normal
2026-08-15 05:00,108.8,9.6,90,R01C06,1,6,row_1,13,8.2,很低,1.00,0.0,低,healthy,observe,routine_patrol,低风险 + 低不确定性 → 常规巡检,continue_patrol,low,continue_nominal_patrol,standard_periodic_sampling,none,R01C06 当前风险较低，保持常规巡检,normal_autonomy,ready,normal
2026-08-15 06:00,108.5,29.2,270,R02C06,2,6,row_2,13,8.2,很低,1.00,0.0,低,healthy,observe,routine_patrol,低风险 + 低不确定性 → 常规巡检,continue_patrol,low,continue_nominal_patrol,standard_periodic_sampling,none,R02C06 当前风险较低，保持常规巡检,normal_autonomy,ready,normal
2026-08-15 07:00,88.9,29.0,270,R02C05,2,5,row_2,13,8.2,很低,1.00,0.0,低,healthy,observe,routine_patrol,低风险 + 低不确定性 → 常规巡检,continue_patrol,low,continue_nominal_patrol,standard_periodic_sampling,none,R02C05 当前风险较低，保持常规巡检,normal_autonomy,ready,normal
2026-08-15 08:00,69.8,29.1,270,R02C04,2,4,row_2,13,8.2,很低,1.00,0.0,低,healthy,observe,routine_patrol,低风险 + 低不确定性 → 常规巡检,continue_patrol,low,continue_nominal_patrol,standard_periodic_sampling,none,R02C04 当前风险较低，保持常规巡检,normal_autonomy,ready,normal
2026-08-15 09:00,50.8,29.3,270,R02C03,2,3,row_2,13,8.5,很低,0.99,0.0,低,healthy,observe,routine_patrol,低风险 + 低不确定性 → 常规巡检,continue_patrol,low,continue_nominal_patrol,standard_periodic_sampling,none,R02C03 当前风险较低，保持常规巡检,normal_autonomy,ready,normal
2026-08-15 10:00,31.4,29.8,270,R02C02,2,2,row_2,13,8.5,很低,0.99,0.0,低,healthy,observe,routine_patrol,低风险 + 低不确定性 → 常规巡检,continue_patrol,low,continue_nominal_patrol,standard_periodic_sampling,none,R02C02 当前风险较低，保持常规巡检,normal_autonomy,ready,normal
2026-08-15 11:00,11.4,30.3,270,R02C01,2,1,row_2,13,8.5,很低,0.99,0.0,低,healthy,observe,routine_patrol,低风险 + 低不确定性 → 常规巡检,continue_patrol,low,continue_nominal_patrol,standard_periodic_sampling,none,R02C01 当前风险较低，保持常规巡检,normal_autonomy,ready,normal
2026-08-15 12:00,10.7,50.7,90,R03C01,3,1,row_3,13,8.5,很低,0.99,0.0,低,healthy,observe,routine_patrol,低风险 + 低不确定性 → 常规巡检,continue_patrol,low,continue_nominal_patrol,standard_periodic_sampling,none,R03C01 当前风险较低，保持常规巡检,normal_autonomy,ready,normal
2026-08-15 13:00,29.7,51.0,90,R03C02,3,2,row_3,13,8.5,很低,0.99,0.0,低,healthy,observe,routine_patrol,低风险 + 低不确定性 → 常规巡检,continue_patrol,low,continue_nominal_patrol,standard_periodic_sampling,none,R03C02 当前风险较低，保持常规巡检,normal_autonomy,ready,normal
2026-08-15 14:00,48.8,51.0,90,R03C03,3,3,row_3,13,45.0,中,0.08,47.0,中,drought,hold,resample_before_action,中风险 + 高不确定性 → 重新采样后再决策,resample_sensors,medium,"hold_position:R03C03@(48.8,51.0); repeat_sampling_pass",resample_soil_moisture; resample_temperature; capture_context_image,none,R03C03 中风险且不确定性为中，重新采样后再决策,blocked_until_sensor_resample,queued_for_resampling,normal
2026-08-15 15:00,68.5,50.8,90,R03C04,3,4,row_3,13,45.0,中,0.16,47.0,中,drought,hold,resample_before_action,中风险 + 高不确定性 → 重新采样后再决策,resample_sensors,medium,"hold_position:R03C04@(68.5,50.8); repeat_sampling_pass",resample_soil_moisture; resample_temperature; capture_context_image,none,R03C04 中风险且不确定性为中，重新采样后再决策,blocked_until_sensor_resample,queued_for_resampling,normal
2026-08-15 16:00,88.9,50.4,90,R03C05,3,5,row_3,13,45.0,中,0.26,47.0,中,drought,hold,resample_before_action,中风险 + 高不确定性 → 重新采样后再决策,resample_sensors,medium,"hold_position:R03C05@(88.9,50.4); repeat_sampling_pass",resample_soil_moisture; resample_temperature; capture_context_image,none,R03C05 中风险且不确定性为中，重新采样后再决策,blocked_until_sensor_resample,queued_for_resampling,normal
2026-08-15 17:00,109.8,49.9,90,R03C06,3,6,row_3,13,45.0,中,0.35,47.0,中,drought,hold,resample_before_action,中风险 + 高不确定性 → 重新采样后再决策,resample_sensors,medium,"hold_position:R03C06@(109.8,49.9); repeat_sampling_pass",resample_soil_moisture; resample_temperature; capture_context_image,none,R03C06 中风险且不确定性为中，重新采样后再决策,blocked_until_sensor_resample,queued_for_resampling,normal
2026-08-15 18:00,110.8,69.4,270,R04C06,4,6,row_4,13,45.0,中,0.45,47.0,中,drought,hold,resample_before_action,中风险 + 高不确定性 → 重新采样后再决策,resample_sensors,medium,"hold_position:R04C06@(110.8,69.4); repeat_sampling_pass",resample_soil_moisture; resample_temperature; capture_context_image,none,R04C06 中风险且不确定性为中，重新采样后再决策,blocked_until_sensor_resample,queued_for_resampling,normal
2026-08-15 19:00,91.4,69.1,270,R04C05,4,5,row_4,13,46.4,中,0.51,35.0,中,drought,hold,resample_before_action,中风险 + 高不确定性 → 重新采样后再决策,resample_sensors,medium,"hold_position:R04C05@(91.4,69.1); repeat_sampling_pass",resample_soil_moisture; resample_temperature; capture_context_image,none,R04C05 中风险且不确定性为中，重新采样后再决策,blocked_until_sensor_resample,queued_for_resampling,normal
2026-08-15 20:00,71.4,69.0,270,R04C04,4,4,row_4,13,45.8,中,0.50,35.0,中,drought,hold,resample_before_action,中风险 + 高不确定性 → 重新采样后再决策,resample_sensors,medium,"hold_position:R04C04@(71.4,69.0); repeat_sampling_pass",resample_soil_moisture; resample_temperature; capture_context_image,none,R04C04 中风险且不确定性为中，重新采样后再决策,blocked_until_sensor_resample,queued_for_resampling,normal
2026-08-15 21:00,50.7,69.2,270,R04C03,4,3,row_4,13,63.6,中高,0.73,0.0,低,drought,execute,execute_recommended_action,高风险 + 低不确定性 → 允许执行建议动作,irrigation_alert,high,continue_patrol_after_marking:R04C03,verify_soil_moisture_next_pass,send_irrigation_alert,R04C03 干旱风险可信，触发灌溉提醒,human_or_controller_confirmation_required_for_irrigation,ready,normal
2026-08-15 22:00,29.7,69.5,270,R04C02,4,2,row_4,13,61.5,中高,0.71,35.0,中,drought,hold,recheck_before_action,高风险 + 高不确定性 → 先复查，不直接执行动作,recheck_region,high,"navigate_to:R04C02@(29.7,69.5); slow_down; hold_safe_distance",capture_close_range_image; resample_environment_sensors,defer_field_actuation,R04C02 高风险但不确定性为中，先复查后再执行,blocked_until_recheck_confirms_state,queued_for_recheck,normal
2026-08-15 23:00,8.8,70.0,270,R04C01,4,1,row_4,13,59.2,中,0.68,35.0,中,drought,hold,resample_before_action,中风险 + 高不确定性 → 重新采样后再决策,resample_sensors,medium,"hold_position:R04C01@(8.8,70.0); repeat_sampling_pass",resample_soil_moisture; resample_temperature; capture_context_image,none,R04C01 中风险且不确定性为中，重新采样后再决策,blocked_until_sensor_resample,queued_for_resampling,normal
2026-08-16 00:00,8.5,10.5,90,R01C01,1,1,row_1,14,56.2,中,0.64,35.0,中,drought,hold,resample_before_action,中风险 + 高不确定性 → 重新采样后再决策,resample_sensors,medium,"hold_position:R01C01@(8.5,10.5); repeat_sampling_pass",resample_soil_moisture; resample_temperature; capture_context_image,none,R01C01 中风险且不确定性为中，重新采样后再决策,blocked_until_sensor_resample,queued_for_resampling,normal
2026-08-16 01:00,28.9,10.8,90,R01C02,1,2,row_1,14,53.8,中,0.61,35.0,中,drought,hold,resample_before_action,中风险 + 高不确定性 → 重新采样后再决策,resample_sensors,medium,"hold_position:R01C02@(28.9,10.8); repeat_sampling_pass",resample_soil_moisture; resample_temperature; capture_context_image,none,R01C02 中风险且不确定性为中，重新采样后再决策,blocked_until_sensor_resample,queued_for_resampling,normal
2026-08-16 02:00,49.8,11.0,90,R01C03,1,3,row_1,14,53.0,中,0.60,35.0,中,drought,hold,resample_before_action,中风险 + 高不确定性 → 重新采样后再决策,resample_sensors,medium,"hold_position:R01C03@(49.8,11.0); repeat_sampling_pass",resample_soil_moisture; resample_temperature; capture_context_image,none,R01C03 中风险且不确定性为中，重新采样后再决策,blocked_until_sensor_resample,queued_for_resampling,normal
2026-08-16 03:00,70.8,10.9,90,R01C04,1,4,row_1,14,53.0,中,0.60,35.0,中,drought,hold,resample_before_action,中风险 + 高不确定性 → 重新采样后再决策,resample_sensors,medium,"hold_position:R01C04@(70.8,10.9); repeat_sampling_pass",resample_soil_moisture; resample_temperature; capture_context_image,none,R01C04 中风险且不确定性为中，重新采样后再决策,blocked_until_sensor_resample,queued_for_resampling,normal
2026-08-16 04:00,91.4,10.6,90,R01C05,1,5,row_1,14,53.3,中,0.60,35.0,中,drought,hold,resample_before_action,中风险 + 高不确定性 → 重新采样后再决策,resample_sensors,medium,"hold_position:R01C05@(91.4,10.6); repeat_sampling_pass",resample_soil_moisture; resample_temperature; capture_context_image,none,R01C05 中风险且不确定性为中，重新采样后再决策,blocked_until_sensor_resample,queued_for_resampling,normal
2026-08-16 05:00,111.4,10.1,90,R01C06,1,6,row_1,14,52.4,中,0.59,35.0,中,drought,hold,resample_before_action,中风险 + 高不确定性 → 重新采样后再决策,resample_sensors,medium,"hold_position:R01C06@(111.4,10.1); repeat_sampling_pass",resample_soil_moisture; resample_temperature; capture_context_image,none,R01C06 中风险且不确定性为中，重新采样后再决策,blocked_until_sensor_resample,queued_for_resampling,normal
2026-08-16 06:00,110.7,29.7,270,R02C06,2,6,row_2,14,52.1,中,0.59,35.0,中,drought,hold,resample_before_action,中风险 + 高不确定性 → 重新采样后再决策,resample_sensors,medium,"hold_position:R02C06@(110.7,29.7); repeat_sampling_pass",resample_soil_moisture; resample_temperature; capture_context_image,none,R02C06 中风险且不确定性为中，重新采样后再决策,blocked_until_sensor_resample,queued_for_resampling,normal
2026-08-16 07:00,89.6,29.2,270,R02C05,2,5,row_2,14,51.9,中,0.58,35.0,中,drought,hold,resample_before_action,中风险 + 高不确定性 → 重新采样后再决策,resample_sensors,medium,"hold_position:R02C05@(89.6,29.2); repeat_sampling_pass",resample_soil_moisture; resample_temperature; capture_context_image,none,R02C05 中风险且不确定性为中，重新采样后再决策,blocked_until_sensor_resample,queued_for_resampling,normal
2026-08-16 08:00,68.8,29.0,270,R02C04,2,4,row_2,14,52.5,中,0.59,35.0,中,drought,hold,resample_before_action,中风险 + 高不确定性 → 重新采样后再决策,resample_sensors,medium,"hold_position:R02C04@(68.8,29.0); repeat_sampling_pass",resample_soil_moisture; resample_temperature; capture_context_image,none,R02C04 中风险且不确定性为中，重新采样后再决策,blocked_until_sensor_resample,queued_for_resampling,normal
2026-08-16 09:00,48.5,29.0,270,R02C03,2,3,row_2,14,71.9,中高,0.86,0.0,低,drought,execute,execute_recommended_action,高风险 + 低不确定性 → 允许执行建议动作,irrigation_alert,high,continue_patrol_after_marking:R02C03,verify_soil_moisture_next_pass,send_irrigation_alert,R02C03 干旱风险可信，触发灌溉提醒,human_or_controller_confirmation_required_for_irrigation,ready,normal
2026-08-16 10:00,28.9,29.3,270,R02C02,2,2,row_2,14,79.7,中高,0.97,0.0,低,drought,execute,execute_recommended_action,高风险 + 低不确定性 → 允许执行建议动作,irrigation_alert,high,continue_patrol_after_marking:R02C02,verify_soil_moisture_next_pass,send_irrigation_alert,R02C02 干旱风险可信，触发灌溉提醒,human_or_controller_confirmation_required_for_irrigation,ready,normal
2026-08-16 11:00,9.9,29.7,270,R02C01,2,1,row_2,14,80.6,高,0.98,0.0,低,drought,execute,execute_recommended_action,高风险 + 低不确定性 → 允许执行建议动作,irrigation_alert,high,continue_patrol_after_marking:R02C01,verify_soil_moisture_next_pass,send_irrigation_alert,R02C01 干旱风险可信，触发灌溉提醒,human_or_controller_confirmation_required_for_irrigation,ready,normal
2026-08-16 12:00,10.9,50.2,90,R03C01,3,1,row_3,14,80.7,高,0.98,0.0,低,drought,execute,execute_recommended_action,高风险 + 低不确定性 → 允许执行建议动作,irrigation_alert,high,continue_patrol_after_marking:R03C01,verify_soil_moisture_next_pass,send_irrigation_alert,R03C01 干旱风险可信，触发灌溉提醒,human_or_controller_confirmation_required_for_irrigation,ready,normal
2026-08-16 13:00,31.4,50.7,90,R03C02,3,2,row_3,14,80.8,高,0.98,0.0,低,drought,execute,execute_recommended_action,高风险 + 低不确定性 → 允许执行建议动作,irrigation_alert,high,continue_patrol_after_marking:R03C02,verify_soil_moisture_next_pass,send_irrigation_alert,R03C02 干旱风险可信，触发灌溉提醒,human_or_controller_confirmation_required_for_irrigation,ready,normal
2026-08-16 14:00,51.4,50.9,90,R03C03,3,3,row_3,14,80.8,高,0.98,0.0,低,drought,execute,execute_recommended_action,高风险 + 低不确定性 → 允许执行建议动作,irrigation_alert,high,continue_patrol_after_marking:R03C03,verify_soil_moisture_next_pass,send_irrigation_alert,R03C03 干旱风险可信，触发灌溉提醒,human_or_controller_confirmation_required_for_irrigation,ready,normal
2026-08-16 15:00,70.6,51.0,90,R03C04,3,4,row_3,14,80.7,高,0.98,0.0,低,drought,execute,execute_recommended_action,高风险 + 低不确定性 → 允许执行建议动作,irrigation_alert,high,continue_patrol_after_marking:R03C04,verify_soil_moisture_next_pass,send_irrigation_alert,R03C04 干旱风险可信，触发灌溉提醒,human_or_controller_confirmation_required_for_irrigation,ready,normal
2026-08-16 16:00,89.6,50.8,90,R03C05,3,5,row_3,14,80.8,高,0.98,0.0,低,drought,execute,execute_recommended_action,高风险 + 低不确定性 → 允许执行建议动作,irrigation_alert,high,continue_patrol_after_marking:R03C05,verify_soil_moisture_next_pass,send_irrigation_alert,R03C05 干旱风险可信，触发灌溉提醒,human_or_controller_confirmation_required_for_irrigation,ready,normal
2026-08-16 17:00,108.8,50.4,90,R03C06,3,6,row_3,14,75.8,中高,0.91,35.0,中,drought,hold,recheck_before_action,高风险 + 高不确定性 → 先复查，不直接执行动作,recheck_region,high,"navigate_to:R03C06@(108.8,50.4); slow_down; hold_safe_distance",capture_close_range_image; resample_environment_sensors,defer_field_actuation,R03C06 高风险但不确定性为中，先复查后再执行,blocked_until_recheck_confirms_state,queued_for_recheck,normal
2026-08-16 18:00,108.5,69.9,270,R04C06,4,6,row_4,14,78.2,中高,0.94,44.0,中,drought,hold,recheck_before_action,高风险 + 高不确定性 → 先复查，不直接执行动作,recheck_region,high,"navigate_to:R04C06@(108.5,69.9); slow_down; hold_safe_distance",capture_close_range_image; resample_environment_sensors,defer_field_actuation,R04C06 高风险但不确定性为中，先复查后再执行,blocked_until_recheck_confirms_state,queued_for_recheck,normal
2026-08-16 19:00,88.9,69.5,270,R04C05,4,5,row_4,14,73.6,中高,0.88,35.0,中,drought,hold,recheck_before_action,高风险 + 高不确定性 → 先复查，不直接执行动作,recheck_region,high,"navigate_to:R04C05@(88.9,69.5); slow_down; hold_safe_distance",capture_close_range_image; resample_environment_sensors,defer_field_actuation,R04C05 高风险但不确定性为中，先复查后再执行,blocked_until_recheck_confirms_state,queued_for_recheck,normal
2026-08-16 20:00,69.9,69.1,270,R04C04,4,4,row_4,14,70.6,中高,0.84,35.0,中,drought,hold,recheck_before_action,高风险 + 高不确定性 → 先复查，不直接执行动作,recheck_region,high,"navigate_to:R04C04@(69.9,69.1); slow_down; hold_safe_distance",capture_close_range_image; resample_environment_sensors,defer_field_actuation,R04C04 高风险但不确定性为中，先复查后再执行,blocked_until_recheck_confirms_state,queued_for_recheck,normal
2026-08-16 21:00,50.9,69.0,270,R04C03,4,3,row_4,14,69.3,中高,0.82,35.0,中,drought,hold,recheck_before_action,高风险 + 高不确定性 → 先复查，不直接执行动作,recheck_region,high,"navigate_to:R04C03@(50.9,69.0); slow_down; hold_safe_distance",capture_close_range_image; resample_environment_sensors,defer_field_actuation,R04C03 高风险但不确定性为中，先复查后再执行,blocked_until_recheck_confirms_state,queued_for_recheck,normal
2026-08-16 22:00,31.5,69.1,270,R04C02,4,2,row_4,14,67.4,中高,0.79,35.0,中,drought,hold,recheck_before_action,高风险 + 高不确定性 → 先复查，不直接执行动作,recheck_region,high,"navigate_to:R04C02@(31.5,69.1); slow_down; hold_safe_distance",capture_close_range_image; resample_environment_sensors,defer_field_actuation,R04C02 高风险但不确定性为中，先复查后再执行,blocked_until_recheck_confirms_state,queued_for_recheck,normal
2026-08-16 23:00,11.3,69.5,270,R04C01,4,1,row_4,14,67.0,中高,0.79,35.0,中,drought,hold,recheck_before_action,高风险 + 高不确定性 → 先复查，不直接执行动作,recheck_region,high,"navigate_to:R04C01@(11.3,69.5); slow_down; hold_safe_distance",capture_close_range_image; resample_environment_sensors,defer_field_actuation,R04C01 高风险但不确定性为中，先复查后再执行,blocked_until_recheck_confirms_state,queued_for_recheck,normal
2026-08-17 00:00,10.6,9.9,90,R01C01,1,1,row_1,15,66.3,中高,0.78,35.0,中,drought,hold,recheck_before_action,高风险 + 高不确定性 → 先复查，不直接执行动作,recheck_region,high,"navigate_to:R01C01@(10.6,9.9); slow_down; hold_safe_distance",capture_close_range_image; resample_environment_sensors,defer_field_actuation,R01C01 高风险但不确定性为中，先复查后再执行,blocked_until_recheck_confirms_state,queued_for_recheck,normal
2026-08-17 01:00,29.6,10.4,90,R01C02,1,2,row_1,15,76.4,中高,0.91,0.0,低,drought,execute,execute_recommended_action,高风险 + 低不确定性 → 允许执行建议动作,irrigation_alert,high,continue_patrol_after_marking:R01C02,verify_soil_moisture_next_pass,send_irrigation_alert,R01C02 干旱风险可信，触发灌溉提醒,human_or_controller_confirmation_required_for_irrigation,ready,normal
2026-08-17 02:00,48.8,10.8,90,R01C03,1,3,row_1,15,71.9,中高,0.85,35.0,中,drought,hold,recheck_before_action,高风险 + 高不确定性 → 先复查，不直接执行动作,recheck_region,high,"navigate_to:R01C03@(48.8,10.8); slow_down; hold_safe_distance",capture_close_range_image; resample_environment_sensors,defer_field_actuation,R01C03 高风险但不确定性为中，先复查后再执行,blocked_until_recheck_confirms_state,queued_for_recheck,normal
2026-08-17 03:00,68.5,11.0,90,R01C04,1,4,row_1,15,69.8,中高,0.83,35.0,中,drought,hold,recheck_before_action,高风险 + 高不确定性 → 先复查，不直接执行动作,recheck_region,high,"navigate_to:R01C04@(68.5,11.0); slow_down; hold_safe_distance",capture_close_range_image; resample_environment_sensors,defer_field_actuation,R01C04 高风险但不确定性为中，先复查后再执行,blocked_until_recheck_confirms_state,queued_for_recheck,normal
2026-08-17 04:00,89.0,10.9,90,R01C05,1,5,row_1,15,76.5,中高,0.92,44.0,中,drought,hold,recheck_before_action,高风险 + 高不确定性 → 先复查，不直接执行动作,recheck_region,high,"navigate_to:R01C05@(89.0,10.9); slow_down; hold_safe_distance",capture_close_range_image; resample_environment_sensors,defer_field_actuation,R01C05 高风险但不确定性为中，先复查后再执行,blocked_until_recheck_confirms_state,queued_for_recheck,normal
2026-08-17 05:00,109.9,10.7,90,R01C06,1,6,row_1,15,73.1,中高,0.87,35.0,中,drought,hold,recheck_before_action,高风险 + 高不确定性 → 先复查，不直接执行动作,recheck_region,high,"navigate_to:R01C06@(109.9,10.7); slow_down; hold_safe_distance",capture_close_range_image; resample_environment_sensors,defer_field_actuation,R01C06 高风险但不确定性为中，先复查后再执行,blocked_until_recheck_confirms_state,queued_for_recheck,normal
2026-08-17 06:00,110.9,30.2,270,R02C06,2,6,row_2,15,70.4,中高,0.83,35.0,中,drought,hold,recheck_before_action,高风险 + 高不确定性 → 先复查，不直接执行动作,recheck_region,high,"navigate_to:R02C06@(110.9,30.2); slow_down; hold_safe_distance",capture_close_range_image; resample_environment_sensors,defer_field_actuation,R02C06 高风险但不确定性为中，先复查后再执行,blocked_until_recheck_confirms_state,queued_for_recheck,normal
2026-08-17 07:00,91.5,29.7,270,R02C05,2,5,row_2,15,68.1,中高,0.80,35.0,中,drought,hold,recheck_before_action,高风险 + 高不确定性 → 先复查，不直接执行动作,recheck_region,high,"navigate_to:R02C05@(91.5,29.7); slow_down; hold_safe_distance",capture_close_range_image; resample_environment_sensors,defer_field_actuation,R02C05 高风险但不确定性为中，先复查后再执行,blocked_until_recheck_confirms_state,queued_for_recheck,normal
2026-08-17 08:00,71.3,29.3,270,R02C04,2,4,row_2,15,78.6,中高,0.95,0.0,低,drought,execute,execute_recommended_action,高风险 + 低不确定性 → 允许执行建议动作,irrigation_alert,high,continue_patrol_after_marking:R02C04,verify_soil_moisture_next_pass,send_irrigation_alert,R02C04 干旱风险可信，触发灌溉提醒,human_or_controller_confirmation_required_for_irrigation,ready,normal
2026-08-17 09:00,50.6,29.0,270,R02C03,2,3,row_2,15,80.2,高,0.97,0.0,低,drought,execute,execute_recommended_action,高风险 + 低不确定性 → 允许执行建议动作,irrigation_alert,high,continue_patrol_after_marking:R02C03,verify_soil_moisture_next_pass,send_irrigation_alert,R02C03 干旱风险可信，触发灌溉提醒,human_or_controller_confirmation_required_for_irrigation,ready,normal
2026-08-17 10:00,29.6,29.0,270,R02C02,2,2,row_2,15,80.5,高,0.98,0.0,低,drought,execute,execute_recommended_action,高风险 + 低不确定性 → 允许执行建议动作,irrigation_alert,high,continue_patrol_after_marking:R02C02,verify_soil_moisture_next_pass,send_irrigation_alert,R02C02 干旱风险可信，触发灌溉提醒,human_or_controller_confirmation_required_for_irrigation,ready,normal
2026-08-17 11:00,8.7,29.2,270,R02C01,2,1,row_2,15,80.7,高,0.98,0.0,低,drought,execute,execute_recommended_action,高风险 + 低不确定性 → 允许执行建议动作,irrigation_alert,high,continue_patrol_after_marking:R02C01,verify_soil_moisture_next_pass,send_irrigation_alert,R02C01 干旱风险可信，触发灌溉提醒,human_or_controller_confirmation_required_for_irrigation,ready,normal
2026-08-17 12:00,8.5,49.6,90,R03C01,3,1,row_3,15,80.7,高,0.98,0.0,低,drought,execute,execute_recommended_action,高风险 + 低不确定性 → 允许执行建议动作,irrigation_alert,high,continue_patrol_after_marking:R03C01,verify_soil_moisture_next_pass,send_irrigation_alert,R03C01 干旱风险可信，触发灌溉提醒,human_or_controller_confirmation_required_for_irrigation,ready,normal
2026-08-17 13:00,29.0,50.1,90,R03C02,3,2,row_3,15,80.5,高,0.97,0.0,低,drought,execute,execute_recommended_action,高风险 + 低不确定性 → 允许执行建议动作,irrigation_alert,high,continue_patrol_after_marking:R03C02,verify_soil_moisture_next_pass,send_irrigation_alert,R03C02 干旱风险可信，触发灌溉提醒,human_or_controller_confirmation_required_for_irrigation,ready,normal
2026-08-17 14:00,49.9,50.6,90,R03C03,3,3,row_3,15,80.4,高,0.98,0.0,低,drought,execute,execute_recommended_action,高风险 + 低不确定性 → 允许执行建议动作,irrigation_alert,high,continue_patrol_after_marking:R03C03,verify_soil_moisture_next_pass,send_irrigation_alert,R03C03 干旱风险可信，触发灌溉提醒,human_or_controller_confirmation_required_for_irrigation,ready,normal
2026-08-17 15:00,70.9,50.9,90,R03C04,3,4,row_3,15,80.6,高,0.98,0.0,低,drought,execute,execute_recommended_action,高风险 + 低不确定性 → 允许执行建议动作,irrigation_alert,high,continue_patrol_after_marking:R03C04,verify_soil_moisture_next_pass,send_irrigation_alert,R03C04 干旱风险可信，触发灌溉提醒,human_or_controller_confirmation_required_for_irrigation,ready,normal
2026-08-17 16:00,91.5,51.0,90,R03C05,3,5,row_3,15,80.5,高,0.98,0.0,低,drought,execute,execute_recommended_action,高风险 + 低不确定性 → 允许执行建议动作,irrigation_alert,high,continue_patrol_after_marking:R03C05,verify_soil_moisture_next_pass,send_irrigation_alert,R03C05 干旱风险可信，触发灌溉提醒,human_or_controller_confirmation_required_for_irrigation,ready,normal
2026-08-17 17:00,111.3,50.8,90,R03C06,3,6,row_3,15,75.3,中高,0.90,35.0,中,drought,hold,recheck_before_action,高风险 + 高不确定性 → 先复查，不直接执行动作,recheck_region,high,"navigate_to:R03C06@(111.3,50.8); slow_down; hold_safe_distance",capture_close_range_image; resample_environment_sensors,defer_field_actuation,R03C06 高风险但不确定性为中，先复查后再执行,blocked_until_recheck_confirms_state,queued_for_recheck,normal
2026-08-17 18:00,110.6,70.5,270,R04C06,4,6,row_4,15,71.9,中高,0.85,35.0,中,drought,hold,recheck_before_action,高风险 + 高不确定性 → 先复查，不直接执行动作,recheck_region,high,"navigate_to:R04C06@(110.6,70.5); slow_down; hold_safe_distance",capture_close_range_image; resample_environment_sensors,defer_field_actuation,R04C06 高风险但不确定性为中，先复查后再执行,blocked_until_recheck_confirms_state,queued_for_recheck,normal
2026-08-17 19:00,89.5,70.0,270,R04C05,4,5,row_4,15,70.4,中高,0.83,35.0,中,drought,hold,recheck_before_action,高风险 + 高不确定性 → 先复查，不直接执行动作,recheck_region,high,"navigate_to:R04C05@(89.5,70.0); slow_down; hold_safe_distance",capture_close_range_image; resample_environment_sensors,defer_field_actuation,R04C05 高风险但不确定性为中，先复查后再执行,blocked_until_recheck_confirms_state,queued_for_recheck,normal
2026-08-17 20:00,68.7,69.5,270,R04C04,4,4,row_4,15,69.6,中高,0.82,35.0,中,drought,hold,recheck_before_action,高风险 + 高不确定性 → 先复查，不直接执行动作,recheck_region,high,"navigate_to:R04C04@(68.7,69.5); slow_down; hold_safe_distance",capture_close_range_image; resample_environment_sensors,defer_field_actuation,R04C04 高风险但不确定性为中，先复查后再执行,blocked_until_recheck_confirms_state,queued_for_recheck,normal
2026-08-17 21:00,48.5,69.2,270,R04C03,4,3,row_4,15,68.2,中高,0.80,35.0,中,drought,hold,recheck_before_action,高风险 + 高不确定性 → 先复查，不直接执行动作,recheck_region,high,"navigate_to:R04C03@(48.5,69.2); slow_down; hold_safe_distance",capture_close_range_image; resample_environment_sensors,defer_field_actuation,R04C03 高风险但不确定性为中，先复查后再执行,blocked_until_recheck_confirms_state,queued_for_recheck,normal
2026-08-17 22:00,29.0,69.0,270,R04C02,4,2,row_4,15,66.9,中高,0.79,35.0,中,drought,hold,recheck_before_action,高风险 + 高不确定性 → 先复查，不直接执行动作,recheck_region,high,"navigate_to:R04C02@(29.0,69.0); slow_down; hold_safe_distance",capture_close_range_image; resample_environment_sensors,defer_field_actuation,R04C02 高风险但不确定性为中，先复查后再执行,blocked_until_recheck_confirms_state,queued_for_recheck,normal
2026-08-17 23:00,10.0,69.1,270,R04C01,4,1,row_4,15,66.9,中高,0.79,35.0,中,drought,hold,recheck_before_action,高风险 + 高不确定性 → 先复查，不直接执行动作,recheck_region,high,"navigate_to:R04C01@(10.0,69.1); slow_down; hold_safe_distance",capture_close_range_image; resample_environment_sensors,defer_field_actuation,R04C01 高风险但不确定性为中，先复查后再执行,blocked_until_recheck_confirms_state,queued_for_recheck,normal
2026-08-18 00:00,10.9,9.4,90,R01C01,1,1,row_1,16,45.0,中,0.40,47.0,中,drought,hold,resample_before_action,中风险 + 高不确定性 → 重新采样后再决策,resample_sensors,medium,"hold_position:R01C01@(10.9,9.4); repeat_sampling_pass",resample_soil_moisture; resample_temperature; capture_context_image,none,R01C01 中风险且不确定性为中，重新采样后再决策,blocked_until_sensor_resample,queued_for_resampling,data_conflict_vision_drought_soil_normal
2026-08-18 01:00,31.5,9.9,90,R01C02,1,2,row_1,16,45.0,中,0.35,47.0,中,drought,hold,resample_before_action,中风险 + 高不确定性 → 重新采样后再决策,resample_sensors,medium,"hold_position:R01C02@(31.5,9.9); repeat_sampling_pass",resample_soil_moisture; resample_temperature; capture_context_image,none,R01C02 中风险且不确定性为中，重新采样后再决策,blocked_until_sensor_resample,queued_for_resampling,normal
2026-08-18 02:00,51.3,10.4,90,R01C03,1,3,row_1,16,45.0,中,0.05,47.0,中,drought,hold,resample_before_action,中风险 + 高不确定性 → 重新采样后再决策,resample_sensors,medium,"hold_position:R01C03@(51.3,10.4); repeat_sampling_pass",resample_soil_moisture; resample_temperature; capture_context_image,none,R01C03 中风险且不确定性为中，重新采样后再决策,blocked_until_sensor_resample,queued_for_resampling,normal
2026-08-18 03:00,70.5,10.8,90,R01C04,1,4,row_1,16,8.3,很低,0.99,0.0,低,healthy,observe,routine_patrol,低风险 + 低不确定性 → 常规巡检,continue_patrol,low,continue_nominal_patrol,standard_periodic_sampling,none,R01C04 当前风险较低，保持常规巡检,normal_autonomy,ready,normal
2026-08-18 04:00,89.5,11.0,90,R01C05,1,5,row_1,16,8.2,很低,1.00,0.0,低,healthy,observe,routine_patrol,低风险 + 低不确定性 → 常规巡检,continue_patrol,low,continue_nominal_patrol,standard_periodic_sampling,none,R01C05 当前风险较低，保持常规巡检,normal_autonomy,ready,normal
2026-08-18 05:00,108.7,11.0,90,R01C06,1,6,row_1,16,8.2,很低,1.00,0.0,低,healthy,observe,routine_patrol,低风险 + 低不确定性 → 常规巡检,continue_patrol,low,continue_nominal_patrol,standard_periodic_sampling,none,R01C06 当前风险较低，保持常规巡检,normal_autonomy,ready,normal
2026-08-18 06:00,108.5,30.7,270,R02C06,2,6,row_2,16,8.2,很低,1.00,0.0,低,healthy,observe,routine_patrol,低风险 + 低不确定性 → 常规巡检,continue_patrol,low,continue_nominal_patrol,standard_periodic_sampling,none,R02C06 当前风险较低，保持常规巡检,normal_autonomy,ready,normal
2026-08-18 07:00,89.0,30.3,270,R02C05,2,5,row_2,16,8.2,很低,1.00,0.0,低,healthy,observe,routine_patrol,低风险 + 低不确定性 → 常规巡检,continue_patrol,low,continue_nominal_patrol,standard_periodic_sampling,none,R02C05 当前风险较低，保持常规巡检,normal_autonomy,ready,normal
2026-08-18 08:00,70.0,29.8,270,R02C04,2,4,row_2,16,45.0,中,0.06,47.0,中,drought,hold,resample_before_action,中风险 + 高不确定性 → 重新采样后再决策,resample_sensors,medium,"hold_position:R02C04@(70.0,29.8); repeat_sampling_pass",resample_soil_moisture; resample_temperature; capture_context_image,none,R02C04 中风险且不确定性为中，重新采样后再决策,blocked_until_sensor_resample,queued_for_resampling,normal
2026-08-18 09:00,51.0,29.3,270,R02C03,2,3,row_2,16,30.4,低,0.69,0.0,低,healthy,observe,routine_patrol,低风险 + 低不确定性 → 常规巡检,continue_patrol,low,continue_nominal_patrol,standard_periodic_sampling,none,R02C03 当前风险较低，保持常规巡检,normal_autonomy,ready,normal
2026-08-18 10:00,31.5,29.1,270,R02C02,2,2,row_2,16,45.0,中,0.31,47.0,中,drought,hold,resample_before_action,中风险 + 高不确定性 → 重新采样后再决策,resample_sensors,medium,"hold_position:R02C02@(31.5,29.1); repeat_sampling_pass",resample_soil_moisture; resample_temperature; capture_context_image,none,R02C02 中风险且不确定性为中，重新采样后再决策,blocked_until_sensor_resample,queued_for_resampling,normal
2026-08-18 11:00,11.3,29.0,270,R02C01,2,1,row_2,16,45.0,中,0.41,47.0,中,drought,hold,resample_before_action,中风险 + 高不确定性 → 重新采样后再决策,resample_sensors,medium,"hold_position:R02C01@(11.3,29.0); repeat_sampling_pass",resample_soil_moisture; resample_temperature; capture_context_image,none,R02C01 中风险且不确定性为中，重新采样后再决策,blocked_until_sensor_resample,queued_for_resampling,normal
2026-08-18 12:00,10.5,49.2,90,R03C01,3,1,row_3,16,45.5,中,0.50,35.0,中,drought,hold,resample_before_action,中风险 + 高不确定性 → 重新采样后再决策,resample_sensors,medium,"hold_position:R03C01@(10.5,49.2); repeat_sampling_pass",resample_soil_moisture; resample_temperature; capture_context_image,none,R03C01 中风险且不确定性为中，重新采样后再决策,blocked_until_sensor_resample,queued_for_resampling,normal
2026-08-18 13:00,29.5,49.6,90,R03C02,3,2,row_3,16,71.4,中高,0.83,0.0,低,drought,execute,execute_recommended_action,高风险 + 低不确定性 → 允许执行建议动作,irrigation_alert,high,continue_patrol_after_marking:R03C02,verify_soil_moisture_next_pass,send_irrigation_alert,R03C02 干旱风险可信，触发灌溉提醒,human_or_controller_confirmation_required_for_irrigation,ready,normal
2026-08-18 14:00,48.7,50.1,90,R03C03,3,3,row_3,16,78.7,中高,0.93,0.0,低,drought,execute,execute_recommended_action,高风险 + 低不确定性 → 允许执行建议动作,irrigation_alert,high,continue_patrol_after_marking:R03C03,verify_soil_moisture_next_pass,send_irrigation_alert,R03C03 干旱风险可信，触发灌溉提醒,human_or_controller_confirmation_required_for_irrigation,ready,normal
2026-08-18 15:00,68.5,50.5,90,R03C04,3,4,row_3,16,80.5,高,0.98,0.0,低,drought,execute,execute_recommended_action,高风险 + 低不确定性 → 允许执行建议动作,irrigation_alert,high,continue_patrol_after_marking:R03C04,verify_soil_moisture_next_pass,send_irrigation_alert,R03C04 干旱风险可信，触发灌溉提醒,human_or_controller_confirmation_required_for_irrigation,ready,normal
2026-08-18 16:00,89.0,50.9,90,R03C05,3,5,row_3,16,80.7,高,0.98,0.0,低,drought,execute,execute_recommended_action,高风险 + 低不确定性 → 允许执行建议动作,irrigation_alert,high,continue_patrol_after_marking:R03C05,verify_soil_moisture_next_pass,send_irrigation_alert,R03C05 干旱风险可信，触发灌溉提醒,human_or_controller_confirmation_required_for_irrigation,ready,normal
2026-08-18 17:00,110.0,51.0,90,R03C06,3,6,row_3,16,76.5,中高,0.92,35.0,中,drought,hold,recheck_before_action,高风险 + 高不确定性 → 先复查，不直接执行动作,recheck_region,high,"navigate_to:R03C06@(110.0,51.0); slow_down; hold_safe_distance",capture_close_range_image; resample_environment_sensors,defer_field_actuation,R03C06 高风险但不确定性为中，先复查后再执行,blocked_until_recheck_confirms_state,queued_for_recheck,normal
2026-08-18 18:00,111.0,70.9,270,R04C06,4,6,row_4,16,74.6,中高,0.89,35.0,中,drought,hold,recheck_before_action,高风险 + 高不确定性 → 先复查，不直接执行动作,recheck_region,high,"navigate_to:R04C06@(111.0,70.9); slow_down; hold_safe_distance",capture_close_range_image; resample_environment_sensors,defer_field_actuation,R04C06 高风险但不确定性为中，先复查后再执行,blocked_until_recheck_confirms_state,queued_for_recheck,normal
2026-08-18 19:00,91.5,70.5,270,R04C05,4,5,row_4,16,73.1,中高,0.87,35.0,中,drought,hold,recheck_before_action,高风险 + 高不确定性 → 先复查，不直接执行动作,recheck_region,high,"navigate_to:R04C05@(91.5,70.5); slow_down; hold_safe_distance",capture_close_range_image; resample_environment_sensors,defer_field_actuation,R04C05 高风险但不确定性为中，先复查后再执行,blocked_until_recheck_confirms_state,queued_for_recheck,normal
2026-08-18 20:00,71.3,70.1,270,R04C04,4,4,row_4,16,70.4,中高,0.83,35.0,中,drought,hold,recheck_before_action,高风险 + 高不确定性 → 先复查，不直接执行动作,recheck_region,high,"navigate_to:R04C04@(71.3,70.1); slow_down; hold_safe_distance",capture_close_range_image; resample_environment_sensors,defer_field_actuation,R04C04 高风险但不确定性为中，先复查后再执行,blocked_until_recheck_confirms_state,queued_for_recheck,normal
2026-08-18 21:00,50.5,69.6,270,R04C03,4,3,row_4,16,69.1,中高,0.82,35.0,中,drought,hold,recheck_before_action,高风险 + 高不确定性 → 先复查，不直接执行动作,recheck_region,high,"navigate_to:R04C03@(50.5,69.6); slow_down; hold_safe_distance",capture_close_range_image; resample_environment_sensors,defer_field_actuation,R04C03 高风险但不确定性为中，先复查后再执行,blocked_until_recheck_confirms_state,queued_for_recheck,normal
2026-08-18 22:00,29.5,69.2,270,R04C02,4,2,row_4,16,67.8,中高,0.80,35.0,中,drought,hold,recheck_before_action,高风险 + 高不确定性 → 先复查，不直接执行动作,recheck_region,high,"navigate_to:R04C02@(29.5,69.2); slow_down; hold_safe_distance",capture_close_range_image; resample_environment_sensors,defer_field_actuation,R04C02 高风险但不确定性为中，先复查后再执行,blocked_until_recheck_confirms_state,queued_for_recheck,normal
2026-08-18 23:00,8.7,69.0,270,R04C01,4,1,row_4,16,72.3,中高,0.84,44.0,中,drought,hold,recheck_before_action,高风险 + 高不确定性 → 先复查，不直接执行动作,recheck_region,high,"navigate_to:R04C01@(8.7,69.0); slow_down; hold_safe_distance",capture_close_range_image; resample_environment_sensors,defer_field_actuation,R04C01 高风险但不确定性为中，先复查后再执行,blocked_until_recheck_confirms_state,queued_for_recheck,normal
2026-08-19 00:00,8.5,9.1,90,R01C01,1,1,row_1,17,12.7,很低,0.94,0.0,低,healthy,observe,routine_patrol,低风险 + 低不确定性 → 常规巡检,continue_patrol,low,continue_nominal_patrol,standard_periodic_sampling,none,R01C01 当前风险较低，保持常规巡检,normal_autonomy,ready,normal
2026-08-19 01:00,29.1,9.3,90,R01C02,1,2,row_1,17,8.3,很低,1.00,0.0,低,healthy,observe,routine_patrol,低风险 + 低不确定性 → 常规巡检,continue_patrol,low,continue_nominal_patrol,standard_periodic_sampling,none,R01C02 当前风险较低，保持常规巡检,normal_autonomy,ready,normal
2026-08-19 02:00,50.0,9.8,90,R01C03,1,3,row_1,17,8.2,很低,1.00,0.0,低,healthy,observe,routine_patrol,低风险 + 低不确定性 → 常规巡检,continue_patrol,low,continue_nominal_patrol,standard_periodic_sampling,none,R01C03 当前风险较低，保持常规巡检,normal_autonomy,ready,normal
2026-08-19 03:00,71.0,10.3,90,R01C04,1,4,row_1,17,8.2,很低,1.00,0.0,低,healthy,observe,routine_patrol,低风险 + 低不确定性 → 常规巡检,continue_patrol,low,continue_nominal_patrol,standard_periodic_sampling,none,R01C04 当前风险较低，保持常规巡检,normal_autonomy,ready,normal
2026-08-19 04:00,91.5,10.7,90,R01C05,1,5,row_1,17,8.2,很低,1.00,0.0,低,healthy,observe,routine_patrol,低风险 + 低不确定性 → 常规巡检,continue_patrol,low,continue_nominal_patrol,standard_periodic_sampling,none,R01C05 当前风险较低，保持常规巡检,normal_autonomy,ready,normal
2026-08-19 05:00,111.3,11.0,90,R01C06,1,6,row_1,17,8.2,很低,1.00,0.0,低,healthy,observe,routine_patrol,低风险 + 低不确定性 → 常规巡检,continue_patrol,low,continue_nominal_patrol,standard_periodic_sampling,none,R01C06 当前风险较低，保持常规巡检,normal_autonomy,ready,normal
2026-08-19 06:00,110.5,31.0,270,R02C06,2,6,row_2,17,8.2,很低,1.00,0.0,低,healthy,observe,routine_patrol,低风险 + 低不确定性 → 常规巡检,continue_patrol,low,continue_nominal_patrol,standard_periodic_sampling,none,R02C06 当前风险较低，保持常规巡检,normal_autonomy,ready,normal
2026-08-19 07:00,89.4,30.8,270,R02C05,2,5,row_2,17,8.2,很低,1.00,0.0,低,healthy,observe,routine_patrol,低风险 + 低不确定性 → 常规巡检,continue_patrol,low,continue_nominal_patrol,standard_periodic_sampling,none,R02C05 当前风险较低，保持常规巡检,normal_autonomy,ready,normal
2026-08-19 08:00,68.7,30.3,270,R02C04,2,4,row_2,17,8.2,很低,1.00,0.0,低,healthy,observe,routine_patrol,低风险 + 低不确定性 → 常规巡检,continue_patrol,low,continue_nominal_patrol,standard_periodic_sampling,none,R02C04 当前风险较低，保持常规巡检,normal_autonomy,ready,normal
2026-08-19 09:00,48.5,29.9,270,R02C03,2,3,row_2,17,45.0,中,0.07,47.0,中,drought,hold,resample_before_action,中风险 + 高不确定性 → 重新采样后再决策,resample_sensors,medium,"hold_position:R02C03@(48.5,29.9); repeat_sampling_pass",resample_soil_moisture; resample_temperature; capture_context_image,none,R02C03 中风险且不确定性为中，重新采样后再决策,blocked_until_sensor_resample,queued_for_resampling,normal
2026-08-19 10:00,29.1,29.4,270,R02C02,2,2,row_2,17,45.0,中,0.11,47.0,中,drought,hold,resample_before_action,中风险 + 高不确定性 → 重新采样后再决策,resample_sensors,medium,"hold_position:R02C02@(29.1,29.4); repeat_sampling_pass",resample_soil_moisture; resample_temperature; capture_context_image,none,R02C02 中风险且不确定性为中，重新采样后再决策,blocked_until_sensor_resample,queued_for_resampling,normal
2026-08-19 11:00,10.1,29.1,270,R02C01,2,1,row_2,17,45.0,中,0.17,47.0,中,drought,hold,resample_before_action,中风险 + 高不确定性 → 重新采样后再决策,resample_sensors,medium,"hold_position:R02C01@(10.1,29.1); repeat_sampling_pass",resample_soil_moisture; resample_temperature; capture_context_image,none,R02C01 中风险且不确定性为中，重新采样后再决策,blocked_until_sensor_resample,queued_for_resampling,normal
2026-08-19 12:00,11.0,49.0,90,R03C01,3,1,row_3,17,57.0,中,0.60,0.0,低,drought,hold,monitor_more_context,风险或不确定性处于中间状态 → 继续观察并收集更多上下文,monitor_context,normal,continue_patrol; revisit_region:R03C01,collect_next_context_window,none,R03C01 风险或不确定性处于中间状态，继续观察,no_direct_field_actuation,monitoring,normal
2026-08-19 13:00,31.5,49.2,90,R03C02,3,2,row_3,17,74.1,中高,0.89,0.0,低,drought,execute,execute_recommended_action,高风险 + 低不确定性 → 允许执行建议动作,irrigation_alert,high,continue_patrol_after_marking:R03C02,verify_soil_moisture_next_pass,send_irrigation_alert,R03C02 干旱风险可信，触发灌溉提醒,human_or_controller_confirmation_required_for_irrigation,ready,normal
2026-08-19 14:00,51.3,49.5,90,R03C03,3,3,row_3,17,80.2,高,0.97,0.0,低,drought,execute,execute_recommended_action,高风险 + 低不确定性 → 允许执行建议动作,irrigation_alert,high,continue_patrol_after_marking:R03C03,verify_soil_moisture_next_pass,send_irrigation_alert,R03C03 干旱风险可信，触发灌溉提醒,human_or_controller_confirmation_required_for_irrigation,ready,normal
2026-08-19 15:00,70.4,50.0,90,R03C04,3,4,row_3,17,80.6,高,0.98,0.0,低,drought,execute,execute_recommended_action,高风险 + 低不确定性 → 允许执行建议动作,irrigation_alert,high,continue_patrol_after_marking:R03C04,verify_soil_moisture_next_pass,send_irrigation_alert,R03C04 干旱风险可信，触发灌溉提醒,human_or_controller_confirmation_required_for_irrigation,ready,normal
2026-08-19 16:00,89.4,50.5,90,R03C05,3,5,row_3,17,80.8,高,0.98,0.0,低,drought,execute,execute_recommended_action,高风险 + 低不确定性 → 允许执行建议动作,irrigation_alert,high,continue_patrol_after_marking:R03C05,verify_soil_moisture_next_pass,send_irrigation_alert,R03C05 干旱风险可信，触发灌溉提醒,human_or_controller_confirmation_required_for_irrigation,ready,normal
2026-08-19 17:00,108.7,50.8,90,R03C06,3,6,row_3,17,76.1,中高,0.91,35.0,中,drought,hold,recheck_before_action,高风险 + 高不确定性 → 先复查，不直接执行动作,recheck_region,high,"navigate_to:R03C06@(108.7,50.8); slow_down; hold_safe_distance",capture_close_range_image; resample_environment_sensors,defer_field_actuation,R03C06 高风险但不确定性为中，先复查后再执行,blocked_until_recheck_confirms_state,queued_for_recheck,normal
2026-08-19 18:00,108.5,71.0,270,R04C06,4,6,row_4,17,74.0,中高,0.88,35.0,中,drought,hold,recheck_before_action,高风险 + 高不确定性 → 先复查，不直接执行动作,recheck_region,high,"navigate_to:R04C06@(108.5,71.0); slow_down; hold_safe_distance",capture_close_range_image; resample_environment_sensors,defer_field_actuation,R04C06 高风险但不确定性为中，先复查后再执行,blocked_until_recheck_confirms_state,queued_for_recheck,normal
2026-08-19 19:00,89.1,70.9,270,R04C05,4,5,row_4,17,72.9,中高,0.87,35.0,中,drought,hold,recheck_before_action,高风险 + 高不确定性 → 先复查，不直接执行动作,recheck_region,high,"navigate_to:R04C05@(89.1,70.9); slow_down; hold_safe_distance",capture_close_range_image; resample_environment_sensors,defer_field_actuation,R04C05 高风险但不确定性为中，先复查后再执行,blocked_until_recheck_confirms_state,queued_for_recheck,normal
2026-08-19 20:00,70.1,70.6,270,R04C04,4,4,row_4,17,72.0,中高,0.86,35.0,中,drought,hold,recheck_before_action,高风险 + 高不确定性 → 先复查，不直接执行动作,recheck_region,high,"navigate_to:R04C04@(70.1,70.6); slow_down; hold_safe_distance",capture_close_range_image; resample_environment_sensors,defer_field_actuation,R04C04 高风险但不确定性为中，先复查后再执行,blocked_until_recheck_confirms_state,queued_for_recheck,normal
2026-08-19 21:00,51.0,70.1,270,R04C03,4,3,row_4,17,70.7,中高,0.84,35.0,中,drought,hold,recheck_before_action,高风险 + 高不确定性 → 先复查，不直接执行动作,recheck_region,high,"navigate_to:R04C03@(51.0,70.1); slow_down; hold_safe_distance",capture_close_range_image; resample_environment_sensors,defer_field_actuation,R04C03 高风险但不确定性为中，先复查后再执行,blocked_until_recheck_confirms_state,queued_for_recheck,normal
2026-08-19 22:00,31.5,69.6,270,R04C02,4,2,row_4,17,69.4,中高,0.82,35.0,中,drought,hold,recheck_before_action,高风险 + 高不确定性 → 先复查，不直接执行动作,recheck_region,high,"navigate_to:R04C02@(31.5,69.6); slow_down; hold_safe_distance",capture_close_range_image; resample_environment_sensors,defer_field_actuation,R04C02 高风险但不确定性为中，先复查后再执行,blocked_until_recheck_confirms_state,queued_for_recheck,normal
2026-08-19 23:00,11.2,69.2,270,R04C01,4,1,row_4,17,68.3,中高,0.81,35.0,中,drought,hold,recheck_before_action,高风险 + 高不确定性 → 先复查，不直接执行动作,recheck_region,high,"navigate_to:R04C01@(11.2,69.2); slow_down; hold_safe_distance",capture_close_range_image; resample_environment_sensors,defer_field_actuation,R04C01 高风险但不确定性为中，先复查后再执行,blocked_until_recheck_confirms_state,queued_for_recheck,normal
2026-08-20 00:00,10.4,9.0,90,R01C01,1,1,row_1,18,67.9,中高,0.80,35.0,中,drought,hold,recheck_before_action,高风险 + 高不确定性 → 先复查，不直接执行动作,recheck_region,high,"navigate_to:R01C01@(10.4,9.0); slow_down; hold_safe_distance",capture_close_range_image; resample_environment_sensors,defer_field_actuation,R01C01 高风险但不确定性为中，先复查后再执行,blocked_until_recheck_confirms_state,queued_for_recheck,normal
2026-08-20 01:00,29.4,9.0,90,R01C02,1,2,row_1,18,67.0,中高,0.79,35.0,中,drought,hold,recheck_before_action,高风险 + 高不确定性 → 先复查，不直接执行动作,recheck_region,high,"navigate_to:R01C02@(29.4,9.0); slow_down; hold_safe_distance",capture_close_range_image; resample_environment_sensors,defer_field_actuation,R01C02 高风险但不确定性为中，先复查后再执行,blocked_until_recheck_confirms_state,queued_for_recheck,normal
2026-08-20 02:00,48.7,9.3,90,R01C03,1,3,row_1,18,67.1,中高,0.79,35.0,中,drought,hold,recheck_before_action,高风险 + 高不确定性 → 先复查，不直接执行动作,recheck_region,high,"navigate_to:R01C03@(48.7,9.3); slow_down; hold_safe_distance",capture_close_range_image; resample_environment_sensors,defer_field_actuation,R01C03 高风险但不确定性为中，先复查后再执行,blocked_until_recheck_confirms_state,queued_for_recheck,normal
2026-08-20 03:00,68.5,9.7,90,R01C04,1,4,row_1,18,67.5,中高,0.80,35.0,中,drought,hold,recheck_before_action,高风险 + 高不确定性 → 先复查，不直接执行动作,recheck_region,high,"navigate_to:R01C04@(68.5,9.7); slow_down; hold_safe_distance",capture_close_range_image; resample_environment_sensors,defer_field_actuation,R01C04 高风险但不确定性为中，先复查后再执行,blocked_until_recheck_confirms_state,queued_for_recheck,normal
2026-08-20 04:00,89.1,10.2,90,R01C05,1,5,row_1,18,67.9,中高,0.80,35.0,中,drought,hold,recheck_before_action,高风险 + 高不确定性 → 先复查，不直接执行动作,recheck_region,high,"navigate_to:R01C05@(89.1,10.2); slow_down; hold_safe_distance",capture_close_range_image; resample_environment_sensors,defer_field_actuation,R01C05 高风险但不确定性为中，先复查后再执行,blocked_until_recheck_confirms_state,queued_for_recheck,normal
2026-08-20 05:00,110.1,10.7,90,R01C06,1,6,row_1,18,67.9,中高,0.80,35.0,中,drought,hold,recheck_before_action,高风险 + 高不确定性 → 先复查，不直接执行动作,recheck_region,high,"navigate_to:R01C06@(110.1,10.7); slow_down; hold_safe_distance",capture_close_range_image; resample_environment_sensors,defer_field_actuation,R01C06 高风险但不确定性为中，先复查后再执行,blocked_until_recheck_confirms_state,queued_for_recheck,normal
2026-08-20 06:00,111.0,30.9,270,R02C06,2,6,row_2,18,76.0,中高,0.91,44.0,中,drought,hold,recheck_before_action,高风险 + 高不确定性 → 先复查，不直接执行动作,recheck_region,high,"navigate_to:R02C06@(111.0,30.9); slow_down; hold_safe_distance",capture_close_range_image; resample_environment_sensors,defer_field_actuation,R02C06 高风险但不确定性为中，先复查后再执行,blocked_until_recheck_confirms_state,queued_for_recheck,normal
2026-08-20 07:00,91.5,31.0,270,R02C05,2,5,row_2,18,80.0,高,0.97,0.0,低,drought,execute,execute_recommended_action,高风险 + 低不确定性 → 允许执行建议动作,irrigation_alert,high,continue_patrol_after_marking:R02C05,verify_soil_moisture_next_pass,send_irrigation_alert,R02C05 干旱风险可信，触发灌溉提醒,human_or_controller_confirmation_required_for_irrigation,ready,normal
2026-08-20 08:00,71.2,30.8,270,R02C04,2,4,row_2,18,80.4,高,0.98,0.0,低,drought,execute,execute_recommended_action,高风险 + 低不确定性 → 允许执行建议动作,irrigation_alert,high,continue_patrol_after_marking:R02C04,verify_soil_moisture_next_pass,send_irrigation_alert,R02C04 干旱风险可信，触发灌溉提醒,human_or_controller_confirmation_required_for_irrigation,ready,normal
2026-08-20 09:00,50.4,30.4,270,R02C03,2,3,row_2,18,80.6,高,0.97,0.0,低,drought,execute,execute_recommended_action,高风险 + 低不确定性 → 允许执行建议动作,irrigation_alert,high,continue_patrol_after_marking:R02C03,verify_soil_moisture_next_pass,send_irrigation_alert,R02C03 干旱风险可信，触发灌溉提醒,human_or_controller_confirmation_required_for_irrigation,ready,normal
2026-08-20 10:00,29.4,29.9,270,R02C02,2,2,row_2,18,80.5,高,0.96,0.0,低,drought,execute,execute_recommended_action,高风险 + 低不确定性 → 允许执行建议动作,irrigation_alert,high,continue_patrol_after_marking:R02C02,verify_soil_moisture_next_pass,send_irrigation_alert,R02C02 干旱风险可信，触发灌溉提醒,human_or_controller_confirmation_required_for_irrigation,ready,normal
2026-08-20 11:00,8.6,29.4,270,R02C01,2,1,row_2,18,80.6,高,0.97,0.0,低,drought,execute,execute_recommended_action,高风险 + 低不确定性 → 允许执行建议动作,irrigation_alert,high,continue_patrol_after_marking:R02C01,verify_soil_moisture_next_pass,send_irrigation_alert,R02C01 干旱风险可信，触发灌溉提醒,human_or_controller_confirmation_required_for_irrigation,ready,normal
2026-08-20 12:00,8.6,49.1,90,R03C01,3,1,row_3,18,80.5,高,0.98,0.0,低,drought,execute,execute_recommended_action,高风险 + 低不确定性 → 允许执行建议动作,irrigation_alert,high,continue_patrol_after_marking:R03C01,verify_soil_moisture_next_pass,send_irrigation_alert,R03C01 干旱风险可信，触发灌溉提醒,human_or_controller_confirmation_required_for_irrigation,ready,normal
2026-08-20 13:00,29.1,49.0,90,R03C02,3,2,row_3,18,80.5,高,0.98,0.0,低,drought,execute,execute_recommended_action,高风险 + 低不确定性 → 允许执行建议动作,irrigation_alert,high,continue_patrol_after_marking:R03C02,verify_soil_moisture_next_pass,send_irrigation_alert,R03C02 干旱风险可信，触发灌溉提醒,human_or_controller_confirmation_required_for_irrigation,ready,normal
2026-08-20 14:00,50.1,49.1,90,R03C03,3,3,row_3,18,80.4,高,0.98,0.0,低,drought,execute,execute_recommended_action,高风险 + 低不确定性 → 允许执行建议动作,irrigation_alert,high,continue_patrol_after_marking:R03C03,verify_soil_moisture_next_pass,send_irrigation_alert,R03C03 干旱风险可信，触发灌溉提醒,human_or_controller_confirmation_required_for_irrigation,ready,normal
2026-08-20 15:00,71.1,49.5,90,R03C04,3,4,row_3,18,80.4,高,0.96,0.0,低,drought,execute,execute_recommended_action,高风险 + 低不确定性 → 允许执行建议动作,irrigation_alert,high,continue_patrol_after_marking:R03C04,verify_soil_moisture_next_pass,send_irrigation_alert,R03C04 干旱风险可信，触发灌溉提醒,human_or_controller_confirmation_required_for_irrigation,ready,normal
2026-08-20 16:00,91.5,49.9,90,R03C05,3,5,row_3,18,80.6,高,0.98,0.0,低,drought,execute,execute_recommended_action,高风险 + 低不确定性 → 允许执行建议动作,irrigation_alert,high,continue_patrol_after_marking:R03C05,verify_soil_moisture_next_pass,send_irrigation_alert,R03C05 干旱风险可信，触发灌溉提醒,human_or_controller_confirmation_required_for_irrigation,ready,normal
2026-08-20 17:00,111.2,50.4,90,R03C06,3,6,row_3,18,80.5,高,0.98,0.0,低,drought,execute,execute_recommended_action,高风险 + 低不确定性 → 允许执行建议动作,irrigation_alert,high,continue_patrol_after_marking:R03C06,verify_soil_moisture_next_pass,send_irrigation_alert,R03C06 干旱风险可信，触发灌溉提醒,human_or_controller_confirmation_required_for_irrigation,ready,normal
2026-08-20 18:00,110.4,70.8,270,R04C06,4,6,row_4,18,74.5,中高,0.89,35.0,中,drought,hold,recheck_before_action,高风险 + 高不确定性 → 先复查，不直接执行动作,recheck_region,high,"navigate_to:R04C06@(110.4,70.8); slow_down; hold_safe_distance",capture_close_range_image; resample_environment_sensors,defer_field_actuation,R04C06 高风险但不确定性为中，先复查后再执行,blocked_until_recheck_confirms_state,queued_for_recheck,normal
2026-08-20 19:00,89.3,71.0,270,R04C05,4,5,row_4,18,71.7,中高,0.85,35.0,中,drought,hold,recheck_before_action,高风险 + 高不确定性 → 先复查，不直接执行动作,recheck_region,high,"navigate_to:R04C05@(89.3,71.0); slow_down; hold_safe_distance",capture_close_range_image; resample_environment_sensors,defer_field_actuation,R04C05 高风险但不确定性为中，先复查后再执行,blocked_until_recheck_confirms_state,queued_for_recheck,normal
2026-08-20 20:00,68.6,70.9,270,R04C04,4,4,row_4,18,69.1,中高,0.82,35.0,中,drought,hold,recheck_before_action,高风险 + 高不确定性 → 先复查，不直接执行动作,recheck_region,high,"navigate_to:R04C04@(68.6,70.9); slow_down; hold_safe_distance",capture_close_range_image; resample_environment_sensors,defer_field_actuation,R04C04 高风险但不确定性为中，先复查后再执行,blocked_until_recheck_confirms_state,queued_for_recheck,normal
2026-08-20 21:00,48.6,70.6,270,R04C03,4,3,row_4,18,68.3,中高,0.81,35.0,中,drought,hold,recheck_before_action,高风险 + 高不确定性 → 先复查，不直接执行动作,recheck_region,high,"navigate_to:R04C03@(48.6,70.6); slow_down; hold_safe_distance",capture_close_range_image; resample_environment_sensors,defer_field_actuation,R04C03 高风险但不确定性为中，先复查后再执行,blocked_until_recheck_confirms_state,queued_for_recheck,normal
2026-08-20 22:00,29.2,70.2,270,R04C02,4,2,row_4,18,65.0,中高,0.76,35.0,中,drought,hold,recheck_before_action,高风险 + 高不确定性 → 先复查，不直接执行动作,recheck_region,high,"navigate_to:R04C02@(29.2,70.2); slow_down; hold_safe_distance",capture_close_range_image; resample_environment_sensors,defer_field_actuation,R04C02 高风险但不确定性为中，先复查后再执行,blocked_until_recheck_confirms_state,queued_for_recheck,normal
2026-08-20 23:00,10.2,69.7,270,R04C01,4,1,row_4,18,62.3,中高,0.72,35.0,中,drought,hold,recheck_before_action,高风险 + 高不确定性 → 先复查，不直接执行动作,recheck_region,high,"navigate_to:R04C01@(10.2,69.7); slow_down; hold_safe_distance",capture_close_range_image; resample_environment_sensors,defer_field_actuation,R04C01 高风险但不确定性为中，先复查后再执行,blocked_until_recheck_confirms_state,queued_for_recheck,normal
2026-08-21 00:00,11.1,9.3,90,R01C01,1,1,row_1,19,11.5,很低,0.95,0.0,低,healthy,observe,routine_patrol,低风险 + 低不确定性 → 常规巡检,continue_patrol,low,continue_nominal_patrol,standard_periodic_sampling,none,R01C01 当前风险较低，保持常规巡检,normal_autonomy,ready,normal
2026-08-21 01:00,31.5,9.0,90,R01C02,1,2,row_1,19,8.4,很低,0.99,0.0,低,healthy,observe,routine_patrol,低风险 + 低不确定性 → 常规巡检,continue_patrol,low,continue_nominal_patrol,standard_periodic_sampling,none,R01C02 当前风险较低，保持常规巡检,normal_autonomy,ready,normal
2026-08-21 02:00,51.2,9.0,90,R01C03,1,3,row_1,19,8.3,很低,1.00,0.0,低,healthy,observe,routine_patrol,低风险 + 低不确定性 → 常规巡检,continue_patrol,low,continue_nominal_patrol,standard_periodic_sampling,none,R01C03 当前风险较低，保持常规巡检,normal_autonomy,ready,normal
2026-08-21 03:00,70.3,9.3,90,R01C04,1,4,row_1,19,8.2,很低,1.00,0.0,低,healthy,observe,routine_patrol,低风险 + 低不确定性 → 常规巡检,continue_patrol,low,continue_nominal_patrol,standard_periodic_sampling,none,R01C04 当前风险较低，保持常规巡检,normal_autonomy,ready,normal
2026-08-21 04:00,89.3,9.7,90,R01C05,1,5,row_1,19,45.0,中,0.05,47.0,中,drought,hold,resample_before_action,中风险 + 高不确定性 → 重新采样后再决策,resample_sensors,medium,"hold_position:R01C05@(89.3,9.7); repeat_sampling_pass",resample_soil_moisture; resample_temperature; capture_context_image,none,R01C05 中风险且不确定性为中，重新采样后再决策,blocked_until_sensor_resample,queued_for_resampling,normal
2026-08-21 05:00,108.6,10.2,90,R01C06,1,6,row_1,19,28.5,低,0.72,0.0,低,healthy,observe,routine_patrol,低风险 + 低不确定性 → 常规巡检,continue_patrol,low,continue_nominal_patrol,standard_periodic_sampling,none,R01C06 当前风险较低，保持常规巡检,normal_autonomy,ready,normal
2026-08-21 06:00,108.6,30.6,270,R02C06,2,6,row_2,19,45.0,中,0.03,47.0,中,drought,hold,resample_before_action,中风险 + 高不确定性 → 重新采样后再决策,resample_sensors,medium,"hold_position:R02C06@(108.6,30.6); repeat_sampling_pass",resample_soil_moisture; resample_temperature; capture_context_image,none,R02C06 中风险且不确定性为中，重新采样后再决策,blocked_until_sensor_resample,queued_for_resampling,normal
2026-08-21 07:00,89.2,30.9,270,R02C05,2,5,row_2,19,8.3,很低,1.00,0.0,低,healthy,observe,routine_patrol,低风险 + 低不确定性 → 常规巡检,continue_patrol,low,continue_nominal_patrol,standard_periodic_sampling,none,R02C05 当前风险较低，保持常规巡检,normal_autonomy,ready,normal
2026-08-21 08:00,70.2,31.0,270,R02C04,2,4,row_2,19,8.6,很低,0.99,44.0,中,healthy,hold,monitor_more_context,风险或不确定性处于中间状态 → 继续观察并收集更多上下文,monitor_context,normal,continue_patrol; revisit_region:R02C04,collect_next_context_window,none,R02C04 风险或不确定性处于中间状态，继续观察,no_direct_field_actuation,monitoring,normal
2026-08-21 09:00,51.1,30.8,270,R02C03,2,3,row_2,19,45.0,中,0.04,47.0,中,heat,hold,resample_before_action,中风险 + 高不确定性 → 重新采样后再决策,resample_sensors,medium,"hold_position:R02C03@(51.1,30.8); repeat_sampling_pass",resample_soil_moisture; resample_temperature; capture_context_image,none,R02C03 中风险且不确定性为中，重新采样后再决策,blocked_until_sensor_resample,queued_for_resampling,normal
2026-08-21 10:00,31.5,30.5,270,R02C02,2,2,row_2,19,20.9,低,0.81,0.0,低,healthy,observe,routine_patrol,低风险 + 低不确定性 → 常规巡检,continue_patrol,low,continue_nominal_patrol,standard_periodic_sampling,none,R02C02 当前风险较低，保持常规巡检,normal_autonomy,ready,normal
2026-08-21 11:00,11.2,30.0,270,R02C01,2,1,row_2,19,45.0,中,0.16,47.0,中,heat,hold,resample_before_action,中风险 + 高不确定性 → 重新采样后再决策,resample_sensors,medium,"hold_position:R02C01@(11.2,30.0); repeat_sampling_pass",resample_soil_moisture; resample_temperature; capture_context_image,none,R02C01 中风险且不确定性为中，重新采样后再决策,blocked_until_sensor_resample,queued_for_resampling,normal
2026-08-21 12:00,10.3,49.5,90,R03C01,3,1,row_3,19,45.0,中,0.17,47.0,中,heat,hold,resample_before_action,中风险 + 高不确定性 → 重新采样后再决策,resample_sensors,medium,"hold_position:R03C01@(10.3,49.5); repeat_sampling_pass",resample_soil_moisture; resample_temperature; capture_context_image,none,R03C01 中风险且不确定性为中，重新采样后再决策,blocked_until_sensor_resample,queued_for_resampling,normal
2026-08-21 13:00,29.3,49.1,90,R03C02,3,2,row_3,19,9.9,很低,0.97,0.0,低,healthy,observe,routine_patrol,低风险 + 低不确定性 → 常规巡检,continue_patrol,low,continue_nominal_patrol,standard_periodic_sampling,none,R03C02 当前风险较低，保持常规巡检,normal_autonomy,ready,normal
2026-08-21 14:00,48.6,49.0,90,R03C03,3,3,row_3,19,8.8,很低,0.99,0.0,低,healthy,observe,routine_patrol,低风险 + 低不确定性 → 常规巡检,continue_patrol,low,continue_nominal_patrol,standard_periodic_sampling,none,R03C03 当前风险较低，保持常规巡检,normal_autonomy,ready,normal
2026-08-21 15:00,68.6,49.1,90,R03C04,3,4,row_3,19,8.7,很低,0.99,0.0,低,healthy,observe,routine_patrol,低风险 + 低不确定性 → 常规巡检,continue_patrol,low,continue_nominal_patrol,standard_periodic_sampling,none,R03C04 当前风险较低，保持常规巡检,normal_autonomy,ready,normal
2026-08-21 16:00,89.2,49.4,90,R03C05,3,5,row_3,19,45.0,中,0.08,47.0,中,drought,hold,resample_before_action,中风险 + 高不确定性 → 重新采样后再决策,resample_sensors,medium,"hold_position:R03C05@(89.2,49.4); repeat_sampling_pass",resample_soil_moisture; resample_temperature; capture_context_image,none,R03C05 中风险且不确定性为中，重新采样后再决策,blocked_until_sensor_resample,queued_for_resampling,normal
2026-08-21 17:00,110.2,49.9,90,R03C06,3,6,row_3,19,45.0,中,0.16,47.0,中,drought,hold,resample_before_action,中风险 + 高不确定性 → 重新采样后再决策,resample_sensors,medium,"hold_position:R03C06@(110.2,49.9); repeat_sampling_pass",resample_soil_moisture; resample_temperature; capture_context_image,none,R03C06 中风险且不确定性为中，重新采样后再决策,blocked_until_sensor_resample,queued_for_resampling,normal
2026-08-21 18:00,111.1,70.4,270,R04C06,4,6,row_4,19,45.0,中,0.25,47.0,中,drought,hold,resample_before_action,中风险 + 高不确定性 → 重新采样后再决策,resample_sensors,medium,"hold_position:R04C06@(111.1,70.4); repeat_sampling_pass",resample_soil_moisture; resample_temperature; capture_context_image,none,R04C06 中风险且不确定性为中，重新采样后再决策,blocked_until_sensor_resample,queued_for_resampling,normal
2026-08-21 19:00,91.5,70.8,270,R04C05,4,5,row_4,19,45.0,中,0.34,47.0,中,drought,hold,resample_before_action,中风险 + 高不确定性 → 重新采样后再决策,resample_sensors,medium,"hold_position:R04C05@(91.5,70.8); repeat_sampling_pass",resample_soil_moisture; resample_temperature; capture_context_image,none,R04C05 中风险且不确定性为中，重新采样后再决策,blocked_until_sensor_resample,queued_for_resampling,normal
2026-08-21 20:00,71.2,71.0,270,R04C04,4,4,row_4,19,45.0,中,0.43,47.0,中,drought,hold,resample_before_action,中风险 + 高不确定性 → 重新采样后再决策,resample_sensors,medium,"hold_position:R04C04@(71.2,71.0); repeat_sampling_pass",resample_soil_moisture; resample_temperature; capture_context_image,none,R04C04 中风险且不确定性为中，重新采样后再决策,blocked_until_sensor_resample,queued_for_resampling,normal
2026-08-21 21:00,50.3,71.0,270,R04C03,4,3,row_4,19,46.3,中,0.51,35.0,中,drought,hold,resample_before_action,中风险 + 高不确定性 → 重新采样后再决策,resample_sensors,medium,"hold_position:R04C03@(50.3,71.0); repeat_sampling_pass",resample_soil_moisture; resample_temperature; capture_context_image,none,R04C03 中风险且不确定性为中，重新采样后再决策,blocked_until_sensor_resample,queued_for_resampling,normal
2026-08-21 22:00,29.3,70.7,270,R04C02,4,2,row_4,19,46.3,中,0.51,35.0,中,drought,hold,resample_before_action,中风险 + 高不确定性 → 重新采样后再决策,resample_sensors,medium,"hold_position:R04C02@(29.3,70.7); repeat_sampling_pass",resample_soil_moisture; resample_temperature; capture_context_image,none,R04C02 中风险且不确定性为中，重新采样后再决策,blocked_until_sensor_resample,queued_for_resampling,normal
2026-08-21 23:00,8.6,70.3,270,R04C01,4,1,row_4,19,47.6,中,0.52,35.0,中,drought,hold,resample_before_action,中风险 + 高不确定性 → 重新采样后再决策,resample_sensors,medium,"hold_position:R04C01@(8.6,70.3); repeat_sampling_pass",resample_soil_moisture; resample_temperature; capture_context_image,none,R04C01 中风险且不确定性为中，重新采样后再决策,blocked_until_sensor_resample,queued_for_resampling,normal
2026-08-22 00:00,8.6,9.8,90,R01C01,1,1,row_1,20,46.8,中,0.51,35.0,中,drought,hold,resample_before_action,中风险 + 高不确定性 → 重新采样后再决策,resample_sensors,medium,"hold_position:R01C01@(8.6,9.8); repeat_sampling_pass",resample_soil_moisture; resample_temperature; capture_context_image,none,R01C01 中风险且不确定性为中，重新采样后再决策,blocked_until_sensor_resample,queued_for_resampling,normal
2026-08-22 01:00,29.2,9.3,90,R01C02,1,2,row_1,20,46.6,中,0.51,35.0,中,drought,hold,resample_before_action,中风险 + 高不确定性 → 重新采样后再决策,resample_sensors,medium,"hold_position:R01C02@(29.2,9.3); repeat_sampling_pass",resample_soil_moisture; resample_temperature; capture_context_image,none,R01C02 中风险且不确定性为中，重新采样后再决策,blocked_until_sensor_resample,queued_for_resampling,normal
2026-08-22 02:00,50.2,9.1,90,R01C03,1,3,row_1,20,48.6,中,0.54,35.0,中,drought,hold,resample_before_action,中风险 + 高不确定性 → 重新采样后再决策,resample_sensors,medium,"hold_position:R01C03@(50.2,9.1); repeat_sampling_pass",resample_soil_moisture; resample_temperature; capture_context_image,none,R01C03 中风险且不确定性为中，重新采样后再决策,blocked_until_sensor_resample,queued_for_resampling,normal
2026-08-22 03:00,71.1,9.0,90,R01C04,1,4,row_1,20,49.6,中,0.55,35.0,中,drought,hold,resample_before_action,中风险 + 高不确定性 → 重新采样后再决策,resample_sensors,medium,"hold_position:R01C04@(71.1,9.0); repeat_sampling_pass",resample_soil_moisture; resample_temperature; capture_context_image,none,R01C04 中风险且不确定性为中，重新采样后再决策,blocked_until_sensor_resample,queued_for_resampling,normal
2026-08-22 04:00,91.5,9.2,90,R01C05,1,5,row_1,20,48.9,中,0.54,35.0,中,drought,hold,resample_before_action,中风险 + 高不确定性 → 重新采样后再决策,resample_sensors,medium,"hold_position:R01C05@(91.5,9.2); repeat_sampling_pass",resample_soil_moisture; resample_temperature; capture_context_image,none,R01C05 中风险且不确定性为中，重新采样后再决策,blocked_until_sensor_resample,queued_for_resampling,normal
2026-08-22 05:00,111.2,9.6,90,R01C06,1,6,row_1,20,48.1,中,0.53,35.0,中,drought,hold,resample_before_action,中风险 + 高不确定性 → 重新采样后再决策,resample_sensors,medium,"hold_position:R01C06@(111.2,9.6); repeat_sampling_pass",resample_soil_moisture; resample_temperature; capture_context_image,none,R01C06 中风险且不确定性为中，重新采样后再决策,blocked_until_sensor_resample,queued_for_resampling,normal
2026-08-22 06:00,110.3,30.1,270,R02C06,2,6,row_2,20,64.5,中高,0.75,0.0,低,drought,execute,execute_recommended_action,高风险 + 低不确定性 → 允许执行建议动作,irrigation_alert,high,continue_patrol_after_marking:R02C06,verify_soil_moisture_next_pass,send_irrigation_alert,R02C06 干旱风险可信，触发灌溉提醒,human_or_controller_confirmation_required_for_irrigation,ready,normal
2026-08-22 07:00,89.3,30.6,270,R02C05,2,5,row_2,20,60.9,中高,0.70,35.0,中,drought,hold,recheck_before_action,高风险 + 高不确定性 → 先复查，不直接执行动作,recheck_region,high,"navigate_to:R02C05@(89.3,30.6); slow_down; hold_safe_distance",capture_close_range_image; resample_environment_sensors,defer_field_actuation,R02C05 高风险但不确定性为中，先复查后再执行,blocked_until_recheck_confirms_state,queued_for_recheck,normal
2026-08-22 08:00,68.6,30.9,270,R02C04,2,4,row_2,20,77.6,中高,0.94,0.0,低,drought,execute,execute_recommended_action,高风险 + 低不确定性 → 允许执行建议动作,irrigation_alert,high,continue_patrol_after_marking:R02C04,verify_soil_moisture_next_pass,send_irrigation_alert,R02C04 干旱风险可信，触发灌溉提醒,human_or_controller_confirmation_required_for_irrigation,ready,normal
2026-08-22 09:00,48.6,31.0,270,R02C03,2,3,row_2,20,80.5,高,0.98,0.0,低,drought,execute,execute_recommended_action,高风险 + 低不确定性 → 允许执行建议动作,irrigation_alert,high,continue_patrol_after_marking:R02C03,verify_soil_moisture_next_pass,send_irrigation_alert,R02C03 干旱风险可信，触发灌溉提醒,human_or_controller_confirmation_required_for_irrigation,ready,normal
2026-08-22 10:00,29.2,30.9,270,R02C02,2,2,row_2,20,80.8,高,0.98,0.0,低,drought,execute,execute_recommended_action,高风险 + 低不确定性 → 允许执行建议动作,irrigation_alert,high,continue_patrol_after_marking:R02C02,verify_soil_moisture_next_pass,send_irrigation_alert,R02C02 干旱风险可信，触发灌溉提醒,human_or_controller_confirmation_required_for_irrigation,ready,normal
2026-08-22 11:00,10.3,30.5,270,R02C01,2,1,row_2,20,80.7,高,0.97,0.0,低,drought,execute,execute_recommended_action,高风险 + 低不确定性 → 允许执行建议动作,irrigation_alert,high,continue_patrol_after_marking:R02C01,verify_soil_moisture_next_pass,send_irrigation_alert,R02C01 干旱风险可信，触发灌溉提醒,human_or_controller_confirmation_required_for_irrigation,ready,normal
2026-08-22 12:00,11.2,50.0,90,R03C01,3,1,row_3,20,80.8,高,0.97,0.0,低,drought,execute,execute_recommended_action,高风险 + 低不确定性 → 允许执行建议动作,irrigation_alert,high,continue_patrol_after_marking:R03C01,verify_soil_moisture_next_pass,send_irrigation_alert,R03C01 干旱风险可信，触发灌溉提醒,human_or_controller_confirmation_required_for_irrigation,ready,normal
2026-08-22 13:00,31.5,49.6,90,R03C02,3,2,row_3,20,80.8,高,0.97,0.0,低,drought,execute,execute_recommended_action,高风险 + 低不确定性 → 允许执行建议动作,irrigation_alert,high,continue_patrol_after_marking:R03C02,verify_soil_moisture_next_pass,send_irrigation_alert,R03C02 干旱风险可信，触发灌溉提醒,human_or_controller_confirmation_required_for_irrigation,ready,normal
2026-08-22 14:00,51.1,49.2,90,R03C03,3,3,row_3,20,80.8,高,0.98,0.0,低,drought,execute,execute_recommended_action,高风险 + 低不确定性 → 允许执行建议动作,irrigation_alert,high,continue_patrol_after_marking:R03C03,verify_soil_moisture_next_pass,send_irrigation_alert,R03C03 干旱风险可信，触发灌溉提醒,human_or_controller_confirmation_required_for_irrigation,ready,normal
2026-08-22 15:00,70.2,49.0,90,R03C04,3,4,row_3,20,80.7,高,0.98,0.0,低,drought,execute,execute_recommended_action,高风险 + 低不确定性 → 允许执行建议动作,irrigation_alert,high,continue_patrol_after_marking:R03C04,verify_soil_moisture_next_pass,send_irrigation_alert,R03C04 干旱风险可信，触发灌溉提醒,human_or_controller_confirmation_required_for_irrigation,ready,normal
2026-08-22 16:00,89.2,49.1,90,R03C05,3,5,row_3,20,80.6,高,0.98,0.0,低,drought,execute,execute_recommended_action,高风险 + 低不确定性 → 允许执行建议动作,irrigation_alert,high,continue_patrol_after_marking:R03C05,verify_soil_moisture_next_pass,send_irrigation_alert,R03C05 干旱风险可信，触发灌溉提醒,human_or_controller_confirmation_required_for_irrigation,ready,normal
2026-08-22 17:00,108.6,49.4,90,R03C06,3,6,row_3,20,74.6,中高,0.89,35.0,中,drought,hold,recheck_before_action,高风险 + 高不确定性 → 先复查，不直接执行动作,recheck_region,high,"navigate_to:R03C06@(108.6,49.4); slow_down; hold_safe_distance",capture_close_range_image; resample_environment_sensors,defer_field_actuation,R03C06 高风险但不确定性为中，先复查后再执行,blocked_until_recheck_confirms_state,queued_for_recheck,normal
2026-08-22 18:00,108.6,69.8,270,R04C06,4,6,row_4,20,71.5,中高,0.85,35.0,中,drought,hold,recheck_before_action,高风险 + 高不确定性 → 先复查，不直接执行动作,recheck_region,high,"navigate_to:R04C06@(108.6,69.8); slow_down; hold_safe_distance",capture_close_range_image; resample_environment_sensors,defer_field_actuation,R04C06 高风险但不确定性为中，先复查后再执行,blocked_until_recheck_confirms_state,queued_for_recheck,normal
2026-08-22 19:00,89.3,70.3,270,R04C05,4,5,row_4,20,68.7,中高,0.81,35.0,中,drought,hold,recheck_before_action,高风险 + 高不确定性 → 先复查，不直接执行动作,recheck_region,high,"navigate_to:R04C05@(89.3,70.3); slow_down; hold_safe_distance",capture_close_range_image; resample_environment_sensors,defer_field_actuation,R04C05 高风险但不确定性为中，先复查后再执行,blocked_until_recheck_confirms_state,queued_for_recheck,normal
2026-08-22 20:00,70.3,70.7,270,R04C04,4,4,row_4,20,76.1,中高,0.91,44.0,中,drought,hold,recheck_before_action,高风险 + 高不确定性 → 先复查，不直接执行动作,recheck_region,high,"navigate_to:R04C04@(70.3,70.7); slow_down; hold_safe_distance",capture_close_range_image; resample_environment_sensors,defer_field_actuation,R04C04 高风险但不确定性为中，先复查后再执行,blocked_until_recheck_confirms_state,queued_for_recheck,normal
2026-08-22 21:00,51.2,71.0,270,R04C03,4,3,row_4,20,71.9,中高,0.85,35.0,中,drought,hold,recheck_before_action,高风险 + 高不确定性 → 先复查，不直接执行动作,recheck_region,high,"navigate_to:R04C03@(51.2,71.0); slow_down; hold_safe_distance",capture_close_range_image; resample_environment_sensors,defer_field_actuation,R04C03 高风险但不确定性为中，先复查后再执行,blocked_until_recheck_confirms_state,queued_for_recheck,normal
2026-08-22 22:00,31.5,71.0,270,R04C02,4,2,row_4,20,64.4,中高,0.74,35.0,中,drought,hold,recheck_before_action,高风险 + 高不确定性 → 先复查，不直接执行动作,recheck_region,high,"navigate_to:R04C02@(31.5,71.0); slow_down; hold_safe_distance",capture_close_range_image; resample_environment_sensors,defer_field_actuation,R04C02 高风险但不确定性为中，先复查后再执行,blocked_until_recheck_confirms_state,queued_for_recheck,normal
2026-08-22 23:00,11.1,70.7,270,R04C01,4,1,row_4,20,45.0,中,0.17,47.0,中,drought,hold,resample_before_action,中风险 + 高不确定性 → 重新采样后再决策,resample_sensors,medium,"hold_position:R04C01@(11.1,70.7); repeat_sampling_pass",resample_soil_moisture; resample_temperature; capture_context_image,none,R04C01 中风险且不确定性为中，重新采样后再决策,blocked_until_sensor_resample,queued_for_resampling,normal
2026-08-23 00:00,10.2,10.3,90,R01C01,1,1,row_1,21,8.6,很低,0.99,0.0,低,healthy,observe,routine_patrol,低风险 + 低不确定性 → 常规巡检,continue_patrol,low,continue_nominal_patrol,standard_periodic_sampling,none,R01C01 当前风险较低，保持常规巡检,normal_autonomy,ready,normal
2026-08-23 01:00,29.2,9.8,90,R01C02,1,2,row_1,21,8.2,很低,1.00,0.0,低,healthy,observe,routine_patrol,低风险 + 低不确定性 → 常规巡检,continue_patrol,low,continue_nominal_patrol,standard_periodic_sampling,none,R01C02 当前风险较低，保持常规巡检,normal_autonomy,ready,normal
2026-08-23 02:00,48.6,9.4,90,R01C03,1,3,row_1,21,8.2,很低,1.00,0.0,低,healthy,observe,routine_patrol,低风险 + 低不确定性 → 常规巡检,continue_patrol,low,continue_nominal_patrol,standard_periodic_sampling,none,R01C03 当前风险较低，保持常规巡检,normal_autonomy,ready,normal
2026-08-23 03:00,68.6,9.1,90,R01C04,1,4,row_1,21,8.2,很低,1.00,0.0,低,healthy,observe,routine_patrol,低风险 + 低不确定性 → 常规巡检,continue_patrol,low,continue_nominal_patrol,standard_periodic_sampling,none,R01C04 当前风险较低，保持常规巡检,normal_autonomy,ready,normal
2026-08-23 04:00,89.3,9.0,90,R01C05,1,5,row_1,21,8.2,很低,1.00,0.0,低,healthy,observe,routine_patrol,低风险 + 低不确定性 → 常规巡检,continue_patrol,low,continue_nominal_patrol,standard_periodic_sampling,none,R01C05 当前风险较低，保持常规巡检,normal_autonomy,ready,normal
2026-08-23 05:00,110.3,9.2,90,R01C06,1,6,row_1,21,8.2,很低,1.00,0.0,低,healthy,observe,routine_patrol,低风险 + 低不确定性 → 常规巡检,continue_patrol,low,continue_nominal_patrol,standard_periodic_sampling,none,R01C06 当前风险较低，保持常规巡检,normal_autonomy,ready,normal
2026-08-23 06:00,111.2,29.5,270,R02C06,2,6,row_2,21,8.2,很低,1.00,0.0,低,healthy,observe,routine_patrol,低风险 + 低不确定性 → 常规巡检,continue_patrol,low,continue_nominal_patrol,standard_periodic_sampling,none,R02C06 当前风险较低，保持常规巡检,normal_autonomy,ready,normal
2026-08-23 07:00,91.5,30.0,270,R02C05,2,5,row_2,21,8.2,很低,1.00,0.0,低,healthy,observe,routine_patrol,低风险 + 低不确定性 → 常规巡检,continue_patrol,low,continue_nominal_patrol,standard_periodic_sampling,none,R02C05 当前风险较低，保持常规巡检,normal_autonomy,ready,normal
2026-08-23 08:00,71.1,30.5,270,R02C04,2,4,row_2,21,8.2,很低,1.00,0.0,低,healthy,observe,routine_patrol,低风险 + 低不确定性 → 常规巡检,continue_patrol,low,continue_nominal_patrol,standard_periodic_sampling,none,R02C04 当前风险较低，保持常规巡检,normal_autonomy,ready,normal
2026-08-23 09:00,50.2,30.9,270,R02C03,2,3,row_2,21,8.5,很低,0.99,0.0,低,healthy,observe,routine_patrol,低风险 + 低不确定性 → 常规巡检,continue_patrol,low,continue_nominal_patrol,standard_periodic_sampling,none,R02C03 当前风险较低，保持常规巡检,normal_autonomy,ready,normal
2026-08-23 10:00,29.2,31.0,270,R02C02,2,2,row_2,21,45.0,中,0.08,47.0,中,drought,hold,resample_before_action,中风险 + 高不确定性 → 重新采样后再决策,resample_sensors,medium,"hold_position:R02C02@(29.2,31.0); repeat_sampling_pass",resample_soil_moisture; resample_temperature; capture_context_image,none,R02C02 中风险且不确定性为中，重新采样后再决策,blocked_until_sensor_resample,queued_for_resampling,normal
2026-08-23 11:00,8.6,30.9,270,R02C01,2,1,row_2,21,45.0,中,0.12,47.0,中,drought,hold,resample_before_action,中风险 + 高不确定性 → 重新采样后再决策,resample_sensors,medium,"hold_position:R02C01@(8.6,30.9); repeat_sampling_pass",resample_soil_moisture; resample_temperature; capture_context_image,none,R02C01 中风险且不确定性为中，重新采样后再决策,blocked_until_sensor_resample,queued_for_resampling,normal
2026-08-23 12:00,8.6,50.6,90,R03C01,3,1,row_3,21,45.0,中,0.23,47.0,中,drought,hold,resample_before_action,中风险 + 高不确定性 → 重新采样后再决策,resample_sensors,medium,"hold_position:R03C01@(8.6,50.6); repeat_sampling_pass",resample_soil_moisture; resample_temperature; capture_context_image,none,R03C01 中风险且不确定性为中，重新采样后再决策,blocked_until_sensor_resample,queued_for_resampling,normal
2026-08-23 13:00,29.3,50.1,90,R03C02,3,2,row_3,21,45.0,中,0.25,47.0,中,drought,hold,resample_before_action,中风险 + 高不确定性 → 重新采样后再决策,resample_sensors,medium,"hold_position:R03C02@(29.3,50.1); repeat_sampling_pass",resample_soil_moisture; resample_temperature; capture_context_image,none,R03C02 中风险且不确定性为中，重新采样后再决策,blocked_until_sensor_resample,queued_for_resampling,normal
2026-08-23 14:00,50.3,49.6,90,R03C03,3,3,row_3,21,45.0,中,0.31,47.0,中,drought,hold,resample_before_action,中风险 + 高不确定性 → 重新采样后再决策,resample_sensors,medium,"hold_position:R03C03@(50.3,49.6); repeat_sampling_pass",resample_soil_moisture; resample_temperature; capture_context_image,none,R03C03 中风险且不确定性为中，重新采样后再决策,blocked_until_sensor_resample,queued_for_resampling,normal
2026-08-23 15:00,71.2,49.2,90,R03C04,3,4,row_3,21,45.0,中,0.34,47.0,中,drought,hold,resample_before_action,中风险 + 高不确定性 → 重新采样后再决策,resample_sensors,medium,"hold_position:R03C04@(71.2,49.2); repeat_sampling_pass",resample_soil_moisture; resample_temperature; capture_context_image,none,R03C04 中风险且不确定性为中，重新采样后再决策,blocked_until_sensor_resample,queued_for_resampling,normal
2026-08-23 16:00,91.5,49.0,90,R03C05,3,5,row_3,21,45.0,中,0.36,47.0,中,drought,hold,resample_before_action,中风险 + 高不确定性 → 重新采样后再决策,resample_sensors,medium,"hold_position:R03C05@(91.5,49.0); repeat_sampling_pass",resample_soil_moisture; resample_temperature; capture_context_image,none,R03C05 中风险且不确定性为中，重新采样后再决策,blocked_until_sensor_resample,queued_for_resampling,normal
2026-08-23 17:00,111.1,49.0,90,R03C06,3,6,row_3,21,45.0,中,0.37,47.0,中,drought,hold,resample_before_action,中风险 + 高不确定性 → 重新采样后再决策,resample_sensors,medium,"hold_position:R03C06@(111.1,49.0); repeat_sampling_pass",resample_soil_moisture; resample_temperature; capture_context_image,none,R03C06 中风险且不确定性为中，重新采样后再决策,blocked_until_sensor_resample,queued_for_resampling,normal
2026-08-23 18:00,110.2,69.3,270,R04C06,4,6,row_4,21,45.0,中,0.42,47.0,中,drought,hold,resample_before_action,中风险 + 高不确定性 → 重新采样后再决策,resample_sensors,medium,"hold_position:R04C06@(110.2,69.3); repeat_sampling_pass",resample_soil_moisture; resample_temperature; capture_context_image,none,R04C06 中风险且不确定性为中，重新采样后再决策,blocked_until_sensor_resample,queued_for_resampling,normal
2026-08-23 19:00,89.2,69.7,270,R04C05,4,5,row_4,21,46.6,中,0.51,35.0,中,drought,hold,resample_before_action,中风险 + 高不确定性 → 重新采样后再决策,resample_sensors,medium,"hold_position:R04C05@(89.2,69.7); repeat_sampling_pass",resample_soil_moisture; resample_temperature; capture_context_image,none,R04C05 中风险且不确定性为中，重新采样后再决策,blocked_until_sensor_resample,queued_for_resampling,normal
2026-08-23 20:00,68.6,70.2,270,R04C04,4,4,row_4,21,46.5,中,0.51,35.0,中,drought,hold,resample_before_action,中风险 + 高不确定性 → 重新采样后再决策,resample_sensors,medium,"hold_position:R04C04@(68.6,70.2); repeat_sampling_pass",resample_soil_moisture; resample_temperature; capture_context_image,none,R04C04 中风险且不确定性为中，重新采样后再决策,blocked_until_sensor_resample,queued_for_resampling,normal
2026-08-23 21:00,48.6,70.7,270,R04C03,4,3,row_4,21,47.0,中,0.52,35.0,中,drought,hold,resample_before_action,中风险 + 高不确定性 → 重新采样后再决策,resample_sensors,medium,"hold_position:R04C03@(48.6,70.7); repeat_sampling_pass",resample_soil_moisture; resample_temperature; capture_context_image,none,R04C03 中风险且不确定性为中，重新采样后再决策,blocked_until_sensor_resample,queued_for_resampling,normal
2026-08-23 22:00,29.3,70.9,270,R04C02,4,2,row_4,21,47.3,中,0.52,35.0,中,drought,hold,resample_before_action,中风险 + 高不确定性 → 重新采样后再决策,resample_sensors,medium,"hold_position:R04C02@(29.3,70.9); repeat_sampling_pass",resample_soil_moisture; resample_temperature; capture_context_image,none,R04C02 中风险且不确定性为中，重新采样后再决策,blocked_until_sensor_resample,queued_for_resampling,normal
2026-08-23 23:00,10.4,71.0,270,R04C01,4,1,row_4,21,47.0,中,0.52,35.0,中,drought,hold,resample_before_action,中风险 + 高不确定性 → 重新采样后再决策,resample_sensors,medium,"hold_position:R04C01@(10.4,71.0); repeat_sampling_pass",resample_soil_moisture; resample_temperature; capture_context_image,none,R04C01 中风险且不确定性为中，重新采样后再决策,blocked_until_sensor_resample,queued_for_resampling,normal
2026-08-24 00:00,11.2,10.8,90,R01C01,1,1,row_1,22,47.6,中,0.52,35.0,中,drought,hold,resample_before_action,中风险 + 高不确定性 → 重新采样后再决策,resample_sensors,medium,"hold_position:R01C01@(11.2,10.8); repeat_sampling_pass",resample_soil_moisture; resample_temperature; capture_context_image,none,R01C01 中风险且不确定性为中，重新采样后再决策,blocked_until_sensor_resample,queued_for_resampling,normal
2026-08-24 01:00,31.5,10.4,90,R01C02,1,2,row_1,22,48.4,中,0.54,35.0,中,drought,hold,resample_before_action,中风险 + 高不确定性 → 重新采样后再决策,resample_sensors,medium,"hold_position:R01C02@(31.5,10.4); repeat_sampling_pass",resample_soil_moisture; resample_temperature; capture_context_image,none,R01C02 中风险且不确定性为中，重新采样后再决策,blocked_until_sensor_resample,queued_for_resampling,normal
2026-08-24 02:00,51.1,9.9,90,R01C03,1,3,row_1,22,48.8,中,0.54,35.0,中,drought,hold,resample_before_action,中风险 + 高不确定性 → 重新采样后再决策,resample_sensors,medium,"hold_position:R01C03@(51.1,9.9); repeat_sampling_pass",resample_soil_moisture; resample_temperature; capture_context_image,none,R01C03 中风险且不确定性为中，重新采样后再决策,blocked_until_sensor_resample,queued_for_resampling,normal
2026-08-24 03:00,70.1,9.4,90,R01C04,1,4,row_1,22,48.2,中,0.53,35.0,中,drought,hold,resample_before_action,中风险 + 高不确定性 → 重新采样后再决策,resample_sensors,medium,"hold_position:R01C04@(70.1,9.4); repeat_sampling_pass",resample_soil_moisture; resample_temperature; capture_context_image,none,R01C04 中风险且不确定性为中，重新采样后再决策,blocked_until_sensor_resample,queued_for_resampling,normal
2026-08-24 04:00,89.2,9.1,90,R01C05,1,5,row_1,22,47.5,中,0.52,35.0,中,drought,hold,resample_before_action,中风险 + 高不确定性 → 重新采样后再决策,resample_sensors,medium,"hold_position:R01C05@(89.2,9.1); repeat_sampling_pass",resample_soil_moisture; resample_temperature; capture_context_image,none,R01C05 中风险且不确定性为中，重新采样后再决策,blocked_until_sensor_resample,queued_for_resampling,normal
2026-08-24 05:00,108.6,9.0,90,R01C06,1,6,row_1,22,49.1,中,0.55,35.0,中,drought,hold,resample_before_action,中风险 + 高不确定性 → 重新采样后再决策,resample_sensors,medium,"hold_position:R01C06@(108.6,9.0); repeat_sampling_pass",resample_soil_moisture; resample_temperature; capture_context_image,none,R01C06 中风险且不确定性为中，重新采样后再决策,blocked_until_sensor_resample,queued_for_resampling,normal
2026-08-24 06:00,108.6,29.1,270,R02C06,2,6,row_2,22,49.2,中,0.55,35.0,中,drought,hold,resample_before_action,中风险 + 高不确定性 → 重新采样后再决策,resample_sensors,medium,"hold_position:R02C06@(108.6,29.1); repeat_sampling_pass",resample_soil_moisture; resample_temperature; capture_context_image,none,R02C06 中风险且不确定性为中，重新采样后再决策,blocked_until_sensor_resample,queued_for_resampling,normal
2026-08-24 07:00,89.4,29.5,270,R02C05,2,5,row_2,22,9.7,很低,0.98,0.0,低,healthy,observe,routine_patrol,低风险 + 低不确定性 → 常规巡检,continue_patrol,low,continue_nominal_patrol,standard_periodic_sampling,none,R02C05 当前风险较低，保持常规巡检,normal_autonomy,ready,normal
2026-08-24 08:00,70.4,30.0,270,R02C04,2,4,row_2,22,8.3,很低,0.99,0.0,低,healthy,observe,routine_patrol,低风险 + 低不确定性 → 常规巡检,continue_patrol,low,continue_nominal_patrol,standard_periodic_sampling,none,R02C04 当前风险较低，保持常规巡检,normal_autonomy,ready,normal
2026-08-24 09:00,51.2,30.4,270,R02C03,2,3,row_2,22,8.3,很低,1.00,0.0,低,healthy,observe,routine_patrol,低风险 + 低不确定性 → 常规巡检,continue_patrol,low,continue_nominal_patrol,standard_periodic_sampling,none,R02C03 当前风险较低，保持常规巡检,normal_autonomy,ready,normal
2026-08-24 10:00,31.5,30.8,270,R02C02,2,2,row_2,22,8.3,很低,1.00,0.0,低,healthy,observe,routine_patrol,低风险 + 低不确定性 → 常规巡检,continue_patrol,low,continue_nominal_patrol,standard_periodic_sampling,none,R02C02 当前风险较低，保持常规巡检,normal_autonomy,ready,normal
2026-08-24 11:00,11.1,31.0,270,R02C01,2,1,row_2,22,8.3,很低,1.00,0.0,低,healthy,observe,routine_patrol,低风险 + 低不确定性 → 常规巡检,continue_patrol,low,continue_nominal_patrol,standard_periodic_sampling,none,R02C01 当前风险较低，保持常规巡检,normal_autonomy,ready,normal
2026-08-24 12:00,10.1,50.9,90,R03C01,3,1,row_3,22,8.2,很低,1.00,0.0,低,healthy,observe,routine_patrol,低风险 + 低不确定性 → 常规巡检,continue_patrol,low,continue_nominal_patrol,standard_periodic_sampling,none,R03C01 当前风险较低，保持常规巡检,normal_autonomy,ready,normal
2026-08-24 13:00,29.1,50.6,90,R03C02,3,2,row_3,22,8.2,很低,1.00,0.0,低,healthy,observe,routine_patrol,低风险 + 低不确定性 → 常规巡检,continue_patrol,low,continue_nominal_patrol,standard_periodic_sampling,none,R03C02 当前风险较低，保持常规巡检,normal_autonomy,ready,normal
2026-08-24 14:00,48.5,50.2,90,R03C03,3,3,row_3,22,8.5,很低,0.99,0.0,低,healthy,observe,routine_patrol,低风险 + 低不确定性 → 常规巡检,continue_patrol,low,continue_nominal_patrol,standard_periodic_sampling,none,R03C03 当前风险较低，保持常规巡检,normal_autonomy,ready,normal
2026-08-24 15:00,68.6,49.7,90,R03C04,3,4,row_3,22,9.1,很低,0.98,0.0,低,healthy,observe,routine_patrol,低风险 + 低不确定性 → 常规巡检,continue_patrol,low,continue_nominal_patrol,standard_periodic_sampling,none,R03C04 当前风险较低，保持常规巡检,normal_autonomy,ready,normal
2026-08-24 16:00,89.4,49.3,90,R03C05,3,5,row_3,22,45.0,中,0.08,47.0,中,drought,hold,resample_before_action,中风险 + 高不确定性 → 重新采样后再决策,resample_sensors,medium,"hold_position:R03C05@(89.4,49.3); repeat_sampling_pass",resample_soil_moisture; resample_temperature; capture_context_image,none,R03C05 中风险且不确定性为中，重新采样后再决策,blocked_until_sensor_resample,queued_for_resampling,normal
2026-08-24 17:00,110.4,49.0,90,R03C06,3,6,row_3,22,45.0,中,0.15,47.0,中,drought,hold,resample_before_action,中风险 + 高不确定性 → 重新采样后再决策,resample_sensors,medium,"hold_position:R03C06@(110.4,49.0); repeat_sampling_pass",resample_soil_moisture; resample_temperature; capture_context_image,none,R03C06 中风险且不确定性为中，重新采样后再决策,blocked_until_sensor_resample,queued_for_resampling,normal
2026-08-24 18:00,111.2,69.0,270,R04C06,4,6,row_4,22,43.3,中,0.45,0.0,低,drought,hold,monitor_more_context,风险或不确定性处于中间状态 → 继续观察并收集更多上下文,monitor_context,normal,continue_patrol; revisit_region:R04C06,collect_next_context_window,none,R04C06 风险或不确定性处于中间状态，继续观察,no_direct_field_actuation,monitoring,normal
2026-08-24 19:00,91.5,69.3,270,R04C05,4,5,row_4,22,48.6,中,0.54,35.0,中,drought,hold,resample_before_action,中风险 + 高不确定性 → 重新采样后再决策,resample_sensors,medium,"hold_position:R04C05@(91.5,69.3); repeat_sampling_pass",resample_soil_moisture; resample_temperature; capture_context_image,none,R04C05 中风险且不确定性为中，重新采样后再决策,blocked_until_sensor_resample,queued_for_resampling,normal
2026-08-24 20:00,71.0,69.7,270,R04C04,4,4,row_4,22,47.8,中,0.53,35.0,中,drought,hold,resample_before_action,中风险 + 高不确定性 → 重新采样后再决策,resample_sensors,medium,"hold_position:R04C04@(71.0,69.7); repeat_sampling_pass",resample_soil_moisture; resample_temperature; capture_context_image,none,R04C04 中风险且不确定性为中，重新采样后再决策,blocked_until_sensor_resample,queued_for_resampling,normal
2026-08-24 21:00,50.1,70.2,270,R04C03,4,3,row_4,22,47.6,中,0.52,35.0,中,drought,hold,resample_before_action,中风险 + 高不确定性 → 重新采样后再决策,resample_sensors,medium,"hold_position:R04C03@(50.1,70.2); repeat_sampling_pass",resample_soil_moisture; resample_temperature; capture_context_image,none,R04C03 中风险且不确定性为中，重新采样后再决策,blocked_until_sensor_resample,queued_for_resampling,normal
2026-08-24 22:00,29.1,70.6,270,R04C02,4,2,row_4,22,47.0,中,0.52,35.0,中,drought,hold,resample_before_action,中风险 + 高不确定性 → 重新采样后再决策,resample_sensors,medium,"hold_position:R04C02@(29.1,70.6); repeat_sampling_pass",resample_soil_moisture; resample_temperature; capture_context_image,none,R04C02 中风险且不确定性为中，重新采样后再决策,blocked_until_sensor_resample,queued_for_resampling,normal
2026-08-24 23:00,8.5,70.9,270,R04C01,4,1,row_4,22,46.9,中,0.52,35.0,中,drought,hold,resample_before_action,中风险 + 高不确定性 → 重新采样后再决策,resample_sensors,medium,"hold_position:R04C01@(8.5,70.9); repeat_sampling_pass",resample_soil_moisture; resample_temperature; capture_context_image,none,R04C01 中风险且不确定性为中，重新采样后再决策,blocked_until_sensor_resample,queued_for_resampling,normal
2026-08-25 00:00,8.7,11.0,90,R01C01,1,1,row_1,23,47.0,中,0.52,35.0,中,drought,hold,resample_before_action,中风险 + 高不确定性 → 重新采样后再决策,resample_sensors,medium,"hold_position:R01C01@(8.7,11.0); repeat_sampling_pass",resample_soil_moisture; resample_temperature; capture_context_image,none,R01C01 中风险且不确定性为中，重新采样后再决策,blocked_until_sensor_resample,queued_for_resampling,normal
2026-08-25 01:00,29.4,10.8,90,R01C02,1,2,row_1,23,47.4,中,0.52,35.0,中,drought,hold,resample_before_action,中风险 + 高不确定性 → 重新采样后再决策,resample_sensors,medium,"hold_position:R01C02@(29.4,10.8); repeat_sampling_pass",resample_soil_moisture; resample_temperature; capture_context_image,none,R01C02 中风险且不确定性为中，重新采样后再决策,blocked_until_sensor_resample,queued_for_resampling,normal
2026-08-25 02:00,50.4,10.4,90,R01C03,1,3,row_1,23,64.2,中高,0.74,0.0,低,drought,execute,execute_recommended_action,高风险 + 低不确定性 → 允许执行建议动作,irrigation_alert,high,continue_patrol_after_marking:R01C03,verify_soil_moisture_next_pass,send_irrigation_alert,R01C03 干旱风险可信，触发灌溉提醒,human_or_controller_confirmation_required_for_irrigation,ready,normal
2026-08-25 03:00,71.3,10.0,90,R01C04,1,4,row_1,23,61.7,中高,0.71,35.0,中,drought,hold,recheck_before_action,高风险 + 高不确定性 → 先复查，不直接执行动作,recheck_region,high,"navigate_to:R01C04@(71.3,10.0); slow_down; hold_safe_distance",capture_close_range_image; resample_environment_sensors,defer_field_actuation,R01C04 高风险但不确定性为中，先复查后再执行,blocked_until_recheck_confirms_state,queued_for_recheck,normal
2026-08-25 04:00,91.5,9.5,90,R01C05,1,5,row_1,23,13.7,很低,0.92,0.0,低,healthy,observe,routine_patrol,低风险 + 低不确定性 → 常规巡检,continue_patrol,low,continue_nominal_patrol,standard_periodic_sampling,none,R01C05 当前风险较低，保持常规巡检,normal_autonomy,ready,normal
2026-08-25 05:00,111.0,9.1,90,R01C06,1,6,row_1,23,45.0,中,0.02,47.0,中,waterlogging,hold,resample_before_action,中风险 + 高不确定性 → 重新采样后再决策,resample_sensors,medium,"hold_position:R01C06@(111.0,9.1); repeat_sampling_pass",resample_soil_moisture; resample_temperature; capture_context_image,none,R01C06 中风险且不确定性为中，重新采样后再决策,blocked_until_sensor_resample,queued_for_resampling,normal
2026-08-25 06:00,110.1,29.0,270,R02C06,2,6,row_2,23,8.2,很低,1.00,0.0,低,healthy,observe,routine_patrol,低风险 + 低不确定性 → 常规巡检,continue_patrol,low,continue_nominal_patrol,standard_periodic_sampling,none,R02C06 当前风险较低，保持常规巡检,normal_autonomy,ready,normal
2026-08-25 07:00,89.1,29.1,270,R02C05,2,5,row_2,23,8.2,很低,1.00,0.0,低,healthy,observe,routine_patrol,低风险 + 低不确定性 → 常规巡检,continue_patrol,low,continue_nominal_patrol,standard_periodic_sampling,none,R02C05 当前风险较低，保持常规巡检,normal_autonomy,ready,normal
2026-08-25 08:00,68.5,29.4,270,R02C04,2,4,row_2,23,8.7,很低,0.99,0.0,低,healthy,observe,routine_patrol,低风险 + 低不确定性 → 常规巡检,continue_patrol,low,continue_nominal_patrol,standard_periodic_sampling,none,R02C04 当前风险较低，保持常规巡检,normal_autonomy,ready,normal
2026-08-25 09:00,48.7,29.9,270,R02C03,2,3,row_2,23,8.2,很低,1.00,0.0,低,healthy,observe,routine_patrol,低风险 + 低不确定性 → 常规巡检,continue_patrol,low,continue_nominal_patrol,standard_periodic_sampling,none,R02C03 当前风险较低，保持常规巡检,normal_autonomy,ready,normal
2026-08-25 10:00,29.4,30.4,270,R02C02,2,2,row_2,23,8.2,很低,1.00,0.0,低,healthy,observe,routine_patrol,低风险 + 低不确定性 → 常规巡检,continue_patrol,low,continue_nominal_patrol,standard_periodic_sampling,none,R02C02 当前风险较低，保持常规巡检,normal_autonomy,ready,normal
2026-08-25 11:00,10.5,30.8,270,R02C01,2,1,row_2,23,8.5,很低,0.99,0.0,低,healthy,observe,routine_patrol,低风险 + 低不确定性 → 常规巡检,continue_patrol,low,continue_nominal_patrol,standard_periodic_sampling,none,R02C01 当前风险较低，保持常规巡检,normal_autonomy,ready,normal
2026-08-25 12:00,11.3,51.0,90,R03C01,3,1,row_3,23,45.0,中,0.03,47.0,中,heat,hold,resample_before_action,中风险 + 高不确定性 → 重新采样后再决策,resample_sensors,medium,"hold_position:R03C01@(11.3,51.0); repeat_sampling_pass",resample_soil_moisture; resample_temperature; capture_context_image,none,R03C01 中风险且不确定性为中，重新采样后再决策,blocked_until_sensor_resample,queued_for_resampling,normal
2026-08-25 13:00,31.5,50.9,90,R03C02,3,2,row_3,23,8.7,很低,0.99,0.0,低,healthy,observe,routine_patrol,低风险 + 低不确定性 → 常规巡检,continue_patrol,low,continue_nominal_patrol,standard_periodic_sampling,none,R03C02 当前风险较低，保持常规巡检,normal_autonomy,ready,normal
2026-08-25 14:00,51.0,50.7,90,R03C03,3,3,row_3,23,45.0,中,0.08,47.0,中,drought,hold,resample_before_action,中风险 + 高不确定性 → 重新采样后再决策,resample_sensors,medium,"hold_position:R03C03@(51.0,50.7); repeat_sampling_pass",resample_soil_moisture; resample_temperature; capture_context_image,none,R03C03 中风险且不确定性为中，重新采样后再决策,blocked_until_sensor_resample,queued_for_resampling,normal
2026-08-25 15:00,70.0,50.2,90,R03C04,3,4,row_3,23,45.0,中,0.17,47.0,中,drought,hold,resample_before_action,中风险 + 高不确定性 → 重新采样后再决策,resample_sensors,medium,"hold_position:R03C04@(70.0,50.2); repeat_sampling_pass",resample_soil_moisture; resample_temperature; capture_context_image,none,R03C04 中风险且不确定性为中，重新采样后再决策,blocked_until_sensor_resample,queued_for_resampling,normal
2026-08-25 16:00,89.1,49.8,90,R03C05,3,5,row_3,23,45.0,中,0.25,47.0,中,drought,hold,resample_before_action,中风险 + 高不确定性 → 重新采样后再决策,resample_sensors,medium,"hold_position:R03C05@(89.1,49.8); repeat_sampling_pass",resample_soil_moisture; resample_temperature; capture_context_image,none,R03C05 中风险且不确定性为中，重新采样后再决策,blocked_until_sensor_resample,queued_for_resampling,normal
2026-08-25 17:00,108.5,49.3,90,R03C06,3,6,row_3,23,45.0,中,0.36,47.0,中,drought,hold,resample_before_action,中风险 + 高不确定性 → 重新采样后再决策,resample_sensors,medium,"hold_position:R03C06@(108.5,49.3); repeat_sampling_pass",resample_soil_moisture; resample_temperature; capture_context_image,none,R03C06 中风险且不确定性为中，重新采样后再决策,blocked_until_sensor_resample,queued_for_resampling,normal
2026-08-25 18:00,108.7,69.1,270,R04C06,4,6,row_4,23,45.0,中,0.45,47.0,中,drought,hold,resample_before_action,中风险 + 高不确定性 → 重新采样后再决策,resample_sensors,medium,"hold_position:R04C06@(108.7,69.1); repeat_sampling_pass",resample_soil_moisture; resample_temperature; capture_context_image,none,R04C06 中风险且不确定性为中，重新采样后再决策,blocked_until_sensor_resample,queued_for_resampling,normal
2026-08-25 19:00,89.5,69.0,270,R04C05,4,5,row_4,23,45.0,中,0.48,35.0,中,drought,hold,resample_before_action,中风险 + 高不确定性 → 重新采样后再决策,resample_sensors,medium,"hold_position:R04C05@(89.5,69.0); repeat_sampling_pass",resample_soil_moisture; resample_temperature; capture_context_image,none,R04C05 中风险且不确定性为中，重新采样后再决策,blocked_until_sensor_resample,queued_for_resampling,normal
2026-08-25 20:00,70.5,69.2,270,R04C04,4,4,row_4,23,45.0,中,0.48,35.0,中,drought,hold,resample_before_action,中风险 + 高不确定性 → 重新采样后再决策,resample_sensors,medium,"hold_position:R04C04@(70.5,69.2); repeat_sampling_pass",resample_soil_moisture; resample_temperature; capture_context_image,none,R04C04 中风险且不确定性为中，重新采样后再决策,blocked_until_sensor_resample,queued_for_resampling,normal
2026-08-25 21:00,51.3,69.6,270,R04C03,4,3,row_4,23,45.5,中,0.50,35.0,中,drought,hold,resample_before_action,中风险 + 高不确定性 → 重新采样后再决策,resample_sensors,medium,"hold_position:R04C03@(51.3,69.6); repeat_sampling_pass",resample_soil_moisture; resample_temperature; capture_context_image,none,R04C03 中风险且不确定性为中，重新采样后再决策,blocked_until_sensor_resample,queued_for_resampling,normal
2026-08-25 22:00,31.5,70.1,270,R04C02,4,2,row_4,23,45.0,中,0.49,35.0,中,drought,hold,resample_before_action,中风险 + 高不确定性 → 重新采样后再决策,resample_sensors,medium,"hold_position:R04C02@(31.5,70.1); repeat_sampling_pass",resample_soil_moisture; resample_temperature; capture_context_image,none,R04C02 中风险且不确定性为中，重新采样后再决策,blocked_until_sensor_resample,queued_for_resampling,normal
2026-08-25 23:00,11.0,70.6,270,R04C01,4,1,row_4,23,46.8,中,0.51,35.0,中,drought,hold,resample_before_action,中风险 + 高不确定性 → 重新采样后再决策,resample_sensors,medium,"hold_position:R04C01@(11.0,70.6); repeat_sampling_pass",resample_soil_moisture; resample_temperature; capture_context_image,none,R04C01 中风险且不确定性为中，重新采样后再决策,blocked_until_sensor_resample,queued_for_resampling,normal
2026-08-26 00:00,10.0,10.9,90,R01C01,1,1,row_1,24,47.5,中,0.52,35.0,中,drought,hold,resample_before_action,中风险 + 高不确定性 → 重新采样后再决策,resample_sensors,medium,"hold_position:R01C01@(10.0,10.9); repeat_sampling_pass",resample_soil_moisture; resample_temperature; capture_context_image,none,R01C01 中风险且不确定性为中，重新采样后再决策,blocked_until_sensor_resample,queued_for_resampling,normal
2026-08-26 01:00,29.1,11.0,90,R01C02,1,2,row_1,24,48.5,中,0.54,35.0,中,drought,hold,resample_before_action,中风险 + 高不确定性 → 重新采样后再决策,resample_sensors,medium,"hold_position:R01C02@(29.1,11.0); repeat_sampling_pass",resample_soil_moisture; resample_temperature; capture_context_image,none,R01C02 中风险且不确定性为中，重新采样后再决策,blocked_until_sensor_resample,queued_for_resampling,normal
2026-08-26 02:00,48.5,10.9,90,R01C03,1,3,row_1,24,49.2,中,0.55,35.0,中,drought,hold,resample_before_action,中风险 + 高不确定性 → 重新采样后再决策,resample_sensors,medium,"hold_position:R01C03@(48.5,10.9); repeat_sampling_pass",resample_soil_moisture; resample_temperature; capture_context_image,none,R01C03 中风险且不确定性为中，重新采样后再决策,blocked_until_sensor_resample,queued_for_resampling,normal
2026-08-26 03:00,68.7,10.5,90,R01C04,1,4,row_1,24,50.5,中,0.56,35.0,中,drought,hold,resample_before_action,中风险 + 高不确定性 → 重新采样后再决策,resample_sensors,medium,"hold_position:R01C04@(68.7,10.5); repeat_sampling_pass",resample_soil_moisture; resample_temperature; capture_context_image,none,R01C04 中风险且不确定性为中，重新采样后再决策,blocked_until_sensor_resample,queued_for_resampling,normal
2026-08-26 04:00,89.5,10.0,90,R01C05,1,5,row_1,24,51.2,中,0.57,35.0,中,drought,hold,resample_before_action,中风险 + 高不确定性 → 重新采样后再决策,resample_sensors,medium,"hold_position:R01C05@(89.5,10.0); repeat_sampling_pass",resample_soil_moisture; resample_temperature; capture_context_image,none,R01C05 中风险且不确定性为中，重新采样后再决策,blocked_until_sensor_resample,queued_for_resampling,normal
2026-08-26 05:00,110.5,9.5,90,R01C06,1,6,row_1,24,50.0,中,0.56,35.0,中,drought,hold,resample_before_action,中风险 + 高不确定性 → 重新采样后再决策,resample_sensors,medium,"hold_position:R01C06@(110.5,9.5); repeat_sampling_pass",resample_soil_moisture; resample_temperature; capture_context_image,none,R01C06 中风险且不确定性为中，重新采样后再决策,blocked_until_sensor_resample,queued_for_resampling,normal
2026-08-26 06:00,111.3,29.2,270,R02C06,2,6,row_2,24,64.6,中高,0.75,44.0,中,drought,hold,recheck_before_action,高风险 + 高不确定性 → 先复查，不直接执行动作,recheck_region,high,"navigate_to:R02C06@(111.3,29.2); slow_down; hold_safe_distance",capture_close_range_image; resample_environment_sensors,defer_field_actuation,R02C06 高风险但不确定性为中，先复查后再执行,blocked_until_recheck_confirms_state,queued_for_recheck,normal
2026-08-26 07:00,91.5,29.0,270,R02C05,2,5,row_2,24,60.7,中高,0.70,35.0,中,drought,hold,recheck_before_action,高风险 + 高不确定性 → 先复查，不直接执行动作,recheck_region,high,"navigate_to:R02C05@(91.5,29.0); slow_down; hold_safe_distance",capture_close_range_image; resample_environment_sensors,defer_field_actuation,R02C05 高风险但不确定性为中，先复查后再执行,blocked_until_recheck_confirms_state,queued_for_recheck,normal
2026-08-26 08:00,71.0,29.1,270,R02C04,2,4,row_2,24,70.9,中高,0.84,0.0,低,drought,execute,execute_recommended_action,高风险 + 低不确定性 → 允许执行建议动作,irrigation_alert,high,continue_patrol_after_marking:R02C04,verify_soil_moisture_next_pass,send_irrigation_alert,R02C04 干旱风险可信，触发灌溉提醒,human_or_controller_confirmation_required_for_irrigation,ready,normal
2026-08-26 09:00,50.0,29.4,270,R02C03,2,3,row_2,24,66.4,中高,0.78,35.0,中,drought,hold,recheck_before_action,高风险 + 高不确定性 → 先复查，不直接执行动作,recheck_region,high,"navigate_to:R02C03@(50.0,29.4); slow_down; hold_safe_distance",capture_close_range_image; resample_environment_sensors,defer_field_actuation,R02C03 高风险但不确定性为中，先复查后再执行,blocked_until_recheck_confirms_state,queued_for_recheck,normal
2026-08-26 10:00,29.0,29.8,270,R02C02,2,2,row_2,24,76.2,中高,0.92,0.0,低,drought,execute,execute_recommended_action,高风险 + 低不确定性 → 允许执行建议动作,irrigation_alert,high,continue_patrol_after_marking:R02C02,verify_soil_moisture_next_pass,send_irrigation_alert,R02C02 干旱风险可信，触发灌溉提醒,human_or_controller_confirmation_required_for_irrigation,ready,normal
2026-08-26 11:00,8.5,30.3,270,R02C01,2,1,row_2,24,80.3,高,0.97,0.0,低,drought,execute,execute_recommended_action,高风险 + 低不确定性 → 允许执行建议动作,irrigation_alert,high,continue_patrol_after_marking:R02C01,verify_soil_moisture_next_pass,send_irrigation_alert,R02C01 干旱风险可信，触发灌溉提醒,human_or_controller_confirmation_required_for_irrigation,ready,normal
2026-08-26 12:00,8.7,50.7,90,R03C01,3,1,row_3,24,80.7,高,0.98,0.0,低,drought,execute,execute_recommended_action,高风险 + 低不确定性 → 允许执行建议动作,irrigation_alert,high,continue_patrol_after_marking:R03C01,verify_soil_moisture_next_pass,send_irrigation_alert,R03C01 干旱风险可信，触发灌溉提醒,human_or_controller_confirmation_required_for_irrigation,ready,normal
2026-08-26 13:00,29.5,51.0,90,R03C02,3,2,row_3,24,79.7,中高,0.96,0.0,低,drought,execute,execute_recommended_action,高风险 + 低不确定性 → 允许执行建议动作,irrigation_alert,high,continue_patrol_after_marking:R03C02,verify_soil_moisture_next_pass,send_irrigation_alert,R03C02 干旱风险可信，触发灌溉提醒,human_or_controller_confirmation_required_for_irrigation,ready,normal
2026-08-26 14:00,50.5,51.0,90,R03C03,3,3,row_3,24,72.7,中高,0.86,35.0,中,drought,hold,recheck_before_action,高风险 + 高不确定性 → 先复查，不直接执行动作,recheck_region,high,"navigate_to:R03C03@(50.5,51.0); slow_down; hold_safe_distance",capture_close_range_image; resample_environment_sensors,defer_field_actuation,R03C03 高风险但不确定性为中，先复查后再执行,blocked_until_recheck_confirms_state,queued_for_recheck,normal
2026-08-26 15:00,71.3,50.7,90,R03C04,3,4,row_3,24,45.0,中,0.24,47.0,中,drought,hold,resample_before_action,中风险 + 高不确定性 → 重新采样后再决策,resample_sensors,medium,"hold_position:R03C04@(71.3,50.7); repeat_sampling_pass",resample_soil_moisture; resample_temperature; capture_context_image,none,R03C04 中风险且不确定性为中，重新采样后再决策,blocked_until_sensor_resample,queued_for_resampling,normal
2026-08-26 16:00,91.5,50.3,90,R03C05,3,5,row_3,24,9.2,很低,0.98,0.0,低,healthy,observe,routine_patrol,低风险 + 低不确定性 → 常规巡检,continue_patrol,low,continue_nominal_patrol,standard_periodic_sampling,none,R03C05 当前风险较低，保持常规巡检,normal_autonomy,ready,normal
2026-08-26 17:00,110.9,49.8,90,R03C06,3,6,row_3,24,8.4,很低,0.99,0.0,低,healthy,observe,routine_patrol,低风险 + 低不确定性 → 常规巡检,continue_patrol,low,continue_nominal_patrol,standard_periodic_sampling,none,R03C06 当前风险较低，保持常规巡检,normal_autonomy,ready,normal
2026-08-26 18:00,110.0,69.4,270,R04C06,4,6,row_4,24,8.3,很低,1.00,0.0,低,healthy,observe,routine_patrol,低风险 + 低不确定性 → 常规巡检,continue_patrol,low,continue_nominal_patrol,standard_periodic_sampling,none,R04C06 当前风险较低，保持常规巡检,normal_autonomy,ready,normal
2026-08-26 19:00,89.0,69.1,270,R04C05,4,5,row_4,24,8.2,很低,1.00,0.0,低,healthy,observe,routine_patrol,低风险 + 低不确定性 → 常规巡检,continue_patrol,low,continue_nominal_patrol,standard_periodic_sampling,none,R04C05 当前风险较低，保持常规巡检,normal_autonomy,ready,normal
2026-08-26 20:00,68.5,69.0,270,R04C04,4,4,row_4,24,8.2,很低,1.00,0.0,低,healthy,observe,routine_patrol,低风险 + 低不确定性 → 常规巡检,continue_patrol,low,continue_nominal_patrol,standard_periodic_sampling,none,R04C04 当前风险较低，保持常规巡检,normal_autonomy,ready,normal
2026-08-26 21:00,48.7,69.2,270,R04C03,4,3,row_4,24,8.2,很低,1.00,0.0,低,healthy,observe,routine_patrol,低风险 + 低不确定性 → 常规巡检,continue_patrol,low,continue_nominal_patrol,standard_periodic_sampling,none,R04C03 当前风险较低，保持常规巡检,normal_autonomy,ready,normal
2026-08-26 22:00,29.5,69.6,270,R04C02,4,2,row_4,24,8.2,很低,1.00,0.0,低,healthy,observe,routine_patrol,低风险 + 低不确定性 → 常规巡检,continue_patrol,low,continue_nominal_patrol,standard_periodic_sampling,none,R04C02 当前风险较低，保持常规巡检,normal_autonomy,ready,normal
2026-08-26 23:00,10.6,70.0,270,R04C01,4,1,row_4,24,8.2,很低,1.00,0.0,低,healthy,observe,routine_patrol,低风险 + 低不确定性 → 常规巡检,continue_patrol,low,continue_nominal_patrol,standard_periodic_sampling,none,R04C01 当前风险较低，保持常规巡检,normal_autonomy,ready,normal
2026-08-27 00:00,11.3,10.5,90,R01C01,1,1,row_1,25,8.2,很低,1.00,0.0,低,healthy,observe,routine_patrol,低风险 + 低不确定性 → 常规巡检,continue_patrol,low,continue_nominal_patrol,standard_periodic_sampling,none,R01C01 当前风险较低，保持常规巡检,normal_autonomy,ready,normal
2026-08-27 01:00,31.5,10.9,90,R01C02,1,2,row_1,25,8.2,很低,1.00,0.0,低,healthy,observe,routine_patrol,低风险 + 低不确定性 → 常规巡检,continue_patrol,low,continue_nominal_patrol,standard_periodic_sampling,none,R01C02 当前风险较低，保持常规巡检,normal_autonomy,ready,normal
2026-08-27 02:00,50.9,11.0,90,R01C03,1,3,row_1,25,8.2,很低,1.00,0.0,低,healthy,observe,routine_patrol,低风险 + 低不确定性 → 常规巡检,continue_patrol,low,continue_nominal_patrol,standard_periodic_sampling,none,R01C03 当前风险较低，保持常规巡检,normal_autonomy,ready,normal
2026-08-27 03:00,69.9,10.9,90,R01C04,1,4,row_1,25,8.2,很低,1.00,0.0,低,healthy,observe,routine_patrol,低风险 + 低不确定性 → 常规巡检,continue_patrol,low,continue_nominal_patrol,standard_periodic_sampling,none,R01C04 当前风险较低，保持常规巡检,normal_autonomy,ready,normal
2026-08-27 04:00,89.0,10.6,90,R01C05,1,5,row_1,25,8.2,很低,1.00,0.0,低,healthy,observe,routine_patrol,低风险 + 低不确定性 → 常规巡检,continue_patrol,low,continue_nominal_patrol,standard_periodic_sampling,none,R01C05 当前风险较低，保持常规巡检,normal_autonomy,ready,normal
2026-08-27 05:00,108.5,10.1,90,R01C06,1,6,row_1,25,45.0,中,0.02,47.0,中,waterlogging,hold,resample_before_action,中风险 + 高不确定性 → 重新采样后再决策,resample_sensors,medium,"hold_position:R01C06@(108.5,10.1); repeat_sampling_pass",resample_soil_moisture; resample_temperature; capture_context_image,none,R01C06 中风险且不确定性为中，重新采样后再决策,blocked_until_sensor_resample,queued_for_resampling,normal
2026-08-27 06:00,108.7,29.6,270,R02C06,2,6,row_2,25,8.2,很低,1.00,0.0,低,healthy,observe,routine_patrol,低风险 + 低不确定性 → 常规巡检,continue_patrol,low,continue_nominal_patrol,standard_periodic_sampling,none,R02C06 当前风险较低，保持常规巡检,normal_autonomy,ready,normal
2026-08-27 07:00,89.5,29.2,270,R02C05,2,5,row_2,25,8.2,很低,1.00,0.0,低,healthy,observe,routine_patrol,低风险 + 低不确定性 → 常规巡检,continue_patrol,low,continue_nominal_patrol,standard_periodic_sampling,none,R02C05 当前风险较低，保持常规巡检,normal_autonomy,ready,normal
2026-08-27 08:00,70.6,29.0,270,R02C04,2,4,row_2,25,8.2,很低,1.00,0.0,低,healthy,observe,routine_patrol,低风险 + 低不确定性 → 常规巡检,continue_patrol,low,continue_nominal_patrol,standard_periodic_sampling,none,R02C04 当前风险较低，保持常规巡检,normal_autonomy,ready,normal
2026-08-27 09:00,51.3,29.1,270,R02C03,2,3,row_2,25,8.2,很低,1.00,0.0,低,healthy,observe,routine_patrol,低风险 + 低不确定性 → 常规巡检,continue_patrol,low,continue_nominal_patrol,standard_periodic_sampling,none,R02C03 当前风险较低，保持常规巡检,normal_autonomy,ready,normal
2026-08-27 10:00,31.5,29.3,270,R02C02,2,2,row_2,25,8.2,很低,1.00,0.0,低,healthy,observe,routine_patrol,低风险 + 低不确定性 → 常规巡检,continue_patrol,low,continue_nominal_patrol,standard_periodic_sampling,none,R02C02 当前风险较低，保持常规巡检,normal_autonomy,ready,normal
2026-08-27 11:00,10.9,29.8,270,R02C01,2,1,row_2,25,8.2,很低,1.00,0.0,低,healthy,observe,routine_patrol,低风险 + 低不确定性 → 常规巡检,continue_patrol,low,continue_nominal_patrol,standard_periodic_sampling,none,R02C01 当前风险较低，保持常规巡检,normal_autonomy,ready,normal
2026-08-27 12:00,9.9,50.3,90,R03C01,3,1,row_3,25,8.5,很低,0.99,0.0,低,healthy,observe,routine_patrol,低风险 + 低不确定性 → 常规巡检,continue_patrol,low,continue_nominal_patrol,standard_periodic_sampling,none,R03C01 当前风险较低，保持常规巡检,normal_autonomy,ready,normal
2026-08-27 13:00,29.0,50.7,90,R03C02,3,2,row_3,25,8.5,很低,0.99,0.0,低,healthy,observe,routine_patrol,低风险 + 低不确定性 → 常规巡检,continue_patrol,low,continue_nominal_patrol,standard_periodic_sampling,none,R03C02 当前风险较低，保持常规巡检,normal_autonomy,ready,normal
2026-08-27 14:00,48.5,51.0,90,R03C03,3,3,row_3,25,8.5,很低,0.99,0.0,低,healthy,observe,routine_patrol,低风险 + 低不确定性 → 常规巡检,continue_patrol,low,continue_nominal_patrol,standard_periodic_sampling,none,R03C03 当前风险较低，保持常规巡检,normal_autonomy,ready,normal
2026-08-27 15:00,68.7,51.0,90,R03C04,3,4,row_3,25,8.5,很低,0.99,0.0,低,healthy,observe,routine_patrol,低风险 + 低不确定性 → 常规巡检,continue_patrol,low,continue_nominal_patrol,standard_periodic_sampling,none,R03C04 当前风险较低，保持常规巡检,normal_autonomy,ready,normal
2026-08-27 16:00,89.6,50.8,90,R03C05,3,5,row_3,25,8.5,很低,0.99,0.0,低,healthy,observe,routine_patrol,低风险 + 低不确定性 → 常规巡检,continue_patrol,low,continue_nominal_patrol,standard_periodic_sampling,none,R03C05 当前风险较低，保持常规巡检,normal_autonomy,ready,normal
2026-08-27 17:00,110.6,50.4,90,R03C06,3,6,row_3,25,8.5,很低,0.99,0.0,低,healthy,observe,routine_patrol,低风险 + 低不确定性 → 常规巡检,continue_patrol,low,continue_nominal_patrol,standard_periodic_sampling,none,R03C06 当前风险较低，保持常规巡检,normal_autonomy,ready,normal
2026-08-27 18:00,111.3,69.9,270,R04C06,4,6,row_4,25,9.0,很低,0.99,44.0,中,healthy,hold,monitor_more_context,风险或不确定性处于中间状态 → 继续观察并收集更多上下文,monitor_context,normal,continue_patrol; revisit_region:R04C06,collect_next_context_window,none,R04C06 风险或不确定性处于中间状态，继续观察,no_direct_field_actuation,monitoring,normal
2026-08-27 19:00,91.5,69.4,270,R04C05,4,5,row_4,25,8.7,很低,0.99,0.0,低,healthy,observe,routine_patrol,低风险 + 低不确定性 → 常规巡检,continue_patrol,low,continue_nominal_patrol,standard_periodic_sampling,none,R04C05 当前风险较低，保持常规巡检,normal_autonomy,ready,normal
2026-08-27 20:00,70.9,69.1,270,R04C04,4,4,row_4,25,8.2,很低,1.00,0.0,低,healthy,observe,routine_patrol,低风险 + 低不确定性 → 常规巡检,continue_patrol,low,continue_nominal_patrol,standard_periodic_sampling,none,R04C04 当前风险较低，保持常规巡检,normal_autonomy,ready,normal
2026-08-27 21:00,49.9,69.0,270,R04C03,4,3,row_4,25,8.2,很低,1.00,0.0,低,healthy,observe,routine_patrol,低风险 + 低不确定性 → 常规巡检,continue_patrol,low,continue_nominal_patrol,standard_periodic_sampling,none,R04C03 当前风险较低，保持常规巡检,normal_autonomy,ready,normal
2026-08-27 22:00,29.0,69.1,270,R04C02,4,2,row_4,25,8.2,很低,1.00,0.0,低,healthy,observe,routine_patrol,低风险 + 低不确定性 → 常规巡检,continue_patrol,low,continue_nominal_patrol,standard_periodic_sampling,none,R04C02 当前风险较低，保持常规巡检,normal_autonomy,ready,normal
2026-08-27 23:00,8.5,69.5,270,R04C01,4,1,row_4,25,8.2,很低,1.00,0.0,低,healthy,observe,routine_patrol,低风险 + 低不确定性 → 常规巡检,continue_patrol,low,continue_nominal_patrol,standard_periodic_sampling,none,R04C01 当前风险较低，保持常规巡检,normal_autonomy,ready,normal
2026-08-28 00:00,8.8,10.0,90,R01C01,1,1,row_1,26,8.6,很低,0.99,44.0,中,healthy,hold,monitor_more_context,风险或不确定性处于中间状态 → 继续观察并收集更多上下文,monitor_context,normal,continue_patrol; revisit_region:R01C01,collect_next_context_window,none,R01C01 风险或不确定性处于中间状态，继续观察,no_direct_field_actuation,monitoring,low_vision_confidence
2026-08-28 01:00,29.6,10.5,90,R01C02,1,2,row_1,26,8.8,很低,0.99,0.0,低,healthy,observe,routine_patrol,低风险 + 低不确定性 → 常规巡检,continue_patrol,low,continue_nominal_patrol,standard_periodic_sampling,none,R01C02 当前风险较低，保持常规巡检,normal_autonomy,ready,normal
2026-08-28 02:00,50.6,10.8,90,R01C03,1,3,row_1,26,8.2,很低,1.00,0.0,低,healthy,observe,routine_patrol,低风险 + 低不确定性 → 常规巡检,continue_patrol,low,continue_nominal_patrol,standard_periodic_sampling,none,R01C03 当前风险较低，保持常规巡检,normal_autonomy,ready,normal
2026-08-28 03:00,71.4,11.0,90,R01C04,1,4,row_1,26,8.2,很低,1.00,0.0,低,healthy,observe,routine_patrol,低风险 + 低不确定性 → 常规巡检,continue_patrol,low,continue_nominal_patrol,standard_periodic_sampling,none,R01C04 当前风险较低，保持常规巡检,normal_autonomy,ready,normal
2026-08-28 04:00,91.5,10.9,90,R01C05,1,5,row_1,26,21.7,低,0.80,0.0,低,healthy,observe,routine_patrol,低风险 + 低不确定性 → 常规巡检,continue_patrol,low,continue_nominal_patrol,standard_periodic_sampling,none,R01C05 当前风险较低，保持常规巡检,normal_autonomy,ready,normal
2026-08-28 05:00,110.9,10.6,90,R01C06,1,6,row_1,26,45.0,中,0.24,47.0,中,waterlogging,hold,resample_before_action,中风险 + 高不确定性 → 重新采样后再决策,resample_sensors,medium,"hold_position:R01C06@(110.9,10.6); repeat_sampling_pass",resample_soil_moisture; resample_temperature; capture_context_image,none,R01C06 中风险且不确定性为中，重新采样后再决策,blocked_until_sensor_resample,queued_for_resampling,normal
2026-08-28 06:00,109.9,30.2,270,R02C06,2,6,row_2,26,54.6,中,0.64,44.0,中,waterlogging,hold,resample_before_action,中风险 + 高不确定性 → 重新采样后再决策,resample_sensors,medium,"hold_position:R02C06@(109.9,30.2); repeat_sampling_pass",resample_soil_moisture; resample_temperature; capture_context_image,none,R02C06 中风险且不确定性为中，重新采样后再决策,blocked_until_sensor_resample,queued_for_resampling,normal
2026-08-28 07:00,88.9,29.7,270,R02C05,2,5,row_2,26,55.6,中,0.67,35.0,中,waterlogging,hold,resample_before_action,中风险 + 高不确定性 → 重新采样后再决策,resample_sensors,medium,"hold_position:R02C05@(88.9,29.7); repeat_sampling_pass",resample_soil_moisture; resample_temperature; capture_context_image,none,R02C05 中风险且不确定性为中，重新采样后再决策,blocked_until_sensor_resample,queued_for_resampling,normal
2026-08-28 08:00,68.5,29.3,270,R02C04,2,4,row_2,26,57.4,中,0.69,35.0,中,waterlogging,hold,resample_before_action,中风险 + 高不确定性 → 重新采样后再决策,resample_sensors,medium,"hold_position:R02C04@(68.5,29.3); repeat_sampling_pass",resample_soil_moisture; resample_temperature; capture_context_image,none,R02C04 中风险且不确定性为中，重新采样后再决策,blocked_until_sensor_resample,queued_for_resampling,normal
2026-08-28 09:00,48.8,29.0,270,R02C03,2,3,row_2,26,58.9,中,0.72,35.0,中,waterlogging,hold,resample_before_action,中风险 + 高不确定性 → 重新采样后再决策,resample_sensors,medium,"hold_position:R02C03@(48.8,29.0); repeat_sampling_pass",resample_soil_moisture; resample_temperature; capture_context_image,none,R02C03 中风险且不确定性为中，重新采样后再决策,blocked_until_sensor_resample,queued_for_resampling,normal
2026-08-28 10:00,29.6,29.0,270,R02C02,2,2,row_2,26,75.6,中高,0.96,0.0,低,waterlogging,execute,execute_recommended_action,高风险 + 低不确定性 → 允许执行建议动作,reroute_and_drainage_check,high,reroute_around_region:R02C02; mark_low_traction_zone,inspect_drainage_channel; verify_soil_moisture,send_drainage_alert,R02C02 疑似积水，机器人绕行并发送排水检查提醒,execute_without_entering_risky_cell,ready,normal
2026-08-28 11:00,10.6,29.3,270,R02C01,2,1,row_2,26,77.0,中高,0.98,0.0,低,waterlogging,execute,execute_recommended_action,高风险 + 低不确定性 → 允许执行建议动作,reroute_and_drainage_check,high,reroute_around_region:R02C01; mark_low_traction_zone,inspect_drainage_channel; verify_soil_moisture,send_drainage_alert,R02C01 疑似积水，机器人绕行并发送排水检查提醒,execute_without_entering_risky_cell,ready,normal
2026-08-28 12:00,11.4,49.7,90,R03C01,3,1,row_3,26,71.2,中高,0.89,35.0,中,waterlogging,hold,recheck_before_action,高风险 + 高不确定性 → 先复查，不直接执行动作,recheck_region,high,"navigate_to:R03C01@(11.4,49.7); slow_down; hold_safe_distance",capture_close_range_image; resample_environment_sensors,defer_field_actuation,R03C01 高风险但不确定性为中，先复查后再执行,blocked_until_recheck_confirms_state,queued_for_recheck,normal
2026-08-28 13:00,31.4,50.2,90,R03C02,3,2,row_3,26,67.2,中高,0.83,35.0,中,waterlogging,hold,recheck_before_action,高风险 + 高不确定性 → 先复查，不直接执行动作,recheck_region,high,"navigate_to:R03C02@(31.4,50.2); slow_down; hold_safe_distance",capture_close_range_image; resample_environment_sensors,defer_field_actuation,R03C02 高风险但不确定性为中，先复查后再执行,blocked_until_recheck_confirms_state,queued_for_recheck,normal
2026-08-28 14:00,50.8,50.6,90,R03C03,3,3,row_3,26,65.3,中高,0.81,35.0,中,waterlogging,hold,recheck_before_action,高风险 + 高不确定性 → 先复查，不直接执行动作,recheck_region,high,"navigate_to:R03C03@(50.8,50.6); slow_down; hold_safe_distance",capture_close_range_image; resample_environment_sensors,defer_field_actuation,R03C03 高风险但不确定性为中，先复查后再执行,blocked_until_recheck_confirms_state,queued_for_recheck,normal
2026-08-28 15:00,69.8,50.9,90,R03C04,3,4,row_3,26,75.9,中高,0.97,0.0,低,waterlogging,execute,execute_recommended_action,高风险 + 低不确定性 → 允许执行建议动作,reroute_and_drainage_check,high,reroute_around_region:R03C04; mark_low_traction_zone,inspect_drainage_channel; verify_soil_moisture,send_drainage_alert,R03C04 疑似积水，机器人绕行并发送排水检查提醒,execute_without_entering_risky_cell,ready,normal
2026-08-28 16:00,88.9,51.0,90,R03C05,3,5,row_3,26,70.5,中高,0.88,35.0,中,waterlogging,hold,recheck_before_action,高风险 + 高不确定性 → 先复查，不直接执行动作,recheck_region,high,"navigate_to:R03C05@(88.9,51.0); slow_down; hold_safe_distance",capture_close_range_image; resample_environment_sensors,defer_field_actuation,R03C05 高风险但不确定性为中，先复查后再执行,blocked_until_recheck_confirms_state,queued_for_recheck,normal
2026-08-28 17:00,108.5,50.8,90,R03C06,3,6,row_3,26,67.5,中高,0.84,35.0,中,waterlogging,hold,recheck_before_action,高风险 + 高不确定性 → 先复查，不直接执行动作,recheck_region,high,"navigate_to:R03C06@(108.5,50.8); slow_down; hold_safe_distance",capture_close_range_image; resample_environment_sensors,defer_field_actuation,R03C06 高风险但不确定性为中，先复查后再执行,blocked_until_recheck_confirms_state,queued_for_recheck,normal
2026-08-28 18:00,108.8,70.4,270,R04C06,4,6,row_4,26,65.2,中高,0.81,35.0,中,waterlogging,hold,recheck_before_action,高风险 + 高不确定性 → 先复查，不直接执行动作,recheck_region,high,"navigate_to:R04C06@(108.8,70.4); slow_down; hold_safe_distance",capture_close_range_image; resample_environment_sensors,defer_field_actuation,R04C06 高风险但不确定性为中，先复查后再执行,blocked_until_recheck_confirms_state,queued_for_recheck,normal
2026-08-28 19:00,89.6,69.9,270,R04C05,4,5,row_4,26,64.2,中高,0.79,35.0,中,waterlogging,hold,recheck_before_action,高风险 + 高不确定性 → 先复查，不直接执行动作,recheck_region,high,"navigate_to:R04C05@(89.6,69.9); slow_down; hold_safe_distance",capture_close_range_image; resample_environment_sensors,defer_field_actuation,R04C05 高风险但不确定性为中，先复查后再执行,blocked_until_recheck_confirms_state,queued_for_recheck,normal
2026-08-28 20:00,70.7,69.5,270,R04C04,4,4,row_4,26,72.0,中高,0.89,0.0,低,waterlogging,execute,execute_recommended_action,高风险 + 低不确定性 → 允许执行建议动作,reroute_and_drainage_check,high,reroute_around_region:R04C04; mark_low_traction_zone,inspect_drainage_channel; verify_soil_moisture,send_drainage_alert,R04C04 疑似积水，机器人绕行并发送排水检查提醒,execute_without_entering_risky_cell,ready,normal
2026-08-28 21:00,51.4,69.1,270,R04C03,4,3,row_4,26,74.1,中高,0.92,0.0,低,waterlogging,execute,execute_recommended_action,高风险 + 低不确定性 → 允许执行建议动作,reroute_and_drainage_check,high,reroute_around_region:R04C03; mark_low_traction_zone,inspect_drainage_channel; verify_soil_moisture,send_drainage_alert,R04C03 疑似积水，机器人绕行并发送排水检查提醒,execute_without_entering_risky_cell,ready,normal
2026-08-28 22:00,31.4,69.0,270,R04C02,4,2,row_4,26,69.4,中高,0.86,35.0,中,waterlogging,hold,recheck_before_action,高风险 + 高不确定性 → 先复查，不直接执行动作,recheck_region,high,"navigate_to:R04C02@(31.4,69.0); slow_down; hold_safe_distance",capture_close_range_image; resample_environment_sensors,defer_field_actuation,R04C02 高风险但不确定性为中，先复查后再执行,blocked_until_recheck_confirms_state,queued_for_recheck,normal
2026-08-28 23:00,10.8,69.1,270,R04C01,4,1,row_4,26,66.2,中高,0.82,35.0,中,waterlogging,hold,recheck_before_action,高风险 + 高不确定性 → 先复查，不直接执行动作,recheck_region,high,"navigate_to:R04C01@(10.8,69.1); slow_down; hold_safe_distance",capture_close_range_image; resample_environment_sensors,defer_field_actuation,R04C01 高风险但不确定性为中，先复查后再执行,blocked_until_recheck_confirms_state,queued_for_recheck,normal
2026-08-29 00:00,9.8,9.4,90,R01C01,1,1,row_1,27,72.5,中高,0.90,0.0,低,waterlogging,execute,execute_recommended_action,高风险 + 低不确定性 → 允许执行建议动作,reroute_and_drainage_check,high,reroute_around_region:R01C01; mark_low_traction_zone,inspect_drainage_channel; verify_soil_moisture,send_drainage_alert,R01C01 疑似积水，机器人绕行并发送排水检查提醒,execute_without_entering_risky_cell,ready,normal
2026-08-29 01:00,28.9,9.9,90,R01C02,1,2,row_1,27,68.1,中高,0.85,35.0,中,waterlogging,hold,recheck_before_action,高风险 + 高不确定性 → 先复查，不直接执行动作,recheck_region,high,"navigate_to:R01C02@(28.9,9.9); slow_down; hold_safe_distance",capture_close_range_image; resample_environment_sensors,defer_field_actuation,R01C02 高风险但不确定性为中，先复查后再执行,blocked_until_recheck_confirms_state,queued_for_recheck,normal
2026-08-29 02:00,48.5,10.4,90,R01C03,1,3,row_1,27,66.1,中高,0.82,35.0,中,waterlogging,hold,recheck_before_action,高风险 + 高不确定性 → 先复查，不直接执行动作,recheck_region,high,"navigate_to:R01C03@(48.5,10.4); slow_down; hold_safe_distance",capture_close_range_image; resample_environment_sensors,defer_field_actuation,R01C03 高风险但不确定性为中，先复查后再执行,blocked_until_recheck_confirms_state,queued_for_recheck,normal
2026-08-29 03:00,68.8,10.8,90,R01C04,1,4,row_1,27,63.8,中高,0.78,35.0,中,waterlogging,hold,recheck_before_action,高风险 + 高不确定性 → 先复查，不直接执行动作,recheck_region,high,"navigate_to:R01C04@(68.8,10.8); slow_down; hold_safe_distance",capture_close_range_image; resample_environment_sensors,defer_field_actuation,R01C04 高风险但不确定性为中，先复查后再执行,blocked_until_recheck_confirms_state,queued_for_recheck,normal
2026-08-29 04:00,89.7,11.0,90,R01C05,1,5,row_1,27,63.1,中高,0.77,35.0,中,waterlogging,hold,recheck_before_action,高风险 + 高不确定性 → 先复查，不直接执行动作,recheck_region,high,"navigate_to:R01C05@(89.7,11.0); slow_down; hold_safe_distance",capture_close_range_image; resample_environment_sensors,defer_field_actuation,R01C05 高风险但不确定性为中，先复查后再执行,blocked_until_recheck_confirms_state,queued_for_recheck,normal
2026-08-29 05:00,110.7,10.9,90,R01C06,1,6,row_1,27,63.2,中高,0.78,35.0,中,waterlogging,hold,recheck_before_action,高风险 + 高不确定性 → 先复查，不直接执行动作,recheck_region,high,"navigate_to:R01C06@(110.7,10.9); slow_down; hold_safe_distance",capture_close_range_image; resample_environment_sensors,defer_field_actuation,R01C06 高风险但不确定性为中，先复查后再执行,blocked_until_recheck_confirms_state,queued_for_recheck,normal
2026-08-29 06:00,111.4,30.7,270,R02C06,2,6,row_2,27,61.9,中高,0.76,35.0,中,waterlogging,hold,recheck_before_action,高风险 + 高不确定性 → 先复查，不直接执行动作,recheck_region,high,"navigate_to:R02C06@(111.4,30.7); slow_down; hold_safe_distance",capture_close_range_image; resample_environment_sensors,defer_field_actuation,R02C06 高风险但不确定性为中，先复查后再执行,blocked_until_recheck_confirms_state,queued_for_recheck,normal
2026-08-29 07:00,91.4,30.2,270,R02C05,2,5,row_2,27,61.6,中高,0.75,35.0,中,waterlogging,hold,recheck_before_action,高风险 + 高不确定性 → 先复查，不直接执行动作,recheck_region,high,"navigate_to:R02C05@(91.4,30.2); slow_down; hold_safe_distance",capture_close_range_image; resample_environment_sensors,defer_field_actuation,R02C05 高风险但不确定性为中，先复查后再执行,blocked_until_recheck_confirms_state,queued_for_recheck,normal
2026-08-29 08:00,70.8,29.7,270,R02C04,2,4,row_2,27,61.6,中高,0.75,35.0,中,waterlogging,hold,recheck_before_action,高风险 + 高不确定性 → 先复查，不直接执行动作,recheck_region,high,"navigate_to:R02C04@(70.8,29.7); slow_down; hold_safe_distance",capture_close_range_image; resample_environment_sensors,defer_field_actuation,R02C04 高风险但不确定性为中，先复查后再执行,blocked_until_recheck_confirms_state,queued_for_recheck,normal
2026-08-29 09:00,49.8,29.3,270,R02C03,2,3,row_2,27,61.9,中高,0.76,35.0,中,waterlogging,hold,recheck_before_action,高风险 + 高不确定性 → 先复查，不直接执行动作,recheck_region,high,"navigate_to:R02C03@(49.8,29.3); slow_down; hold_safe_distance",capture_close_range_image; resample_environment_sensors,defer_field_actuation,R02C03 高风险但不确定性为中，先复查后再执行,blocked_until_recheck_confirms_state,queued_for_recheck,normal
2026-08-29 10:00,28.9,29.0,270,R02C02,2,2,row_2,27,62.2,中高,0.76,35.0,中,waterlogging,hold,recheck_before_action,高风险 + 高不确定性 → 先复查，不直接执行动作,recheck_region,high,"navigate_to:R02C02@(28.9,29.0); slow_down; hold_safe_distance",capture_close_range_image; resample_environment_sensors,defer_field_actuation,R02C02 高风险但不确定性为中，先复查后再执行,blocked_until_recheck_confirms_state,queued_for_recheck,normal
2026-08-29 11:00,8.5,29.0,270,R02C01,2,1,row_2,27,19.5,很低,0.84,0.0,低,healthy,observe,routine_patrol,低风险 + 低不确定性 → 常规巡检,continue_patrol,low,continue_nominal_patrol,standard_periodic_sampling,none,R02C01 当前风险较低，保持常规巡检,normal_autonomy,ready,normal
2026-08-29 12:00,8.8,49.2,90,R03C01,3,1,row_3,27,9.6,很低,0.98,0.0,低,healthy,observe,routine_patrol,低风险 + 低不确定性 → 常规巡检,continue_patrol,low,continue_nominal_patrol,standard_periodic_sampling,none,R03C01 当前风险较低，保持常规巡检,normal_autonomy,ready,normal
2026-08-29 13:00,29.7,49.6,90,R03C02,3,2,row_3,27,8.7,很低,0.99,0.0,低,healthy,observe,routine_patrol,低风险 + 低不确定性 → 常规巡检,continue_patrol,low,continue_nominal_patrol,standard_periodic_sampling,none,R03C02 当前风险较低，保持常规巡检,normal_autonomy,ready,normal
2026-08-29 14:00,50.7,50.1,90,R03C03,3,3,row_3,27,9.4,很低,0.98,0.0,低,healthy,observe,routine_patrol,低风险 + 低不确定性 → 常规巡检,continue_patrol,low,continue_nominal_patrol,standard_periodic_sampling,none,R03C03 当前风险较低，保持常规巡检,normal_autonomy,ready,normal
2026-08-29 15:00,71.4,50.6,90,R03C04,3,4,row_3,27,8.7,很低,0.99,0.0,低,healthy,observe,routine_patrol,低风险 + 低不确定性 → 常规巡检,continue_patrol,low,continue_nominal_patrol,standard_periodic_sampling,none,R03C04 当前风险较低，保持常规巡检,normal_autonomy,ready,normal
2026-08-29 16:00,91.4,50.9,90,R03C05,3,5,row_3,27,9.5,很低,0.98,0.0,低,healthy,observe,routine_patrol,低风险 + 低不确定性 → 常规巡检,continue_patrol,low,continue_nominal_patrol,standard_periodic_sampling,none,R03C05 当前风险较低，保持常规巡检,normal_autonomy,ready,normal
2026-08-29 17:00,110.8,51.0,90,R03C06,3,6,row_3,27,8.9,很低,0.99,44.0,中,healthy,hold,monitor_more_context,风险或不确定性处于中间状态 → 继续观察并收集更多上下文,monitor_context,normal,continue_patrol; revisit_region:R03C06,collect_next_context_window,none,R03C06 风险或不确定性处于中间状态，继续观察,no_direct_field_actuation,monitoring,normal
2026-08-29 18:00,109.8,70.8,270,R04C06,4,6,row_4,27,8.3,很低,1.00,0.0,低,healthy,observe,routine_patrol,低风险 + 低不确定性 → 常规巡检,continue_patrol,low,continue_nominal_patrol,standard_periodic_sampling,none,R04C06 当前风险较低，保持常规巡检,normal_autonomy,ready,normal
2026-08-29 19:00,88.9,70.5,270,R04C05,4,5,row_4,27,8.3,很低,1.00,0.0,低,healthy,observe,routine_patrol,低风险 + 低不确定性 → 常规巡检,continue_patrol,low,continue_nominal_patrol,standard_periodic_sampling,none,R04C05 当前风险较低，保持常规巡检,normal_autonomy,ready,normal
2026-08-29 20:00,68.5,70.0,270,R04C04,4,4,row_4,27,8.3,很低,1.00,0.0,低,healthy,observe,routine_patrol,低风险 + 低不确定性 → 常规巡检,continue_patrol,low,continue_nominal_patrol,standard_periodic_sampling,none,R04C04 当前风险较低，保持常规巡检,normal_autonomy,ready,normal
2026-08-29 21:00,48.8,69.5,270,R04C03,4,3,row_4,27,8.3,很低,1.00,0.0,低,healthy,observe,routine_patrol,低风险 + 低不确定性 → 常规巡检,continue_patrol,low,continue_nominal_patrol,standard_periodic_sampling,none,R04C03 当前风险较低，保持常规巡检,normal_autonomy,ready,normal
2026-08-29 22:00,29.7,69.2,270,R04C02,4,2,row_4,27,8.3,很低,1.00,0.0,低,healthy,observe,routine_patrol,低风险 + 低不确定性 → 常规巡检,continue_patrol,low,continue_nominal_patrol,standard_periodic_sampling,none,R04C02 当前风险较低，保持常规巡检,normal_autonomy,ready,normal
2026-08-29 23:00,10.7,69.0,270,R04C01,4,1,row_4,27,8.3,很低,1.00,0.0,低,healthy,observe,routine_patrol,低风险 + 低不确定性 → 常规巡检,continue_patrol,low,continue_nominal_patrol,standard_periodic_sampling,none,R04C01 当前风险较低，保持常规巡检,normal_autonomy,ready,normal
2026-08-30 00:00,11.4,9.1,90,R01C01,1,1,row_1,28,8.8,很低,0.99,44.0,中,healthy,hold,monitor_more_context,风险或不确定性处于中间状态 → 继续观察并收集更多上下文,monitor_context,normal,continue_patrol; revisit_region:R01C01,collect_next_context_window,none,R01C01 风险或不确定性处于中间状态，继续观察,no_direct_field_actuation,monitoring,normal
2026-08-30 01:00,31.4,9.4,90,R01C02,1,2,row_1,28,8.3,很低,1.00,0.0,低,healthy,observe,routine_patrol,低风险 + 低不确定性 → 常规巡检,continue_patrol,low,continue_nominal_patrol,standard_periodic_sampling,none,R01C02 当前风险较低，保持常规巡检,normal_autonomy,ready,normal
2026-08-30 02:00,50.8,9.8,90,R01C03,1,3,row_1,28,8.3,很低,1.00,0.0,低,healthy,observe,routine_patrol,低风险 + 低不确定性 → 常规巡检,continue_patrol,low,continue_nominal_patrol,standard_periodic_sampling,none,R01C03 当前风险较低，保持常规巡检,normal_autonomy,ready,normal
2026-08-30 03:00,69.7,10.3,90,R01C04,1,4,row_1,28,29.1,低,0.70,0.0,低,healthy,observe,routine_patrol,低风险 + 低不确定性 → 常规巡检,continue_patrol,low,continue_nominal_patrol,standard_periodic_sampling,none,R01C04 当前风险较低，保持常规巡检,normal_autonomy,ready,normal
2026-08-30 04:00,88.9,10.7,90,R01C05,1,5,row_1,28,45.0,中,0.42,47.0,中,waterlogging,hold,resample_before_action,中风险 + 高不确定性 → 重新采样后再决策,resample_sensors,medium,"hold_position:R01C05@(88.9,10.7); repeat_sampling_pass",resample_soil_moisture; resample_temperature; capture_context_image,none,R01C05 中风险且不确定性为中，重新采样后再决策,blocked_until_sensor_resample,queued_for_resampling,normal
2026-08-30 05:00,108.5,11.0,90,R01C06,1,6,row_1,28,45.0,中,0.48,35.0,中,waterlogging,hold,resample_before_action,中风险 + 高不确定性 → 重新采样后再决策,resample_sensors,medium,"hold_position:R01C06@(108.5,11.0); repeat_sampling_pass",resample_soil_moisture; resample_temperature; capture_context_image,none,R01C06 中风险且不确定性为中，重新采样后再决策,blocked_until_sensor_resample,queued_for_resampling,normal
2026-08-30 06:00,108.9,31.0,270,R02C06,2,6,row_2,28,47.0,中,0.54,35.0,中,waterlogging,hold,resample_before_action,中风险 + 高不确定性 → 重新采样后再决策,resample_sensors,medium,"hold_position:R02C06@(108.9,31.0); repeat_sampling_pass",resample_soil_moisture; resample_temperature; capture_context_image,none,R02C06 中风险且不确定性为中，重新采样后再决策,blocked_until_sensor_resample,queued_for_resampling,normal
2026-08-30 07:00,89.7,30.7,270,R02C05,2,5,row_2,28,51.6,中,0.61,35.0,中,waterlogging,hold,resample_before_action,中风险 + 高不确定性 → 重新采样后再决策,resample_sensors,medium,"hold_position:R02C05@(89.7,30.7); repeat_sampling_pass",resample_soil_moisture; resample_temperature; capture_context_image,none,R02C05 中风险且不确定性为中，重新采样后再决策,blocked_until_sensor_resample,queued_for_resampling,normal
2026-08-30 08:00,70.8,30.3,270,R02C04,2,4,row_2,28,54.6,中,0.65,35.0,中,waterlogging,hold,resample_before_action,中风险 + 高不确定性 → 重新采样后再决策,resample_sensors,medium,"hold_position:R02C04@(70.8,30.3); repeat_sampling_pass",resample_soil_moisture; resample_temperature; capture_context_image,none,R02C04 中风险且不确定性为中，重新采样后再决策,blocked_until_sensor_resample,queued_for_resampling,normal
2026-08-30 09:00,51.4,29.8,270,R02C03,2,3,row_2,28,57.4,中,0.69,35.0,中,waterlogging,hold,resample_before_action,中风险 + 高不确定性 → 重新采样后再决策,resample_sensors,medium,"hold_position:R02C03@(51.4,29.8); repeat_sampling_pass",resample_soil_moisture; resample_temperature; capture_context_image,none,R02C03 中风险且不确定性为中，重新采样后再决策,blocked_until_sensor_resample,queued_for_resampling,normal
2026-08-30 10:00,31.4,29.4,270,R02C02,2,2,row_2,28,59.0,中,0.71,35.0,中,waterlogging,hold,resample_before_action,中风险 + 高不确定性 → 重新采样后再决策,resample_sensors,medium,"hold_position:R02C02@(31.4,29.4); repeat_sampling_pass",resample_soil_moisture; resample_temperature; capture_context_image,none,R02C02 中风险且不确定性为中，重新采样后再决策,blocked_until_sensor_resample,queued_for_resampling,normal
2026-08-30 11:00,10.7,29.1,270,R02C01,2,1,row_2,28,59.5,中,0.72,35.0,中,waterlogging,hold,resample_before_action,中风险 + 高不确定性 → 重新采样后再决策,resample_sensors,medium,"hold_position:R02C01@(10.7,29.1); repeat_sampling_pass",resample_soil_moisture; resample_temperature; capture_context_image,none,R02C01 中风险且不确定性为中，重新采样后再决策,blocked_until_sensor_resample,queued_for_resampling,normal
2026-08-30 12:00,9.7,49.0,90,R03C01,3,1,row_3,28,45.0,中,0.32,47.0,中,waterlogging,hold,resample_before_action,中风险 + 高不确定性 → 重新采样后再决策,resample_sensors,medium,"hold_position:R03C01@(9.7,49.0); repeat_sampling_pass",resample_soil_moisture; resample_temperature; capture_context_image,none,R03C01 中风险且不确定性为中，重新采样后再决策,blocked_until_sensor_resample,queued_for_resampling,normal
2026-08-30 13:00,28.8,49.2,90,R03C02,3,2,row_3,28,11.6,很低,0.95,0.0,低,healthy,observe,routine_patrol,低风险 + 低不确定性 → 常规巡检,continue_patrol,low,continue_nominal_patrol,standard_periodic_sampling,none,R03C02 当前风险较低，保持常规巡检,normal_autonomy,ready,normal
2026-08-30 14:00,48.5,49.6,90,R03C03,3,3,row_3,28,8.9,很低,0.99,0.0,低,healthy,observe,routine_patrol,低风险 + 低不确定性 → 常规巡检,continue_patrol,low,continue_nominal_patrol,standard_periodic_sampling,none,R03C03 当前风险较低，保持常规巡检,normal_autonomy,ready,normal
2026-08-30 15:00,68.9,50.1,90,R03C04,3,4,row_3,28,8.7,很低,0.99,0.0,低,healthy,observe,routine_patrol,低风险 + 低不确定性 → 常规巡检,continue_patrol,low,continue_nominal_patrol,standard_periodic_sampling,none,R03C04 当前风险较低，保持常规巡检,normal_autonomy,ready,normal
2026-08-30 16:00,89.8,50.5,90,R03C05,3,5,row_3,28,8.7,很低,0.99,0.0,低,healthy,observe,routine_patrol,低风险 + 低不确定性 → 常规巡检,continue_patrol,low,continue_nominal_patrol,standard_periodic_sampling,none,R03C05 当前风险较低，保持常规巡检,normal_autonomy,ready,normal
2026-08-30 17:00,110.8,50.9,90,R03C06,3,6,row_3,28,8.7,很低,0.99,0.0,低,healthy,observe,routine_patrol,低风险 + 低不确定性 → 常规巡检,continue_patrol,low,continue_nominal_patrol,standard_periodic_sampling,none,R03C06 当前风险较低，保持常规巡检,normal_autonomy,ready,normal
2026-08-30 18:00,111.4,71.0,270,R04C06,4,6,row_4,28,8.5,很低,0.99,0.0,低,healthy,observe,routine_patrol,低风险 + 低不确定性 → 常规巡检,continue_patrol,low,continue_nominal_patrol,standard_periodic_sampling,none,R04C06 当前风险较低，保持常规巡检,normal_autonomy,ready,normal
2026-08-30 19:00,91.4,70.9,270,R04C05,4,5,row_4,28,8.5,很低,0.99,0.0,低,healthy,observe,routine_patrol,低风险 + 低不确定性 → 常规巡检,continue_patrol,low,continue_nominal_patrol,standard_periodic_sampling,none,R04C05 当前风险较低，保持常规巡检,normal_autonomy,ready,normal
2026-08-30 20:00,70.7,70.5,270,R04C04,4,4,row_4,28,8.5,很低,0.99,0.0,低,healthy,observe,routine_patrol,低风险 + 低不确定性 → 常规巡检,continue_patrol,low,continue_nominal_patrol,standard_periodic_sampling,none,R04C04 当前风险较低，保持常规巡检,normal_autonomy,ready,normal
2026-08-30 21:00,49.7,70.1,270,R04C03,4,3,row_4,28,8.2,很低,1.00,0.0,低,healthy,observe,routine_patrol,低风险 + 低不确定性 → 常规巡检,continue_patrol,low,continue_nominal_patrol,standard_periodic_sampling,none,R04C03 当前风险较低，保持常规巡检,normal_autonomy,ready,normal
2026-08-30 22:00,28.8,69.6,270,R04C02,4,2,row_4,28,8.2,很低,1.00,0.0,低,healthy,observe,routine_patrol,低风险 + 低不确定性 → 常规巡检,continue_patrol,low,continue_nominal_patrol,standard_periodic_sampling,none,R04C02 当前风险较低，保持常规巡检,normal_autonomy,ready,normal
2026-08-30 23:00,8.5,69.2,270,R04C01,4,1,row_4,28,8.2,很低,1.00,0.0,低,healthy,observe,routine_patrol,低风险 + 低不确定性 → 常规巡检,continue_patrol,low,continue_nominal_patrol,standard_periodic_sampling,none,R04C01 当前风险较低，保持常规巡检,normal_autonomy,ready,normal
2026-08-31 00:00,8.9,9.0,90,R01C01,1,1,row_1,29,8.2,很低,1.00,0.0,低,healthy,observe,routine_patrol,低风险 + 低不确定性 → 常规巡检,continue_patrol,low,continue_nominal_patrol,standard_periodic_sampling,none,R01C01 当前风险较低，保持常规巡检,normal_autonomy,ready,normal
2026-08-31 01:00,29.8,9.1,90,R01C02,1,2,row_1,29,8.2,很低,1.00,0.0,低,healthy,observe,routine_patrol,低风险 + 低不确定性 → 常规巡检,continue_patrol,low,continue_nominal_patrol,standard_periodic_sampling,none,R01C02 当前风险较低，保持常规巡检,normal_autonomy,ready,normal
2026-08-31 02:00,50.8,9.3,90,R01C03,1,3,row_1,29,8.2,很低,1.00,0.0,低,healthy,observe,routine_patrol,低风险 + 低不确定性 → 常规巡检,continue_patrol,low,continue_nominal_patrol,standard_periodic_sampling,none,R01C03 当前风险较低，保持常规巡检,normal_autonomy,ready,normal
2026-08-31 03:00,71.4,9.8,90,R01C04,1,4,row_1,29,8.2,很低,1.00,0.0,低,healthy,observe,routine_patrol,低风险 + 低不确定性 → 常规巡检,continue_patrol,low,continue_nominal_patrol,standard_periodic_sampling,none,R01C04 当前风险较低，保持常规巡检,normal_autonomy,ready,normal
2026-08-31 04:00,91.4,10.3,90,R01C05,1,5,row_1,29,8.6,很低,0.99,44.0,中,healthy,hold,monitor_more_context,风险或不确定性处于中间状态 → 继续观察并收集更多上下文,monitor_context,normal,continue_patrol; revisit_region:R01C05,collect_next_context_window,none,R01C05 风险或不确定性处于中间状态，继续观察,no_direct_field_actuation,monitoring,normal
2026-08-31 05:00,110.7,10.7,90,R01C06,1,6,row_1,29,8.2,很低,1.00,0.0,低,healthy,observe,routine_patrol,低风险 + 低不确定性 → 常规巡检,continue_patrol,low,continue_nominal_patrol,standard_periodic_sampling,none,R01C06 当前风险较低，保持常规巡检,normal_autonomy,ready,normal
2026-08-31 06:00,109.7,31.0,270,R02C06,2,6,row_2,29,8.2,很低,1.00,0.0,低,healthy,observe,routine_patrol,低风险 + 低不确定性 → 常规巡检,continue_patrol,low,continue_nominal_patrol,standard_periodic_sampling,none,R02C06 当前风险较低，保持常规巡检,normal_autonomy,ready,normal
2026-08-31 07:00,88.8,31.0,270,R02C05,2,5,row_2,29,8.2,很低,1.00,0.0,低,healthy,observe,routine_patrol,低风险 + 低不确定性 → 常规巡检,continue_patrol,low,continue_nominal_patrol,standard_periodic_sampling,none,R02C05 当前风险较低，保持常规巡检,normal_autonomy,ready,normal
2026-08-31 08:00,68.5,30.8,270,R02C04,2,4,row_2,29,8.2,很低,1.00,0.0,低,healthy,observe,routine_patrol,低风险 + 低不确定性 → 常规巡检,continue_patrol,low,continue_nominal_patrol,standard_periodic_sampling,none,R02C04 当前风险较低，保持常规巡检,normal_autonomy,ready,normal
2026-08-31 09:00,48.9,30.4,270,R02C03,2,3,row_2,29,8.5,很低,0.99,0.0,低,healthy,observe,routine_patrol,低风险 + 低不确定性 → 常规巡检,continue_patrol,low,continue_nominal_patrol,standard_periodic_sampling,none,R02C03 当前风险较低，保持常规巡检,normal_autonomy,ready,normal
2026-08-31 10:00,29.8,29.9,270,R02C02,2,2,row_2,29,8.5,很低,0.99,0.0,低,healthy,observe,routine_patrol,低风险 + 低不确定性 → 常规巡检,continue_patrol,low,continue_nominal_patrol,standard_periodic_sampling,none,R02C02 当前风险较低，保持常规巡检,normal_autonomy,ready,normal
2026-08-31 11:00,10.8,29.4,270,R02C01,2,1,row_2,29,8.5,很低,0.99,0.0,低,healthy,observe,routine_patrol,低风险 + 低不确定性 → 常规巡检,continue_patrol,low,continue_nominal_patrol,standard_periodic_sampling,none,R02C01 当前风险较低，保持常规巡检,normal_autonomy,ready,normal
2026-08-31 12:00,11.4,49.1,90,R03C01,3,1,row_3,29,8.5,很低,0.99,0.0,低,healthy,observe,routine_patrol,低风险 + 低不确定性 → 常规巡检,continue_patrol,low,continue_nominal_patrol,standard_periodic_sampling,none,R03C01 当前风险较低，保持常规巡检,normal_autonomy,ready,normal
2026-08-31 13:00,31.4,49.0,90,R03C02,3,2,row_3,29,45.0,中,0.02,47.0,中,heat,hold,resample_before_action,中风险 + 高不确定性 → 重新采样后再决策,resample_sensors,medium,"hold_position:R03C02@(31.4,49.0); repeat_sampling_pass",resample_soil_moisture; resample_temperature; capture_context_image,none,R03C02 中风险且不确定性为中，重新采样后再决策,blocked_until_sensor_resample,queued_for_resampling,normal
2026-08-31 14:00,50.7,49.2,90,R03C03,3,3,row_3,29,8.8,很低,0.99,44.0,中,healthy,hold,monitor_more_context,风险或不确定性处于中间状态 → 继续观察并收集更多上下文,monitor_context,normal,continue_patrol; revisit_region:R03C03,collect_next_context_window,none,R03C03 风险或不确定性处于中间状态，继续观察,no_direct_field_actuation,monitoring,normal
2026-08-31 15:00,69.6,49.5,90,R03C04,3,4,row_3,29,45.0,中,0.03,47.0,中,waterlogging,hold,resample_before_action,中风险 + 高不确定性 → 重新采样后再决策,resample_sensors,medium,"hold_position:R03C04@(69.6,49.5); repeat_sampling_pass",resample_soil_moisture; resample_temperature; capture_context_image,none,R03C04 中风险且不确定性为中，重新采样后再决策,blocked_until_sensor_resample,queued_for_resampling,normal
2026-08-31 16:00,88.8,50.0,90,R03C05,3,5,row_3,29,42.0,中,0.45,0.0,低,waterlogging,hold,monitor_more_context,风险或不确定性处于中间状态 → 继续观察并收集更多上下文,reroute_and_drainage_check,medium,reroute_around_region:R03C05; mark_low_traction_zone,inspect_drainage_channel; verify_soil_moisture,send_drainage_alert,R03C05 疑似积水，机器人绕行并发送排水检查提醒,execute_without_entering_risky_cell,ready,normal
2026-08-31 17:00,108.5,50.5,90,R03C06,3,6,row_3,29,45.4,中,0.52,35.0,中,waterlogging,hold,resample_before_action,中风险 + 高不确定性 → 重新采样后再决策,resample_sensors,medium,"hold_position:R03C06@(108.5,50.5); repeat_sampling_pass",resample_soil_moisture; resample_temperature; capture_context_image,none,R03C06 中风险且不确定性为中，重新采样后再决策,blocked_until_sensor_resample,queued_for_resampling,normal
2026-08-31 18:00,108.9,70.8,270,R04C06,4,6,row_4,29,48.2,中,0.56,35.0,中,waterlogging,hold,resample_before_action,中风险 + 高不确定性 → 重新采样后再决策,resample_sensors,medium,"hold_position:R04C06@(108.9,70.8); repeat_sampling_pass",resample_soil_moisture; resample_temperature; capture_context_image,none,R04C06 中风险且不确定性为中，重新采样后再决策,blocked_until_sensor_resample,queued_for_resampling,normal
2026-08-31 19:00,89.8,71.0,270,R04C05,4,5,row_4,29,51.4,中,0.61,35.0,中,waterlogging,hold,resample_before_action,中风险 + 高不确定性 → 重新采样后再决策,resample_sensors,medium,"hold_position:R04C05@(89.8,71.0); repeat_sampling_pass",resample_soil_moisture; resample_temperature; capture_context_image,none,R04C05 中风险且不确定性为中，重新采样后再决策,blocked_until_sensor_resample,queued_for_resampling,normal
2026-08-31 20:00,70.8,70.9,270,R04C04,4,4,row_4,29,53.7,中,0.64,35.0,中,waterlogging,hold,resample_before_action,中风险 + 高不确定性 → 重新采样后再决策,resample_sensors,medium,"hold_position:R04C04@(70.8,70.9); repeat_sampling_pass",resample_soil_moisture; resample_temperature; capture_context_image,none,R04C04 中风险且不确定性为中，重新采样后再决策,blocked_until_sensor_resample,queued_for_resampling,normal
2026-08-31 21:00,51.4,70.6,270,R04C03,4,3,row_4,29,55.3,中,0.66,35.0,中,waterlogging,hold,resample_before_action,中风险 + 高不确定性 → 重新采样后再决策,resample_sensors,medium,"hold_position:R04C03@(51.4,70.6); repeat_sampling_pass",resample_soil_moisture; resample_temperature; capture_context_image,none,R04C03 中风险且不确定性为中，重新采样后再决策,blocked_until_sensor_resample,queued_for_resampling,normal
2026-08-31 22:00,31.4,70.1,270,R04C02,4,2,row_4,29,74.8,中高,0.95,0.0,低,waterlogging,execute,execute_recommended_action,高风险 + 低不确定性 → 允许执行建议动作,reroute_and_drainage_check,high,reroute_around_region:R04C02; mark_low_traction_zone,inspect_drainage_channel; verify_soil_moisture,send_drainage_alert,R04C02 疑似积水，机器人绕行并发送排水检查提醒,execute_without_entering_risky_cell,ready,normal
2026-08-31 23:00,10.6,69.7,270,R04C01,4,1,row_4,29,69.6,中高,0.87,35.0,中,waterlogging,hold,recheck_before_action,高风险 + 高不确定性 → 先复查，不直接执行动作,recheck_region,high,"navigate_to:R04C01@(10.6,69.7); slow_down; hold_safe_distance",capture_close_range_image; resample_environment_sensors,defer_field_actuation,R04C01 高风险但不确定性为中，先复查后再执行,blocked_until_recheck_confirms_state,queued_for_recheck,normal
2026-09-01 00:00,9.6,9.2,90,R01C01,1,1,row_1,30,66.2,中高,0.82,35.0,中,waterlogging,hold,recheck_before_action,高风险 + 高不确定性 → 先复查，不直接执行动作,recheck_region,high,"navigate_to:R01C01@(9.6,9.2); slow_down; hold_safe_distance",capture_close_range_image; resample_environment_sensors,defer_field_actuation,R01C01 高风险但不确定性为中，先复查后再执行,blocked_until_recheck_confirms_state,queued_for_recheck,normal
2026-09-01 01:00,28.8,9.0,90,R01C02,1,2,row_1,30,64.6,中高,0.80,35.0,中,waterlogging,hold,recheck_before_action,高风险 + 高不确定性 → 先复查，不直接执行动作,recheck_region,high,"navigate_to:R01C02@(28.8,9.0); slow_down; hold_safe_distance",capture_close_range_image; resample_environment_sensors,defer_field_actuation,R01C02 高风险但不确定性为中，先复查后再执行,blocked_until_recheck_confirms_state,queued_for_recheck,normal
2026-09-01 02:00,48.5,9.0,90,R01C03,1,3,row_1,30,63.1,中高,0.77,35.0,中,waterlogging,hold,recheck_before_action,高风险 + 高不确定性 → 先复查，不直接执行动作,recheck_region,high,"navigate_to:R01C03@(48.5,9.0); slow_down; hold_safe_distance",capture_close_range_image; resample_environment_sensors,defer_field_actuation,R01C03 高风险但不确定性为中，先复查后再执行,blocked_until_recheck_confirms_state,queued_for_recheck,normal
2026-09-01 03:00,68.9,9.3,90,R01C04,1,4,row_1,30,62.8,中高,0.77,35.0,中,waterlogging,hold,recheck_before_action,高风险 + 高不确定性 → 先复查，不直接执行动作,recheck_region,high,"navigate_to:R01C04@(68.9,9.3); slow_down; hold_safe_distance",capture_close_range_image; resample_environment_sensors,defer_field_actuation,R01C04 高风险但不确定性为中，先复查后再执行,blocked_until_recheck_confirms_state,queued_for_recheck,normal
2026-09-01 04:00,89.9,9.7,90,R01C05,1,5,row_1,30,62.6,中高,0.77,35.0,中,waterlogging,hold,recheck_before_action,高风险 + 高不确定性 → 先复查，不直接执行动作,recheck_region,high,"navigate_to:R01C05@(89.9,9.7); slow_down; hold_safe_distance",capture_close_range_image; resample_environment_sensors,defer_field_actuation,R01C05 高风险但不确定性为中，先复查后再执行,blocked_until_recheck_confirms_state,queued_for_recheck,normal
2026-09-01 05:00,110.9,10.2,90,R01C06,1,6,row_1,30,61.5,中高,0.75,35.0,中,waterlogging,hold,recheck_before_action,高风险 + 高不确定性 → 先复查，不直接执行动作,recheck_region,high,"navigate_to:R01C06@(110.9,10.2); slow_down; hold_safe_distance",capture_close_range_image; resample_environment_sensors,defer_field_actuation,R01C06 高风险但不确定性为中，先复查后再执行,blocked_until_recheck_confirms_state,queued_for_recheck,normal
2026-09-01 06:00,111.4,30.7,270,R02C06,2,6,row_2,30,60.9,中高,0.74,35.0,中,waterlogging,hold,recheck_before_action,高风险 + 高不确定性 → 先复查，不直接执行动作,recheck_region,high,"navigate_to:R02C06@(111.4,30.7); slow_down; hold_safe_distance",capture_close_range_image; resample_environment_sensors,defer_field_actuation,R02C06 高风险但不确定性为中，先复查后再执行,blocked_until_recheck_confirms_state,queued_for_recheck,normal
2026-09-01 07:00,91.4,30.9,270,R02C05,2,5,row_2,30,60.8,中高,0.74,35.0,中,waterlogging,hold,recheck_before_action,高风险 + 高不确定性 → 先复查，不直接执行动作,recheck_region,high,"navigate_to:R02C05@(91.4,30.9); slow_down; hold_safe_distance",capture_close_range_image; resample_environment_sensors,defer_field_actuation,R02C05 高风险但不确定性为中，先复查后再执行,blocked_until_recheck_confirms_state,queued_for_recheck,normal
2026-09-01 08:00,70.6,31.0,270,R02C04,2,4,row_2,30,61.0,中高,0.74,35.0,中,waterlogging,hold,recheck_before_action,高风险 + 高不确定性 → 先复查，不直接执行动作,recheck_region,high,"navigate_to:R02C04@(70.6,31.0); slow_down; hold_safe_distance",capture_close_range_image; resample_environment_sensors,defer_field_actuation,R02C04 高风险但不确定性为中，先复查后再执行,blocked_until_recheck_confirms_state,queued_for_recheck,normal
2026-09-01 09:00,49.6,30.8,270,R02C03,2,3,row_2,30,70.3,中高,0.87,0.0,低,waterlogging,execute,execute_recommended_action,高风险 + 低不确定性 → 允许执行建议动作,reroute_and_drainage_check,high,reroute_around_region:R02C03; mark_low_traction_zone,inspect_drainage_channel; verify_soil_moisture,send_drainage_alert,R02C03 疑似积水，机器人绕行并发送排水检查提醒,execute_without_entering_risky_cell,ready,normal
2026-09-01 10:00,28.8,30.4,270,R02C02,2,2,row_2,30,59.0,中,0.57,0.0,低,waterlogging,hold,monitor_more_context,风险或不确定性处于中间状态 → 继续观察并收集更多上下文,reroute_and_drainage_check,medium,reroute_around_region:R02C02; mark_low_traction_zone,inspect_drainage_channel; verify_soil_moisture,send_drainage_alert,R02C02 疑似积水，机器人绕行并发送排水检查提醒,execute_without_entering_risky_cell,ready,normal
2026-09-01 11:00,8.5,29.9,270,R02C01,2,1,row_2,30,23.4,低,0.78,0.0,低,healthy,observe,routine_patrol,低风险 + 低不确定性 → 常规巡检,continue_patrol,low,continue_nominal_patrol,standard_periodic_sampling,none,R02C01 当前风险较低，保持常规巡检,normal_autonomy,ready,normal
2026-09-01 12:00,9.0,49.5,90,R03C01,3,1,row_3,30,11.8,很低,0.94,0.0,低,healthy,observe,routine_patrol,低风险 + 低不确定性 → 常规巡检,continue_patrol,low,continue_nominal_patrol,standard_periodic_sampling,none,R03C01 当前风险较低，保持常规巡检,normal_autonomy,ready,normal
2026-09-01 13:00,29.9,49.1,90,R03C02,3,2,row_3,30,45.0,中,0.03,47.0,中,heat,hold,resample_before_action,中风险 + 高不确定性 → 重新采样后再决策,resample_sensors,medium,"hold_position:R03C02@(29.9,49.1); repeat_sampling_pass",resample_soil_moisture; resample_temperature; capture_context_image,none,R03C02 中风险且不确定性为中，重新采样后再决策,blocked_until_sensor_resample,queued_for_resampling,normal
2026-09-01 14:00,50.9,49.0,90,R03C03,3,3,row_3,30,45.0,中,0.07,47.0,中,waterlogging,hold,resample_before_action,中风险 + 高不确定性 → 重新采样后再决策,resample_sensors,medium,"hold_position:R03C03@(50.9,49.0); repeat_sampling_pass",resample_soil_moisture; resample_temperature; capture_context_image,none,R03C03 中风险且不确定性为中，重新采样后再决策,blocked_until_sensor_resample,queued_for_resampling,normal
2026-09-01 15:00,71.5,49.1,90,R03C04,3,4,row_3,30,45.0,中,0.17,47.0,中,waterlogging,hold,resample_before_action,中风险 + 高不确定性 → 重新采样后再决策,resample_sensors,medium,"hold_position:R03C04@(71.5,49.1); repeat_sampling_pass",resample_soil_moisture; resample_temperature; capture_context_image,none,R03C04 中风险且不确定性为中，重新采样后再决策,blocked_until_sensor_resample,queued_for_resampling,normal
2026-09-01 16:00,91.3,49.5,90,R03C05,3,5,row_3,30,45.0,中,0.29,47.0,中,waterlogging,hold,resample_before_action,中风险 + 高不确定性 → 重新采样后再决策,resample_sensors,medium,"hold_position:R03C05@(91.3,49.5); repeat_sampling_pass",resample_soil_moisture; resample_temperature; capture_context_image,none,R03C05 中风险且不确定性为中，重新采样后再决策,blocked_until_sensor_resample,queued_for_resampling,normal
2026-09-01 17:00,110.6,49.9,90,R03C06,3,6,row_3,30,45.0,中,0.38,47.0,中,waterlogging,hold,resample_before_action,中风险 + 高不确定性 → 重新采样后再决策,resample_sensors,medium,"hold_position:R03C06@(110.6,49.9); repeat_sampling_pass",resample_soil_moisture; resample_temperature; capture_context_image,none,R03C06 中风险且不确定性为中，重新采样后再决策,blocked_until_sensor_resample,queued_for_resampling,normal
2026-09-01 18:00,109.6,70.4,270,R04C06,4,6,row_4,30,45.0,中,0.46,35.0,中,waterlogging,hold,resample_before_action,中风险 + 高不确定性 → 重新采样后再决策,resample_sensors,medium,"hold_position:R04C06@(109.6,70.4); repeat_sampling_pass",resample_soil_moisture; resample_temperature; capture_context_image,none,R04C06 中风险且不确定性为中，重新采样后再决策,blocked_until_sensor_resample,queued_for_resampling,normal
2026-09-01 19:00,88.7,70.8,270,R04C05,4,5,row_4,30,46.8,中,0.54,35.0,中,waterlogging,hold,resample_before_action,中风险 + 高不确定性 → 重新采样后再决策,resample_sensors,medium,"hold_position:R04C05@(88.7,70.8); repeat_sampling_pass",resample_soil_moisture; resample_temperature; capture_context_image,none,R04C05 中风险且不确定性为中，重新采样后再决策,blocked_until_sensor_resample,queued_for_resampling,normal
2026-09-01 20:00,68.5,71.0,270,R04C04,4,4,row_4,30,50.7,中,0.60,35.0,中,waterlogging,hold,resample_before_action,中风险 + 高不确定性 → 重新采样后再决策,resample_sensors,medium,"hold_position:R04C04@(68.5,71.0); repeat_sampling_pass",resample_soil_moisture; resample_temperature; capture_context_image,none,R04C04 中风险且不确定性为中，重新采样后再决策,blocked_until_sensor_resample,queued_for_resampling,normal
2026-09-01 21:00,49.0,70.9,270,R04C03,4,3,row_4,30,53.9,中,0.64,35.0,中,waterlogging,hold,resample_before_action,中风险 + 高不确定性 → 重新采样后再决策,resample_sensors,medium,"hold_position:R04C03@(49.0,70.9); repeat_sampling_pass",resample_soil_moisture; resample_temperature; capture_context_image,none,R04C03 中风险且不确定性为中，重新采样后再决策,blocked_until_sensor_resample,queued_for_resampling,normal
2026-09-01 22:00,29.9,70.7,270,R04C02,4,2,row_4,30,56.6,中,0.68,35.0,中,waterlogging,hold,resample_before_action,中风险 + 高不确定性 → 重新采样后再决策,resample_sensors,medium,"hold_position:R04C02@(29.9,70.7); repeat_sampling_pass",resample_soil_moisture; resample_temperature; capture_context_image,none,R04C02 中风险且不确定性为中，重新采样后再决策,blocked_until_sensor_resample,queued_for_resampling,normal
2026-09-01 23:00,10.9,70.2,270,R04C01,4,1,row_4,30,57.4,中,0.69,35.0,中,waterlogging,hold,resample_before_action,中风险 + 高不确定性 → 重新采样后再决策,resample_sensors,medium,"hold_position:R04C01@(10.9,70.2); repeat_sampling_pass",resample_soil_moisture; resample_temperature; capture_context_image,none,R04C01 中风险且不确定性为中，重新采样后再决策,blocked_until_sensor_resample,queued_for_resampling,normal
2026-09-02 00:00,11.5,9.7,90,R01C01,1,1,row_1,31,58.9,中,0.71,35.0,中,waterlogging,hold,resample_before_action,中风险 + 高不确定性 → 重新采样后再决策,resample_sensors,medium,"hold_position:R01C01@(11.5,9.7); repeat_sampling_pass",resample_soil_moisture; resample_temperature; capture_context_image,none,R01C01 中风险且不确定性为中，重新采样后再决策,blocked_until_sensor_resample,queued_for_resampling,normal
2026-09-02 01:00,31.3,9.3,90,R01C02,1,2,row_1,31,58.8,中,0.71,35.0,中,waterlogging,hold,resample_before_action,中风险 + 高不确定性 → 重新采样后再决策,resample_sensors,medium,"hold_position:R01C02@(31.3,9.3); repeat_sampling_pass",resample_soil_moisture; resample_temperature; capture_context_image,none,R01C02 中风险且不确定性为中，重新采样后再决策,blocked_until_sensor_resample,queued_for_resampling,normal
2026-09-02 02:00,50.6,9.0,90,R01C03,1,3,row_1,31,69.0,中高,0.86,44.0,中,waterlogging,hold,recheck_before_action,高风险 + 高不确定性 → 先复查，不直接执行动作,recheck_region,high,"navigate_to:R01C03@(50.6,9.0); slow_down; hold_safe_distance",capture_close_range_image; resample_environment_sensors,defer_field_actuation,R01C03 高风险但不确定性为中，先复查后再执行,blocked_until_recheck_confirms_state,queued_for_recheck,normal
2026-09-02 03:00,69.6,9.0,90,R01C04,1,4,row_1,31,72.4,中高,0.91,44.0,中,waterlogging,hold,recheck_before_action,高风险 + 高不确定性 → 先复查，不直接执行动作,recheck_region,high,"navigate_to:R01C04@(69.6,9.0); slow_down; hold_safe_distance",capture_close_range_image; resample_environment_sensors,defer_field_actuation,R01C04 高风险但不确定性为中，先复查后再执行,blocked_until_recheck_confirms_state,queued_for_recheck,normal
2026-09-02 04:00,88.7,9.2,90,R01C05,1,5,row_1,31,73.7,中高,0.93,44.0,中,waterlogging,hold,recheck_before_action,高风险 + 高不确定性 → 先复查，不直接执行动作,recheck_region,high,"navigate_to:R01C05@(88.7,9.2); slow_down; hold_safe_distance",capture_close_range_image; resample_environment_sensors,defer_field_actuation,R01C05 高风险但不确定性为中，先复查后再执行,blocked_until_recheck_confirms_state,queued_for_recheck,normal
2026-09-02 05:00,108.5,9.7,90,R01C06,1,6,row_1,31,74.6,中高,0.93,0.0,低,waterlogging,execute,execute_recommended_action,高风险 + 低不确定性 → 允许执行建议动作,reroute_and_drainage_check,high,reroute_around_region:R01C06; mark_low_traction_zone,inspect_drainage_channel; verify_soil_moisture,send_drainage_alert,R01C06 疑似积水，机器人绕行并发送排水检查提醒,execute_without_entering_risky_cell,ready,normal
2026-09-02 06:00,109.0,30.1,270,R02C06,2,6,row_2,31,69.7,中高,0.87,35.0,中,waterlogging,hold,recheck_before_action,高风险 + 高不确定性 → 先复查，不直接执行动作,recheck_region,high,"navigate_to:R02C06@(109.0,30.1); slow_down; hold_safe_distance",capture_close_range_image; resample_environment_sensors,defer_field_actuation,R02C06 高风险但不确定性为中，先复查后再执行,blocked_until_recheck_confirms_state,queued_for_recheck,normal
2026-09-02 07:00,89.9,30.6,270,R02C05,2,5,row_2,31,67.2,中高,0.83,35.0,中,waterlogging,hold,recheck_before_action,高风险 + 高不确定性 → 先复查，不直接执行动作,recheck_region,high,"navigate_to:R02C05@(89.9,30.6); slow_down; hold_safe_distance",capture_close_range_image; resample_environment_sensors,defer_field_actuation,R02C05 高风险但不确定性为中，先复查后再执行,blocked_until_recheck_confirms_state,queued_for_recheck,normal
2026-09-02 08:00,70.9,30.9,270,R02C04,2,4,row_2,31,22.4,低,0.79,0.0,低,healthy,observe,routine_patrol,低风险 + 低不确定性 → 常规巡检,continue_patrol,low,continue_nominal_patrol,standard_periodic_sampling,none,R02C04 当前风险较低，保持常规巡检,normal_autonomy,ready,normal
2026-09-02 09:00,51.5,31.0,270,R02C03,2,3,row_2,31,9.9,很低,0.97,0.0,低,healthy,observe,routine_patrol,低风险 + 低不确定性 → 常规巡检,continue_patrol,low,continue_nominal_patrol,standard_periodic_sampling,none,R02C03 当前风险较低，保持常规巡检,normal_autonomy,ready,normal
2026-09-02 10:00,31.3,30.8,270,R02C02,2,2,row_2,31,45.0,中,0.03,47.0,中,heat,hold,resample_before_action,中风险 + 高不确定性 → 重新采样后再决策,resample_sensors,medium,"hold_position:R02C02@(31.3,30.8); repeat_sampling_pass",resample_soil_moisture; resample_temperature; capture_context_image,none,R02C02 中风险且不确定性为中，重新采样后再决策,blocked_until_sensor_resample,queued_for_resampling,normal
2026-09-02 11:00,10.6,30.5,270,R02C01,2,1,row_2,31,8.8,很低,0.99,0.0,低,healthy,observe,routine_patrol,低风险 + 低不确定性 → 常规巡检,continue_patrol,low,continue_nominal_patrol,standard_periodic_sampling,none,R02C01 当前风险较低，保持常规巡检,normal_autonomy,ready,normal
2026-09-02 12:00,9.5,50.0,90,R03C01,3,1,row_3,31,45.0,中,0.03,47.0,中,heat,hold,resample_before_action,中风险 + 高不确定性 → 重新采样后再决策,resample_sensors,medium,"hold_position:R03C01@(9.5,50.0); repeat_sampling_pass",resample_soil_moisture; resample_temperature; capture_context_image,none,R03C01 中风险且不确定性为中，重新采样后再决策,blocked_until_sensor_resample,queued_for_resampling,normal
2026-09-02 13:00,28.7,49.5,90,R03C02,3,2,row_3,31,45.0,中,0.08,47.0,中,heat,hold,resample_before_action,中风险 + 高不确定性 → 重新采样后再决策,resample_sensors,medium,"hold_position:R03C02@(28.7,49.5); repeat_sampling_pass",resample_soil_moisture; resample_temperature; capture_context_image,none,R03C02 中风险且不确定性为中，重新采样后再决策,blocked_until_sensor_resample,queued_for_resampling,normal
2026-09-02 14:00,48.5,49.2,90,R03C03,3,3,row_3,31,9.2,很低,0.98,0.0,低,healthy,observe,routine_patrol,低风险 + 低不确定性 → 常规巡检,continue_patrol,low,continue_nominal_patrol,standard_periodic_sampling,none,R03C03 当前风险较低，保持常规巡检,normal_autonomy,ready,normal
2026-09-02 15:00,69.0,49.0,90,R03C04,3,4,row_3,31,8.7,很低,0.99,0.0,低,healthy,observe,routine_patrol,低风险 + 低不确定性 → 常规巡检,continue_patrol,low,continue_nominal_patrol,standard_periodic_sampling,none,R03C04 当前风险较低，保持常规巡检,normal_autonomy,ready,normal
2026-09-02 16:00,90.0,49.1,90,R03C05,3,5,row_3,31,8.7,很低,0.99,0.0,低,healthy,observe,routine_patrol,低风险 + 低不确定性 → 常规巡检,continue_patrol,low,continue_nominal_patrol,standard_periodic_sampling,none,R03C05 当前风险较低，保持常规巡检,normal_autonomy,ready,normal
2026-09-02 17:00,110.9,49.4,90,R03C06,3,6,row_3,31,8.5,很低,0.99,0.0,低,healthy,observe,routine_patrol,低风险 + 低不确定性 → 常规巡检,continue_patrol,low,continue_nominal_patrol,standard_periodic_sampling,none,R03C06 当前风险较低，保持常规巡检,normal_autonomy,ready,normal
2026-09-02 18:00,111.5,69.9,270,R04C06,4,6,row_4,31,8.5,很低,0.99,0.0,低,healthy,observe,routine_patrol,低风险 + 低不确定性 → 常规巡检,continue_patrol,low,continue_nominal_patrol,standard_periodic_sampling,none,R04C06 当前风险较低，保持常规巡检,normal_autonomy,ready,normal
2026-09-02 19:00,91.3,70.4,270,R04C05,4,5,row_4,31,8.5,很低,0.99,0.0,低,healthy,observe,routine_patrol,低风险 + 低不确定性 → 常规巡检,continue_patrol,low,continue_nominal_patrol,standard_periodic_sampling,none,R04C05 当前风险较低，保持常规巡检,normal_autonomy,ready,normal
2026-09-02 20:00,70.5,70.8,270,R04C04,4,4,row_4,31,8.2,很低,1.00,0.0,低,healthy,observe,routine_patrol,低风险 + 低不确定性 → 常规巡检,continue_patrol,low,continue_nominal_patrol,standard_periodic_sampling,none,R04C04 当前风险较低，保持常规巡检,normal_autonomy,ready,normal
2026-09-02 21:00,49.5,71.0,270,R04C03,4,3,row_4,31,8.2,很低,1.00,0.0,低,healthy,observe,routine_patrol,低风险 + 低不确定性 → 常规巡检,continue_patrol,low,continue_nominal_patrol,standard_periodic_sampling,none,R04C03 当前风险较低，保持常规巡检,normal_autonomy,ready,normal
2026-09-02 22:00,28.7,71.0,270,R04C02,4,2,row_4,31,8.2,很低,1.00,0.0,低,healthy,observe,routine_patrol,低风险 + 低不确定性 → 常规巡检,continue_patrol,low,continue_nominal_patrol,standard_periodic_sampling,none,R04C02 当前风险较低，保持常规巡检,normal_autonomy,ready,normal
2026-09-02 23:00,8.5,70.7,270,R04C01,4,1,row_4,31,8.2,很低,1.00,0.0,低,healthy,observe,routine_patrol,低风险 + 低不确定性 → 常规巡检,continue_patrol,low,continue_nominal_patrol,standard_periodic_sampling,none,R04C01 当前风险较低，保持常规巡检,normal_autonomy,ready,normal
2026-09-03 00:00,9.0,10.3,90,R01C01,1,1,row_1,32,8.2,很低,1.00,0.0,低,healthy,observe,routine_patrol,低风险 + 低不确定性 → 常规巡检,continue_patrol,low,continue_nominal_patrol,standard_periodic_sampling,none,R01C01 当前风险较低，保持常规巡检,normal_autonomy,ready,normal
2026-09-03 01:00,30.0,9.8,90,R01C02,1,2,row_1,32,22.2,低,0.80,0.0,低,healthy,observe,routine_patrol,低风险 + 低不确定性 → 常规巡检,continue_patrol,low,continue_nominal_patrol,standard_periodic_sampling,none,R01C02 当前风险较低，保持常规巡检,normal_autonomy,ready,normal
2026-09-03 02:00,51.0,9.3,90,R01C03,1,3,row_1,32,8.5,很低,0.99,0.0,低,healthy,observe,routine_patrol,低风险 + 低不确定性 → 常规巡检,continue_patrol,low,continue_nominal_patrol,standard_periodic_sampling,none,R01C03 当前风险较低，保持常规巡检,normal_autonomy,ready,normal
2026-09-03 03:00,71.5,9.1,90,R01C04,1,4,row_1,32,28.9,低,0.70,0.0,低,healthy,observe,routine_patrol,低风险 + 低不确定性 → 常规巡检,continue_patrol,low,continue_nominal_patrol,standard_periodic_sampling,none,R01C04 当前风险较低，保持常规巡检,normal_autonomy,ready,normal
2026-09-03 04:00,91.3,9.0,90,R01C05,1,5,row_1,32,45.0,中,0.42,47.0,中,waterlogging,hold,resample_before_action,中风险 + 高不确定性 → 重新采样后再决策,resample_sensors,medium,"hold_position:R01C05@(91.3,9.0); repeat_sampling_pass",resample_soil_moisture; resample_temperature; capture_context_image,none,R01C05 中风险且不确定性为中，重新采样后再决策,blocked_until_sensor_resample,queued_for_resampling,normal
2026-09-03 05:00,110.5,9.2,90,R01C06,1,6,row_1,32,45.0,中,0.48,35.0,中,waterlogging,hold,resample_before_action,中风险 + 高不确定性 → 重新采样后再决策,resample_sensors,medium,"hold_position:R01C06@(110.5,9.2); repeat_sampling_pass",resample_soil_moisture; resample_temperature; capture_context_image,none,R01C06 中风险且不确定性为中，重新采样后再决策,blocked_until_sensor_resample,queued_for_resampling,normal
2026-09-03 06:00,109.5,29.6,270,R02C06,2,6,row_2,32,46.6,中,0.54,35.0,中,waterlogging,hold,resample_before_action,中风险 + 高不确定性 → 重新采样后再决策,resample_sensors,medium,"hold_position:R02C06@(109.5,29.6); repeat_sampling_pass",resample_soil_moisture; resample_temperature; capture_context_image,none,R02C06 中风险且不确定性为中，重新采样后再决策,blocked_until_sensor_resample,queued_for_resampling,normal
2026-09-03 07:00,88.7,30.1,270,R02C05,2,5,row_2,32,50.9,中,0.60,35.0,中,waterlogging,hold,resample_before_action,中风险 + 高不确定性 → 重新采样后再决策,resample_sensors,medium,"hold_position:R02C05@(88.7,30.1); repeat_sampling_pass",resample_soil_moisture; resample_temperature; capture_context_image,none,R02C05 中风险且不确定性为中，重新采样后再决策,blocked_until_sensor_resample,queued_for_resampling,normal
2026-09-03 08:00,68.5,30.5,270,R02C04,2,4,row_2,32,54.5,中,0.65,35.0,中,waterlogging,hold,resample_before_action,中风险 + 高不确定性 → 重新采样后再决策,resample_sensors,medium,"hold_position:R02C04@(68.5,30.5); repeat_sampling_pass",resample_soil_moisture; resample_temperature; capture_context_image,none,R02C04 中风险且不确定性为中，重新采样后再决策,blocked_until_sensor_resample,queued_for_resampling,normal
2026-09-03 09:00,49.0,30.9,270,R02C03,2,3,row_2,32,55.9,中,0.67,35.0,中,waterlogging,hold,resample_before_action,中风险 + 高不确定性 → 重新采样后再决策,resample_sensors,medium,"hold_position:R02C03@(49.0,30.9); repeat_sampling_pass",resample_soil_moisture; resample_temperature; capture_context_image,none,R02C03 中风险且不确定性为中，重新采样后再决策,blocked_until_sensor_resample,queued_for_resampling,normal
2026-09-03 10:00,30.0,31.0,270,R02C02,2,2,row_2,32,45.0,中,0.28,47.0,中,waterlogging,hold,resample_before_action,中风险 + 高不确定性 → 重新采样后再决策,resample_sensors,medium,"hold_position:R02C02@(30.0,31.0); repeat_sampling_pass",resample_soil_moisture; resample_temperature; capture_context_image,none,R02C02 中风险且不确定性为中，重新采样后再决策,blocked_until_sensor_resample,queued_for_resampling,normal
2026-09-03 11:00,11.0,30.9,270,R02C01,2,1,row_2,32,45.0,中,0.09,47.0,中,waterlogging,hold,resample_before_action,中风险 + 高不确定性 → 重新采样后再决策,resample_sensors,medium,"hold_position:R02C01@(11.0,30.9); repeat_sampling_pass",resample_soil_moisture; resample_temperature; capture_context_image,none,R02C01 中风险且不确定性为中，重新采样后再决策,blocked_until_sensor_resample,queued_for_resampling,normal
2026-09-03 12:00,11.5,50.5,90,R03C01,3,1,row_3,32,45.0,中,0.11,47.0,中,heat,hold,resample_before_action,中风险 + 高不确定性 → 重新采样后再决策,resample_sensors,medium,"hold_position:R03C01@(11.5,50.5); repeat_sampling_pass",resample_soil_moisture; resample_temperature; capture_context_image,none,R03C01 中风险且不确定性为中，重新采样后再决策,blocked_until_sensor_resample,queued_for_resampling,normal
2026-09-03 13:00,31.3,50.1,90,R03C02,3,2,row_3,32,45.0,中,0.15,47.0,中,heat,hold,resample_before_action,中风险 + 高不确定性 → 重新采样后再决策,resample_sensors,medium,"hold_position:R03C02@(31.3,50.1); repeat_sampling_pass",resample_soil_moisture; resample_temperature; capture_context_image,none,R03C02 中风险且不确定性为中，重新采样后再决策,blocked_until_sensor_resample,queued_for_resampling,normal
2026-09-03 14:00,50.5,49.6,90,R03C03,3,3,row_3,32,45.0,中,0.19,47.0,中,heat,hold,resample_before_action,中风险 + 高不确定性 → 重新采样后再决策,resample_sensors,medium,"hold_position:R03C03@(50.5,49.6); repeat_sampling_pass",resample_soil_moisture; resample_temperature; capture_context_image,none,R03C03 中风险且不确定性为中，重新采样后再决策,blocked_until_sensor_resample,queued_for_resampling,normal
2026-09-03 15:00,69.5,49.2,90,R03C04,3,4,row_3,32,10.3,很低,0.97,0.0,低,healthy,observe,routine_patrol,低风险 + 低不确定性 → 常规巡检,continue_patrol,low,continue_nominal_patrol,standard_periodic_sampling,none,R03C04 当前风险较低，保持常规巡检,normal_autonomy,ready,normal
2026-09-03 16:00,88.7,49.0,90,R03C05,3,5,row_3,32,8.8,很低,0.99,0.0,低,healthy,observe,routine_patrol,低风险 + 低不确定性 → 常规巡检,continue_patrol,low,continue_nominal_patrol,standard_periodic_sampling,none,R03C05 当前风险较低，保持常规巡检,normal_autonomy,ready,normal
2026-09-03 17:00,108.5,49.1,90,R03C06,3,6,row_3,32,8.7,很低,0.99,0.0,低,healthy,observe,routine_patrol,低风险 + 低不确定性 → 常规巡检,continue_patrol,low,continue_nominal_patrol,standard_periodic_sampling,none,R03C06 当前风险较低，保持常规巡检,normal_autonomy,ready,normal
2026-09-03 18:00,109.1,69.4,270,R04C06,4,6,row_4,32,8.5,很低,0.99,0.0,低,healthy,observe,routine_patrol,低风险 + 低不确定性 → 常规巡检,continue_patrol,low,continue_nominal_patrol,standard_periodic_sampling,none,R04C06 当前风险较低，保持常规巡检,normal_autonomy,ready,normal
2026-09-03 19:00,90.0,69.8,270,R04C05,4,5,row_4,32,8.5,很低,0.99,0.0,低,healthy,observe,routine_patrol,低风险 + 低不确定性 → 常规巡检,continue_patrol,low,continue_nominal_patrol,standard_periodic_sampling,none,R04C05 当前风险较低，保持常规巡检,normal_autonomy,ready,normal
2026-09-03 20:00,71.0,70.3,270,R04C04,4,4,row_4,32,8.2,很低,1.00,0.0,低,healthy,observe,routine_patrol,低风险 + 低不确定性 → 常规巡检,continue_patrol,low,continue_nominal_patrol,standard_periodic_sampling,none,R04C04 当前风险较低，保持常规巡检,normal_autonomy,ready,normal
2026-09-03 21:00,51.5,70.7,270,R04C03,4,3,row_4,32,8.2,很低,1.00,0.0,低,healthy,observe,routine_patrol,低风险 + 低不确定性 → 常规巡检,continue_patrol,low,continue_nominal_patrol,standard_periodic_sampling,none,R04C03 当前风险较低，保持常规巡检,normal_autonomy,ready,normal
2026-09-03 22:00,31.3,71.0,270,R04C02,4,2,row_4,32,45.0,中,0.03,47.0,中,waterlogging,hold,resample_before_action,中风险 + 高不确定性 → 重新采样后再决策,resample_sensors,medium,"hold_position:R04C02@(31.3,71.0); repeat_sampling_pass",resample_soil_moisture; resample_temperature; capture_context_image,none,R04C02 中风险且不确定性为中，重新采样后再决策,blocked_until_sensor_resample,queued_for_resampling,normal
2026-09-03 23:00,10.5,71.0,270,R04C01,4,1,row_4,32,45.0,中,0.09,47.0,中,waterlogging,hold,resample_before_action,中风险 + 高不确定性 → 重新采样后再决策,resample_sensors,medium,"hold_position:R04C01@(10.5,71.0); repeat_sampling_pass",resample_soil_moisture; resample_temperature; capture_context_image,none,R04C01 中风险且不确定性为中，重新采样后再决策,blocked_until_sensor_resample,queued_for_resampling,normal
2026-09-04 00:00,9.4,10.7,90,R01C01,1,1,row_1,33,45.0,中,0.15,47.0,中,waterlogging,hold,resample_before_action,中风险 + 高不确定性 → 重新采样后再决策,resample_sensors,medium,"hold_position:R01C01@(9.4,10.7); repeat_sampling_pass",resample_soil_moisture; resample_temperature; capture_context_image,none,R01C01 中风险且不确定性为中，重新采样后再决策,blocked_until_sensor_resample,queued_for_resampling,normal
2026-09-04 01:00,28.7,10.3,90,R01C02,1,2,row_1,33,45.0,中,0.21,47.0,中,waterlogging,hold,resample_before_action,中风险 + 高不确定性 → 重新采样后再决策,resample_sensors,medium,"hold_position:R01C02@(28.7,10.3); repeat_sampling_pass",resample_soil_moisture; resample_temperature; capture_context_image,none,R01C02 中风险且不确定性为中，重新采样后再决策,blocked_until_sensor_resample,queued_for_resampling,normal
2026-09-04 02:00,48.5,9.8,90,R01C03,1,3,row_1,33,45.0,中,0.30,47.0,中,waterlogging,hold,resample_before_action,中风险 + 高不确定性 → 重新采样后再决策,resample_sensors,medium,"hold_position:R01C03@(48.5,9.8); repeat_sampling_pass",resample_soil_moisture; resample_temperature; capture_context_image,none,R01C03 中风险且不确定性为中，重新采样后再决策,blocked_until_sensor_resample,queued_for_resampling,normal
2026-09-04 03:00,69.1,9.4,90,R01C04,1,4,row_1,33,53.6,中,0.62,0.0,低,waterlogging,hold,monitor_more_context,风险或不确定性处于中间状态 → 继续观察并收集更多上下文,reroute_and_drainage_check,medium,reroute_around_region:R01C04; mark_low_traction_zone,inspect_drainage_channel; verify_soil_moisture,send_drainage_alert,R01C04 疑似积水，机器人绕行并发送排水检查提醒,execute_without_entering_risky_cell,ready,normal
2026-09-04 04:00,90.1,9.1,90,R01C05,1,5,row_1,33,54.8,中,0.65,35.0,中,waterlogging,hold,resample_before_action,中风险 + 高不确定性 → 重新采样后再决策,resample_sensors,medium,"hold_position:R01C05@(90.1,9.1); repeat_sampling_pass",resample_soil_moisture; resample_temperature; capture_context_image,none,R01C05 中风险且不确定性为中，重新采样后再决策,blocked_until_sensor_resample,queued_for_resampling,normal
2026-09-04 05:00,111.0,9.0,90,R01C06,1,6,row_1,33,56.7,中,0.68,35.0,中,waterlogging,hold,resample_before_action,中风险 + 高不确定性 → 重新采样后再决策,resample_sensors,medium,"hold_position:R01C06@(111.0,9.0); repeat_sampling_pass",resample_soil_moisture; resample_temperature; capture_context_image,none,R01C06 中风险且不确定性为中，重新采样后再决策,blocked_until_sensor_resample,queued_for_resampling,normal
2026-09-04 06:00,111.5,29.2,270,R02C06,2,6,row_2,33,68.0,中高,0.84,44.0,中,waterlogging,hold,recheck_before_action,高风险 + 高不确定性 → 先复查，不直接执行动作,recheck_region,high,"navigate_to:R02C06@(111.5,29.2); slow_down; hold_safe_distance",capture_close_range_image; resample_environment_sensors,defer_field_actuation,R02C06 高风险但不确定性为中，先复查后再执行,blocked_until_recheck_confirms_state,queued_for_recheck,normal
2026-09-04 07:00,91.3,29.5,270,R02C05,2,5,row_2,33,23.1,低,0.78,0.0,低,healthy,observe,routine_patrol,低风险 + 低不确定性 → 常规巡检,continue_patrol,low,continue_nominal_patrol,standard_periodic_sampling,none,R02C05 当前风险较低，保持常规巡检,normal_autonomy,ready,normal
2026-09-04 08:00,70.4,30.0,270,R02C04,2,4,row_2,33,10.0,很低,0.97,0.0,低,healthy,observe,routine_patrol,低风险 + 低不确定性 → 常规巡检,continue_patrol,low,continue_nominal_patrol,standard_periodic_sampling,none,R02C04 当前风险较低，保持常规巡检,normal_autonomy,ready,normal
2026-09-04 09:00,49.4,30.5,270,R02C03,2,3,row_2,33,18.0,很低,0.85,0.0,低,healthy,observe,routine_patrol,低风险 + 低不确定性 → 常规巡检,continue_patrol,low,continue_nominal_patrol,standard_periodic_sampling,none,R02C03 当前风险较低，保持常规巡检,normal_autonomy,ready,normal
2026-09-04 10:00,28.7,30.8,270,R02C02,2,2,row_2,33,45.0,中,0.10,47.0,中,heat,hold,resample_before_action,中风险 + 高不确定性 → 重新采样后再决策,resample_sensors,medium,"hold_position:R02C02@(28.7,30.8); repeat_sampling_pass",resample_soil_moisture; resample_temperature; capture_context_image,none,R02C02 中风险且不确定性为中，重新采样后再决策,blocked_until_sensor_resample,queued_for_resampling,normal
2026-09-04 11:00,8.5,31.0,270,R02C01,2,1,row_2,33,9.1,很低,0.98,0.0,低,healthy,observe,routine_patrol,低风险 + 低不确定性 → 常规巡检,continue_patrol,low,continue_nominal_patrol,standard_periodic_sampling,none,R02C01 当前风险较低，保持常规巡检,normal_autonomy,ready,normal
2026-09-04 12:00,9.1,50.9,90,R03C01,3,1,row_3,33,45.0,中,0.04,47.0,中,heat,hold,resample_before_action,中风险 + 高不确定性 → 重新采样后再决策,resample_sensors,medium,"hold_position:R03C01@(9.1,50.9); repeat_sampling_pass",resample_soil_moisture; resample_temperature; capture_context_image,none,R03C01 中风险且不确定性为中，重新采样后再决策,blocked_until_sensor_resample,queued_for_resampling,normal
2026-09-04 13:00,30.1,50.6,90,R03C02,3,2,row_3,33,45.0,中,0.07,47.0,中,heat,hold,resample_before_action,中风险 + 高不确定性 → 重新采样后再决策,resample_sensors,medium,"hold_position:R03C02@(30.1,50.6); repeat_sampling_pass",resample_soil_moisture; resample_temperature; capture_context_image,none,R03C02 中风险且不确定性为中，重新采样后再决策,blocked_until_sensor_resample,queued_for_resampling,normal
2026-09-04 14:00,51.0,50.1,90,R03C03,3,3,row_3,33,45.0,中,0.12,47.0,中,heat,hold,resample_before_action,中风险 + 高不确定性 → 重新采样后再决策,resample_sensors,medium,"hold_position:R03C03@(51.0,50.1); repeat_sampling_pass",resample_soil_moisture; resample_temperature; capture_context_image,none,R03C03 中风险且不确定性为中，重新采样后再决策,blocked_until_sensor_resample,queued_for_resampling,normal
2026-09-04 15:00,71.5,49.6,90,R03C04,3,4,row_3,33,9.5,很低,0.98,0.0,低,healthy,observe,routine_patrol,低风险 + 低不确定性 → 常规巡检,continue_patrol,low,continue_nominal_patrol,standard_periodic_sampling,none,R03C04 当前风险较低，保持常规巡检,normal_autonomy,ready,normal
2026-09-04 16:00,91.2,49.2,90,R03C05,3,5,row_3,33,8.7,很低,0.99,0.0,低,healthy,observe,routine_patrol,低风险 + 低不确定性 → 常规巡检,continue_patrol,low,continue_nominal_patrol,standard_periodic_sampling,none,R03C05 当前风险较低，保持常规巡检,normal_autonomy,ready,normal
2026-09-04 17:00,110.4,49.0,90,R03C06,3,6,row_3,33,8.5,很低,0.99,0.0,低,healthy,observe,routine_patrol,低风险 + 低不确定性 → 常规巡检,continue_patrol,low,continue_nominal_patrol,standard_periodic_sampling,none,R03C06 当前风险较低，保持常规巡检,normal_autonomy,ready,normal
2026-09-04 18:00,109.4,69.0,270,R04C06,4,6,row_4,33,9.0,很低,0.99,44.0,中,healthy,hold,monitor_more_context,风险或不确定性处于中间状态 → 继续观察并收集更多上下文,monitor_context,normal,continue_patrol; revisit_region:R04C06,collect_next_context_window,none,R04C06 风险或不确定性处于中间状态，继续观察,no_direct_field_actuation,monitoring,normal
2026-09-04 19:00,88.6,69.3,270,R04C05,4,5,row_4,33,8.5,很低,0.99,0.0,低,healthy,observe,routine_patrol,低风险 + 低不确定性 → 常规巡检,continue_patrol,low,continue_nominal_patrol,standard_periodic_sampling,none,R04C05 当前风险较低，保持常规巡检,normal_autonomy,ready,normal
2026-09-04 20:00,68.5,69.7,270,R04C04,4,4,row_4,33,8.5,很低,0.99,0.0,低,healthy,observe,routine_patrol,低风险 + 低不确定性 → 常规巡检,continue_patrol,low,continue_nominal_patrol,standard_periodic_sampling,none,R04C04 当前风险较低，保持常规巡检,normal_autonomy,ready,normal
2026-09-04 21:00,49.1,70.2,270,R04C03,4,3,row_4,33,8.2,很低,1.00,0.0,低,healthy,observe,routine_patrol,低风险 + 低不确定性 → 常规巡检,continue_patrol,low,continue_nominal_patrol,standard_periodic_sampling,none,R04C03 当前风险较低，保持常规巡检,normal_autonomy,ready,normal
2026-09-04 22:00,30.1,70.7,270,R04C02,4,2,row_4,33,8.2,很低,1.00,0.0,低,healthy,observe,routine_patrol,低风险 + 低不确定性 → 常规巡检,continue_patrol,low,continue_nominal_patrol,standard_periodic_sampling,none,R04C02 当前风险较低，保持常规巡检,normal_autonomy,ready,normal
2026-09-04 23:00,11.1,70.9,270,R04C01,4,1,row_4,33,8.2,很低,1.00,0.0,低,healthy,observe,routine_patrol,低风险 + 低不确定性 → 常规巡检,continue_patrol,low,continue_nominal_patrol,standard_periodic_sampling,none,R04C01 当前风险较低，保持常规巡检,normal_autonomy,ready,normal
2026-09-05 00:00,11.5,11.0,90,R01C01,1,1,row_1,34,8.2,很低,1.00,0.0,低,healthy,observe,routine_patrol,低风险 + 低不确定性 → 常规巡检,continue_patrol,low,continue_nominal_patrol,standard_periodic_sampling,none,R01C01 当前风险较低，保持常规巡检,normal_autonomy,ready,normal
2026-09-05 01:00,31.2,10.8,90,R01C02,1,2,row_1,34,8.2,很低,1.00,0.0,低,healthy,observe,routine_patrol,低风险 + 低不确定性 → 常规巡检,continue_patrol,low,continue_nominal_patrol,standard_periodic_sampling,none,R01C02 当前风险较低，保持常规巡检,normal_autonomy,ready,normal
2026-09-05 02:00,50.4,10.4,90,R01C03,1,3,row_1,34,8.2,很低,1.00,0.0,低,healthy,observe,routine_patrol,低风险 + 低不确定性 → 常规巡检,continue_patrol,low,continue_nominal_patrol,standard_periodic_sampling,none,R01C03 当前风险较低，保持常规巡检,normal_autonomy,ready,normal
2026-09-05 03:00,69.4,9.9,90,R01C04,1,4,row_1,34,8.2,很低,1.00,0.0,低,healthy,observe,routine_patrol,低风险 + 低不确定性 → 常规巡检,continue_patrol,low,continue_nominal_patrol,standard_periodic_sampling,none,R01C04 当前风险较低，保持常规巡检,normal_autonomy,ready,normal
2026-09-05 04:00,88.6,9.4,90,R01C05,1,5,row_1,34,8.2,很低,1.00,0.0,低,healthy,observe,routine_patrol,低风险 + 低不确定性 → 常规巡检,continue_patrol,low,continue_nominal_patrol,standard_periodic_sampling,none,R01C05 当前风险较低，保持常规巡检,normal_autonomy,ready,normal
2026-09-05 05:00,108.6,9.1,90,R01C06,1,6,row_1,34,21.9,低,0.80,0.0,低,healthy,observe,routine_patrol,低风险 + 低不确定性 → 常规巡检,continue_patrol,low,continue_nominal_patrol,standard_periodic_sampling,none,R01C06 当前风险较低，保持常规巡检,normal_autonomy,ready,normal
2026-09-05 06:00,109.1,29.0,270,R02C06,2,6,row_2,34,8.5,很低,0.99,0.0,低,healthy,observe,routine_patrol,低风险 + 低不确定性 → 常规巡检,continue_patrol,low,continue_nominal_patrol,standard_periodic_sampling,none,R02C06 当前风险较低，保持常规巡检,normal_autonomy,ready,normal
2026-09-05 07:00,90.1,29.1,270,R02C05,2,5,row_2,34,8.3,很低,1.00,0.0,低,healthy,observe,routine_patrol,低风险 + 低不确定性 → 常规巡检,continue_patrol,low,continue_nominal_patrol,standard_periodic_sampling,none,R02C05 当前风险较低，保持常规巡检,normal_autonomy,ready,normal
2026-09-05 08:00,71.1,29.5,270,R02C04,2,4,row_2,34,8.3,很低,1.00,0.0,低,healthy,observe,routine_patrol,低风险 + 低不确定性 → 常规巡检,continue_patrol,low,continue_nominal_patrol,standard_periodic_sampling,none,R02C04 当前风险较低，保持常规巡检,normal_autonomy,ready,normal
2026-09-05 09:00,51.5,29.9,270,R02C03,2,3,row_2,34,8.3,很低,1.00,0.0,低,healthy,observe,routine_patrol,低风险 + 低不确定性 → 常规巡检,continue_patrol,low,continue_nominal_patrol,standard_periodic_sampling,none,R02C03 当前风险较低，保持常规巡检,normal_autonomy,ready,normal
2026-09-05 10:00,31.2,30.4,270,R02C02,2,2,row_2,34,8.3,很低,1.00,0.0,低,healthy,observe,routine_patrol,低风险 + 低不确定性 → 常规巡检,continue_patrol,low,continue_nominal_patrol,standard_periodic_sampling,none,R02C02 当前风险较低，保持常规巡检,normal_autonomy,ready,normal
2026-09-05 11:00,10.4,30.8,270,R02C01,2,1,row_2,34,8.5,很低,0.99,0.0,低,healthy,observe,routine_patrol,低风险 + 低不确定性 → 常规巡检,continue_patrol,low,continue_nominal_patrol,standard_periodic_sampling,none,R02C01 当前风险较低，保持常规巡检,normal_autonomy,ready,normal
2026-09-05 12:00,9.3,51.0,90,R03C01,3,1,row_3,34,45.0,中,0.03,47.0,中,heat,hold,resample_before_action,中风险 + 高不确定性 → 重新采样后再决策,resample_sensors,medium,"hold_position:R03C01@(9.3,51.0); repeat_sampling_pass",resample_soil_moisture; resample_temperature; capture_context_image,none,R03C01 中风险且不确定性为中，重新采样后再决策,blocked_until_sensor_resample,queued_for_resampling,normal
2026-09-05 13:00,28.6,50.9,90,R03C02,3,2,row_3,34,9.5,很低,0.98,0.0,低,healthy,observe,routine_patrol,低风险 + 低不确定性 → 常规巡检,continue_patrol,low,continue_nominal_patrol,standard_periodic_sampling,none,R03C02 当前风险较低，保持常规巡检,normal_autonomy,ready,normal
2026-09-05 14:00,48.6,50.6,90,R03C03,3,3,row_3,34,45.0,中,0.03,47.0,中,heat,hold,resample_before_action,中风险 + 高不确定性 → 重新采样后再决策,resample_sensors,medium,"hold_position:R03C03@(48.6,50.6); repeat_sampling_pass",resample_soil_moisture; resample_temperature; capture_context_image,none,R03C03 中风险且不确定性为中，重新采样后再决策,blocked_until_sensor_resample,queued_for_resampling,normal
2026-09-05 15:00,69.2,50.2,90,R03C04,3,4,row_3,34,8.7,很低,0.99,0.0,低,healthy,observe,routine_patrol,低风险 + 低不确定性 → 常规巡检,continue_patrol,low,continue_nominal_patrol,standard_periodic_sampling,none,R03C04 当前风险较低，保持常规巡检,normal_autonomy,ready,normal
2026-09-05 16:00,90.2,49.7,90,R03C05,3,5,row_3,34,9.2,很低,0.98,0.0,低,healthy,observe,routine_patrol,低风险 + 低不确定性 → 常规巡检,continue_patrol,low,continue_nominal_patrol,standard_periodic_sampling,none,R03C05 当前风险较低，保持常规巡检,normal_autonomy,ready,normal
2026-09-05 17:00,111.1,49.3,90,R03C06,3,6,row_3,34,8.5,很低,0.99,0.0,低,healthy,observe,routine_patrol,低风险 + 低不确定性 → 常规巡检,continue_patrol,low,continue_nominal_patrol,standard_periodic_sampling,none,R03C06 当前风险较低，保持常规巡检,normal_autonomy,ready,normal
2026-09-05 18:00,111.5,69.0,270,R04C06,4,6,row_4,34,8.5,很低,0.99,0.0,低,healthy,observe,routine_patrol,低风险 + 低不确定性 → 常规巡检,continue_patrol,low,continue_nominal_patrol,standard_periodic_sampling,none,R04C06 当前风险较低，保持常规巡检,normal_autonomy,ready,normal
2026-09-05 19:00,91.2,69.0,270,R04C05,4,5,row_4,34,8.5,很低,0.99,0.0,低,healthy,observe,routine_patrol,低风险 + 低不确定性 → 常规巡检,continue_patrol,low,continue_nominal_patrol,standard_periodic_sampling,none,R04C05 当前风险较低，保持常规巡检,normal_autonomy,ready,normal
2026-09-05 20:00,70.3,69.3,270,R04C04,4,4,row_4,34,8.2,很低,1.00,0.0,低,healthy,observe,routine_patrol,低风险 + 低不确定性 → 常规巡检,continue_patrol,low,continue_nominal_patrol,standard_periodic_sampling,none,R04C04 当前风险较低，保持常规巡检,normal_autonomy,ready,normal
2026-09-05 21:00,49.3,69.7,270,R04C03,4,3,row_4,34,8.2,很低,1.00,0.0,低,healthy,observe,routine_patrol,低风险 + 低不确定性 → 常规巡检,continue_patrol,low,continue_nominal_patrol,standard_periodic_sampling,none,R04C03 当前风险较低，保持常规巡检,normal_autonomy,ready,normal
2026-09-05 22:00,28.6,70.2,270,R04C02,4,2,row_4,34,8.2,很低,1.00,0.0,低,healthy,observe,routine_patrol,低风险 + 低不确定性 → 常规巡检,continue_patrol,low,continue_nominal_patrol,standard_periodic_sampling,none,R04C02 当前风险较低，保持常规巡检,normal_autonomy,ready,normal
2026-09-05 23:00,8.6,70.6,270,R04C01,4,1,row_4,34,8.2,很低,1.00,0.0,低,healthy,observe,routine_patrol,低风险 + 低不确定性 → 常规巡检,continue_patrol,low,continue_nominal_patrol,standard_periodic_sampling,none,R04C01 当前风险较低，保持常规巡检,normal_autonomy,ready,normal
2026-09-06 00:00,9.2,10.9,90,R01C01,1,1,row_1,35,8.2,很低,1.00,0.0,低,healthy,observe,routine_patrol,低风险 + 低不确定性 → 常规巡检,continue_patrol,low,continue_nominal_patrol,standard_periodic_sampling,none,R01C01 当前风险较低，保持常规巡检,normal_autonomy,ready,normal
2026-09-06 01:00,30.2,11.0,90,R01C02,1,2,row_1,35,8.2,很低,1.00,0.0,低,healthy,observe,routine_patrol,低风险 + 低不确定性 → 常规巡检,continue_patrol,low,continue_nominal_patrol,standard_periodic_sampling,none,R01C02 当前风险较低，保持常规巡检,normal_autonomy,ready,normal
2026-09-06 02:00,51.1,10.8,90,R01C03,1,3,row_1,35,8.2,很低,1.00,0.0,低,healthy,observe,routine_patrol,低风险 + 低不确定性 → 常规巡检,continue_patrol,low,continue_nominal_patrol,standard_periodic_sampling,none,R01C03 当前风险较低，保持常规巡检,normal_autonomy,ready,normal
2026-09-06 03:00,71.5,10.5,90,R01C04,1,4,row_1,35,8.2,很低,1.00,0.0,低,healthy,observe,routine_patrol,低风险 + 低不确定性 → 常规巡检,continue_patrol,low,continue_nominal_patrol,standard_periodic_sampling,none,R01C04 当前风险较低，保持常规巡检,normal_autonomy,ready,normal
2026-09-06 04:00,91.2,10.0,90,R01C05,1,5,row_1,35,8.2,很低,1.00,0.0,低,healthy,observe,routine_patrol,低风险 + 低不确定性 → 常规巡检,continue_patrol,low,continue_nominal_patrol,standard_periodic_sampling,none,R01C05 当前风险较低，保持常规巡检,normal_autonomy,ready,normal
2026-09-06 05:00,110.3,9.5,90,R01C06,1,6,row_1,35,8.2,很低,1.00,0.0,低,healthy,observe,routine_patrol,低风险 + 低不确定性 → 常规巡检,continue_patrol,low,continue_nominal_patrol,standard_periodic_sampling,none,R01C06 当前风险较低，保持常规巡检,normal_autonomy,ready,normal
2026-09-06 06:00,109.3,29.1,270,R02C06,2,6,row_2,35,8.2,很低,1.00,0.0,低,healthy,observe,routine_patrol,低风险 + 低不确定性 → 常规巡检,continue_patrol,low,continue_nominal_patrol,standard_periodic_sampling,none,R02C06 当前风险较低，保持常规巡检,normal_autonomy,ready,normal
2026-09-06 07:00,88.6,29.0,270,R02C05,2,5,row_2,35,8.2,很低,1.00,0.0,低,healthy,observe,routine_patrol,低风险 + 低不确定性 → 常规巡检,continue_patrol,low,continue_nominal_patrol,standard_periodic_sampling,none,R02C05 当前风险较低，保持常规巡检,normal_autonomy,ready,normal
2026-09-06 08:00,68.6,29.1,270,R02C04,2,4,row_2,35,8.2,很低,1.00,0.0,低,healthy,observe,routine_patrol,低风险 + 低不确定性 → 常规巡检,continue_patrol,low,continue_nominal_patrol,standard_periodic_sampling,none,R02C04 当前风险较低，保持常规巡检,normal_autonomy,ready,normal
2026-09-06 09:00,49.2,29.4,270,R02C03,2,3,row_2,35,8.2,很低,1.00,0.0,低,healthy,observe,routine_patrol,低风险 + 低不确定性 → 常规巡检,continue_patrol,low,continue_nominal_patrol,standard_periodic_sampling,none,R02C03 当前风险较低，保持常规巡检,normal_autonomy,ready,normal
2026-09-06 10:00,30.2,29.9,270,R02C02,2,2,row_2,35,8.5,很低,0.99,0.0,低,healthy,observe,routine_patrol,低风险 + 低不确定性 → 常规巡检,continue_patrol,low,continue_nominal_patrol,standard_periodic_sampling,none,R02C02 当前风险较低，保持常规巡检,normal_autonomy,ready,normal
2026-09-06 11:00,11.1,30.4,270,R02C01,2,1,row_2,35,8.5,很低,0.99,0.0,低,healthy,observe,routine_patrol,低风险 + 低不确定性 → 常规巡检,continue_patrol,low,continue_nominal_patrol,standard_periodic_sampling,none,R02C01 当前风险较低，保持常规巡检,normal_autonomy,ready,normal
2026-09-06 12:00,11.5,50.8,90,R03C01,3,1,row_3,35,8.5,很低,0.99,0.0,低,healthy,observe,routine_patrol,低风险 + 低不确定性 → 常规巡检,continue_patrol,low,continue_nominal_patrol,standard_periodic_sampling,none,R03C01 当前风险较低，保持常规巡检,normal_autonomy,ready,normal
2026-09-06 13:00,31.2,51.0,90,R03C02,3,2,row_3,35,8.5,很低,0.99,0.0,低,healthy,observe,routine_patrol,低风险 + 低不确定性 → 常规巡检,continue_patrol,low,continue_nominal_patrol,standard_periodic_sampling,none,R03C02 当前风险较低，保持常规巡检,normal_autonomy,ready,normal
2026-09-06 14:00,50.3,51.0,90,R03C03,3,3,row_3,35,45.0,中,0.06,47.0,中,drought,hold,resample_before_action,中风险 + 高不确定性 → 重新采样后再决策,resample_sensors,medium,"hold_position:R03C03@(50.3,51.0); repeat_sampling_pass",resample_soil_moisture; resample_temperature; capture_context_image,none,R03C03 中风险且不确定性为中，重新采样后再决策,blocked_until_sensor_resample,queued_for_resampling,normal
2026-09-06 15:00,69.3,50.7,90,R03C04,3,4,row_3,35,45.0,中,0.14,47.0,中,drought,hold,resample_before_action,中风险 + 高不确定性 → 重新采样后再决策,resample_sensors,medium,"hold_position:R03C04@(69.3,50.7); repeat_sampling_pass",resample_soil_moisture; resample_temperature; capture_context_image,none,R03C04 中风险且不确定性为中，重新采样后再决策,blocked_until_sensor_resample,queued_for_resampling,normal
2026-09-06 16:00,88.6,50.3,90,R03C05,3,5,row_3,35,45.0,中,0.23,47.0,中,drought,hold,resample_before_action,中风险 + 高不确定性 → 重新采样后再决策,resample_sensors,medium,"hold_position:R03C05@(88.6,50.3); repeat_sampling_pass",resample_soil_moisture; resample_temperature; capture_context_image,none,R03C05 中风险且不确定性为中，重新采样后再决策,blocked_until_sensor_resample,queued_for_resampling,normal
2026-09-06 17:00,108.6,49.8,90,R03C06,3,6,row_3,35,45.0,中,0.33,47.0,中,drought,hold,resample_before_action,中风险 + 高不确定性 → 重新采样后再决策,resample_sensors,medium,"hold_position:R03C06@(108.6,49.8); repeat_sampling_pass",resample_soil_moisture; resample_temperature; capture_context_image,none,R03C06 中风险且不确定性为中，重新采样后再决策,blocked_until_sensor_resample,queued_for_resampling,normal
2026-09-06 18:00,109.2,69.3,270,R04C06,4,6,row_4,35,45.0,中,0.42,47.0,中,drought,hold,resample_before_action,中风险 + 高不确定性 → 重新采样后再决策,resample_sensors,medium,"hold_position:R04C06@(109.2,69.3); repeat_sampling_pass",resample_soil_moisture; resample_temperature; capture_context_image,none,R04C06 中风险且不确定性为中，重新采样后再决策,blocked_until_sensor_resample,queued_for_resampling,normal
2026-09-06 19:00,90.2,69.1,270,R04C05,4,5,row_4,35,46.0,中,0.50,35.0,中,drought,hold,resample_before_action,中风险 + 高不确定性 → 重新采样后再决策,resample_sensors,medium,"hold_position:R04C05@(90.2,69.1); repeat_sampling_pass",resample_soil_moisture; resample_temperature; capture_context_image,none,R04C05 中风险且不确定性为中，重新采样后再决策,blocked_until_sensor_resample,queued_for_resampling,normal
2026-09-06 20:00,71.1,69.0,270,R04C04,4,4,row_4,35,47.7,中,0.53,35.0,中,drought,hold,resample_before_action,中风险 + 高不确定性 → 重新采样后再决策,resample_sensors,medium,"hold_position:R04C04@(71.1,69.0); repeat_sampling_pass",resample_soil_moisture; resample_temperature; capture_context_image,none,R04C04 中风险且不确定性为中，重新采样后再决策,blocked_until_sensor_resample,queued_for_resampling,normal
2026-09-06 21:00,51.5,69.2,270,R04C03,4,3,row_4,35,48.5,中,0.54,35.0,中,drought,hold,resample_before_action,中风险 + 高不确定性 → 重新采样后再决策,resample_sensors,medium,"hold_position:R04C03@(51.5,69.2); repeat_sampling_pass",resample_soil_moisture; resample_temperature; capture_context_image,none,R04C03 中风险且不确定性为中，重新采样后再决策,blocked_until_sensor_resample,queued_for_resampling,normal
2026-09-06 22:00,31.2,69.6,270,R04C02,4,2,row_4,35,48.3,中,0.53,35.0,中,drought,hold,resample_before_action,中风险 + 高不确定性 → 重新采样后再决策,resample_sensors,medium,"hold_position:R04C02@(31.2,69.6); repeat_sampling_pass",resample_soil_moisture; resample_temperature; capture_context_image,none,R04C02 中风险且不确定性为中，重新采样后再决策,blocked_until_sensor_resample,queued_for_resampling,normal
2026-09-06 23:00,10.3,70.1,270,R04C01,4,1,row_4,35,48.5,中,0.54,35.0,中,drought,hold,resample_before_action,中风险 + 高不确定性 → 重新采样后再决策,resample_sensors,medium,"hold_position:R04C01@(10.3,70.1); repeat_sampling_pass",resample_soil_moisture; resample_temperature; capture_context_image,none,R04C01 中风险且不确定性为中，重新采样后再决策,blocked_until_sensor_resample,queued_for_resampling,normal
2026-09-07 00:00,9.3,10.6,90,R01C01,1,1,row_1,36,58.2,中,0.60,35.0,中,drought,hold,resample_before_action,中风险 + 高不确定性 → 重新采样后再决策,resample_sensors,medium,"hold_position:R01C01@(9.3,10.6); repeat_sampling_pass",resample_soil_moisture; resample_temperature; capture_context_image,none,R01C01 中风险且不确定性为中，重新采样后再决策,blocked_until_sensor_resample,queued_for_resampling,noisy_temperature_spike
2026-09-07 01:00,28.6,10.9,90,R01C02,1,2,row_1,36,55.0,中,0.62,35.0,中,drought,hold,resample_before_action,中风险 + 高不确定性 → 重新采样后再决策,resample_sensors,medium,"hold_position:R01C02@(28.6,10.9); repeat_sampling_pass",resample_soil_moisture; resample_temperature; capture_context_image,none,R01C02 中风险且不确定性为中，重新采样后再决策,blocked_until_sensor_resample,queued_for_resampling,normal
2026-09-07 02:00,48.6,11.0,90,R01C03,1,3,row_1,36,53.4,中,0.60,35.0,中,drought,hold,resample_before_action,中风险 + 高不确定性 → 重新采样后再决策,resample_sensors,medium,"hold_position:R01C03@(48.6,11.0); repeat_sampling_pass",resample_soil_moisture; resample_temperature; capture_context_image,none,R01C03 中风险且不确定性为中，重新采样后再决策,blocked_until_sensor_resample,queued_for_resampling,normal
2026-09-07 03:00,69.3,10.9,90,R01C04,1,4,row_1,36,51.4,中,0.58,35.0,中,drought,hold,resample_before_action,中风险 + 高不确定性 → 重新采样后再决策,resample_sensors,medium,"hold_position:R01C04@(69.3,10.9); repeat_sampling_pass",resample_soil_moisture; resample_temperature; capture_context_image,none,R01C04 中风险且不确定性为中，重新采样后再决策,blocked_until_sensor_resample,queued_for_resampling,normal
2026-09-07 04:00,90.3,10.5,90,R01C05,1,5,row_1,36,51.7,中,0.58,35.0,中,drought,hold,resample_before_action,中风险 + 高不确定性 → 重新采样后再决策,resample_sensors,medium,"hold_position:R01C05@(90.3,10.5); repeat_sampling_pass",resample_soil_moisture; resample_temperature; capture_context_image,none,R01C05 中风险且不确定性为中，重新采样后再决策,blocked_until_sensor_resample,queued_for_resampling,normal
2026-09-07 05:00,111.2,10.0,90,R01C06,1,6,row_1,36,52.5,中,0.59,35.0,中,drought,hold,resample_before_action,中风险 + 高不确定性 → 重新采样后再决策,resample_sensors,medium,"hold_position:R01C06@(111.2,10.0); repeat_sampling_pass",resample_soil_moisture; resample_temperature; capture_context_image,none,R01C06 中风险且不确定性为中，重新采样后再决策,blocked_until_sensor_resample,queued_for_resampling,normal
2026-09-07 06:00,111.5,29.6,270,R02C06,2,6,row_2,36,51.7,中,0.58,35.0,中,drought,hold,resample_before_action,中风险 + 高不确定性 → 重新采样后再决策,resample_sensors,medium,"hold_position:R02C06@(111.5,29.6); repeat_sampling_pass",resample_soil_moisture; resample_temperature; capture_context_image,none,R02C06 中风险且不确定性为中，重新采样后再决策,blocked_until_sensor_resample,queued_for_resampling,normal
2026-09-07 07:00,91.1,29.2,270,R02C05,2,5,row_2,36,51.8,中,0.58,35.0,中,drought,hold,resample_before_action,中风险 + 高不确定性 → 重新采样后再决策,resample_sensors,medium,"hold_position:R02C05@(91.1,29.2); repeat_sampling_pass",resample_soil_moisture; resample_temperature; capture_context_image,none,R02C05 中风险且不确定性为中，重新采样后再决策,blocked_until_sensor_resample,queued_for_resampling,normal
2026-09-07 08:00,70.2,29.0,270,R02C04,2,4,row_2,36,45.0,中,0.11,47.0,中,drought,hold,resample_before_action,中风险 + 高不确定性 → 重新采样后再决策,resample_sensors,medium,"hold_position:R02C04@(70.2,29.0); repeat_sampling_pass",resample_soil_moisture; resample_temperature; capture_context_image,none,R02C04 中风险且不确定性为中，重新采样后再决策,blocked_until_sensor_resample,queued_for_resampling,normal
2026-09-07 09:00,49.2,29.1,270,R02C03,2,3,row_2,36,8.4,很低,0.99,0.0,低,healthy,observe,routine_patrol,低风险 + 低不确定性 → 常规巡检,continue_patrol,low,continue_nominal_patrol,standard_periodic_sampling,none,R02C03 当前风险较低，保持常规巡检,normal_autonomy,ready,normal
2026-09-07 10:00,28.6,29.4,270,R02C02,2,2,row_2,36,8.2,很低,1.00,0.0,低,healthy,observe,routine_patrol,低风险 + 低不确定性 → 常规巡检,continue_patrol,low,continue_nominal_patrol,standard_periodic_sampling,none,R02C02 当前风险较低，保持常规巡检,normal_autonomy,ready,normal
2026-09-07 11:00,8.6,29.8,270,R02C01,2,1,row_2,36,8.2,很低,1.00,0.0,低,healthy,observe,routine_patrol,低风险 + 低不确定性 → 常规巡检,continue_patrol,low,continue_nominal_patrol,standard_periodic_sampling,none,R02C01 当前风险较低，保持常规巡检,normal_autonomy,ready,normal
2026-09-07 12:00,9.3,50.3,90,R03C01,3,1,row_3,36,45.0,中,0.06,47.0,中,drought,hold,resample_before_action,中风险 + 高不确定性 → 重新采样后再决策,resample_sensors,medium,"hold_position:R03C01@(9.3,50.3); repeat_sampling_pass",resample_soil_moisture; resample_temperature; capture_context_image,none,R03C01 中风险且不确定性为中，重新采样后再决策,blocked_until_sensor_resample,queued_for_resampling,normal
2026-09-07 13:00,30.3,50.7,90,R03C02,3,2,row_3,36,45.0,中,0.02,47.0,中,waterlogging,hold,resample_before_action,中风险 + 高不确定性 → 重新采样后再决策,resample_sensors,medium,"hold_position:R03C02@(30.3,50.7); repeat_sampling_pass",resample_soil_moisture; resample_temperature; capture_context_image,none,R03C02 中风险且不确定性为中，重新采样后再决策,blocked_until_sensor_resample,queued_for_resampling,normal
2026-09-07 14:00,51.2,51.0,90,R03C03,3,3,row_3,36,45.0,中,0.04,47.0,中,waterlogging,hold,resample_before_action,中风险 + 高不确定性 → 重新采样后再决策,resample_sensors,medium,"hold_position:R03C03@(51.2,51.0); repeat_sampling_pass",resample_soil_moisture; resample_temperature; capture_context_image,none,R03C03 中风险且不确定性为中，重新采样后再决策,blocked_until_sensor_resample,queued_for_resampling,normal
2026-09-07 15:00,71.5,51.0,90,R03C04,3,4,row_3,36,8.3,很低,1.00,0.0,低,healthy,observe,routine_patrol,低风险 + 低不确定性 → 常规巡检,continue_patrol,low,continue_nominal_patrol,standard_periodic_sampling,none,R03C04 当前风险较低，保持常规巡检,normal_autonomy,ready,normal
2026-09-07 16:00,91.1,50.7,90,R03C05,3,5,row_3,36,8.3,很低,1.00,0.0,低,healthy,observe,routine_patrol,低风险 + 低不确定性 → 常规巡检,continue_patrol,low,continue_nominal_patrol,standard_periodic_sampling,none,R03C05 当前风险较低，保持常规巡检,normal_autonomy,ready,normal
2026-09-07 17:00,110.2,50.3,90,R03C06,3,6,row_3,36,8.3,很低,1.00,0.0,低,healthy,observe,routine_patrol,低风险 + 低不确定性 → 常规巡检,continue_patrol,low,continue_nominal_patrol,standard_periodic_sampling,none,R03C06 当前风险较低，保持常规巡检,normal_autonomy,ready,normal
2026-09-07 18:00,109.2,69.8,270,R04C06,4,6,row_4,36,8.3,很低,1.00,0.0,低,healthy,observe,routine_patrol,低风险 + 低不确定性 → 常规巡检,continue_patrol,low,continue_nominal_patrol,standard_periodic_sampling,none,R04C06 当前风险较低，保持常规巡检,normal_autonomy,ready,normal
2026-09-07 19:00,88.6,69.4,270,R04C05,4,5,row_4,36,8.3,很低,1.00,0.0,低,healthy,observe,routine_patrol,低风险 + 低不确定性 → 常规巡检,continue_patrol,low,continue_nominal_patrol,standard_periodic_sampling,none,R04C05 当前风险较低，保持常规巡检,normal_autonomy,ready,normal
2026-09-07 20:00,68.6,69.1,270,R04C04,4,4,row_4,36,27.1,低,0.73,0.0,低,healthy,observe,routine_patrol,低风险 + 低不确定性 → 常规巡检,continue_patrol,low,continue_nominal_patrol,standard_periodic_sampling,none,R04C04 当前风险较低，保持常规巡检,normal_autonomy,ready,normal
2026-09-07 21:00,49.3,69.0,270,R04C03,4,3,row_4,36,45.0,中,0.40,47.0,中,waterlogging,hold,resample_before_action,中风险 + 高不确定性 → 重新采样后再决策,resample_sensors,medium,"hold_position:R04C03@(49.3,69.0); repeat_sampling_pass",resample_soil_moisture; resample_temperature; capture_context_image,none,R04C03 中风险且不确定性为中，重新采样后再决策,blocked_until_sensor_resample,queued_for_resampling,normal
2026-09-07 22:00,30.3,69.2,270,R04C02,4,2,row_4,36,58.9,中,0.70,0.0,低,waterlogging,hold,monitor_more_context,风险或不确定性处于中间状态 → 继续观察并收集更多上下文,reroute_and_drainage_check,medium,reroute_around_region:R04C02; mark_low_traction_zone,inspect_drainage_channel; verify_soil_moisture,send_drainage_alert,R04C02 疑似积水，机器人绕行并发送排水检查提醒,execute_without_entering_risky_cell,ready,normal
2026-09-07 23:00,11.2,69.5,270,R04C01,4,1,row_4,36,59.1,中,0.72,35.0,中,waterlogging,hold,resample_before_action,中风险 + 高不确定性 → 重新采样后再决策,resample_sensors,medium,"hold_position:R04C01@(11.2,69.5); repeat_sampling_pass",resample_soil_moisture; resample_temperature; capture_context_image,none,R04C01 中风险且不确定性为中，重新采样后再决策,blocked_until_sensor_resample,queued_for_resampling,normal
2026-09-08 00:00,11.5,10.0,90,R01C01,1,1,row_1,37,69.1,中高,0.86,44.0,中,waterlogging,hold,recheck_before_action,高风险 + 高不确定性 → 先复查，不直接执行动作,recheck_region,high,"navigate_to:R01C01@(11.5,10.0); slow_down; hold_safe_distance",capture_close_range_image; resample_environment_sensors,defer_field_actuation,R01C01 高风险但不确定性为中，先复查后再执行,blocked_until_recheck_confirms_state,queued_for_recheck,normal
2026-09-08 01:00,31.1,10.5,90,R01C02,1,2,row_1,37,66.6,中高,0.83,35.0,中,waterlogging,hold,recheck_before_action,高风险 + 高不确定性 → 先复查，不直接执行动作,recheck_region,high,"navigate_to:R01C02@(31.1,10.5); slow_down; hold_safe_distance",capture_close_range_image; resample_environment_sensors,defer_field_actuation,R01C02 高风险但不确定性为中，先复查后再执行,blocked_until_recheck_confirms_state,queued_for_recheck,normal
2026-09-08 02:00,50.2,10.9,90,R01C03,1,3,row_1,37,64.7,中高,0.80,35.0,中,waterlogging,hold,recheck_before_action,高风险 + 高不确定性 → 先复查，不直接执行动作,recheck_region,high,"navigate_to:R01C03@(50.2,10.9); slow_down; hold_safe_distance",capture_close_range_image; resample_environment_sensors,defer_field_actuation,R01C03 高风险但不确定性为中，先复查后再执行,blocked_until_recheck_confirms_state,queued_for_recheck,normal
2026-09-08 03:00,69.2,11.0,90,R01C04,1,4,row_1,37,64.0,中高,0.79,35.0,中,waterlogging,hold,recheck_before_action,高风险 + 高不确定性 → 先复查，不直接执行动作,recheck_region,high,"navigate_to:R01C04@(69.2,11.0); slow_down; hold_safe_distance",capture_close_range_image; resample_environment_sensors,defer_field_actuation,R01C04 高风险但不确定性为中，先复查后再执行,blocked_until_recheck_confirms_state,queued_for_recheck,normal
2026-09-08 04:00,88.6,10.9,90,R01C05,1,5,row_1,37,63.0,中高,0.77,35.0,中,waterlogging,hold,recheck_before_action,高风险 + 高不确定性 → 先复查，不直接执行动作,recheck_region,high,"navigate_to:R01C05@(88.6,10.9); slow_down; hold_safe_distance",capture_close_range_image; resample_environment_sensors,defer_field_actuation,R01C05 高风险但不确定性为中，先复查后再执行,blocked_until_recheck_confirms_state,queued_for_recheck,normal
2026-09-08 05:00,108.6,10.6,90,R01C06,1,6,row_1,37,61.6,中高,0.75,35.0,中,waterlogging,hold,recheck_before_action,高风险 + 高不确定性 → 先复查，不直接执行动作,recheck_region,high,"navigate_to:R01C06@(108.6,10.6); slow_down; hold_safe_distance",capture_close_range_image; resample_environment_sensors,defer_field_actuation,R01C06 高风险但不确定性为中，先复查后再执行,blocked_until_recheck_confirms_state,queued_for_recheck,normal
2026-09-08 06:00,109.3,30.1,270,R02C06,2,6,row_2,37,61.1,中高,0.75,35.0,中,waterlogging,hold,recheck_before_action,高风险 + 高不确定性 → 先复查，不直接执行动作,recheck_region,high,"navigate_to:R02C06@(109.3,30.1); slow_down; hold_safe_distance",capture_close_range_image; resample_environment_sensors,defer_field_actuation,R02C06 高风险但不确定性为中，先复查后再执行,blocked_until_recheck_confirms_state,queued_for_recheck,normal
2026-09-08 07:00,90.3,29.6,270,R02C05,2,5,row_2,37,60.3,中高,0.74,35.0,中,waterlogging,hold,recheck_before_action,高风险 + 高不确定性 → 先复查，不直接执行动作,recheck_region,high,"navigate_to:R02C05@(90.3,29.6); slow_down; hold_safe_distance",capture_close_range_image; resample_environment_sensors,defer_field_actuation,R02C05 高风险但不确定性为中，先复查后再执行,blocked_until_recheck_confirms_state,queued_for_recheck,normal
2026-09-08 08:00,71.2,29.2,270,R02C04,2,4,row_2,37,60.5,中高,0.74,35.0,中,waterlogging,hold,recheck_before_action,高风险 + 高不确定性 → 先复查，不直接执行动作,recheck_region,high,"navigate_to:R02C04@(71.2,29.2); slow_down; hold_safe_distance",capture_close_range_image; resample_environment_sensors,defer_field_actuation,R02C04 高风险但不确定性为中，先复查后再执行,blocked_until_recheck_confirms_state,queued_for_recheck,normal
2026-09-08 09:00,51.5,29.0,270,R02C03,2,3,row_2,37,69.5,中高,0.86,44.0,中,waterlogging,hold,recheck_before_action,高风险 + 高不确定性 → 先复查，不直接执行动作,recheck_region,high,"navigate_to:R02C03@(51.5,29.0); slow_down; hold_safe_distance",capture_close_range_image; resample_environment_sensors,defer_field_actuation,R02C03 高风险但不确定性为中，先复查后再执行,blocked_until_recheck_confirms_state,queued_for_recheck,normal
2026-09-08 10:00,31.1,29.1,270,R02C02,2,2,row_2,37,24.1,低,0.77,0.0,低,healthy,observe,routine_patrol,低风险 + 低不确定性 → 常规巡检,continue_patrol,low,continue_nominal_patrol,standard_periodic_sampling,none,R02C02 当前风险较低，保持常规巡检,normal_autonomy,ready,normal
2026-09-08 11:00,10.2,29.3,270,R02C01,2,1,row_2,37,10.1,很低,0.97,0.0,低,healthy,observe,routine_patrol,低风险 + 低不确定性 → 常规巡检,continue_patrol,low,continue_nominal_patrol,standard_periodic_sampling,none,R02C01 当前风险较低，保持常规巡检,normal_autonomy,ready,normal
2026-09-08 12:00,9.2,49.8,90,R03C01,3,1,row_3,37,8.8,很低,0.99,0.0,低,healthy,observe,routine_patrol,低风险 + 低不确定性 → 常规巡检,continue_patrol,low,continue_nominal_patrol,standard_periodic_sampling,none,R03C01 当前风险较低，保持常规巡检,normal_autonomy,ready,normal
2026-09-08 13:00,28.6,50.2,90,R03C02,3,2,row_3,37,8.7,很低,0.99,0.0,低,healthy,observe,routine_patrol,低风险 + 低不确定性 → 常规巡检,continue_patrol,low,continue_nominal_patrol,standard_periodic_sampling,none,R03C02 当前风险较低，保持常规巡检,normal_autonomy,ready,normal
2026-09-08 14:00,48.6,50.7,90,R03C03,3,3,row_3,37,8.7,很低,0.99,0.0,低,healthy,observe,routine_patrol,低风险 + 低不确定性 → 常规巡检,continue_patrol,low,continue_nominal_patrol,standard_periodic_sampling,none,R03C03 当前风险较低，保持常规巡检,normal_autonomy,ready,normal
2026-09-08 15:00,69.3,50.9,90,R03C04,3,4,row_3,37,8.7,很低,0.99,0.0,低,healthy,observe,routine_patrol,低风险 + 低不确定性 → 常规巡检,continue_patrol,low,continue_nominal_patrol,standard_periodic_sampling,none,R03C04 当前风险较低，保持常规巡检,normal_autonomy,ready,normal
2026-09-08 16:00,90.4,51.0,90,R03C05,3,5,row_3,37,8.5,很低,0.99,0.0,低,healthy,observe,routine_patrol,低风险 + 低不确定性 → 常规巡检,continue_patrol,low,continue_nominal_patrol,standard_periodic_sampling,none,R03C05 当前风险较低，保持常规巡检,normal_autonomy,ready,normal
2026-09-08 17:00,111.2,50.8,90,R03C06,3,6,row_3,37,8.5,很低,0.99,0.0,低,healthy,observe,routine_patrol,低风险 + 低不确定性 → 常规巡检,continue_patrol,low,continue_nominal_patrol,standard_periodic_sampling,none,R03C06 当前风险较低，保持常规巡检,normal_autonomy,ready,normal
2026-09-08 18:00,111.5,70.4,270,R04C06,4,6,row_4,37,21.2,低,0.81,0.0,低,healthy,observe,routine_patrol,低风险 + 低不确定性 → 常规巡检,continue_patrol,low,continue_nominal_patrol,standard_periodic_sampling,none,R04C06 当前风险较低，保持常规巡检,normal_autonomy,ready,normal
2026-09-08 19:00,91.1,69.9,270,R04C05,4,5,row_4,37,58.0,中,0.70,0.0,低,waterlogging,hold,monitor_more_context,风险或不确定性处于中间状态 → 继续观察并收集更多上下文,reroute_and_drainage_check,medium,reroute_around_region:R04C05; mark_low_traction_zone,inspect_drainage_channel; verify_soil_moisture,send_drainage_alert,R04C05 疑似积水，机器人绕行并发送排水检查提醒,execute_without_entering_risky_cell,ready,normal
2026-09-08 20:00,70.1,69.4,270,R04C04,4,4,row_4,37,56.9,中,0.69,35.0,中,waterlogging,hold,resample_before_action,中风险 + 高不确定性 → 重新采样后再决策,resample_sensors,medium,"hold_position:R04C04@(70.1,69.4); repeat_sampling_pass",resample_soil_moisture; resample_temperature; capture_context_image,none,R04C04 中风险且不确定性为中，重新采样后再决策,blocked_until_sensor_resample,queued_for_resampling,normal
2026-09-08 21:00,49.1,69.1,270,R04C03,4,3,row_4,37,59.0,中,0.72,35.0,中,waterlogging,hold,resample_before_action,中风险 + 高不确定性 → 重新采样后再决策,resample_sensors,medium,"hold_position:R04C03@(49.1,69.1); repeat_sampling_pass",resample_soil_moisture; resample_temperature; capture_context_image,none,R04C03 中风险且不确定性为中，重新采样后再决策,blocked_until_sensor_resample,queued_for_resampling,normal
2026-09-08 22:00,28.6,69.0,270,R04C02,4,2,row_4,37,59.6,中,0.72,35.0,中,waterlogging,hold,resample_before_action,中风险 + 高不确定性 → 重新采样后再决策,resample_sensors,medium,"hold_position:R04C02@(28.6,69.0); repeat_sampling_pass",resample_soil_moisture; resample_temperature; capture_context_image,none,R04C02 中风险且不确定性为中，重新采样后再决策,blocked_until_sensor_resample,queued_for_resampling,normal
2026-09-08 23:00,8.6,69.1,270,R04C01,4,1,row_4,37,63.8,中高,0.79,35.0,中,waterlogging,hold,recheck_before_action,高风险 + 高不确定性 → 先复查，不直接执行动作,recheck_region,high,"navigate_to:R04C01@(8.6,69.1); slow_down; hold_safe_distance",capture_close_range_image; resample_environment_sensors,defer_field_actuation,R04C01 高风险但不确定性为中，先复查后再执行,blocked_until_recheck_confirms_state,queued_for_recheck,normal
2026-09-09 00:00,9.4,9.5,90,R01C01,1,1,row_1,38,75.9,中高,0.97,0.0,低,waterlogging,execute,execute_recommended_action,高风险 + 低不确定性 → 允许执行建议动作,reroute_and_drainage_check,high,reroute_around_region:R01C01; mark_low_traction_zone,inspect_drainage_channel; verify_soil_moisture,send_drainage_alert,R01C01 疑似积水，机器人绕行并发送排水检查提醒,execute_without_entering_risky_cell,ready,normal
2026-09-09 01:00,30.4,10.0,90,R01C02,1,2,row_1,38,70.7,中高,0.88,35.0,中,waterlogging,hold,recheck_before_action,高风险 + 高不确定性 → 先复查，不直接执行动作,recheck_region,high,"navigate_to:R01C02@(30.4,10.0); slow_down; hold_safe_distance",capture_close_range_image; resample_environment_sensors,defer_field_actuation,R01C02 高风险但不确定性为中，先复查后再执行,blocked_until_recheck_confirms_state,queued_for_recheck,normal
2026-09-09 02:00,51.2,10.4,90,R01C03,1,3,row_1,38,66.9,中高,0.83,35.0,中,waterlogging,hold,recheck_before_action,高风险 + 高不确定性 → 先复查，不直接执行动作,recheck_region,high,"navigate_to:R01C03@(51.2,10.4); slow_down; hold_safe_distance",capture_close_range_image; resample_environment_sensors,defer_field_actuation,R01C03 高风险但不确定性为中，先复查后再执行,blocked_until_recheck_confirms_state,queued_for_recheck,normal
2026-09-09 03:00,71.5,10.8,90,R01C04,1,4,row_1,38,64.9,中高,0.80,35.0,中,waterlogging,hold,recheck_before_action,高风险 + 高不确定性 → 先复查，不直接执行动作,recheck_region,high,"navigate_to:R01C04@(71.5,10.8); slow_down; hold_safe_distance",capture_close_range_image; resample_environment_sensors,defer_field_actuation,R01C04 高风险但不确定性为中，先复查后再执行,blocked_until_recheck_confirms_state,queued_for_recheck,normal
2026-09-09 04:00,91.1,11.0,90,R01C05,1,5,row_1,38,63.7,中高,0.78,35.0,中,waterlogging,hold,recheck_before_action,高风险 + 高不确定性 → 先复查，不直接执行动作,recheck_region,high,"navigate_to:R01C05@(91.1,11.0); slow_down; hold_safe_distance",capture_close_range_image; resample_environment_sensors,defer_field_actuation,R01C05 高风险但不确定性为中，先复查后再执行,blocked_until_recheck_confirms_state,queued_for_recheck,normal
2026-09-09 05:00,110.1,10.9,90,R01C06,1,6,row_1,38,63.5,中高,0.78,35.0,中,waterlogging,hold,recheck_before_action,高风险 + 高不确定性 → 先复查，不直接执行动作,recheck_region,high,"navigate_to:R01C06@(110.1,10.9); slow_down; hold_safe_distance",capture_close_range_image; resample_environment_sensors,defer_field_actuation,R01C06 高风险但不确定性为中，先复查后再执行,blocked_until_recheck_confirms_state,queued_for_recheck,normal
2026-09-09 06:00,109.1,30.6,270,R02C06,2,6,row_2,38,62.1,中高,0.76,35.0,中,waterlogging,hold,recheck_before_action,高风险 + 高不确定性 → 先复查，不直接执行动作,recheck_region,high,"navigate_to:R02C06@(109.1,30.6); slow_down; hold_safe_distance",capture_close_range_image; resample_environment_sensors,defer_field_actuation,R02C06 高风险但不确定性为中，先复查后再执行,blocked_until_recheck_confirms_state,queued_for_recheck,normal
2026-09-09 07:00,88.5,30.2,270,R02C05,2,5,row_2,38,62.6,中高,0.77,35.0,中,waterlogging,hold,recheck_before_action,高风险 + 高不确定性 → 先复查，不直接执行动作,recheck_region,high,"navigate_to:R02C05@(88.5,30.2); slow_down; hold_safe_distance",capture_close_range_image; resample_environment_sensors,defer_field_actuation,R02C05 高风险但不确定性为中，先复查后再执行,blocked_until_recheck_confirms_state,queued_for_recheck,normal
2026-09-09 08:00,68.7,29.7,270,R02C04,2,4,row_2,38,61.6,中高,0.75,35.0,中,waterlogging,hold,recheck_before_action,高风险 + 高不确定性 → 先复查，不直接执行动作,recheck_region,high,"navigate_to:R02C04@(68.7,29.7); slow_down; hold_safe_distance",capture_close_range_image; resample_environment_sensors,defer_field_actuation,R02C04 高风险但不确定性为中，先复查后再执行,blocked_until_recheck_confirms_state,queued_for_recheck,normal
2026-09-09 09:00,49.4,29.3,270,R02C03,2,3,row_2,38,61.8,中高,0.76,35.0,中,waterlogging,hold,recheck_before_action,高风险 + 高不确定性 → 先复查，不直接执行动作,recheck_region,high,"navigate_to:R02C03@(49.4,29.3); slow_down; hold_safe_distance",capture_close_range_image; resample_environment_sensors,defer_field_actuation,R02C03 高风险但不确定性为中，先复查后再执行,blocked_until_recheck_confirms_state,queued_for_recheck,normal
2026-09-09 10:00,30.4,29.0,270,R02C02,2,2,row_2,38,61.4,中高,0.75,35.0,中,waterlogging,hold,recheck_before_action,高风险 + 高不确定性 → 先复查，不直接执行动作,recheck_region,high,"navigate_to:R02C02@(30.4,29.0); slow_down; hold_safe_distance",capture_close_range_image; resample_environment_sensors,defer_field_actuation,R02C02 高风险但不确定性为中，先复查后再执行,blocked_until_recheck_confirms_state,queued_for_recheck,normal
2026-09-09 11:00,11.2,29.0,270,R02C01,2,1,row_2,38,75.8,中高,0.96,0.0,低,waterlogging,execute,execute_recommended_action,高风险 + 低不确定性 → 允许执行建议动作,reroute_and_drainage_check,high,reroute_around_region:R02C01; mark_low_traction_zone,inspect_drainage_channel; verify_soil_moisture,send_drainage_alert,R02C01 疑似积水，机器人绕行并发送排水检查提醒,execute_without_entering_risky_cell,ready,normal
2026-09-09 12:00,11.5,49.3,90,R03C01,3,1,row_3,38,70.3,中高,0.88,35.0,中,waterlogging,hold,recheck_before_action,高风险 + 高不确定性 → 先复查，不直接执行动作,recheck_region,high,"navigate_to:R03C01@(11.5,49.3); slow_down; hold_safe_distance",capture_close_range_image; resample_environment_sensors,defer_field_actuation,R03C01 高风险但不确定性为中，先复查后再执行,blocked_until_recheck_confirms_state,queued_for_recheck,normal
2026-09-09 13:00,31.0,49.7,90,R03C02,3,2,row_3,38,67.7,中高,0.84,35.0,中,waterlogging,hold,recheck_before_action,高风险 + 高不确定性 → 先复查，不直接执行动作,recheck_region,high,"navigate_to:R03C02@(31.0,49.7); slow_down; hold_safe_distance",capture_close_range_image; resample_environment_sensors,defer_field_actuation,R03C02 高风险但不确定性为中，先复查后再执行,blocked_until_recheck_confirms_state,queued_for_recheck,normal
2026-09-09 14:00,50.1,50.2,90,R03C03,3,3,row_3,38,65.1,中高,0.80,35.0,中,waterlogging,hold,recheck_before_action,高风险 + 高不确定性 → 先复查，不直接执行动作,recheck_region,high,"navigate_to:R03C03@(50.1,50.2); slow_down; hold_safe_distance",capture_close_range_image; resample_environment_sensors,defer_field_actuation,R03C03 高风险但不确定性为中，先复查后再执行,blocked_until_recheck_confirms_state,queued_for_recheck,normal
2026-09-09 15:00,69.1,50.6,90,R03C04,3,4,row_3,38,63.7,中高,0.78,35.0,中,waterlogging,hold,recheck_before_action,高风险 + 高不确定性 → 先复查，不直接执行动作,recheck_region,high,"navigate_to:R03C04@(69.1,50.6); slow_down; hold_safe_distance",capture_close_range_image; resample_environment_sensors,defer_field_actuation,R03C04 高风险但不确定性为中，先复查后再执行,blocked_until_recheck_confirms_state,queued_for_recheck,normal
2026-09-09 16:00,88.5,50.9,90,R03C05,3,5,row_3,38,20.4,低,0.82,0.0,低,healthy,observe,routine_patrol,低风险 + 低不确定性 → 常规巡检,continue_patrol,low,continue_nominal_patrol,standard_periodic_sampling,none,R03C05 当前风险较低，保持常规巡检,normal_autonomy,ready,normal
2026-09-09 17:00,108.7,51.0,90,R03C06,3,6,row_3,38,9.7,很低,0.98,0.0,低,healthy,observe,routine_patrol,低风险 + 低不确定性 → 常规巡检,continue_patrol,low,continue_nominal_patrol,standard_periodic_sampling,none,R03C06 当前风险较低，保持常规巡检,normal_autonomy,ready,normal
2026-09-09 18:00,109.4,70.8,270,R04C06,4,6,row_4,38,8.7,很低,0.99,0.0,低,healthy,observe,routine_patrol,低风险 + 低不确定性 → 常规巡检,continue_patrol,low,continue_nominal_patrol,standard_periodic_sampling,none,R04C06 当前风险较低，保持常规巡检,normal_autonomy,ready,normal
2026-09-09 19:00,90.4,70.4,270,R04C05,4,5,row_4,38,8.6,很低,0.99,0.0,低,healthy,observe,routine_patrol,低风险 + 低不确定性 → 常规巡检,continue_patrol,low,continue_nominal_patrol,standard_periodic_sampling,none,R04C05 当前风险较低，保持常规巡检,normal_autonomy,ready,normal
2026-09-09 20:00,71.3,70.0,270,R04C04,4,4,row_4,38,8.3,很低,1.00,0.0,低,healthy,observe,routine_patrol,低风险 + 低不确定性 → 常规巡检,continue_patrol,low,continue_nominal_patrol,standard_periodic_sampling,none,R04C04 当前风险较低，保持常规巡检,normal_autonomy,ready,normal
2026-09-09 21:00,51.5,69.5,270,R04C03,4,3,row_4,38,8.3,很低,1.00,0.0,低,healthy,observe,routine_patrol,低风险 + 低不确定性 → 常规巡检,continue_patrol,low,continue_nominal_patrol,standard_periodic_sampling,none,R04C03 当前风险较低，保持常规巡检,normal_autonomy,ready,normal
2026-09-09 22:00,31.0,69.1,270,R04C02,4,2,row_4,38,8.9,很低,0.99,0.0,低,healthy,observe,routine_patrol,低风险 + 低不确定性 → 常规巡检,continue_patrol,low,continue_nominal_patrol,standard_periodic_sampling,none,R04C02 当前风险较低，保持常规巡检,normal_autonomy,ready,normal
2026-09-09 23:00,10.1,69.0,270,R04C01,4,1,row_4,38,8.3,很低,1.00,0.0,低,healthy,observe,routine_patrol,低风险 + 低不确定性 → 常规巡检,continue_patrol,low,continue_nominal_patrol,standard_periodic_sampling,none,R04C01 当前风险较低，保持常规巡检,normal_autonomy,ready,normal
2026-09-10 00:00,9.1,9.1,90,R01C01,1,1,row_1,39,8.3,很低,1.00,0.0,低,healthy,observe,routine_patrol,低风险 + 低不确定性 → 常规巡检,continue_patrol,low,continue_nominal_patrol,standard_periodic_sampling,none,R01C01 当前风险较低，保持常规巡检,normal_autonomy,ready,normal
2026-09-10 01:00,28.5,9.4,90,R01C02,1,2,row_1,39,8.3,很低,1.00,0.0,低,healthy,observe,routine_patrol,低风险 + 低不确定性 → 常规巡检,continue_patrol,low,continue_nominal_patrol,standard_periodic_sampling,none,R01C02 当前风险较低，保持常规巡检,normal_autonomy,ready,normal
2026-09-10 02:00,48.7,9.9,90,R01C03,1,3,row_1,39,8.3,很低,1.00,0.0,低,healthy,observe,routine_patrol,低风险 + 低不确定性 → 常规巡检,continue_patrol,low,continue_nominal_patrol,standard_periodic_sampling,none,R01C03 当前风险较低，保持常规巡检,normal_autonomy,ready,normal
2026-09-10 03:00,69.4,10.4,90,R01C04,1,4,row_1,39,8.3,很低,1.00,0.0,低,healthy,observe,routine_patrol,低风险 + 低不确定性 → 常规巡检,continue_patrol,low,continue_nominal_patrol,standard_periodic_sampling,none,R01C04 当前风险较低，保持常规巡检,normal_autonomy,ready,normal
2026-09-10 04:00,90.5,10.8,90,R01C05,1,5,row_1,39,8.3,很低,1.00,0.0,低,healthy,observe,routine_patrol,低风险 + 低不确定性 → 常规巡检,continue_patrol,low,continue_nominal_patrol,standard_periodic_sampling,none,R01C05 当前风险较低，保持常规巡检,normal_autonomy,ready,normal
2026-09-10 05:00,111.3,11.0,90,R01C06,1,6,row_1,39,45.0,中,0.05,47.0,中,waterlogging,hold,resample_before_action,中风险 + 高不确定性 → 重新采样后再决策,resample_sensors,medium,"hold_position:R01C06@(111.3,11.0); repeat_sampling_pass",resample_soil_moisture; resample_temperature; capture_context_image,none,R01C06 中风险且不确定性为中，重新采样后再决策,blocked_until_sensor_resample,queued_for_resampling,normal
2026-09-10 06:00,111.5,30.9,270,R02C06,2,6,row_2,39,45.0,中,0.51,0.0,低,waterlogging,hold,monitor_more_context,风险或不确定性处于中间状态 → 继续观察并收集更多上下文,reroute_and_drainage_check,medium,reroute_around_region:R02C06; mark_low_traction_zone,inspect_drainage_channel; verify_soil_moisture,send_drainage_alert,R02C06 疑似积水，机器人绕行并发送排水检查提醒,execute_without_entering_risky_cell,ready,normal
2026-09-10 07:00,91.0,30.7,270,R02C05,2,5,row_2,39,49.0,中,0.57,35.0,中,waterlogging,hold,resample_before_action,中风险 + 高不确定性 → 重新采样后再决策,resample_sensors,medium,"hold_position:R02C05@(91.0,30.7); repeat_sampling_pass",resample_soil_moisture; resample_temperature; capture_context_image,none,R02C05 中风险且不确定性为中，重新采样后再决策,blocked_until_sensor_resample,queued_for_resampling,normal
2026-09-10 08:00,70.0,30.2,270,R02C04,2,4,row_2,39,51.3,中,0.61,35.0,中,waterlogging,hold,resample_before_action,中风险 + 高不确定性 → 重新采样后再决策,resample_sensors,medium,"hold_position:R02C04@(70.0,30.2); repeat_sampling_pass",resample_soil_moisture; resample_temperature; capture_context_image,none,R02C04 中风险且不确定性为中，重新采样后再决策,blocked_until_sensor_resample,queued_for_resampling,normal
2026-09-10 09:00,49.1,29.7,270,R02C03,2,3,row_2,39,53.1,中,0.63,35.0,中,waterlogging,hold,resample_before_action,中风险 + 高不确定性 → 重新采样后再决策,resample_sensors,medium,"hold_position:R02C03@(49.1,29.7); repeat_sampling_pass",resample_soil_moisture; resample_temperature; capture_context_image,none,R02C03 中风险且不确定性为中，重新采样后再决策,blocked_until_sensor_resample,queued_for_resampling,normal
2026-09-10 10:00,28.5,29.3,270,R02C02,2,2,row_2,39,54.4,中,0.65,35.0,中,waterlogging,hold,resample_before_action,中风险 + 高不确定性 → 重新采样后再决策,resample_sensors,medium,"hold_position:R02C02@(28.5,29.3); repeat_sampling_pass",resample_soil_moisture; resample_temperature; capture_context_image,none,R02C02 中风险且不确定性为中，重新采样后再决策,blocked_until_sensor_resample,queued_for_resampling,normal
2026-09-10 11:00,8.7,29.0,270,R02C01,2,1,row_2,39,68.3,中高,0.83,0.0,低,waterlogging,execute,execute_recommended_action,高风险 + 低不确定性 → 允许执行建议动作,reroute_and_drainage_check,high,reroute_around_region:R02C01; mark_low_traction_zone,inspect_drainage_channel; verify_soil_moisture,send_drainage_alert,R02C01 疑似积水，机器人绕行并发送排水检查提醒,execute_without_entering_risky_cell,ready,normal
2026-09-10 12:00,9.5,49.0,90,R03C01,3,1,row_3,39,65.6,中高,0.80,35.0,中,waterlogging,hold,recheck_before_action,高风险 + 高不确定性 → 先复查，不直接执行动作,recheck_region,high,"navigate_to:R03C01@(9.5,49.0); slow_down; hold_safe_distance",capture_close_range_image; resample_environment_sensors,defer_field_actuation,R03C01 高风险但不确定性为中，先复查后再执行,blocked_until_recheck_confirms_state,queued_for_recheck,normal
2026-09-10 13:00,30.5,49.2,90,R03C02,3,2,row_3,39,21.3,低,0.81,0.0,低,healthy,observe,routine_patrol,低风险 + 低不确定性 → 常规巡检,continue_patrol,low,continue_nominal_patrol,standard_periodic_sampling,none,R03C02 当前风险较低，保持常规巡检,normal_autonomy,ready,normal
2026-09-10 14:00,51.3,49.6,90,R03C03,3,3,row_3,39,11.3,很低,0.95,0.0,低,healthy,observe,routine_patrol,低风险 + 低不确定性 → 常规巡检,continue_patrol,low,continue_nominal_patrol,standard_periodic_sampling,none,R03C03 当前风险较低，保持常规巡检,normal_autonomy,ready,normal
2026-09-10 15:00,71.5,50.1,90,R03C04,3,4,row_3,39,8.8,很低,0.99,0.0,低,healthy,observe,routine_patrol,低风险 + 低不确定性 → 常规巡检,continue_patrol,low,continue_nominal_patrol,standard_periodic_sampling,none,R03C04 当前风险较低，保持常规巡检,normal_autonomy,ready,normal
2026-09-10 16:00,91.0,50.6,90,R03C05,3,5,row_3,39,8.7,很低,0.99,0.0,低,healthy,observe,routine_patrol,低风险 + 低不确定性 → 常规巡检,continue_patrol,low,continue_nominal_patrol,standard_periodic_sampling,none,R03C05 当前风险较低，保持常规巡检,normal_autonomy,ready,normal
2026-09-10 17:00,110.0,50.9,90,R03C06,3,6,row_3,39,8.7,很低,0.99,0.0,低,healthy,observe,routine_patrol,低风险 + 低不确定性 → 常规巡检,continue_patrol,low,continue_nominal_patrol,standard_periodic_sampling,none,R03C06 当前风险较低，保持常规巡检,normal_autonomy,ready,normal
2026-09-10 18:00,109.0,71.0,270,R04C06,4,6,row_4,39,8.6,很低,0.99,0.0,低,healthy,observe,routine_patrol,低风险 + 低不确定性 → 常规巡检,continue_patrol,low,continue_nominal_patrol,standard_periodic_sampling,none,R04C06 当前风险较低，保持常规巡检,normal_autonomy,ready,normal
2026-09-10 19:00,88.5,70.9,270,R04C05,4,5,row_4,39,8.3,很低,1.00,0.0,低,healthy,observe,routine_patrol,低风险 + 低不确定性 → 常规巡检,continue_patrol,low,continue_nominal_patrol,standard_periodic_sampling,none,R04C05 当前风险较低，保持常规巡检,normal_autonomy,ready,normal
2026-09-10 20:00,68.7,70.5,270,R04C04,4,4,row_4,39,8.3,很低,1.00,0.0,低,healthy,observe,routine_patrol,低风险 + 低不确定性 → 常规巡检,continue_patrol,low,continue_nominal_patrol,standard_periodic_sampling,none,R04C04 当前风险较低，保持常规巡检,normal_autonomy,ready,normal
2026-09-10 21:00,49.5,70.0,270,R04C03,4,3,row_4,39,8.3,很低,1.00,0.0,低,healthy,observe,routine_patrol,低风险 + 低不确定性 → 常规巡检,continue_patrol,low,continue_nominal_patrol,standard_periodic_sampling,none,R04C03 当前风险较低，保持常规巡检,normal_autonomy,ready,normal
2026-09-10 22:00,30.5,69.5,270,R04C02,4,2,row_4,39,8.3,很低,1.00,0.0,低,healthy,observe,routine_patrol,低风险 + 低不确定性 → 常规巡检,continue_patrol,low,continue_nominal_patrol,standard_periodic_sampling,none,R04C02 当前风险较低，保持常规巡检,normal_autonomy,ready,normal
2026-09-10 23:00,11.3,69.2,270,R04C01,4,1,row_4,39,8.2,很低,1.00,0.0,低,healthy,observe,routine_patrol,低风险 + 低不确定性 → 常规巡检,continue_patrol,low,continue_nominal_patrol,standard_periodic_sampling,none,R04C01 当前风险较低，保持常规巡检,normal_autonomy,ready,normal
2026-09-11 00:00,11.5,9.0,90,R01C01,1,1,row_1,40,8.8,很低,0.99,0.0,低,healthy,observe,routine_patrol,低风险 + 低不确定性 → 常规巡检,continue_patrol,low,continue_nominal_patrol,standard_periodic_sampling,none,R01C01 当前风险较低，保持常规巡检,normal_autonomy,ready,normal
2026-09-11 01:00,31.0,9.1,90,R01C02,1,2,row_1,40,27.5,低,0.72,0.0,低,healthy,observe,routine_patrol,低风险 + 低不确定性 → 常规巡检,continue_patrol,low,continue_nominal_patrol,standard_periodic_sampling,none,R01C02 当前风险较低，保持常规巡检,normal_autonomy,ready,normal
2026-09-11 02:00,50.0,9.4,90,R01C03,1,3,row_1,40,45.0,中,0.32,47.0,中,waterlogging,hold,resample_before_action,中风险 + 高不确定性 → 重新采样后再决策,resample_sensors,medium,"hold_position:R01C03@(50.0,9.4); repeat_sampling_pass",resample_soil_moisture; resample_temperature; capture_context_image,none,R01C03 中风险且不确定性为中，重新采样后再决策,blocked_until_sensor_resample,queued_for_resampling,normal
2026-09-11 03:00,69.0,9.8,90,R01C04,1,4,row_1,40,45.0,中,0.40,47.0,中,waterlogging,hold,resample_before_action,中风险 + 高不确定性 → 重新采样后再决策,resample_sensors,medium,"hold_position:R01C04@(69.0,9.8); repeat_sampling_pass",resample_soil_moisture; resample_temperature; capture_context_image,none,R01C04 中风险且不确定性为中，重新采样后再决策,blocked_until_sensor_resample,queued_for_resampling,normal
2026-09-11 04:00,88.5,10.3,90,R01C05,1,5,row_1,40,45.0,中,0.46,35.0,中,waterlogging,hold,resample_before_action,中风险 + 高不确定性 → 重新采样后再决策,resample_sensors,medium,"hold_position:R01C05@(88.5,10.3); repeat_sampling_pass",resample_soil_moisture; resample_temperature; capture_context_image,none,R01C05 中风险且不确定性为中，重新采样后再决策,blocked_until_sensor_resample,queued_for_resampling,normal
2026-09-11 05:00,108.7,10.7,90,R01C06,1,6,row_1,40,45.4,中,0.52,35.0,中,waterlogging,hold,resample_before_action,中风险 + 高不确定性 → 重新采样后再决策,resample_sensors,medium,"hold_position:R01C06@(108.7,10.7); repeat_sampling_pass",resample_soil_moisture; resample_temperature; capture_context_image,none,R01C06 中风险且不确定性为中，重新采样后再决策,blocked_until_sensor_resample,queued_for_resampling,normal
2026-09-11 06:00,109.5,31.0,270,R02C06,2,6,row_2,40,48.1,中,0.56,35.0,中,waterlogging,hold,resample_before_action,中风险 + 高不确定性 → 重新采样后再决策,resample_sensors,medium,"hold_position:R02C06@(109.5,31.0); repeat_sampling_pass",resample_soil_moisture; resample_temperature; capture_context_image,none,R02C06 中风险且不确定性为中，重新采样后再决策,blocked_until_sensor_resample,queued_for_resampling,normal
2026-09-11 07:00,90.5,31.0,270,R02C05,2,5,row_2,40,50.7,中,0.60,35.0,中,waterlogging,hold,resample_before_action,中风险 + 高不确定性 → 重新采样后再决策,resample_sensors,medium,"hold_position:R02C05@(90.5,31.0); repeat_sampling_pass",resample_soil_moisture; resample_temperature; capture_context_image,none,R02C05 中风险且不确定性为中，重新采样后再决策,blocked_until_sensor_resample,queued_for_resampling,normal
2026-09-11 08:00,71.3,30.7,270,R02C04,2,4,row_2,40,73.8,中高,0.93,0.0,低,waterlogging,execute,execute_recommended_action,高风险 + 低不确定性 → 允许执行建议动作,reroute_and_drainage_check,high,reroute_around_region:R02C04; mark_low_traction_zone,inspect_drainage_channel; verify_soil_moisture,send_drainage_alert,R02C04 疑似积水，机器人绕行并发送排水检查提醒,execute_without_entering_risky_cell,ready,normal
2026-09-11 09:00,51.5,30.3,270,R02C03,2,3,row_2,40,69.3,中高,0.86,35.0,中,waterlogging,hold,recheck_before_action,高风险 + 高不确定性 → 先复查，不直接执行动作,recheck_region,high,"navigate_to:R02C03@(51.5,30.3); slow_down; hold_safe_distance",capture_close_range_image; resample_environment_sensors,defer_field_actuation,R02C03 高风险但不确定性为中，先复查后再执行,blocked_until_recheck_confirms_state,queued_for_recheck,normal
2026-09-11 10:00,30.9,29.8,270,R02C02,2,2,row_2,40,66.2,中高,0.82,35.0,中,waterlogging,hold,recheck_before_action,高风险 + 高不确定性 → 先复查，不直接执行动作,recheck_region,high,"navigate_to:R02C02@(30.9,29.8); slow_down; hold_safe_distance",capture_close_range_image; resample_environment_sensors,defer_field_actuation,R02C02 高风险但不确定性为中，先复查后再执行,blocked_until_recheck_confirms_state,queued_for_recheck,normal
2026-09-11 11:00,10.0,29.4,270,R02C01,2,1,row_2,40,64.6,中高,0.80,35.0,中,waterlogging,hold,recheck_before_action,高风险 + 高不确定性 → 先复查，不直接执行动作,recheck_region,high,"navigate_to:R02C01@(10.0,29.4); slow_down; hold_safe_distance",capture_close_range_image; resample_environment_sensors,defer_field_actuation,R02C01 高风险但不确定性为中，先复查后再执行,blocked_until_recheck_confirms_state,queued_for_recheck,normal
2026-09-11 12:00,9.0,49.1,90,R03C01,3,1,row_3,40,71.5,中高,0.89,0.0,低,waterlogging,execute,execute_recommended_action,高风险 + 低不确定性 → 允许执行建议动作,reroute_and_drainage_check,high,reroute_around_region:R03C01; mark_low_traction_zone,inspect_drainage_channel; verify_soil_moisture,send_drainage_alert,R03C01 疑似积水，机器人绕行并发送排水检查提醒,execute_without_entering_risky_cell,ready,normal
2026-09-11 13:00,28.5,49.0,90,R03C02,3,2,row_3,40,68.1,中高,0.84,35.0,中,waterlogging,hold,recheck_before_action,高风险 + 高不确定性 → 先复查，不直接执行动作,recheck_region,high,"navigate_to:R03C02@(28.5,49.0); slow_down; hold_safe_distance",capture_close_range_image; resample_environment_sensors,defer_field_actuation,R03C02 高风险但不确定性为中，先复查后再执行,blocked_until_recheck_confirms_state,queued_for_recheck,normal
2026-09-11 14:00,48.7,49.2,90,R03C03,3,3,row_3,40,66.0,中高,0.81,35.0,中,waterlogging,hold,recheck_before_action,高风险 + 高不确定性 → 先复查，不直接执行动作,recheck_region,high,"navigate_to:R03C03@(48.7,49.2); slow_down; hold_safe_distance",capture_close_range_image; resample_environment_sensors,defer_field_actuation,R03C03 高风险但不确定性为中，先复查后再执行,blocked_until_recheck_confirms_state,queued_for_recheck,normal
2026-09-11 15:00,69.5,49.6,90,R03C04,3,4,row_3,40,28.2,低,0.71,0.0,低,healthy,observe,routine_patrol,低风险 + 低不确定性 → 常规巡检,continue_patrol,low,continue_nominal_patrol,standard_periodic_sampling,none,R03C04 当前风险较低，保持常规巡检,normal_autonomy,ready,normal
2026-09-11 16:00,90.6,50.0,90,R03C05,3,5,row_3,40,10.5,很低,0.96,0.0,低,healthy,observe,routine_patrol,低风险 + 低不确定性 → 常规巡检,continue_patrol,low,continue_nominal_patrol,standard_periodic_sampling,none,R03C05 当前风险较低，保持常规巡检,normal_autonomy,ready,normal
2026-09-11 17:00,111.3,50.5,90,R03C06,3,6,row_3,40,8.8,很低,0.99,0.0,低,healthy,observe,routine_patrol,低风险 + 低不确定性 → 常规巡检,continue_patrol,low,continue_nominal_patrol,standard_periodic_sampling,none,R03C06 当前风险较低，保持常规巡检,normal_autonomy,ready,normal
2026-09-11 18:00,111.5,70.9,270,R04C06,4,6,row_4,40,8.8,很低,0.99,44.0,中,healthy,hold,monitor_more_context,风险或不确定性处于中间状态 → 继续观察并收集更多上下文,monitor_context,normal,continue_patrol; revisit_region:R04C06,collect_next_context_window,none,R04C06 风险或不确定性处于中间状态，继续观察,no_direct_field_actuation,monitoring,normal
2026-09-11 19:00,90.9,71.0,270,R04C05,4,5,row_4,40,8.3,很低,1.00,0.0,低,healthy,observe,routine_patrol,低风险 + 低不确定性 → 常规巡检,continue_patrol,low,continue_nominal_patrol,standard_periodic_sampling,none,R04C05 当前风险较低，保持常规巡检,normal_autonomy,ready,normal
2026-09-11 20:00,69.9,70.9,270,R04C04,4,4,row_4,40,8.3,很低,1.00,0.0,低,healthy,observe,routine_patrol,低风险 + 低不确定性 → 常规巡检,continue_patrol,low,continue_nominal_patrol,standard_periodic_sampling,none,R04C04 当前风险较低，保持常规巡检,normal_autonomy,ready,normal
2026-09-11 21:00,49.0,70.6,270,R04C03,4,3,row_4,40,8.3,很低,1.00,0.0,低,healthy,observe,routine_patrol,低风险 + 低不确定性 → 常规巡检,continue_patrol,low,continue_nominal_patrol,standard_periodic_sampling,none,R04C03 当前风险较低，保持常规巡检,normal_autonomy,ready,normal
2026-09-11 22:00,28.5,70.1,270,R04C02,4,2,row_4,40,8.3,很低,1.00,0.0,低,healthy,observe,routine_patrol,低风险 + 低不确定性 → 常规巡检,continue_patrol,low,continue_nominal_patrol,standard_periodic_sampling,none,R04C02 当前风险较低，保持常规巡检,normal_autonomy,ready,normal
2026-09-11 23:00,8.7,69.6,270,R04C01,4,1,row_4,40,8.3,很低,1.00,0.0,低,healthy,observe,routine_patrol,低风险 + 低不确定性 → 常规巡检,continue_patrol,low,continue_nominal_patrol,standard_periodic_sampling,none,R04C01 当前风险较低，保持常规巡检,normal_autonomy,ready,normal
2026-09-12 00:00,9.6,9.2,90,R01C01,1,1,row_1,41,45.0,中,0.05,47.0,中,waterlogging,hold,resample_before_action,中风险 + 高不确定性 → 重新采样后再决策,resample_sensors,medium,"hold_position:R01C01@(9.6,9.2); repeat_sampling_pass",resample_soil_moisture; resample_temperature; capture_context_image,none,R01C01 中风险且不确定性为中，重新采样后再决策,blocked_until_sensor_resample,queued_for_resampling,normal
2026-09-12 01:00,30.6,9.0,90,R01C02,1,2,row_1,41,44.4,中,0.50,0.0,低,waterlogging,hold,monitor_more_context,风险或不确定性处于中间状态 → 继续观察并收集更多上下文,reroute_and_drainage_check,medium,reroute_around_region:R01C02; mark_low_traction_zone,inspect_drainage_channel; verify_soil_moisture,send_drainage_alert,R01C02 疑似积水，机器人绕行并发送排水检查提醒,execute_without_entering_risky_cell,ready,normal
2026-09-12 02:00,51.3,9.1,90,R01C03,1,3,row_1,41,73.0,中高,0.92,0.0,低,waterlogging,execute,execute_recommended_action,高风险 + 低不确定性 → 允许执行建议动作,reroute_and_drainage_check,high,reroute_around_region:R01C03; mark_low_traction_zone,inspect_drainage_channel; verify_soil_moisture,send_drainage_alert,R01C03 疑似积水，机器人绕行并发送排水检查提醒,execute_without_entering_risky_cell,ready,normal
2026-09-12 03:00,71.5,9.3,90,R01C04,1,4,row_1,41,68.7,中高,0.86,35.0,中,waterlogging,hold,recheck_before_action,高风险 + 高不确定性 → 先复查，不直接执行动作,recheck_region,high,"navigate_to:R01C04@(71.5,9.3); slow_down; hold_safe_distance",capture_close_range_image; resample_environment_sensors,defer_field_actuation,R01C04 高风险但不确定性为中，先复查后再执行,blocked_until_recheck_confirms_state,queued_for_recheck,normal
2026-09-12 04:00,90.9,9.8,90,R01C05,1,5,row_1,41,72.5,中高,0.91,44.0,中,waterlogging,hold,recheck_before_action,高风险 + 高不确定性 → 先复查，不直接执行动作,recheck_region,high,"navigate_to:R01C05@(90.9,9.8); slow_down; hold_safe_distance",capture_close_range_image; resample_environment_sensors,defer_field_actuation,R01C05 高风险但不确定性为中，先复查后再执行,blocked_until_recheck_confirms_state,queued_for_recheck,normal
2026-09-12 05:00,109.9,10.3,90,R01C06,1,6,row_1,41,68.7,中高,0.86,35.0,中,waterlogging,hold,recheck_before_action,高风险 + 高不确定性 → 先复查，不直接执行动作,recheck_region,high,"navigate_to:R01C06@(109.9,10.3); slow_down; hold_safe_distance",capture_close_range_image; resample_environment_sensors,defer_field_actuation,R01C06 高风险但不确定性为中，先复查后再执行,blocked_until_recheck_confirms_state,queued_for_recheck,normal
2026-09-12 06:00,109.0,30.7,270,R02C06,2,6,row_2,41,66.5,中高,0.82,35.0,中,waterlogging,hold,recheck_before_action,高风险 + 高不确定性 → 先复查，不直接执行动作,recheck_region,high,"navigate_to:R02C06@(109.0,30.7); slow_down; hold_safe_distance",capture_close_range_image; resample_environment_sensors,defer_field_actuation,R02C06 高风险但不确定性为中，先复查后再执行,blocked_until_recheck_confirms_state,queued_for_recheck,normal
2026-09-12 07:00,88.5,31.0,270,R02C05,2,5,row_2,41,64.4,中高,0.79,35.0,中,waterlogging,hold,recheck_before_action,高风险 + 高不确定性 → 先复查，不直接执行动作,recheck_region,high,"navigate_to:R02C05@(88.5,31.0); slow_down; hold_safe_distance",capture_close_range_image; resample_environment_sensors,defer_field_actuation,R02C05 高风险但不确定性为中，先复查后再执行,blocked_until_recheck_confirms_state,queued_for_recheck,normal
2026-09-12 08:00,68.8,31.0,270,R02C04,2,4,row_2,41,63.1,中高,0.77,35.0,中,waterlogging,hold,recheck_before_action,高风险 + 高不确定性 → 先复查，不直接执行动作,recheck_region,high,"navigate_to:R02C04@(68.8,31.0); slow_down; hold_safe_distance",capture_close_range_image; resample_environment_sensors,defer_field_actuation,R02C04 高风险但不确定性为中，先复查后再执行,blocked_until_recheck_confirms_state,queued_for_recheck,normal
2026-09-12 09:00,49.6,30.8,270,R02C03,2,3,row_2,41,61.9,中高,0.75,35.0,中,waterlogging,hold,recheck_before_action,高风险 + 高不确定性 → 先复查，不直接执行动作,recheck_region,high,"navigate_to:R02C03@(49.6,30.8); slow_down; hold_safe_distance",capture_close_range_image; resample_environment_sensors,defer_field_actuation,R02C03 高风险但不确定性为中，先复查后再执行,blocked_until_recheck_confirms_state,queued_for_recheck,normal
2026-09-12 10:00,30.6,30.4,270,R02C02,2,2,row_2,41,62.3,中高,0.76,35.0,中,waterlogging,hold,recheck_before_action,高风险 + 高不确定性 → 先复查，不直接执行动作,recheck_region,high,"navigate_to:R02C02@(30.6,30.4); slow_down; hold_safe_distance",capture_close_range_image; resample_environment_sensors,defer_field_actuation,R02C02 高风险但不确定性为中，先复查后再执行,blocked_until_recheck_confirms_state,queued_for_recheck,normal
2026-09-12 11:00,11.3,29.9,270,R02C01,2,1,row_2,41,19.5,很低,0.83,0.0,低,healthy,observe,routine_patrol,低风险 + 低不确定性 → 常规巡检,continue_patrol,low,continue_nominal_patrol,standard_periodic_sampling,none,R02C01 当前风险较低，保持常规巡检,normal_autonomy,ready,normal
2026-09-12 12:00,11.5,49.4,90,R03C01,3,1,row_3,41,45.0,中,0.27,47.0,中,waterlogging,hold,resample_before_action,中风险 + 高不确定性 → 重新采样后再决策,resample_sensors,medium,"hold_position:R03C01@(11.5,49.4); repeat_sampling_pass",resample_soil_moisture; resample_temperature; capture_context_image,none,R03C01 中风险且不确定性为中，重新采样后再决策,blocked_until_sensor_resample,queued_for_resampling,normal
2026-09-12 13:00,30.9,49.1,90,R03C02,3,2,row_3,41,45.0,中,0.36,47.0,中,waterlogging,hold,resample_before_action,中风险 + 高不确定性 → 重新采样后再决策,resample_sensors,medium,"hold_position:R03C02@(30.9,49.1); repeat_sampling_pass",resample_soil_moisture; resample_temperature; capture_context_image,none,R03C02 中风险且不确定性为中，重新采样后再决策,blocked_until_sensor_resample,queued_for_resampling,normal
2026-09-12 14:00,49.9,49.0,90,R03C03,3,3,row_3,41,68.5,中高,0.86,0.0,低,waterlogging,execute,execute_recommended_action,高风险 + 低不确定性 → 允许执行建议动作,reroute_and_drainage_check,high,reroute_around_region:R03C03; mark_low_traction_zone,inspect_drainage_channel; verify_soil_moisture,send_drainage_alert,R03C03 疑似积水，机器人绕行并发送排水检查提醒,execute_without_entering_risky_cell,ready,normal
2026-09-12 15:00,69.0,49.1,90,R03C04,3,4,row_3,41,76.5,中高,0.98,0.0,低,waterlogging,execute,execute_recommended_action,高风险 + 低不确定性 → 允许执行建议动作,reroute_and_drainage_check,high,reroute_around_region:R03C04; mark_low_traction_zone,inspect_drainage_channel; verify_soil_moisture,send_drainage_alert,R03C04 疑似积水，机器人绕行并发送排水检查提醒,execute_without_entering_risky_cell,ready,normal
2026-09-12 16:00,88.5,49.5,90,R03C05,3,5,row_3,41,70.8,中高,0.89,35.0,中,waterlogging,hold,recheck_before_action,高风险 + 高不确定性 → 先复查，不直接执行动作,recheck_region,high,"navigate_to:R03C05@(88.5,49.5); slow_down; hold_safe_distance",capture_close_range_image; resample_environment_sensors,defer_field_actuation,R03C05 高风险但不确定性为中，先复查后再执行,blocked_until_recheck_confirms_state,queued_for_recheck,normal
2026-09-12 17:00,108.8,50.0,90,R03C06,3,6,row_3,41,68.1,中高,0.85,35.0,中,waterlogging,hold,recheck_before_action,高风险 + 高不确定性 → 先复查，不直接执行动作,recheck_region,high,"navigate_to:R03C06@(108.8,50.0); slow_down; hold_safe_distance",capture_close_range_image; resample_environment_sensors,defer_field_actuation,R03C06 高风险但不确定性为中，先复查后再执行,blocked_until_recheck_confirms_state,queued_for_recheck,normal
2026-09-12 18:00,109.6,70.5,270,R04C06,4,6,row_4,41,65.5,中高,0.81,35.0,中,waterlogging,hold,recheck_before_action,高风险 + 高不确定性 → 先复查，不直接执行动作,recheck_region,high,"navigate_to:R04C06@(109.6,70.5); slow_down; hold_safe_distance",capture_close_range_image; resample_environment_sensors,defer_field_actuation,R04C06 高风险但不确定性为中，先复查后再执行,blocked_until_recheck_confirms_state,queued_for_recheck,normal
2026-09-12 19:00,90.6,70.8,270,R04C05,4,5,row_4,41,71.9,中高,0.90,0.0,低,waterlogging,execute,execute_recommended_action,高风险 + 低不确定性 → 允许执行建议动作,reroute_and_drainage_check,high,reroute_around_region:R04C05; mark_low_traction_zone,inspect_drainage_channel; verify_soil_moisture,send_drainage_alert,R04C05 疑似积水，机器人绕行并发送排水检查提醒,execute_without_entering_risky_cell,ready,normal
2026-09-12 20:00,71.4,71.0,270,R04C04,4,4,row_4,41,67.8,中高,0.84,35.0,中,waterlogging,hold,recheck_before_action,高风险 + 高不确定性 → 先复查，不直接执行动作,recheck_region,high,"navigate_to:R04C04@(71.4,71.0); slow_down; hold_safe_distance",capture_close_range_image; resample_environment_sensors,defer_field_actuation,R04C04 高风险但不确定性为中，先复查后再执行,blocked_until_recheck_confirms_state,queued_for_recheck,normal
2026-09-12 21:00,51.4,70.9,270,R04C03,4,3,row_4,41,64.9,中高,0.80,35.0,中,waterlogging,hold,recheck_before_action,高风险 + 高不确定性 → 先复查，不直接执行动作,recheck_region,high,"navigate_to:R04C03@(51.4,70.9); slow_down; hold_safe_distance",capture_close_range_image; resample_environment_sensors,defer_field_actuation,R04C03 高风险但不确定性为中，先复查后再执行,blocked_until_recheck_confirms_state,queued_for_recheck,normal
2026-09-12 22:00,30.9,70.6,270,R04C02,4,2,row_4,41,63.1,中高,0.77,35.0,中,waterlogging,hold,recheck_before_action,高风险 + 高不确定性 → 先复查，不直接执行动作,recheck_region,high,"navigate_to:R04C02@(30.9,70.6); slow_down; hold_safe_distance",capture_close_range_image; resample_environment_sensors,defer_field_actuation,R04C02 高风险但不确定性为中，先复查后再执行,blocked_until_recheck_confirms_state,queued_for_recheck,normal
2026-09-12 23:00,9.9,70.2,270,R04C01,4,1,row_4,41,65.3,中高,0.81,35.0,中,waterlogging,hold,recheck_before_action,高风险 + 高不确定性 → 先复查，不直接执行动作,recheck_region,high,"navigate_to:R04C01@(9.9,70.2); slow_down; hold_safe_distance",capture_close_range_image; resample_environment_sensors,defer_field_actuation,R04C01 高风险但不确定性为中，先复查后再执行,blocked_until_recheck_confirms_state,queued_for_recheck,normal
2026-09-13 00:00,8.9,9.7,90,R01C01,1,1,row_1,42,64.1,中高,0.79,35.0,中,waterlogging,hold,recheck_before_action,高风险 + 高不确定性 → 先复查，不直接执行动作,recheck_region,high,"navigate_to:R01C01@(8.9,9.7); slow_down; hold_safe_distance",capture_close_range_image; resample_environment_sensors,defer_field_actuation,R01C01 高风险但不确定性为中，先复查后再执行,blocked_until_recheck_confirms_state,queued_for_recheck,normal
2026-09-13 01:00,28.5,9.3,90,R01C02,1,2,row_1,42,74.0,中高,0.93,0.0,低,waterlogging,execute,execute_recommended_action,高风险 + 低不确定性 → 允许执行建议动作,reroute_and_drainage_check,high,reroute_around_region:R01C02; mark_low_traction_zone,inspect_drainage_channel; verify_soil_moisture,send_drainage_alert,R01C02 疑似积水，机器人绕行并发送排水检查提醒,execute_without_entering_risky_cell,ready,normal
2026-09-13 02:00,48.8,9.0,90,R01C03,1,3,row_1,42,68.9,中高,0.86,35.0,中,waterlogging,hold,recheck_before_action,高风险 + 高不确定性 → 先复查，不直接执行动作,recheck_region,high,"navigate_to:R01C03@(48.8,9.0); slow_down; hold_safe_distance",capture_close_range_image; resample_environment_sensors,defer_field_actuation,R01C03 高风险但不确定性为中，先复查后再执行,blocked_until_recheck_confirms_state,queued_for_recheck,normal
2026-09-13 03:00,69.6,9.0,90,R01C04,1,4,row_1,42,66.2,中高,0.82,35.0,中,waterlogging,hold,recheck_before_action,高风险 + 高不确定性 → 先复查，不直接执行动作,recheck_region,high,"navigate_to:R01C04@(69.6,9.0); slow_down; hold_safe_distance",capture_close_range_image; resample_environment_sensors,defer_field_actuation,R01C04 高风险但不确定性为中，先复查后再执行,blocked_until_recheck_confirms_state,queued_for_recheck,normal
2026-09-13 04:00,90.7,9.3,90,R01C05,1,5,row_1,42,64.6,中高,0.80,35.0,中,waterlogging,hold,recheck_before_action,高风险 + 高不确定性 → 先复查，不直接执行动作,recheck_region,high,"navigate_to:R01C05@(90.7,9.3); slow_down; hold_safe_distance",capture_close_range_image; resample_environment_sensors,defer_field_actuation,R01C05 高风险但不确定性为中，先复查后再执行,blocked_until_recheck_confirms_state,queued_for_recheck,normal
2026-09-13 05:00,111.4,9.7,90,R01C06,1,6,row_1,42,70.9,中高,0.89,44.0,中,waterlogging,hold,recheck_before_action,高风险 + 高不确定性 → 先复查，不直接执行动作,recheck_region,high,"navigate_to:R01C06@(111.4,9.7); slow_down; hold_safe_distance",capture_close_range_image; resample_environment_sensors,defer_field_actuation,R01C06 高风险但不确定性为中，先复查后再执行,blocked_until_recheck_confirms_state,queued_for_recheck,normal
2026-09-13 06:00,111.4,30.2,270,R02C06,2,6,row_2,42,67.9,中高,0.84,35.0,中,waterlogging,hold,recheck_before_action,高风险 + 高不确定性 → 先复查，不直接执行动作,recheck_region,high,"navigate_to:R02C06@(111.4,30.2); slow_down; hold_safe_distance",capture_close_range_image; resample_environment_sensors,defer_field_actuation,R02C06 高风险但不确定性为中，先复查后再执行,blocked_until_recheck_confirms_state,queued_for_recheck,normal
2026-09-13 07:00,90.8,30.6,270,R02C05,2,5,row_2,42,66.2,中高,0.82,35.0,中,waterlogging,hold,recheck_before_action,高风险 + 高不确定性 → 先复查，不直接执行动作,recheck_region,high,"navigate_to:R02C05@(90.8,30.6); slow_down; hold_safe_distance",capture_close_range_image; resample_environment_sensors,defer_field_actuation,R02C05 高风险但不确定性为中，先复查后再执行,blocked_until_recheck_confirms_state,queued_for_recheck,normal
2026-09-13 08:00,69.8,30.9,270,R02C04,2,4,row_2,42,64.5,中高,0.79,35.0,中,waterlogging,hold,recheck_before_action,高风险 + 高不确定性 → 先复查，不直接执行动作,recheck_region,high,"navigate_to:R02C04@(69.8,30.9); slow_down; hold_safe_distance",capture_close_range_image; resample_environment_sensors,defer_field_actuation,R02C04 高风险但不确定性为中，先复查后再执行,blocked_until_recheck_confirms_state,queued_for_recheck,normal
2026-09-13 09:00,48.9,31.0,270,R02C03,2,3,row_2,42,63.7,中高,0.78,35.0,中,waterlogging,hold,recheck_before_action,高风险 + 高不确定性 → 先复查，不直接执行动作,recheck_region,high,"navigate_to:R02C03@(48.9,31.0); slow_down; hold_safe_distance",capture_close_range_image; resample_environment_sensors,defer_field_actuation,R02C03 高风险但不确定性为中，先复查后再执行,blocked_until_recheck_confirms_state,queued_for_recheck,normal
2026-09-13 10:00,28.5,30.8,270,R02C02,2,2,row_2,42,26.5,低,0.73,44.0,中,healthy,hold,monitor_more_context,风险或不确定性处于中间状态 → 继续观察并收集更多上下文,monitor_context,normal,continue_patrol; revisit_region:R02C02,collect_next_context_window,none,R02C02 风险或不确定性处于中间状态，继续观察,no_direct_field_actuation,monitoring,normal
2026-09-13 11:00,8.8,30.4,270,R02C01,2,1,row_2,42,10.4,很低,0.97,0.0,低,healthy,observe,routine_patrol,低风险 + 低不确定性 → 常规巡检,continue_patrol,low,continue_nominal_patrol,standard_periodic_sampling,none,R02C01 当前风险较低，保持常规巡检,normal_autonomy,ready,normal
2026-09-13 12:00,9.7,49.9,90,R03C01,3,1,row_3,42,8.8,很低,0.99,0.0,低,healthy,observe,routine_patrol,低风险 + 低不确定性 → 常规巡检,continue_patrol,low,continue_nominal_patrol,standard_periodic_sampling,none,R03C01 当前风险较低，保持常规巡检,normal_autonomy,ready,normal
2026-09-13 13:00,30.7,49.5,90,R03C02,3,2,row_3,42,9.6,很低,0.98,0.0,低,healthy,observe,routine_patrol,低风险 + 低不确定性 → 常规巡检,continue_patrol,low,continue_nominal_patrol,standard_periodic_sampling,none,R03C02 当前风险较低，保持常规巡检,normal_autonomy,ready,normal
2026-09-13 14:00,51.4,49.1,90,R03C03,3,3,row_3,42,9.3,很低,0.98,44.0,中,healthy,hold,monitor_more_context,风险或不确定性处于中间状态 → 继续观察并收集更多上下文,monitor_context,normal,continue_patrol; revisit_region:R03C03,collect_next_context_window,none,R03C03 风险或不确定性处于中间状态，继续观察,no_direct_field_actuation,monitoring,normal
2026-09-13 15:00,71.4,49.0,90,R03C04,3,4,row_3,42,8.7,很低,0.99,0.0,低,healthy,observe,routine_patrol,低风险 + 低不确定性 → 常规巡检,continue_patrol,low,continue_nominal_patrol,standard_periodic_sampling,none,R03C04 当前风险较低，保持常规巡检,normal_autonomy,ready,normal
